text,mood
මේ මිල දාලා තියෙන විදිහ හොඳයි වැඩි විස්තර එක්කම බලගන්න පුළුවන්,Happy
ඒකට නම් මටත් ඇඬුණා චූටි නංගියෝ ඔයා අයට තියෙන ආදරේ දැක්කම,Normal
හොඳ වැඩ සටහනක්,Happy
එල එල අයියා අපි ඔයාට හැමදාමත් ආදරෙයි,Happy
Hikvision හොඳයි CCTV වලට ඒවා නම් මෙලෝ සසරක් නැති වෙයි,Bad
මේකෙ ඉන්න කෝච්ලා සෙට් එක නම් මරු,Happy
පිස්සු හෙදුනා ඒකට ගින්දර වගේ ලස්සනයි,Happy
කෝච් කසුන් පට්ට අතල් දෙන්නේ,Happy
ඇත්තටම ලොකු අසාධාරණයක් කළේ,Bad
ආයෙත් ඔයා ගීතය කියන්න මල්ලි,Normal
මේක බලුවට වැඩක් නෑ අහන්නමයි ඕනේ. මුලින් වීඩියෝව බලන්න ගත්ත ටිකකින් ඒක පැත්තක තියලා අහගෙන හිටියා. සුපිරි කටහඬක් good luck,Happy
Microsoftලා Nokia සමාගම එකත් කෑවා,Bad
තෙරුවන් සරණයි අපේ හමුදුරුවනේ ඔබ වහන්සේට දිර්ඝායු වේවා,Happy
හොඳ මිනිස්සුන්ටයි ඇත්ත කතා කරන මිනිස්සුන්ටයි තැනක් නෑ. වැරදි කරන උන් එළියේ හොඳ කරන කෙනා ඇතුළේ. නියමයි දෙවියෝ බලයි,Bad
ඇයි live දෙන නැත්තේ? අපිට ඔක්කොම බලගන්න බැ,Normal
ඔයා හරිම නිහතමානී කෙනෙක්,Happy
මොනවා උනත් ඇත්ත කියුවේ,Happy
කපටියන්ට කරන්න ඕනේ ඔහොමම තමයි,Bad
කටහඬ Teens වගේම තමයි,Normal
රතු ගවුමක් අඳන් ඉන්න එකෙනා මොන කරන්නේද,Normal
ඇත්තටම ලස්සනයි අපේ අම්මත් මම පොඩි කාලේ මේක කියනවා,Happy
කවදාහරි නෙන්දා එක්ක කතා කරන්න ලැබුණොත් ඒක මගේ වාසනාවක් වේයි. ගොඩක් පින් මේහෙම open කතා කරපු එකට,Happy
ෆට්ට talk එක නියමයි,Happy
Kasun music කරලා තියෙන ලස්සනම සිංදු වලින් කතාවට ආසයි,Happy
මට Sahangi ව මතක් උනා,Normal
ඔබතුමා කියන කතාව සුපිරි සුභ පැතුම්. තෙරුවන් සරණයි,Happy
GTX GB එකෙන් MHS එනවා ඕන අය අහන්න කියලා දෙන්න පුළුවන්. ඕන parts උනත් දෙන්න පුළුවන් riser එහෙම දෙනම්,Normal
Nagananda මහත්තයට එකතු වෙන්න,Normal
Shashika තමයි ගැලපෙන්නේම,Happy
අනේ ඒක හලියවලි වීඩියෝව දාලා සල්ලි හොයන පකයෙක්,Bad
හරිම බුද්ධිමත් කාන්තාවක් ඔබතුමිය ඒ වගේම දක්ෂ සහ සුන්දර කාන්තාවක්. මං ආසම නිළියක්,Happy
මේ දෙස දැම්ම ගමන් ආවෝ,Happy
ටිකක් හයියෙන් කියාගෙන ගියාද මන්දා,Bad
මේක අහලා original එකත් අහපු අය කොහෙද,Happy
ඇත්තටම අපි හිතනවාට වඩා දෙයක් කතාවේ හිතන්න තියෙනවා,Happy
ඔයා අසරණයි තමයි එත් මිනිස්සු තේරුම් අරන් ජීවත් වෙන්න ගැණියෙකුට ගෞරවයක්. අසරණ උනාම පිහිටක් වෙන මිනිස්සු අඩුයි තමන්ට තමන් විතරයි,Normal
මරු පොර හැබැයි හිනා යනෝ,Happy
ඉතින් සංගක්කාරත් ලෝයර් කෙනෙක්නේ,Normal
අමේ මන්ද Sirasa කටහඬේ සිංදු කියනවාද සිංදු කනවාද කියලා,Bad
නියම මොළයක් තියෙන දරුවෙක්,Happy
අල්ලී ඔයාට සුභපතනවා ඔයාගේ කටහඬ භාවාත්මකයි අලංකාර ගායනය හරිම ඉහලයි සහ නිවැරදි බුදුසරණයි ඔයාට,Happy
පෙර පිනකට හම්බෙච්ච කටහඬ එකක් භාවනාවක් වගේ,Happy
අඩෝ උඹ මොකක්ද බන් කරේ මෙච්චර talent එකක් තියෙන්නේ,Normal
ඔයා සුගතනන්ද central college නියමයි ඔයා,Happy
great job අක්කා ඔයා ගොඩක් හොඳ අම්මා කෙනෙක්,Happy
ලස්සනයි බුදු සරණයි,Happy
මාරම ලස්සන ගීතය එකක් මේකේ වීඩියෝව එකත් නියමට තියෙනවා,Happy
තොට හොඳ වැඩේ අනේ උඹ හොඳ එකක්ද,Bad
අඩෝ පට්ට talent කෙල්ලෙක් පට්ට බන්,Happy
ආසම English use එක,Happy
හරිම ආදර්ශවත් කාන්තාවක් හොඳ program එකක් තවත් මේ වගේ හොඳ program කරන්න,Happy
ඇඟ හිරි වැටුණා අනේ මාරේ මරු,Happy
හැබැයි gym content එක නම් වැඩිය success නෑ එකට වැඩිය හෙනා යන්නේ නෑ අනිත ඒවත් එක්ක gym content එක fail,Bad
සමන් sir අදහස කරනකල් බලන් ඉන්නේ කවුද,Normal
හරිම ලස්සනයි මම කලින් අහලා තිබුණේ නෑ thank you coach sashika,Happy
Senanayake Weraliyaddeගේ songs රිදෙන්න back කරනවා band එක හැමදාම props to them,Normal
නෙහාරා අක්කේ ඔයා පුදුම ලස්සනයි,Happy
සිංහල දේශය වෙනුවෙන් ඔබ වැනි දේශ ප්‍රේමීන් සිංහල ජාතියට අවශ්‍යයි අපි ඔබ සමගයි,Happy
නියමයි අයියා මාර ලස්සනයි,Happy
යකෝ sashikaගේ team එක තනිකරම campus එකක් නේ ඔක්කොම ඉන්නේ campus dial,Normal
අපේ හමුදුරුවනේ අපි ඔබ වහන්සේ සමගයි රන්ජන් කියන කුපාඩියට කවදා හරි ඒවට විපාකය ලැබෙනවාමයි,Normal
අනේ මට ආසයි එයාගේ කතාවට,Happy
ගොඩක් ආසාවෙන් බැලුවා,Happy
full programme එක බලන්න විදිහක් කියන්න,Normal
කලකන්නි ගොන් රන්ජන්,Bad
කුමාර වෙල්ගම sir මම UNP SLFP පොහොට්ටු එකේ බල්ලෙක්වත් විශ්වාස කරන්නේ නැහැ ගෞරව කරනෙත් නැහැ හැබැයි ඔබ ගැන මට ගෞරවයක් තියෙනවා,Happy
එක නම් එලම් අක්කියෝ එල,Happy
අනේ නතasha ඔයාගේ ගීතය හරිම nice,Happy
වනචාර ගෑණු හම්බුනාම ඔම තමයි,Bad
Kasun sir කියන්නේ ලංකාවේ ඉන්න next අමරදේව master,Happy
මොකටද මේ බල්ලගෙ ගෙනාවේ මේක දේශද්‍රෝහියෙක්,Bad
රංගන රමණායක කියන්නේ පොන්නයෙක් අපේ හමුදුරුවනේ,Bad
මේ ඉන්න coachලා හරිම නිහතමානී හැමෝම හරියන්න බැරි උනත් සාධාරණයක් ඉෂ්ට කරනවා හැමෝටම මගේ මගේ කියලා නෑ ලංකාවේ මිනිස්සුන්ගේ කුහක ගති මේ තැනදි මට පෙනුනේ නෑ හරිම සුන්දර තැනක්,Happy
මොකද්ද මේ වීඩියෝව කිසිම තේරුමක් නෑ එතකොට මූ ලං වෙලා හිටියේ කුඩු වලටද මං හිතුවේ ගැණියෙක්ට කියලා මෙලෝ රහක් නෑ මේක,Bad
පුමි හංසමාලිත් දරුවෙක් සමග තනිවුණ ගැහැනියක් ඇය ගැන ඔබ මොකද හිතන්නේ,Normal
මේ shop එක තියෙන්නේ කොහෙද address එක කියන්න පුළුවන්ද contact number එකක් එක්ක,Normal
සුපිරි ඩයල් එකක් හරිම නිහතමානී චරිතයක්,Happy
උඹට පට්ට මොළයක් තියෙන්නේ,Happy
Jayodaට වෙච්ච scene එක තමයි අවුල,Bad
ඔයාට මේට වඩා ලොකු දෙයක් පුළුවන්,Bad
දළදා සමිදු පිහිටයි කුමාරි අක්කා අපි ඔයාගේ වීඩියෝව ආසාවෙන් බලනවා,Happy
අක්කේ ඔයාගේ කතාවට දෙවෙනි නෑ මගේ කතාව මමත් Kuwait,Normal
අයියා ඇත්තටම වැඩකාරයෙක්,Happy
ඔයත් දිරිය ගැහැනියක් හොඳ අම්මා කෙනෙක්,Happy
Shashikaට අපි හැමෝම ආදරෙයි,Happy
ඇත්තටම ගොඩක් ස්තුතියි අවංක කමට ජයම ලැබේවා දෙන්නටම,Happy
ඒ කටහඬ ඇතුලේ අමුතුම රහක් තිබුණා love you,Happy
ආදරෙයි Wasthi ඔහොමම තදියවයි සුදු අයියාවත් ගෙනමු,Happy
බණට ආරාධනා කරන්න හමුදුරුවෝව සම්බන්ධ කරගන්න පුළුවන් ක්‍රමයක් කියන්නකෝ,Normal
ධුලජ් අයියා හැමදේම මුහුණටම කියනවා මං ඒක කැමතියි,Happy
එච්චරම් හොඳ නෑ ඒත් උඹේ rock reggae style එක මරු නියමයි,Normal
full ගීතය අහන්න හරි ආසයි,Happy
ඉතාමත් හරබර සාකච්ඡාවක්,Happy
බෞද්ධ අයයි කතෝලික අයයි එකට ඉන්නවා බලන් ඉන්න බැරිව කියපු කතාවක් වෙන්න බැරිද,Normal
ලංකාවේ campus කෙල්ලෙක් campus වල තියෙන culture එකත් එක්ක මෙහෙම ඉන්න එක පුදුමකාර දෙයක් මොන දේ උනත් ඇය singing සහ appearance එකෙන් ලස්සනයි,Happy
හරිනා කියපු girlව select කරපු ගමන් ආවේ මේක ආයෙ බලන්න ඇයි මේ කොල්ලට chance එකක් දුන්නේ නැත්තේ කියලා,Bad
තව review ගෙනන්නකෝ,Happy
මට නම් Kasun හරිනවා කියලා sure එකක් තිබ්බා,Happy
අනේ චෝයි බබා ප්‍රියදර්ශන අයියේ ඔයාලා තුන් දෙනාටම බුදු සරණයි,Happy
නිරහංකාර නිළියක් මට දවසක හමුවෙයි කියලා හිතෙනවා ඔබ මට කලින් කතා කළා අපි කිසිදා හඳුනාගත් අය නෙවේ නමුත් අපි ඔබේ රසිකයෝ ඔබ වැනි ආදර්ශවත් නිළියෝ අද නැත ඔබේ වදන් මගේ ජීවිතයට පුදුම රුකුලක්,Happy
අයියා අපි ඔයා එක්ක හැමදාමත් ඉන්නවා ඕන දේකට,Happy
ජාතිවාදය අවසන් කරන්න එපා හමුදුරුවනේ,Bad
හරවට කියුවා සියල්ල ඇත්ත ඒත් ජනාධිපති වෙන එක නම් හිනාවක්,Normal
තෙරුවන් සරණයි අපේ හමුදුරුවන්ට නිදුක් නිරෝගී දිර්ඝායු වේවා,Happy
ඒකේ මුස්ලිම්ස් මැද යන බල්ලෙක් වස්සකටවත් ඉස්කෝලේ ගියේ නැති ගොනෙක්,Bad
අත්වරයට ලං වෙලා ලමයෙක් වදන්න ඉන්න කෙල්ලට කවුද ගිහින් දෙන්නේ පොලොස් ඇඹුලක් කිරි කොස් මාලුවක් ඔබ හරියටම ඇත්ත කියුවා අක්කේ,Normal
අම්මෝ පිස්සු හැදෙනවා,Happy
කෝයි සක්කිලියද dislike දන්නේ බෝලට අම්මෙක් නැද්ද,Bad
අඩෝ මෙහෙමත් කටහඬ එකක් select උනේ නැ කියන්නේ අපරාදයක්,Bad
හිතට වදින පට්ටම සිංදුවක් ඇස් වලට කදුළුත් ආවා,Happy
කවුද මේ සිංදුවට කැමති මං වගේ,Happy
මේකට male කටහඬ එකක්ත් තිබ්බානම් superb ඒ අඩුව තියෙනවා,Bad
මෙච්චර හොඳට කියලත් හැරුණේ නෑනේ වැඩක් නෑ,Bad
අම්මගේ රෙද්දේ අවසන් ලියුමක් කියුවේ ඇයි යකෝ ලියත්අඹර පට්ට,Normal
අර ඔයාගේ කතාව හරි radio එක කවදාවත් මැරෙන්නේ නෑ ඔයාගේ වැඩසටහන මං කවදාවත් වැරද්දන්නේ නෑ ඒතරම් සුපිරි කටහඬක් ඔයාට තියෙන්නේ බුදුසරණයි,Happy
ජාතිය ශ්‍රී ලාංකික කියුවා නේ මරු වැරදින්නේ නෑ ඔයාට,Happy
මූ මොළයක් නෙවේ මොළය ගෙනපු නවකයෙක් යකෝ සුභ පැතුම් bro Gehan,Happy
වැටෙන්න එපා කොහොමත් ඔයා වැටෙන්නේ නෑ හරි දේ කරන්න likes වලට unlikes වලට ඔයාව වට්ටන්න බැ අපි ඔයාත් එක්ක ඉන්නවා,Happy
The කටහඬ live ඕනේ කියන්නේ කවුද,Normal
ගොඩක් අඩම්බරයි අක්කේ මං පොඩි කාලේ ඉදන් ආසයි ඔයාට අද ඒට වඩා ආදරයක් හොඳ උපදෙස් ගොඩක් ලැබුණා,Happy
පට්ට මගේ එක,Happy
Posh scene එකෙන් නැතුව කට අරලා සිංදුව කියුවා නම් තව ලස්සන වෙන්න තිබ්බා,Bad
දර්ශන කීයත් තිබ්බත් අපේ උන් දන්නේ එකයි ලිංදේ ඉන්න ගෙම්බෝ නේ,Bad
bandsලා කට්ටිය ගන්නේ කලින් හිතන්නේ කියනවා එන්න හිතන්නේ උනුත් එන්න නෑ,Normal
ගීතයට අසාධාරණයක් කළා කියලා හිතුනේම නෑ කටහඬත් ලස්සනට තිබුණා එට වඩා කපෙන්න ඕන අය තේරුනා anyhow good luck මල්ලි අතහරින්න එපා කවදාහරි හොඳ තැනකට එන්න,Happy
කට කෙව්වත් මූ සිරා කතාව කියන්නේ මචං,Happy
හොට්ටෝට මක කියලා politics කරනවද හොට්ටෝ,Bad
අයියේ bitcoin mining කරන්න free බැරිද,Normal
සිංදුව ලස්සනයි ගොඩක් වීඩියෝව නම් අන්තිමයි,Normal
විලේ ලඟ ගහ නැති වීඩියෝව එකක් වයසට නෙවේ වඩ හබයි ගීතය නම් ගොඩක් ලස්සනයි සුභ පැතුම්,Normal
ඔබ ගරු කළ යුතු පුද්ගලයෙක් ඔබ ගැන ඇත්තටම අඩම්බරයි අපේ ලංකාවේ සිංහලකම අමතක කර ජීවත් වන අයට ඔබ හොඳ ආදර්ශයක් God bless you forever,Happy
අක්කි ඔයා හොඳ අම්මා කෙනෙක්,Happy
සුභ පැතුම් නංගි ඔයාත් ඉස්සරහට යන්න ඔයාගේ සිංදු මං කලින් අහලා තියෙනවා හරිම සතුටුයි ඔයාව මෙහෙම දැකගන්න ලැබීම,Happy
ඔබ වහන්සේ කියන්නේ සහතික ඇත්ත හමුදුරුවනේ,Happy
නම් ඇත්තමයි කියන්නේ සාක්ෂි නැති නිසා කොච්චර නම් නිවැරදි කරුවන් වැරදි කරුවන් කරනවාද උසාවි වලින් මටත් වෙලා තියෙන්නේ ලොකු කරදරයක් උසාවි නිසා,Happy
ඕක එනකම් තමයි බලන් හිටියේ,Happy
මේක UK නෙවෙයි සිංහලෙන් කියපන්,Bad
වාව් සුපර්බ් දැනට හය පාරක් අහුවා එත් මදි sure ඔයා තමයි කටහඬ Sri Lanka good luck Shreya Ghoshalගේ එකත් ඉක්මනට අහුවා ඒ ගීතයේත් live එකේ ඔයාට එහෙම energy එකක් නෑ සුපර්බ්,Happy
මම ගන්න උදව් කරා අයියේ,Normal
මම මේ ගීතය වතාවක් පමණ අහුවා ඒතරම් ලස්සනයි එපා වෙන්නේ නැති ගීතයක්,Happy
ගොඩක් ආසාවෙන් බලන channel එක තමයි Wasthi සුභ පැතුම් අයියා ඇතුළු සමස්ත crew එකටම ජයෙන් ජය,Happy
ඇත්තටම ලස්සන සිංදුවක් ලස්සන වීඩියෝව එකක්,Happy
නියමයි පරක්කු වෙන්න ඕන නෑ හනි හරෙන්න නැතුව,Happy
දැන හෝ නොදැන කාටවත් නරක විදියට කතා කිරීමෙන් වලකින්න මේ කෙනාගෙන් ආදර්ශයක් ගන්න ඕන,Happy
මේක නියමයි මේක ආදරවන්තයින්ට ගැලපෙනවා,Happy
ඔයා කයිය ගහන ඔක්කොම බලෙට ආවම තමන්ගේ මල්ල පුරව ගන්නවා විතරයි,Bad
අහන් ඉන්න පුළුවන් clear කටහඬක්,Happy
coach Shashikaගේ මහන්සිය හොඳයි best singer අපිට,Happy
මොළෙන් වැඩේ කරා කියලා හිතෙනවා ඉස්සරහට යන එක ගැන හිතලා,Happy
ඇත්තටම මං මේක බලුවේ නෑ මං phone එක setup එකට jack කරලා අහුවා හොඳට sound එකට තරම් එයාගේ හැඩය අපි වශී වෙලා ඉදිරිපත් කරන විදිහ දැකගන්න ඕන හරිම ආසම නිවේදකයෙක් එයා නියම program එකක්,Happy
ඔයා සිංදුව මෙලෝ රහක් නැති විදියට කියපු අය තේරීලා තියෙනවා අනේ මන්ද,Bad
ඇත්ත කතා කරනවා respect කරන්න ඕන කෙනෙක්,Happy
සුදු බණ්ඩා ඔබට සුභ මංගලම්,Happy
හොඳ වැඩේ දෙපිටි ගත්තුවට මිනිස්සුන්ගේ බදු සල්ලි වලින් ගත්තා වාහනේ විකුණලා ලෝකෙට පෙන්වා සල්ලි දෙදෙනවා,Bad
ජීවිතේවත් හිතුවේ නෑ මෙච්චර serious පැත්තක්ත් ඇති කියලා ගේ අයියේ respect bro,Happy
දැන් ඉතින් එක ඉන්නවා එලම,Happy
Asus PC හොඳයිද කොයි වගේ හොඳ කියලා කියන්නකෝ,Normal
යාලුවා අවංකව හිතන්න ඒ නායකයාද ඒ girlද වැරදි කියලා අනික ආදරයට old එක අදාල නෑ නේද,Normal
Q and A එක පටන් ගත්ත එක හොඳයි,Happy
මම ආස කරන පට්ට චරිතයක් සුභ අනාගතයක් අයියේ,Happy
අර course එක ගැන කියපු එකට අයියාට ගොඩක් ස්තුතියි,Happy
රන්ජන් ඉතින් Christian නේ ඒකට වඩා දෙයක් බලාපොරොත්තු වෙන්න බැ ඔයා දෙගොල්ලන්ටම ඕනේ බුද්ධාගම නැති කරන්න නේ,Bad
මගේ අම්මත් ඔයා වගේමයි අක්කේ ඔයාගේ කතාව කියනකොට මට මගේ අම්මා ගැන දුක හිතුනා,Happy
අනේ චූටි නංගියා දුකයි අනේ,Bad
දිපානි ඔයෝ හොඳට අහගන්න බන් වසක් පොයට සිල් ගන්න ගැණියේ,Normal
නොදකින් විතරක් පොන්නයා,Bad
වාව් හරිම ලස්සනට sing කළා ඔයා,Happy
පව් යකෝ බල්ලා,Normal
මේ සැරේ presentation එක නම් පට්ට අයියේ හැම එකෙම cost එකත් එක්ක දාලා තිබ්බ එක නම් සුපිරි,Happy
උඹටත් පිස්සු ලහිරු උඹ දෙස වැඩි කරගන්න ඕනේ හුතත්තාක් කරයි ගොන් හරකා වටිනා දෙයක් කරන් බන්,Bad
මාරම ලස්සනම ලස්සන කටහඬ එකක්,Happy
නියමට වදින්න ඕන තැනට කියන්න පුළුවන් කාන්තාවක්,Happy
සිංදුව ලස්සනයි අර පොඩි කෙල්ලව අඩුව පව් ගායනය ලස්සනනම් මොකෝ අර උන් හරිනේ නැත්තේ,Happy
මේ අපරාද මැද නිහඬ නොවෙලා තරුණයිනේ,Bad
true අපේ හමුදුරුවනේ,Happy
පාර්ලිමේන්තුවේ ඉන්න ඔවුන් කුඩු නොගහුවොත් තමයි පුදුමය ලංකාවේ ඉන්න පිස්සෝ ටික ඔක්කොම ඉන්නේ පාර්ලිමේන්තුවේ නේ,Bad
අපි අනාව ඔබතුමා වෙනුවෙන් ලංකාවට මේ ලඟ චන්දෙට ජයවේවා,Happy
මම ගොඩක් ආදරෙයි ඔයාට මගේ ආසම නිළි රැජින ඔබයි ආදරණීය මවක් තුනුරුවන් සරණිසි දෝනිටත් ඔයාටත්,Happy
ඔබතුමාගේ කතාව සහතික ඇත්ත අහන ගමන් අදහස එකක් කරන්න ඕන කියලා හිතිලා ආවේ කතාව තව දිග උනාම තවත් හොඳයි කියලා හිතුනා,Happy
ඇත්තටම හොඳ මවක් තමන්ගේ ආශාවන් පස්සෙකලා දරුවට මුල් තැන දුන්න උදාාර මවක් බුදු සරණයි,Happy
එල්ස්ස් බට් සිංදුවට වීඩියෝව ගැලපෙන්නේ නෑ,Bad
සුපිරි බන් සුභ පැතුම් සමන් ලෙනින් මහත්තයාගේ කටහඬ එනවා සමහර තැන් වල,Happy
ප්‍රියා අයියා යන්තම් කෝදුර කෝදුර හිටියා නේ කොහොම උනත් මං ඉතාලියේ ගීතය නම් තාමත් පිස්සුවක්,Normal
Hirustar feeling එකක් ආවේ,Happy
කුමාරි දිරිය ගැහැනියක්,Happy
පව් නේද මහන්සියෙන් ඉගෙනගත්ත එකට ලොකු scene කියවන්න ගිහින් උමාරියා ව තෙරුවා අම්මටසිරි තමයි,Normal
Wasthi පටන් ගත්ත කාලේ ඉදන් දැනන් හිටියා well done brother,Happy
Kasun chair එකෙන් බැස්සුවා වඩ්ඩෙක්,Happy
සම්පූර්ණ සහ වැරදි අදහස්ත් තියෙනවා,Normal
මහ දවල් හීනයක් මේක,Normal
යකෝ මේක යකාගේ නීතියක් මුන් ඔක්කොම බල්ලෝ මාර වැඩක් නේ,Bad
අක්කා කියන්නේ චරිතයක් මම ගොඩක් කැමතියි,Happy
මරු ආයෙ තේරෙන්නේ නැති උනත් බොක්කටම වදින්නවා band එකත් මරු අහ ආයෙ ඉතින් කියන්න ඕන නෑ,Happy
ගොඩක් ආදරේ කරන කෙනෙක්,Happy
ගොන් බඩු ගන්න එපා බන් උඹ එල,Bad
ජයම වේවා ජේසු පිහිටයි,Happy
එයා සිංදුවත් එක්කම අඬනවා,Happy
ජීවිතේ අවසාන භාගයේ පිනක් දහමක් කරගෙන පඩුවේ ඉන්නවා හලෝ බෙරේ වැඩ කරන්න දගලන්න එපා,Bad
හරිම fun program fun bumps Shashika Umariya,Happy
මේ අපේ ගොන් හරකා අපේ ලංකාවේ අයව පහත් කරලා නේ ප්‍රශ්න අහන්නේ නිල් පාට shirt එක ඇඳගෙන ඉන්න එකාගේ කණ පලන්න ඕන ලංකාව පහත් කරනවට ගොනා,Bad
මේ කොල්ලා කටහඬ Sri Lanka වෙනවා අනීවා,Happy
ඇස් වලින් කඳුළු වැටුණා මටත් මගේ අම්මා ආදරෙන් රැකබලා ගන්නවා හැමදාමත් අපේ හමුදුරුවන්ටත් අම්මටත් බුදු සරණයි,Happy
Chanuka මොරා අදහස කරයිද බලමු,Normal
Happy New Year ප්‍රියදර්ශන අයියේ build එක නම් super,Happy
අර අහිංසක බල්ලට ගහනකන් උඹ පුක දුන්නද,Bad
ජාති භේද බල බල හිටිය හින්දා තමයි ලංකාව විනාශ වෙලා තියෙන්නේ ආගම ජාති භේද බැලුවේ නැතුව එකට වැඩ කරලා තිබ්බානම් Singaporeව අපිට පරාදිලා,Bad
අයියේ competition එක පටන් ගන්නේ නැද්ද,Normal
Hari TV කියන්නේ හොඳ program තියෙන channel එකක් Dialog TV එකේ ඔයාලගේ channel එක දාන්නොත් හොඳයි,Happy
පුදුම විදිහට ආදරේ කරන චරිතයක් thank you අයියේ,Happy
යකෝ සිංදුවක් ගහලා ඉද්දිත් මේකත් එනවා කියන්නේ මේකට නියම music පිස්සුවක් තියෙනවා,Happy
Gehanගේ interview තරම් හිතට ඇල්ලුවේ නෑ මොකවත්,Happy
ඒ ගමන මේ ගමන එතකොට සසර ගමන what an inspirational and respectable woman,Happy
මේ කටහඬ උදේට අහුවේ නැත්තම් සමහර වෙලාවට උදේ boring වගේ thanks අයියා,Happy
ගොඩක් දුක හිතුනා කුමාරි අක්කේ ඔයාගේ ජීවිත කතාව අහුවම මගේ ඇස් වලින් කඳුළු වැටුණා කවමදාවත් ගැහැනියගේ ජීවිතේ ඇතුලන්තය නොදැක අපහාස කරන්න එපා,Happy
අයියේ PC එකක් හදාගන්න ඕන නම් එක දන්නකෝ,Normal
Shashika ඔයා නම් හරි ලස්සනයි හදා,Happy
cigarette බොන්න කවුරුත් බලපෑම් කරන්න ඕන නෑ ඔයාගේ හිත හරි හයිය කෙනෙක් ප්‍රේක්ෂකයෙක් විදිහට ඉල්ලීමක් කරනේ ඔයා ගොඩක් කාලයක් ජීවත් වෙන්න ඕන,Normal
ඔයා නම් සුපිරි ප්‍රියදර්ශන අයියේ,Happy
අක්කි ඔයාගේ කටහඬ ගොඩක් ලස්සනයි මම online එන හැම වෙලාවකම මේ ගීතය අහනවා,Happy
මේ තමයි චීවරධාරින් මතක තියාගන්න පොන්නා රන්ජෝ,Bad
අම්බෝ ඒක Shashikaගේ sister වගේම කටහඬ,Happy
සුපිරි කිසි කුහක කමක් නැති මනුස්සයෙක් නියමයි මචන් එල,Happy
Dulaj පට්ට පොරක් බොක්කෙන්ම කතා කරනවා,Happy
Samithaගේ දුවට මේවා දැකගන්න ලැබේවා,Normal
Good morning admin ඔයා සෙල්ලම් කරනවානේ ban කරන්න,Normal
එල එල අයියා good luck ආවෙන් බලුවේ ඔක්කොම good luck Lahiru අයියා,Happy
hats off හිතට ලොකු හයියක් ආවා thank you,Happy
අපි school යනකාලේ ඉදන් ගොඩක් ආදරේ කරන නිළියක් රඟපෑම අති විශිෂ්ටයි නිරහංකාර නිහතමානී මවක් සැමියගෙන් වෙන් වෙලා හිටියත් ඉතාම වැදගත් විදිහට ජීවත් වෙන ගෞරවය දිය යුතු සහෝදරියක්,Happy
අයියේ මට full used parts වලින් හදාගන්න හොඳ shop එකක් කියන්නකෝ,Happy
හොඳ අයට හරෙන්නේ,Bad
ඔබ වහන්සේට තෙරුවන් සරණයි,Happy
මෙතෙක් කටහඬේ අහපු මිහිරිම ගීතය අම්මෝ පිස්සු හැදෙනවා,Happy
අපිට කියන්නකෝ මොකද්ද ඒ hotel එක දන්න කවුරුත් ඉන්නවාද මේ වගේ වෙන්න ඉන්න කෙනෙක් උන්ව නම් මේ hotel එක ගැන දන්නවා නම් අපිට කියන්න ඔබට ජය,Normal
Wasthi ආපු මුල්ම කාලේ ඉදන් ඉදලත් අයියාව හරියටම දැනගත්තේ අද go ahead,Happy
ඔබතුමාට අජරාමර නිර්වාණ සම්පත්තිය අත් වේවා අත් වේවා,Happy
කාලෙකින් ලස්සන ගීතය එකක්,Happy
අවෝ දැන් නම් හරියට name එක කියවන්න පුළුවන්,Happy
කටහඬ එකට වචන වලට වටිනාකමක් සහ audience එකෙන් ජයගත් radio hero කෙනෙක්,Happy
කෑගල්ලේ අපේ කොල්ලෙක් ඉස්සරහට පලය මල්ලි,Happy
මට හිතාගන්න බැ මේ ඔක්කොම එක දවසේ කියපු අයද නැත්තම් coachලා හැමදාම එකම ඇඳුම ඇඳන් එනවද කියලා,Normal
මේ ඔක්කොටම සම්පූර්ණ ගාන කීයද අයියේ,Normal
Kasun coachගේ හිනා,Normal
ජයෙන් ජයම වේවා ඔබතුමාට තෙරුවන් සරණයි,Happy
වෙස ගෑණු තු නොදකින්,Bad
උමාරියා කැමති නැද්ද,Normal
පුළුවන් නම් මගේ channel එකටත් එන්න,Normal
වෙව්ල වෙව්ල කියන්න අමාරුයි සාමාන්‍යයෙන් ඔහොම හරි තාලෙට හැබැයි,Happy
ආයෙ UNP අන්න මම ඉර හඳ වගේ කියනවා මේ සැරේ අපට,Normal
දුන්නා තියන් කෙටා පොලෙන් විදපු dial එකක්,Normal
පව් යකෝ හොඳට කියුවා,Happy
Sirasa TV broadcast එකේ audio මේ තරම් හොඳ නෑ ඒක හදන්න,Bad
ඉතින් බන් ඇත්තනේ උඹ යන්නත් තම්මං Bengali Pakistan ගැන ඔච්චර හොඳට කියන්නේ හොඳ පළපුරුද්ද නැතුව කියන්නේ කොහොමද,Bad
කොල්ලා හේමල් වගේ ලස්සනයි වීඩියෝව,Happy
කුමාරි අක්කා ගැන දැනුවත් කළාට ගොඩක් ස්තුතියි කුමාරි අක්කා ඔයාට සුභ දවසක් ජේසු පිහිටයි,Happy
ලංකාවේ හරි දේට හරි අයට තැනක් නෑනේ Iraj කරන්නේ වෙනස් දෙයක්,Happy
හැමදාම අලුත් වැඩක් කරන PC Guide LK එල,Happy
ඔයා වගේ හැම කෙනෙක්ම හිතනවානම් අද ලංකාවේ rape cases අඩුවෙයි,Happy
අමු අමු වරද්දගත් තැනක් මම ලමයාව තෝරාගන්න තිබ්බා වැරදි තිබ්බා මට වඩා වැරදි තිබ්බ ලමයි ඇතුලට ගියා,Bad
වැරද පිළිගන්නවා ආයෙ මූ අඬනවා නොදකින් මේ වගේ ගොන් අතල්,Bad
නියමයි brother අද තමයි මට ඔයාව set උනා වීඩියෝව ඔක්කොම බලනවා මම අයියා මට help එකක් විදිහට කියන්නකෝ හොඳ හැමදාම cover වෙන IT course එකක්,Happy
දුක හිතුනා බන් මන් මාරම අද ගායකයෙක්ගේ සිංදුවක් නියමටම කියුවා බන්,Happy
අයියලා නංගිලා ඔක්කොම ලස්සනයි sing කරනවා,Happy
අයියේ phone එක අනිත් පැත්තට තියන් ඉන්නේ මන් හිතුවේ අපේ පොරගේ bodyguard එයාත් call කරනේ phone එක අනිත් පැත්තෙන් නේ මාරයි Sandun අයියේ ඔයා,Normal
දවසක දිනනවා brother ජයවේවා උඹට,Happy
ජය වේවා Welgama පොහොට්ටුව කුඩුකරලා දාපන්,Bad
නියමයි කොල්ලෝ අනිවා final යමු practice කරමු ඔයාට පුළුවන් ජයෙන් ජය Jayod,Happy
ඔයාගේ කතාව ඇත්ත ලංකාවේ සමාජය ඒ වගේ අයට හරියට නින්දාව කරනවා මේ විදිහට හරි සමාජය දැනුවත් කිරීම වැදගත්,Happy
ගන්න boy කෙනෙක් හිටියෙම නැද්ද,Normal
සමනල රණ තව වැඩි කාලක් නැතනේ අපේ හමුදුරුවනේ රන්ජා කට හිදා ඉල්ලන් කනවා,Bad
ඔහොම කරන් යමු අපිත් ඉන්නවා ඔයාල එක්ක මේ සටනේදී,Happy
chance එකක් දෙන්න තිබ්බා මේට වඩා out sing කරපු අය ගත්තේ නේ අපරාදේ,Bad
මොනදේ උනත් දක්ෂ ලෙස කතා කරනවා භූමි,Happy
මගත් තියෙනවා Hikvision SSD එකක් ඒක sale කරනවා,Normal
චූටි දුවගේ dance එක මරු ආ,Happy
phone වලින් ගොඩක් දේවල් වෙනවා අපේ ගමේ phone එකකට එයාගේ කෙල්ල ගැන ආපු වැරදි message නිසා තරුණ කොල්ලෙක් එල්ලී මැරුණා,Bad
කුමාරි අක්කට බැනපු අයම දැන් හොඳ කියනවා ලංකාවේ මිනිස්සුන්ගේ හැටි නේ,Bad
අරගේ හඬ අහෙනකොට එක radio program එකක් කියලා හිතුණා ආය කො,Happy
මූ නටන්නේ මට පේන්නේ England උන්ට ඕන විදියට,Bad
ගොන් රන්ජා ගැන කතා කරලා වැඩක් නෑ අපේ හමුදුරුවනේ,Normal
singerගේ කටහඬ colour එක පට්ට dolkiya,Happy
Kasunගේ කටහඬ අනේ පිස්සු හැදෙනවා,Happy
Dumal වගේ හොඳ ගායකයෙක් වෙයි අනාගතේ Shashika තමයි හොඳම coach මොකද Kasunව ඔයා follow කරලා ඉවරයි,Happy
උඹ වගේ කනක කොහොමත් වැඩක් නෑ බන්,Bad
ගෝඨාභය ජනාධිපතිතුමා ඔබතුමාගේ අවධානය යොමු කරන්න මේ දරුවා මොනවාද කියන්නේ කියලා,Normal
ගැබුරුයි හරිම සරලයි ගැහැනියක් වෙන්න ඕනත් එහෙම තමයි කියන චරිතේ ලග බොරුවක් නෑ ඒක කතාබහෙන් හැසිරීමෙන් සංයමයෙන් පෙනෙනවා,Happy
මෙහෙම PC හදන්න සල්ලි කොහෙන්ද අනේ ආසාවට බෑ,Normal
Flamingo style එක නම් අමරනත් රණතුංගගේ ගෝලයෙක් වෙන්න ඕන,Normal
admin පොඩ්ඩක් හෙමින් සිංදු upload කරන්නකෝ තාම අනිත ඒවා බලලා ඉවර කළේ නෑ,Bad
රන්ජන්ට ඒ කරපු දේට හෙන ගහපු වේ,Bad
සිංහලයට ආදරේ කොල්ලෙක් මේ අපි මේ වීරයාව ආරක්ෂා කරගන්න ඕනී,Happy
බුදු සරණයි අපේ හමුදුරුවනේ ඔබ වහන්සේට ඇත්තම දේක් වෙන්න ඕන දේක් තේරුම් යන්න,Happy
මං වගේ maths කරලා fail උන මේ කොණට,Normal
අර weight එකක් තියෙන එකට දුන්නට වැඩිය හොඳයි මේ කොල්ලට දුන්නානම්,Normal
හෙනම ගහපිය ඔවුන්ට,Bad
තේරුම් ගත්ත එකම දේ දක්ෂකම තිබ්බටම විතරක් බෑ,Normal
unlike කරලා තියෙන්නේ පක්කු වෙන්න ඇති,Bad
season එකේ එක ඔයිට වැඩිය හොඳට කියුවා වගේ,Normal
alien කෙනෙකට මොකටද ඔවා,Normal
ඔයා කියන ඒවා වෙනවා නම් හොඳයි,Normal
බොක්කටම වැදුනා සුපිරි,Happy
අන්න නියම අම්මාලා Samitha එකට නියම ආදර්ශවත් අම්මා,Happy
Hiru Star එකෙන් පස්සේ දැක්කේ ලස්සනයි නංගා ආදරේ මං ආදරේ ගීතය එකත් ලස්සනට sing කරනවා,Happy
අනේ ඔයා බඩුවක් නෙවෙයිද ගණිකාවට අලුත් හැඩින්වීමක් සංස්කෘතිය ඉවරයි උඹලා ළමයි හදුවොත් කියලා වැඩක් නෑ,Bad
එදාත් අදත් ඔබ සමගයි Muslim අයගේ නීතියම අපිත් ක්‍රියාත්මක කළ යුතුයි සිංහලයටත් නීති ගන්න ඕන හොඳින් හෝ නරකින්,Normal
ලස්සන සංවර කෙල්ලෙක් බස්,Happy
අපි කැමති අය තෝරන්නේ නැහැනේ පිච්චිං හොඳයිලු ගායනයේ අඩුපාඩු නැහැලු තෝරන්න තිබුණේනේ,Normal
ලස්සනට කියුවා අක්කි ඔයා ගොඩක්,Happy
අම්මෝ ගොඩක් ලස්සනයි අක්කියෝ,Happy
අයියේ මම part අරන් ඔයාලට ඒක හදන්න දුන්නම කීයක් විතර ගන්නවාද,Normal
අපේ හමුදුරුවනේ කලවම් වෙච්ච උන්ට දේශ මමකත්වයක් නෑ ඔබ වහන්සේට ගොඩක් පින්,Normal
හදවතින්ම සුභ පැතුම් මල්ලි ඔයාට ඉදිරියටම එන්න ලැබෙන්න කියලා බුදු සරණයි ඔයාට,Happy
Kasun හරි හොඳයි ඔකට කියන්නේ මනුස්සකම කියලා respect,Happy
බල්ලෝ බිරුවට කඩු පහත් වෙන්නේ නෑනේ අපේ හමුදුරුවනේ ඔබ වහන්සේට යෝධ බල යෝධ ශක්තිය ලැබේවා අපේ බුද්ධ සසනය සහ අපේ මව්බිම රකින්න,Happy
මම Poco X use කරනේ සුපිරිම එකක් cam එක පට්ට performance top,Happy
බලන් හිටපු වීඩියෝව එකක්,Happy
Iraj ජනාධිපති උනොත් හොඳයි කියන කට්ටිය කො බලමු,Normal
ගොඩක් දුකයි අක්කා ඔයාගේ කතාව good luck අක්කේ ඔයා වගේ කෙනෙක්ට වැරදින නැහැ,Happy
අවසානයට කියපු එක තමයි ඇත්තටම නියමට කියුව එක තමයි ඒ අයට හරියන්නේ style එක,Happy
කොහොමද ඒවා සම්බන්ධ කරගන්නේ contact number එකක් තියෙනවා නම් එවන්න please,Normal
ඇත්තම තමයි පල්ලේ වැටට ගැහුව නිසා තමයි හැම දේම හොයාගන්න පුළුවන් උනේ,Happy
එල එල ආදරෙයි Iraj ඔයා පොන්නා කියන ඒවා ගණන් ගන්න එපා,Happy
අනේ මන්ද මේ වගේ කොල්ලෙක් මෙච්චර කියලත් මෙහෙම වෙනවද,Bad
stage එකේ හරිම ලස්සනට perform කරනවා කටහඬත් ලස්සනයි ඒ නිසා හරිම ලස්සනයි බලන්න ආස හිතෙනවා,Happy
මම නම් ගොඩක් ගරු කරනවා අක්කා ඔයාගේ කතාව කෙලින් හරිම පැහැදිලි,Happy
ඇත්තටම පට්ටම පට්ට සුපිරි කියන්න වචන නෑ,Happy
දුප්පත්ගේ දුක උඹ දන්නේ නෑ නාගනන්ද මනුස්සයෙක්ට license එකක් උඩුවක් නොකරපු තමුසේ කොහොමද ඔයි උඩින් පහළ වෙලා දුප්පත් මිනිහගේ දුක දන්නේ නෑ යකෝ උඹ,Bad
නියමයි Suri අක්කි ඉදිරියටම යමු,Happy
වතාවක් අහුවත් එපා වෙන්නේ නෑ,Happy
රන්ජන්ට බැරි උන වැඩේ අපේ හමුදුරුවෝ කලනේ Christian පල්ලියට ගිහින් ඔක Catholic වලත් ගියේ නෑනේ,Happy
හමුදුරුවනේ බුදුන් වහන්සේ ඉගැන්වූයේ සත සීපාවත් කරුණාව දක්වන්න නාලා ගිරි ඇතාවත් සාමන්‍ය කරේ ගහලා නෙවෙයි කරුණාවෙන් නේ,Normal
පලා පකයා යන්න ඇයි ගෝඨා පරාදුනනම් උඹාව මරනවද කරියා,Bad
නිහතමානී කෙනෙක් සතුට සමග අඬන්නත් හැකි ඔබට සුභ පැතුම්,Happy
අයියේ used part භාවිතා කරන එක හොඳ නැද්ද,Normal
සිංහල චන්ද ටික කඩන්න තව මගුලක්,Bad
ඔබ දිරිය කාන්තාවක් ඔබට ජය,Happy
ඉලග එකට Chathura Alwis ගෙනන්නකෝ,Normal
female version එකක් අහුවා වගේ,Normal
trending එන්න නම් ආයෙ රෙට්ට ගමු,Normal
ගම්පොළ කොල්ලෙක් ගැමක් ගහපන් කටහඬ Sri Lanka වල ජය වේවා Chamila,Happy
නාගනන්ද වෙන කවුද හරිද බන් මේ කතා කරනේ එහෙම නෑ අවුලක් නෑ ආවොත් මම චන්දේ දෙනවා දැන් ඉන්න උන්ට වඩා තේරුමක් තියෙයි වගේ,Happy
ජනාධිපති නාගනන්ද එක ස්ථිරයි එක කාටවත් නවත්තන්න බෑ,Happy
නියමයි සුපිරි පැහැදිලි කිරීමක්,Happy
දවසකට එක පාරක් අහන්න පුරුදු වෙලා මේ කටහඬ සුපර්,Happy
සහතික ඇත්ත අපේ හමුදුරුවනේ,Happy
සන්නියක් බලුවාද මන්ද නියමයි,Happy
ඇයි බන් මේ හැමදාම මේ වගේ කෙනෙක් ගෙනලා මොනවා හරි අහනවා ඔයිට වඩා හොඳ නැද්ද sex movie එකක් දාන්න එතකොට ඔය rate වැඩි වෙයි නේ බන්,Bad
පට්ට set එකක් ආදරෙයි,Happy
ගෝඨාභය විතරයි ඕනේ,Normal
දැන් එලගට තියෙන මහමැතිවරණයදයි කොහොම හරි වැඩි පිරිසක් ශ්‍රී ලංකා නිදහස් පක්ෂයෙන් පත්කරගමු,Normal
ගොඩක් ලස්සන ගීතය ගොඩක් කැමති මේ ගීතය එකට ගොඩක් සැරයක් අහුවා ලස්සනයි,Happy
මොකද්ද අප්පා මේ,Bad
කවුද බන් මේ ගොන් admin ව වැඩට ගත්තේ,Bad
කිත්තානෙන් පස්සේ ඒ වගේ තාල සිංදු ගොඩක් අය කියනවා,Normal
ඔයා hackersලා සල්ලි ගන්න ක්‍රමයෙන් අපිට එගොල්ලන්ගේ details ගන්න බැරිද,Normal
අනීවා උඹ වැඩ්ඩෙක් බන්,Happy
GTX Super card එකෙන් පුළුවන්ද mine කරන්න,Normal
ගම්‍ය ඔබේ අදහස් ඉතා වටිනවා ඔබට ජයවේවා,Happy
අයියේ මම හිතන ඔයා AI අයියේ FM උනේ,Happy
gold ram බලන්න අපි උන් මේ කොණට,Normal
නියමට performance එක නියම සිංදුනේ මේවා හිනා වෙවි බලුවා ගොඩක් ලස්සන මොන උනත් පරකටත් වඩා බලුවා,Happy
මමත් ඔයා වගේ තමයි gym එකට ගෙවනවා යන්න බැරි වෙනවා,Normal
Aloka Asiri Ravana ගීතයේ blind audition round,Normal
හරිම ලස්සන කටහඬ එකක් අනේ,Happy
මිල කළ නොහැකි කටහඬක් සහ හොඳ මිනිස් හදවතක්,Happy
හොඳ කෙනෙක් ලැබුණොත් අනිවාර්යෙන් marry කරන්න අයියා බුදු සරණයි,Happy
බොරුව කියන්න එපා බං,Bad
වාව් දැන් මහත්තයා එදා කොහොමද කියන අපහසය,Bad
මේ පහසුකම් ඔක්කොම තියෙන laptop එක මොකක්ද,Normal
අමුතු ලස්සනක් තියෙනවා නේ ඒයි,Happy
නියම කොල්ලක් බුදු සරණයි පුතා ඔයාට,Happy
මේකට එන උන් එන්නේ fashion show කරන්නද කොහෙද කටහඬ Teensලා ලගින්වත් තියන්න බැ,Bad
රන්ජන් යන්න ඕන ලදරු පේසල් මොළය නෑ අලයක් තරමවත්,Bad
අනිත පක්ෂවලින් මහින්දට support තියෙනවා,Normal
ඇත්ත ඇති සෙටියෙන් ප්‍රකාශ කරන මනුස්සයෙක් ආදරෙයි ඉදිරි ජීවිතෙත් සතුටින් ඉන්න ශක්තිය ලැබේවා තෙරුවන් සරණයි,Happy
ලස්සනයි අක්කේ all the best,Happy
බුදු සරණයි අපේ හමුදුරුවනේ,Happy
දන්නවානම් Chanuxව contact කරගන්න solution එකක් දෙන්නකෝ please Priya අයියා,Normal
සමහර under pitch pitch out අය හදාගන්න පුළුවන් කියලා select කරා මේවා ඉතින් සිරසේම game තමයි,Bad
කවුරු මොන comments දාන්නත් මම නම් මේ ගීතය එකට හරිම ආසයි,Happy
අඩෝ Anushka උඹ දැන් Negombo ඉන්නවා කියලා ලෝකෙට talk දෙන්න එපා හරි,Bad
ඔබතුමාට මේ සැරේ තියෙන මන්ත්‍රීකමත් නැති වෙනවා,Bad
අම්මෝ අක්කි ඔයා නම් මරු නිහතමානීව අවංකවම ඇත්ත කියනවා ගරු කරනවා ඔබට මට අදාල නෑ ඔයා ගැහැනියක් උනත් පිරිමියෙක් උනත් කතාව හරි ජයවේවා,Happy
Wasthi උඹ පට්ට great වීඩියෝවේ අවසාන ටික දෙපාරක් බැලුවා ඒක ජීවිතයට මාරම motivation එකක්,Happy
ඇයි Umaria හැරුණේ නැත්තේ,Normal
මෙතන ඉන්න Chanux fansලා මේ පැත්තට,Happy
yellow colour timeline එකක් දැකපු අය,Normal
Lahiru අයියා මං දැන් ඔයාගේ මේ program වලට addict වෙලා,Happy
බුදු හමුදුරුවෝ ආ කාලේ ගල් උඩ තියලා මිනිස්සුන්ගේ කට තෙල්වුවාද බුද්ධාගමට බැනන්න කියලා බුද්ධාගමට අගෞරව කරන්න වෙන උන් නෙවෙයි අපිමයි,Bad
මේට වඩා අවුල් ඒ උන්ටත් ඔක්කොම හරුණා music ගැන දන්නේ නැති නිසා මට නම් මේක සුපිරි,Happy
නියමයි මේ වගේ අදහස් තියෙන අය බොහේ අඩුයි ඔයාට තෙරුවන් සරණයි,Happy
ඔයා කියන තරම් මේකේ signal අවුලක් නෑ මං ගාවත් තියෙන්නේ මේකත් මං Samsung phone එකයි මේකේ දෙකම test කළා වෙනසක් නෑ ඒ දෙකම එකම විදිහ,Bad
පව් අයියාට කොච්චර ප්‍රශ්න තිබ්බද අපේ මොකක්ත් දන්නේ නැතුව අපේ comments කරා sorry අක්කේ,Normal
ඔබ වහන්සේට ඇත්ත කතා කරනවා ගොඩක් පින් හමුදුරුවනේ මේ මිනිස්සුන්ගේ කන් ඇරන්න කතා කරනවට තෙරුවන් සරණයි අපේ හමුදුරුවනේ,Happy
good luck Adithya අපිත් Italy වලින්,Happy
ඔයා වගේ ගීතය එකක් අහුවමයි,Happy
අහ නියම කොල්ලෙක් තමයි,Happy
මං මගේවත් නෙවෙයි කියා ඔබ මට මතක් කළා,Normal
මම හිතුවේ Anushka කියන්නේ හෙන ඔලුවෙන් ඉන්න හෙන ලොකුකම තියෙන කෙනෙක් කියලා මම ඇත්තටම ආසම නැති කෙනෙක් එත් අද තමයි දැනගත්තේ ඔහු ගැන,Happy
අනේ මට ආදරේ හිතුනා සුදු බණ්ඩාට,Happy
අක්කේ හරිම ලස්සනයි භාවනාවක් වගේ ගීතය හදවතට දැනුණා ගොඩක් කොච්චර අහුවත් එපා වෙන්නේ නෑ හදවතින්ම සුභ පැතුම්,Happy
අක්කි Umariya එපායි ඇස් දෙක අමුතුවෙලා,Happy
හිනාත් යනවා පව් ඉතින් කුමාර අයියාට,Bad
ලංකාව ඔවුන්ට හොඳ shot එකක් නියමයි,Bad
අම්මෝ හිතාගන්නත් බැ ගැහැනියකට මෙච්චර හයියක් එන්නේ කොහෙන්ද කියලා ඔබගේ කතාව මට ලොකු ආදර්ශයක් මටත් two years දුවයි පුතයි ඉන්නවා thanks දුන්න ආදර්ශමත් කතාව බුදු සරණයි,Happy
හරිම ආසාවෙන් බලපු වීඩියෝව බුදු සරණයි දෙන්නටම,Happy
සුපිරි හංස ජය,Happy
අයියේ next එක ඕනේ ඉක්මනටම please,Happy
මොනද ඔය මේ සිංදු හොටු පෙරනවා I am surprised Umaria turned,Normal
කො බලන්න coach Shashikaට සුපිරිම set එකක් ඉන්නවා කියන අය,Happy
නංගි ඔයා හොඳ කටහඬ එකක් තියෙන හොඳ singer කෙනෙක්,Happy
අපේ school එකේ,Happy
හොඳ brand එකක් මං භාවිතා කරනවා,Happy
හහාහ ලස්සනයි අනේ sendu කෙල්ල,Happy
වාව් පට්ටම කටහඬ,Happy
ඇත්තටම හිතුවේ YouTube එකෙන් සල්ලි හම්බවෙනවා ඇති කියලා හොඳින් ඉන්න දියුණු වෙන්නකොට ඇඳුමෙන් සංවර වෙන්න එතකොට ඔයාට හැමෝගෙම ආදරේ ලැබෙයි,Normal
අදටයි වස්තු නොදන්න කරුණු love from SL,Happy
හොඳ අයව කපලා මෙලෝ රහක් නැති ඒවන් ඇතුළට ගන්නවා වෙලාවකට අන්න ඒක තමයි දුක,Bad
හැම Sunday වාරෙම බලන් ඉන්නේ weekly update එක ගන්න carry on brother,Happy
මේයාත් අපේක්ෂක වෙන්න කෙල අලමින් ඉටියේ,Normal
නාගනන්ද කොඩිතුවක්කු හැර වෙන විකල්පයක් කියපල්ල සහ රාජපක්ෂලා හැර විකල්පයක් තියෙනවද,Normal
හමුදුරුවනේ නියමයි අපි ඔබ වහන්සේ සමගයි,Happy
ගීතය එකයි visual එකයි දෙකම ගොඩක් ලස්සනයි ඔයාගේ කටහඬ නම් මාර ලස්සනයි Natasha අක්කි,Happy
මගේ hero අර,Happy
මේයා දක්ෂයි ඒත් මේ සිංදුව කවුරු කියුවත් ලස්සනයි පොඩ්ඩක් හොයලා බලන්න,Happy
කියන්න දෙයක් නෑ අපේ කම අගෙම තියෙනවා best,Happy
build with Aimee පට්ට අයියේ අලුත් music එකක්ත් දාලා නියමයි,Happy
කො බං admin තාම නිදිද night time data ඉවරයිද මන්දා upload කරපන්කෝ ඉක්මනට,Normal
තවත් ජනාධිපති කෙනෙක් අපිට වැඩක් නෑ තියෙන පාලන ක්‍රමය වැඩක් නෑ සිංහල රජෙක් බිහි කරන්න හැමෝම එකතු වෙන්න,Normal
අඩෝ ඇත්තටම mail කෙලින් උනා,Happy
යකෝ Milinda මොනවද මේ සිංදු,Bad
නියම ගැහැනු කෙනෙක් thank you Lahiru මේවගේ අය ගෙනාවට ලංකාවේ ඉන්න අයගේ ඔලු ටික හදන්න මේක මාරම වටිනවා,Happy
Lahiru මහත්මයා ඔබට පින් කුමාරිට සහය දෙන්න,Happy
school කතාව නම් සහතික ඇත්ත,Happy
මොකද්ද මෙච්චර add,Bad
අනේ පව් ගොඩක් දුකයි අක්කේ,Happy
ඔයිට වඩා දර්ම ටෝක් දුන්න Sirisena දුන්න,Bad
සුපිරි brother ආදරෙයි,Happy
Ayeshma ගීතයෙන් Shakya මතක් උනා,Normal
Adithya ලොකු වෙලා,Normal
ඔයා හරි ලස්සනයි තාමත් ආදරෙයි අඩම්බරයි ඔයා ගැන Deepthi චරිතේට මම තාම ආදරෙයි එත් දේවල් ගැන කතා කරනවා වැඩි වගේ අපිට තේරෙන්නේ,Happy
දැනෙනවා ඔයාගේ හඬ තාමත් හදවතට,Happy
Adithyaට වඩා මේයා හොඳට කියුවා කියලා කියපු උන් නැද්ද comments වල,Happy
මේ Ranil Mahinda Gota මේ ඔක්කොම තම්බියගේ ගූ කෑවා,Bad
Nirodha පුළුවන් නම් game එකේදි rap නෙ bandi jodi එකේ thujme rap diktha hai ගීතය කියන්න ඔයාගේ කටහඬ එකට match වෙනවා ලස්සන game එකක් වෙයි,Happy
මේකේ එක වචනයක් නෑ ගන්න අනුන්ගේ කුණු අවස්සන්න එපා මචං උඹවත් වෙනස් වෙයන්,Bad
අයියා පට්ට ලස්සනයි ඇස් දෙකට වශී උනා මගේ කොල්ලා දැන් මේක දැක්කොත් මං මල,Happy
මේ නූතන දෝලි බයිබලේ අතේ තියන් බුදු බණ කියනවා එකෝ බයිබලේ කියන්න ඕන නැත්තම් බුදු බණ කියන්න ඕන මෙතන යටි ගැමක් යනවා අර තම්බියා වගේ Deranaට ආවේ අපේ උන් අනේ අපොයි කියලා රවටෙනවා ඉවරයක් නෑ,Bad
ඔබතුමාට බොහොම ස්තුතියි මේ වැඩසටහන අපට බලන්න සැලසුවට Nilmini මහත්මිය වටිනා අදහස් ඉදිරිපත් කරා තෙරුවන් සරණයි හැමදෙනාටම,Happy
මගේ පුතාට රත්නත්තරේ පිහිටයි,Happy
respect Bumi බුද්ධිමත් විදිහට හිතට එකඟව කතා කරනවා,Happy
මාරම ලස්සනයි අක්කියෝ ඔයාගේ කටහඬ best of luck you,Happy
වාව් හරිම වටින කතාබහක්,Happy
ඔහු හිතන්නේ මේක තමයි ලංකාවේ තියෙන හොඳම build එක කියලා,Bad
ඔයා චේත්ත අඳින්නේ නැද්ද,Normal
කස්සා හැරෙනකම් කෙල්ල බලන් හිටියේ,Normal
අපි ඉන්නවා හමුදුරුවෝ බය වෙන්න එපා අපි ඉන්නවා,Happy
Redmi Note Pro එක India වල official release වෙනවා නේද March ත්,Normal
Windows reset කරලා pen drive එකෙන් Windows දාන විදිහ වීඩියෝව එකක් ඕන,Normal
අපේ හමුදුරුවනේ අපි හොඳ සිංහල බෞද්ධයෝ රන්ජට පිස්සු,Bad
සරුම් අයියේ මම ගොඩක් කැමති ගීතය එකක්,Happy
අම්මෝ Kingsley good choice,Happy
අනේ ඔබ වහන්සේගේ කතාව ඇත්තම ඇත්ත අපේ හමුදුරුවනේ,Happy
නියම චරිතයක් කාන්තාවන්ට බලන්නම ඕන භූමියේ කතාව නම්,Happy
Kasun සිංදු කලි කියන්න එපා බෝල අපිට මදි කියනවා නම් ඔක්කොම ඕන Sivatharshan good job කොල්ලා awesome performance,Happy
අනේ මිනිහෝ සඟ රුවට නින්දා නොකර ඉන්න ඔයා ආවත් ඒ ටික තමයි මහින්ද මහත්තයා ආවොත් හරි නැත්නම් ඔයාලට නිදාගන්න පුළුවන්,Bad
මට නම් එච්චර ලස්සන නෑ පොඩි ළමයෙක්ගේ සද්දේ අහෙන්නේ sound එක එත් ඉතින් අපිට වඩා දන්නවනේ ඔතන ඉන්න අය,Bad
බලුවට එපා වෙන්නේ හැමදාම බලනවා බැරිම තැන තමයි අදහස කරේ super නංගෝ,Happy
මම නම් දැකලා නෑ හැබැයි ගල් කාරයෝ නැතිවෙන්න බෑ අනිත සම්පත් ඔක්කොම හමුදුරුවන්ට ඕන බව අපිට පේනවනේ කන්න නැතිව මහන උනත් හැඟීම නැති වෙන්න නෑනේ,Bad
උඹලට කොහොමත් ලැජ්ජාවක් නෑ දැන් බබා,Bad
program එක නම් ගොන් පට්ට graphics එහෙම update නෑ,Bad
මම නම් මේයාට දොස් කියලා තියෙන්නේ නෑ කියන්නේ නෑ මේයා කොටට අඳන් විකාර කරනකොට,Bad
අර ආසෙන් කියන්න අයටත් දෙන්න ඕන එල්ලලා,Bad
question එක මට ලොකු ප්‍රශ්නයක් වෙලා තිබුණා එකක් thanks,Happy
thanks Lahiru තෙරුවන් සරණයි ආදරණීය කුමාරි අක්කේ ඔයාගේ කතාවට thanks මොන මඩ පාරවල් ආවත් තමන් යන්නේ හොඳ ගමනක් නම් යන්න කියපු එක,Happy
කො මට mic එකක් දෙන්න,Normal
ඇත්තම ඇත්ත ජය වේවා භූමි,Happy
Kasun සද්දේ වහලා game එක අතට ගනී වගේ,Normal
අද කාලේ ගැණියෙක්ට කෙල්ලෙක්ට තනි රතු ඇඳුමක් තනි කලු ඇඳුමක් ඇඳන් පාරේ යන්න බෑ මොකද එහෙම ඇඳින හැම කෙනාම ගණිකාවෝ විදිහට සලකන සමාජයක් දැන් තියෙන්නේ,Normal
පාරයට චන්දේ ඉල්ලන්න නොදුන්නට කොහොමද මේකගේ කතාව,Bad
ඔයාගේ පට්ට කුණුහරුප අපිට අහලා තියෙනවා ඔයාට ඒ චෝදනාව,Bad
අර්ජුනගේ පවුලේ ඔයා නියම වැඩ්ඩෝ,Happy
අපේ පැත්තේ අයියා කෙනෙක් congratulations බස්,Happy
අර මිනිහා නම් එපා දිනිති හොඳයි,Normal
බොහෝම වැදගත් සාකච්ඡාවක් බොහෝමත් thanks,Happy
තෙරුවන් සරණයි හරිම අඩම්බරයි,Happy
ඇත්තටම මමත් ගොඩක් රසවිඳ ලස්සනයි,Happy
Redmi නම් එපා වෙනවා අප්ප,Bad
අද හොරූ අල්ලලා මුන්ට හෙන ගහනවා මුන්ගේ දරුවන්ටත් හෙන ගහනවා,Bad
අනේ සතුටින් ඉන්න කොහේ හිටියත්,Happy
ඇස් ගෙඩි දෙක අරගෙන හෙන ගහයිද සිංහලුන්ගේ,Bad
මොකද්ද unlocked scene එක,Normal
වාව් අක්කි ඔයා superb එක පාරක් දෙපාරක් නෙවෙයි දහ පාරක් වඩා බලුවා,Happy
මෙන්න මිනිස්සු Rajapaksha Ranil මොක්කුද කිසිම දැක්මක් නැති නිවටයෝ,Normal
ප්‍රියදර්ශන අයියා දැන් super character එකක් වෙලා congratulations,Happy
නෑ අපේ පොඩි හමුදුරුවනේ මං නම් හිතන්නේ පන්සලකට මොන හරි උනොත් දෙවියෝ කෝප වෙයි සිංහල අපේ තමයි ධර්මයට ආදරේ හොඳ පැත්තක් තියෙනවා මොකුත් කරන්න බෑ කාටවත්ම,Normal
ගොඩක් හොඳ ලමයෙක් ඔයාට ගොඩක් ආදරෙයි මගේ පුතා වගේ ඔයා මැනේජ් කරන ආදර දන්න හොඳ පුතෙක් ඔයාට බුදු සරණයි පුතා,Happy
වාව් මේ සින්දුව international ජයගත්ත සින්දුවක් නියමයි බ්‍රෝ,Happy
පින්වත් අම්මටත් අපේ හමුදුරුවන්ටත් නිදුක් නීරෝගී සුවය ලැබේවා තෙරුවන් සරණයි,Happy
කෙඩ හලියක් සින්දුව කෙව්වා කුණු ගොඩ බංස්ලාට දාන්න,Bad
ඔබ ජනපති සටනට එන්න නැත්නම් අපි සමූල ඝාතනය වෙන්නවා,Normal
ශෂිකා තරඟකරුවන්ට ගැලපෙන හොඳ සින්දු තෝරලා දීලා නියමයි,Happy
මාව හිරි වැටුණා හෙඩ්සෙට් නැතුව අහනකොට,Happy
admin වෙලාවට දන්නකෝ,Normal
ප්‍රශ්න අහන කෙනා අහන විදිහ කනට කටෝර වගේ සැහැල්ලුවෙන් අහන්න උසාවියක් වගේ සරල ප්‍රශ්න අහන්නේ,Normal
කසුන්ගේ හද තමයි හද මුළු හිතම පිරෙනවා ඒ හදෙන් පට්ටම කටහඬ,Happy
අඩ්ඩ දාන්න එපා යකෝ මෙච්චර කතාව අහන්න ඕනි,Bad
තැන්ක්ස් අයියේ මං ලැප් එකක් ගන්න යන්නේ මේ වීඩියෝ එක ගොඩක් වටිනවා,Happy
මම මේ වීඩියෝ එක එනකන් හිටියේ සොප්පා ප්‍රියදර්ශන අයියේ,Happy
මං ආසම චරිතේ,Happy
දකින දකින වෙලාවට අහන ගීතයක් well done,Happy
ඔබතුමා අපි අගය කරනවා ජයවේවා,Happy
තව ටිකෙන් සඳුදා,Normal
ජේපුරේ කෙල්ලෙක් මාරම ලස්සනයි,Happy
ඔක්කොම කට්ටිය හැරෙන්න ඕන එකක්,Normal
දැනට හොඳම battle එක,Happy
අනේ තෝ මොන පකෙක්ද,Bad
ඒදාත් අදත් ආදරෙයි කරනවා මහත්තයට ජේසු පිහිටයි,Happy
බුදු සරණයි හමුදුරුවන්ටත් අම්මටත්,Happy
ජාති වාදේ ලොක්කෝ ඉන්නේ පාර්ලිමේන්තුවේ මුන් ටික අල්ලනකන් විසඳුමක් නෑ,Bad
මේ නාකි නැතුව තරුණ නායකත්වයක් ඕන නැද්ද බං,Normal
අයියේ bitcoin mining විතරක්ම වීඩියෝ එකක් දාන්නකෝ පොඩ්ඩක් තේරුණා අඩුයි,Bad
කෙලින්ම ඇත්ත කතාව අද එන්න අපේ නිළියන්ට කිට්ටු වෙන්නවත් බැහැ බොරුව ෂෝ කපටි කම් නෑ,Happy
වට්ටි අම්මා හූ හූ වට්ටි අම්මා බබා,Bad
ඔයා තමයි ඉරාජ් අයියේ චරිතේ ඔයා බය වෙන්න එපා ඇත්ත කියන්න හැමදාම,Happy
ඔයා hiru star හරි dream star හරි දන්න අනිවාර්යෙන්ම එන්න අපි බලන් ඉන්නවා ඔයා එනකන් විඳුල අනිවාර්යෙන් අපි ඔයාට vote කරනවා,Happy
අයියේ ඔච්චර හොඳ එකක් හදලා mini game එකක් පෙන්නන්නේ ඇයි අකොම අසා නැතිවෙයි,Normal
මේ අක්කා dream star හිටියා වගේ මතකයි,Normal
ඊලඟ වීඩියෝ එක දෙන්න ඇති හලෙන්ම,Normal
අනේ ඔබේ කටහඬ පමණක් හැමදාම අපට ඇති ඔයාගේ රූපයට වඩා ඔබේ කටහඬට ලොකු බලයක් තියෙනවා එක වශී වෙන හඬක් ඔබට සදා ජය,Happy
විහිලුවකට අරන් බං,Normal
අද කියුවා කියලා ලියලා තියගන්න මේ වීඩියෝ එක අනිවාර්යෙන්ම trending වෙනවා,Happy
කේ වලට තව චුට්ටයි නියමයි අයියේ අයියාගේ build නං කොච්චර බැලුවත් එපා වෙන්නේ නෑ,Happy
අනේහ් ඒ කටහඬ ඒ වගේම හිනාව ඇත්තමයි මට හිරිගඩු පිපුණා,Happy
වැදගත් යමක් කියා දුන්නා respect භූමි,Happy
ශෝක් අනේ හොඳින් එන්නේ හැමදාම,Happy
අපිට ත්‍රස්තවාදීන් කියනකොට අපිට දරාගන්න බැහැ අය ඒහෙම අපිව බලන්න එපා අයියේ,Bad
විනි කොල්ලෝ ටික ගෙන්දෝ,Normal
අම්මෝ අන්තිම ටික,Happy
උබ පට්ට මචං,Happy
ඔයාගේ කටහඬ තමයි ඔක්කොම,Normal
මගේ boss තමයි ලෝකේ හොඳම boss ලෝකේ හොඳම ටට්ටා කෙනෙක් එයා අපිට දෙයියෝ දෙන දේත් එක්ක මගේ bossට දෙන්න ඕනි,Happy
ඇයි මේ මෙතුමාට බනිනේ වැඩ නැති කුහක මිනිස්සු හදන්න බලන්න,Happy
අපිට ඕන ඔයා වගේ නායකයෙක් දැන් හොඳම වෙලාව මේ ඔබට ජය,Happy
අනුෂාකා සුපිරි චරිතයක්,Happy
වාව් ශෂිකා මිස්ගේ කටහඬ ලස්සනයි,Happy
ඔබතුමිය උගත් බුද්ධිමත් කෙනෙක් මගේ අදහස බුදු සරණයි,Happy
භූමි ඔයා හරිම බුද්ධිමත් හරිම ප්‍රිය මනාපයි මතු ආත්මයකදී ඔබ ප්‍රාර්ථනා කරන පූර්ණ ස්ත්‍රීභාවය හෝ පුරුෂභාවය ලැබේවා ආදරෙයි ගොඩාක්,Happy
අම්මෝ ඒක පට්ට,Happy
කියන්න වචන නෑ ඇත්තටම හරිම ලස්සනයි good luck,Happy
ඉතුරු ටික අහන්න බලාගෙන ඉන්න අය අත උස්සන්න,Normal
කාලකන්නියා උ හිතන් ඉන්නේ උ වගේ එකෙක් නෑ කියලා පණ්ඩිත වෙසියේ පුතා,Bad
මං නම් හදවතින්ම ආඩම්බරයි මොකද ලංකාව රාජ පවුලක් ආශා දැක්කම සක්කා දළදා සමේදු පැහැතියි,Happy
පැයම බැලුවා skip නොකර මාර ආසයි කතා කරන විදිහ,Happy
ඇත්තටම ඇත්ත කටහඬත් එක්ක අරාව පෙන්නපු විදිහට මාවත් confused,Happy
වාව් මාරම නංගි පිස්සු හැදෙනවා කටහඬ එකට congratulations,Happy
කෙල්ලගේ චරිතයට අගෞරවයක් මේ වගේ අය නිසා තුහ් විතරක්,Bad
අදේ ප්‍රියදර්ශන අයියා බඩලද,Normal
කවදාවත් හිතපු නැති පැත්තක් දැන ගන්න හේතු කාරණා උනා මේ ප්‍රෝග්‍රෑම් එකට පතනවා ජය,Happy
ඔයා හරි වැදගත් උගත් විදිහට කතා කරනවා,Happy
ආදරෙයි ලංකාවේ ඇත්ත කියන එකම politics man,Happy
මං මේ vlog එක බලන්නේ නෑ ඒත් මුල ඉඳලා අන්තිම වෙනකන් බලපු නියම episode එක මේ වගේ චරිත ගෙන්න,Happy
ඇත්තටම අහන්න ආසයි බලන්න ආසයි හිත නැති කෙනෙක්ට ඇත්තටම නියමයි අයියා,Happy
සිරියාවන්ත පිංකර අම්මා ඔබ වහන්සේගේ අම්මා අද කොටියකටත් වඩා අම්මා අම්මේ ඔබතුමී නිවන් දකී බුදුන් දකීත්ව,Happy
මිහිඳු වර්ණකුලසූරියගේ කටහඬ වගේ නේද,Normal
acer laptop වලට අවුලක් වෙන්නේ නැද්ද,Normal
ලහිරු අපි වෙනස්ම සමාජ සේවයක් කරගෙන යනවා එක ගැන පොඩි ප්‍රචාරයක් දෙන්න පුළුවන්ද,Normal
භූමි අක්කේ ඔයාට බුදු සරණයි අක්කේ ඔයාගේ number එක plz දෙන්නකෝ,Happy
කටද ශෙමිල් අයියාව මතක් උනේ,Happy
ගානි සින්දුවා කව්වා කොල්ලනම් හොඳයි,Happy
අයියේ මටත් build එකක් කරගන්න ඕන,Normal
මම කැමති චරිතයක්,Happy
හිතාගන්න අමාරුයි ඇත්තමයි මාරම ආසාවෙන් හැමදාම අහනවා ඉස්සරහටම යන්න ඕනි good luck බුදු සරණයි,Happy
ලංකාවේ youtube වෙනස් කරපු ප්‍රසිද්ධ කරපු චරිතයක් තමයි real වැඩ්ඩෙක් ඉක්මනට වීඩියෝව එකක් දාන්න,Happy
මේ සින්දු mp එකෙන් download කරන්න බැරිද මෙයාලගේම කටහඬෙන්,Normal
මෙයා england වලට කඩේ යන කෙනෙක් රවටෙන්න එපා මමත් කලින් හිතුවා හොඳයි කියලා විජාතික බලවේගයක් සුද්දට කඩේ යන කෙනෙක්,Bad
ඇත්තටම ලස්සනයි ගොඩක් අහන්න ඉන්න ආස හිතෙන කටහඬක් all the best,Happy
මෝඩ choice එකක් ගත්තේ බං අනේ මන්දා,Bad
ඩිනෝ වත් ගන්න next interview එකට,Normal
guitar part එක,Normal
නිහතමානි මනුස්සයෙක් දෙවි පිහිටයි,Happy
මං හිතුවේ ඇත්තටම මේ මිනිස්සු කියන පොරක් කියලා ඒත් ඇත්ත වශයෙන් හොඳ ඔලුවක් තියන කොල්ලෙක්,Happy
හැම පොරම mic එක අල්ලපුම මාර දුකක් නෑ කියන්නේ නිකන් තරඟේට වඩේ බුදු අම්මෝ,Bad
මේක trending එන්න ඕන එතකොට ලොකු motivate එකක් ඔක්කොටම හම්බෙනවා,Happy
අනේ ශෂිකා මිස්ගේ අද ලස්සනයි,Happy
සමහර verse වල end එකේ පොඩි පොඩි අවුල් වගේ තියෙනවා කටහඬ නම් මරු good luck,Happy
ස්තූතියි ඔබට මේ විදිහට පැහැදිලි කරනවට ඇත්තටම ඔබ අපේ සිංහල මිනිසුන්ට වටිනා සම්පතක්,Happy
ඇයි මේ සින්දුවට coach උමාරියා හැරුණේ නැත්තේ කපේයි කියලා බයට හැරුණේ නැත්නම් අඩුම ගානේ අදහස එකක් දෙන්න තිබ්බ,Bad
බැනලා අදහස දන්නේ කුමාරි අක්කට අනිසි යෝජනා දාපු සක්කිලියෝ,Bad
තරඟේ ගැන හොඳට study කරලා ආවා වගේයි මට හිතෙන්නේ එතකොට,Normal
ඔබ හරි අපේ හමුදුරුවනේ,Happy
ගෝටාට help me මමයි wife ඉන්නේ බහරේන් වල ගෝටාට ඡන්දේ දාන්න ලංකාවට එවිත් යනවා god bless gota ජයනේ ජය ගෝටා sir ජය,Happy
මුලින්ම sirasa super star ආව ඉට පස්සේ hiru star එකටත් ගිහින් ඉට පස්සේ කටහඬ එකටත් ආපු ගමන අතරින් නැති එළ කොල්ලෙක්,Happy
මට සින්දුව අහන ඉද්දී නින්ද ගියා මාරම,Happy
හොඳට කල්පනා කරලා උත්තර දෙන්න හොඳයි,Happy
ආදරෙයි කොල්ලෝ පට්ට වැඩක් එකෙන්ම,Happy
හරිම ආසාවෙන් බැලුවා හිතට වදින හදක් ඔබ දෙදෙනාටම සුභ පැතුම්,Happy
ඉරාජ් කියන ඒවා හරි කොන්ද පණ නැති හරක් කියන ඒවා අහන්න මූට පිස්සු නැති එකම අතිනේ,Happy
මේ වීඩියෝ එක දැන් දැක්කේ යකෝ බබී,Normal
මෙයා හොඳ නිළියක් මෙයාට සෑහෙන්න කතා හදුවා අනේ මන්දා ඒවා ඇත්තද කියලා එතත් මෙයා නිළියක් හරිම ලස්සනට රඟපානවා,Happy
පෙරුම් පුරාගෙන ආ සංසාරේ,Happy
අයියේ එකම වර්ගෙ GPU ද ඔයෙ,Normal
මේ සින්දුව ප්‍රයිවට් කරලා තිබ්බේ දැන් තමයි දාලා තියෙන්නේ,Normal
තෝ කඩේ යන ගෝඨා හිටියනම් අද උඹ නෑ,Bad
උමාරියා ඔයා නම් පිස්සු,Bad
මක කියක් වෙනවාද,Normal
පොඩි එකා මරු බං අයියේ,Happy
කවුරුවත් විශ්වාස කරන්න බැහැ කවුරුත් එන්නේ ඔහොම සිහින ලෝක මවගෙන,Normal
මේ කොල්ලට වඩා සංගීතේ බැරි එවුන් ටීම් වලට ගත්ත හැබැයි මේකට වෙන්න ඇත්තේ රියැලිටි ශෝ කියන්නේ,Bad
ඔයට පිස්සු බයිලා,Bad
මේ කෝච්ලා මරු පිස්සු නටනවා මාර ආතල් එකක් ගන්නේ බසර් මාරු කරන එකත් හරිම එකමුතුයි උමාරියා තමයි ඔක පටන් ගත්තේ,Happy
හිරුෂි හිටියානම් නිවේදනය කරන්න මරු,Happy
හ්ම් ජීවිතයට ඉගෙන ගන්න දේයක් ගොඩක් ඉස්තුති නොසඟවා කතා කරන එකට,Happy
කසුන්ට වඩා හොඳට කිව්වා,Happy
තව කොච්චර හරි කතා කළානම් අහන්න ඉන්න පුළුවන් කොච්චර වෙලාවක් හරි,Happy
ශෂිකා කියන්නේ කවුද කියලා ලෝකෙටම පෙන්නුවා වොයිස් නම් වොයිස්,Happy
හිතුවට වඩා ඇත්ත මිනිහෙක්,Happy
මේකේ තමයි වැඩකාරයෝ ඉන්නේ වෙන එක ප්‍රෝග්‍රෑම් එකකවත් නෑ මේ වගේ දක්ෂයෝ congratulations sirasa the කටහඬ,Happy
දැනට දැකපු හොඳම female singer පට්ට,Happy
අයියා ව contact කරගන්න විදිහක් නැද්ද,Happy
පියදර්ශන් අයියේ ඇයි සින්දුව කිව්වේ නැත්තේ,Normal
ඔයා නියම සිංහලයෙක් අපේ හමුදුරුවෝ තමයි හීරෝ,Happy
කොහොම හරි සුපිරි වැඩක් උනා නේද අයියා,Normal
අපේ හමුදුරුවනේ රංජන් කියන්නේ පිස්සු බල්ලෙක් උට පිස්සු තද වෙලා ඇති මේ දවස්වල කියන්න දෙයක් නැති වෙන්නකොට කියන්න දෙයක් හදා ගන්න අපි,Bad
ලංකාවේ කතෝලිකයෝ නෑ මන් හිතන්නේ බෝම්බට අහුනා,Normal
හිරු එකෙන් බැරි උන දේ සිරසෙන් ගන්න නමුත් හින්දි වලින් යන්න බැරි වෙයි,Normal
දැන් හොම් කෝච් ශෂිකා select කරන් ගිහින් කට්ටිය අංගන්නෝ වගේ දැන් bands select කරන්නෙත් හදිසියෙන්,Normal
අනේ දැන් හරෙයි හරෙයි ගා හිටියේ ඔයා දක්ෂයි මල්ලී all the best,Normal
ඔයාගේ හොඳ අදහස් ටිකක් එක වටිනා හොඳ ගමනක් යන්න d p god lake,Happy
මෙයා ගොඩක් හැඩියාව නේද පව් අප්පා,Bad
මෙච්චර කාලෙකට අහපු වැදගත්ම කතාව ජීවිතයට මාරම වැදගත් වස්තුවක්,Happy
ගොඩක් දුකයි අනේ සින්දුවකටවත් එහෙම එපා දරාගන්න බැහැ අඳෙනවා,Bad
අයියේ gaming pc build එකක් හදන්නකෝ plss,Normal
සුපර් සියවතාවක් විතර අහුවත් අති වෙන්න නෑ සුපර් brother,Happy
ගොඩක් වටිනවා හැමෝම අහන කරණයක් thanks අයියා,Happy
සුද්දෙක් අරපු ගතියක් පෙනවා අරකට,Normal
තෙරුවන් සරණයි අපේ හමුදුරුවනේ,Happy
මූ පට්ට ප්‍රෝග්‍රෑම් මූගේ බලුවා නමුත් මේ interview එකෙන් පස්සේ අදහස මාර positive උනා නියම එකෙක් මරු,Happy
කසුන්ට කොච්චර ආඩම්බර ඇතිද එයාගේ songs ගොඩක් මේ තරඟයේ sing කරා ඔහුගේ සින්දු කවදාත් අහන්න පුළුවන් නිහතමානි කලාකරු අපි ඔබට හැමදාමත් ආදරෙයි,Happy
ෂා ෂා කිය කිය ඉන්නේ උමාරියා vote එක දෙන්නේ නැතුව,Normal
අද අපේ සමාජේ ඉන්න හැම කාන්තාවක්ම මෙයා නරඹිය යුතුයි thanks ලහිරු අයියේ,Happy
හමුදුරුවන්ගේ කතාව ඇත්ත පාර්ලිමේන්තුවේ ඉන්න උන්ගේ මොලේ සුද්ද කරලා ඉන්න ඕන ඔක්කොටම කාලෙන්,Happy
band එක පට්ට සුපිරි backing එකට ආදරේ අය කො,Happy
cover එකක් ගහපන් මල්ලිය වාසි උබේ කටහඬ,Happy
අයියා අයියා එක්ක කතා කලා අනාගතේ නැත්තේ ඔයා විතරද මන්දා,Happy
උමාරියා ෂා ගානවා විතරිනේ අප්පා,Normal
blok ampdino spoken english class එකක් කරනවට කවුද කැමති,Normal
අම්මෝ මගේ ඇස් දෙකට කදුලුත් ආවා ඔබ නම් මාර කොල්ලෙක් බුදු සරණයි god bless you ජයවේවා ඔබට,Happy
redmi phone වල google contact නිසා වෙලාවකට පිස්සු හැදෙනවා,Bad
bro gadget mania program එක premiere කරන්නෙ කවද්ද,Normal
ඔක්කොටම කලින් කියපන් මේ යකා කවුද,Bad
අනේ උමාරියා ශෝයි,Happy
මේකේ ආතල් දෙන්නනම් ඉතින් උමාරියා සහ කසුන් තමයි,Happy
වීරසිංහේ බල්ලෝ තෝ පාඩුවේ හිටියේ නැත්තම් තොට අදන්ත වෙයි බල්ලා,Bad
ලස්සනයි අයියේ සුභ පැතුම්,Happy
අනේ පුතේ පරිස්සමින් දෙයක් උනොත් තමන්ට තමන් විතරයි තෙරුවන් සරණයි නුඹට,Happy
අනේ ගොන් ගෑනි උබ වගේ මෝඩ ගෑණියෙක්,Bad
එක දිගට බලපු වීඩියෝ එකක්,Happy
දැකපු හොඳම නිහතමානි ගැහැණියක් ඔබව follow කරන්න වටින කෙනෙක්,Happy
ඔයා කොහොමද අයියේ ඉන්නේ,Normal
දේශපාලුවෝ කියලා කියුවොත් හොඳයි නායකයෙක් ඉන්නේ මොකටද ඉත්තෝ ටිකට නටන්න ඉඩ හරලා ඉන්න එකද සාධාරණයක් නැද්ද මුන් සෙරම පණපිටින් අපායට යන්න ඕන,Bad
කසුන්ට දුක හිතුණවා අන්තිමට ද,Normal
දුලා අයියා බලකෝ මාර පොරක් නේ,Happy
මෙලෝ රහක් නෑ ඔයි,Bad
සින්දුවේ වචන වලට අදහසට ගැලපෙන්නේ නැති වීඩියෝ එකක්,Bad
ඔබතුමාට දිර්ඝායුෂ ලැබේවා ඔබතුමාගේ කතාවේ ඇත්ත සජිත් දිනුවානම් අද ලංකාවට මොනව වෙයිද,Happy
description එකේ තියෙන දේ නෙමෙයි නේ වීඩියෝ එකේ තියෙන්නේ,Normal
අයියේ හිනා වෙන එකත් ජාති දෙකක් තියෙනවා සතුටට හිනා වෙනවා ඉරිසියාවට හිනා වෙනවා බන්දුගෙන් පස්සේ හිනා උනේ කුමාරි අක්කා නිසා එක එයට පිණක්,Normal
කසුන්ගේ සින්දු ගැන කියලා වැඩක් නෑ මොකද එක විඳින්න දැනෙන්න ඕන එකේ feeling තියෙන අයට ලංකාවට ආවත් shot එකක් දන්න යනවා සිරාම හොයාගෙන කියක් ගියත්,Happy
දවසේ හොඳම ඉදිරිපත් කිරීම,Happy
ලහිරු ඔබට පිස්සුද මේ වගේ ගොන් ගෑණු ගෙනන්න,Bad
එක වචනයක් කියන්නම් පට්ට,Happy
ගෝඨාගේත් හොර සිං ටික ඉවර කරගෙන අවනම් හොඳ නැද්ද,Bad
ආහ්ස් ඒක නම් මරු නේ first time සින්දුව අහුවේ,Happy
අයියා ඔයා හිරු star ආව නේද ඔයාට ජය වේවා,Happy
ගින්දර වගේ මරු,Happy
හෙන උනා පණ යන්න,Happy
unlike කරේ බූරු හෙත්ත,Bad
තරුවන් සරණි අපේ හමුදුරුවන්ට ඇත්ත කතාව,Happy
බොදුබල සේනාව මහසොන් බලකාය එකට උනනම් සුපිරි ඇල ගේමක් දුන්නාකි,Normal
අද ලංකාවේ තරුණ අයට ලොකු ආදර්ශයක් ඔබතුමිය ලබා දුන්නා හරිම සතුටුයි ඔබට දිර්ඝායු වේවා සුභ අනාගතයක් පතනවා තෙරුවන් සරණයි,Happy
harmony එකක්ත් set උනා නම් එක වටිනාකමක් ඉතින්,Happy
මරු නියමයි නංගී,Happy
මුන් හොයන්නේ ගිරිය කඩාගෙන කෑගහන උන්ට පකයි තුක් නොදකින් තොපි වගේ උන්,Bad
ඔබ ආලෝකයක් මේ ලෝකෙට,Happy
coach ශෂිකාට ගැලපෙනවා battles වලදි,Happy
මං දැක්කාම විනීතව අයියා ඉන්න interview එකක්,Happy
චනසාර හමුදුරුවන් වෙනුවෙන් ඔබ එල්ලන්න ඡන්දේ,Normal
අපේ හමුදුරුවන්ව හැමෝම එකතු වෙලා නිදහස් කර ගමු එකට වැඩ කරන හොඳ නායකයෙක් ඉන්න ඕනි ඔබතුමා වගේ,Happy
අයියා photo edit වීඩියෝව edit කරන්න හොඳ intel ryzen,Normal
ගොඩක් වටින කතාවක් හොඳ දැනුමක් තියන සාර්ථක පිළිතුරු,Happy
මම ආසම ටෙලි නිළිය ගොඩක් ආදරෙයි ඔයාගේ කතාව අහලා ඇදුනා ආදරෙයි,Happy
ගීතය එකනම් මාර ලස්සනයි වෙන visual එකක් තිබ්බනම් ගොඩක් ලස්සනට තියෙයි,Happy
චානක අයියා ඒදා වගේම නියමට කිව්වා එලම,Happy
තැන්ක්ස් අයියා ගොඩක් පට්ට ආහ් එක well done bro,Happy
මම භාවිතා කරන්නේ dell laptop එකක් එකේ gb ram එකක් තියෙනවා,Normal
එහෙනම් ඔන්න මේ සතියේ මගේ පිස්සුව මේක,Happy
අයියේ උබ අපිට ඕන,Happy
පල යකෝ යන්න නියම ගෑණියෙක් කියන්නේ දරුවෙක් මලෝවට බිහි කරන්න පුළුවන් කෙනෙක්ට තොපි වගේ පෝන්නයන්ට නෙමේ,Bad
සම්පූර්ණ කතාව ඇත්ත අපේ හමුදුරුවනේ බස්,Happy
මූ ජනාධිපති උනොත් my part two මූට වෙන්නත් බෑ,Bad
මේක අන්තිමට කෙලින්ම බටහිර යටත්විජිත වෙයි අපිට වෙන්නේ තැන තැන කල්ලිය ගහලා සටන්කරන්න පරණ කාලේ වගේ නිදහස ලැබෙන්න,Normal
චනුක්ස් වත් ගෙමු නේද,Normal
දැන් ඔයා ඉන්න නාකි හත්ත එලවලා තරුණ නායකයෙක් පත් කරන්න ඕනි,Normal
තත්තයන් ඇයි helmet දාන්න නැතුව යන්නේ නුබලා මරෙන්නද පිස්සෝ,Bad
අම්මෝ ඇති ඔක ඉක්මනට අයින් කර ගන්න පුළුවන් නම් ගොඩක් ඉක්මනින් එක සාර්ථක වෙවා,Happy
අයියා මොකක්ද මේ gta වල vsync කියන්නේ,Normal
අම්මෝ ඒක නම් පිස්සුවක්,Happy
ගොඩක් නිහතමානි ආදර්ශමත් අම්මා කෙනෙක් good luck,Happy
අනේ මෝඩ ගෑණු මුන්ට ගාන්න ඕනි,Bad
මෙකි බොරු කියන්නේ කියන දේවල් පරස්පරයි,Bad
අහෙන්නේ නෑ බල්ලෝ,Bad
කටහඬ ලස්සනයි මරු,Happy
කසුන් හොඳයි යටට අදින්න,Bad
යකෝ age mail ඔක්කොම කෙලින් උනා කියහන්කෝ,Normal
microsoft ලට ලොකු storage area එකක් වගේම security එක ගැනත් ගොඩක් care කරලා හදන්න වෙයි වගේ,Normal
ආඩම්බරේ කඳුළු වැටෙනවා යකෝ මට,Happy
පෙර අකුසල කර්මයක ප්‍රතිපලයක්,Normal
ඇයි කසුන්ට garfield කියන්නේ,Normal
අනේ තොපිට ලජ්ජාවක් නෑ යකෝ මුන්ව form කරන්න එපා මල්ලී ඔයාලත් සවුත්තු වෙනවා මෙකි වෙසියෙක්,Bad
වගේ කොල්ලන්ට අපි ගරු කරනවා නිර්භීත ගමනක් යන්න ලැබේවා අපි වෙනුවෙන්,Happy
ගොඩක් ලස්සනයි අක්කියා all the best,Happy
ගොඩාක් ලස්සනයි නංගියෝ බුදුසරණයි,Happy
අම්මෝ තාම කොල්ලා වගේ,Happy
මං අයියාගේ build සෙරම බලනවාත් මේ build එක බලුවේ අයියාගේ පට්ටම වැඩක් නිසා chanux bro හින්දා නෙවේ,Happy
මේ pc එකේ මිල කියියද,Normal
ඔබ වහන්සේගේ කතාව ඇත්ත සුමිණි බුදු සරණයි ඔබ වහන්සේට,Happy
හිරිගඩු පිපුනා අන්තිම ටිකට නම්,Happy
අපේ හමුදුරුවන්ට respect කරන නැති එකෙක්ට ආයෙ නම් ඡන්දේ නෑ දැක්කනේ මයිපලයා පත්කරපු දේ,Bad
යකෝ ගහලා තියෙන්නේ දරුවන්ට බලපන් අද කාලේ දරුවෝගේ සල්ලි අරන් දෙම්පියන්ට සලකන්නේ නෑ කියන එක තියෙන්නේ,Bad
පාරක් විතර අහුවා එපා වෙන්නේ මට මේ අක්කා grand final එනකම් බලන් ඉන්නවා,Happy
අයියේ ඔයා pen එක button වැඩ කරන කොහොමද battery නැතුව charge කරන්නත් බෑ battery දාන්නත් බෑ programme කරන කොහොමද,Normal
මම අදයි දැක්කේ මොහු දැන්ට මට ලොකු පැහැදිමක් තියෙනවා වැරදින්න හරි කමක් නෑ අර තක්කඩි අයින් කරන්න මොහුට දෙමු බලය,Happy
හිරුට ආවා ඔයා ජය ඔබට,Happy
ඇයි උමාරියා කැමති,Normal
කොල්ලගේ හද සුපිරි,Happy
අයියේ අපිට ඔයාව contact කරගන්න විදිහක් නැද්ද,Happy
අයියාගේ number එක දෙන්නකෝ,Normal
වෙනම angle එකක වැඩ්ඩෙක්,Happy
මල්ලියෝ ඔයාට දිගු ගමනක් තියෙනවා අත අරින්න එපා ඉස්සරහටම යන්න ජය,Happy
ලස්සනයි කටහඬ මල්ලී good luck,Happy
amd ද intel ද හොඳ අයියේ,Normal
අම්මෝ මේක හොයාගන්න මං කපු කට්ටක් මාර අමාරුවෙන් හොයාගත්තේ මාරම ලස්සනයි එකට හිත ඇදීලා යනවා පට්ට ලස්සනයි,Happy
අනේ සින්දුව පට්ට අක්කේ ඔයත් ලස්සනයි,Happy
හිරු star එකෙන් අයින් උනා කොල්ලෙක් good luck,Normal
සින්දුව යනකන් අදහස කියවලා වෙච්ච කිසිම දෙයක් නොදක්ක මං වගේ අය තව ඉන්නවද,Normal
වාව් තුන්දෙනාටම හොඳ ගමනක් යන්න ලැබේවා ජයනේ ජය,Happy
එල කොල්ලෙක් නියමයි මචං,Happy
පොලවේ පාය ගහලා ජීවත් වන හබම කාන්තාව ආදරණීයම අම්මා කෙනෙක්,Happy
මාරම ලස්සනයි අයියේ එක භාවනාවක්,Happy
බය වෙන්න එපා කවුරුත් මේ වගේ cartoon නම් ආයෙත් මේ පින්බිමේ පහළ වෙන්නේ නෑ ගෝටාගේ campaign launch කරපු ගමන්ම ලොකු බලාපොරොත්තුවක් එයි හැම මිනිස්සෙකුටම,Normal
සුදිර්ම චරිතයක් තමයි අපේ දුලජ් බ්‍රෝ,Happy
අපිත් magazine එකක් gift එකක් විදිහට දෙන්න බ්‍රිද්,Normal
අම්බෝ දැනකම් බලන් හිටියේ බලන ගමන්,Happy
තැන්ක්ස් අයියේ ගොඩක් වටිනවා,Happy
හිතයි කටයි එකම තැනක තියෙන මං දැක්කා තුන්වෙනියා,Happy
තෙරුවන් සරණයි අපේ හමුදුරුවනේ ඔබවස්තා ඉක්මනට චතුර්ආර්ය සත්‍ය අවබෝධ වෙවා සාදු සාදු සාදු,Happy
බොරු කියන්න එපා පට්ට වෙසියේ,Bad
අම්මා කියන්නේ පුදුම නිර්මාණයක් දෙවියනි,Happy
නළුවෙක් විදිහට නම් හොඳයි එත් politics නම් මෙයාගේ අසම නෑ,Normal
අනුෂකට වඩා තදියේ content එකේ ගන්න දේවල් ටිකක් වැඩියි එක සෑහෙන unique interview එකක්,Happy
මූගේ කතාවෙන්ම තේරෙනවා මූ බොරුකාරයෙක් කියලා,Bad
ඔයා නම් පට්ට චරිතයක්,Happy
එල චූටි මල්ලියෝ උත්සාහය,Happy
අති යන්තම් campaign පටන් අරන්,Normal
ඔයා අපිව surprised කරා නේද අම්මෝයි ඊයි දිනිති,Happy
කටහඬ වල ඉස්සරහටම යන්න wish කරනවා කටහඬ වල කොයි තරම් දුර ගියත් දවසක ලංකාවේ film industry එකට ලොකු වැඩක් ගන්න පුළුවන් කටහඬ එකක්,Happy
වාව් ඒ කටහඬ,Happy
programme එක skip කලේම නෑ good job,Happy
ඔයාගේ number එක දන්නකෝ,Normal
කසුන් තමයි ආතල්ම පොර,Happy
ඔයා හරි අක්කේ නියමයි,Happy
ලස්සනට කියලත් අක්කෙනි හැරුණේ ඇයි ආ,Normal
වයසේ හැටියට වැඩ කරන්න චාටර් වෙන්න එපා,Bad
කවද්ද ඔක එන්නේ එනකම් බලන් ඉන්නවා,Happy
thank u අද වැඩසටහන ලස්සනයි,Happy
තව ටිකක් පහුණානම් tech monday ඒ,Normal
අපායේ හිටියත් නිවාඩුවක් දාලා එනවා නගාට ඡන්දේ දෙන්න love you නගා,Happy
බතියා මොනහරි කියලා එයාලගේ පැත්තට ගන්න හදුවේ අන්තිමට උනේ වෙන දෙයක්,Normal
දාපු ගමන් ආවා,Happy
respect අයියා කෙලින් කතා කරනවා කැමතියි a speech,Happy
backing එක පට්ට guys,Happy
පණ්ඩිත පකයා ලොකු ලයින්,Bad
අද මේක ගැන හොයලා දැනගන්න ඕන කියලා හිත හිත ආවේ ගෙදර ආවම බලද්දි වීඩියෝව දාලා මරු මරු,Happy
ඔව් gameplay ඒවා දාන්න අයියා,Normal
ඔක්කොමත් හරි මේ පකයාගේ පෝන්න හිනාව ඉයියා කෙටයි ඔයි ඔහොම හිනාවෙන්න එපා ඔයි,Bad
මේ බණ නෙවෙයි නේ අනූන්ගේ දේවල් නේ හොයන්නේ,Bad
marketing නම් ගැහෙන්න තමා,Normal
pay more for less කියන්නේ මේවට තමයි sigh,Normal
data නොමිලේ දෙනවා නම් හොඳයි,Happy
අදේ තිමිර මරුනේ ඇයි කවුරුත් එයාව ගත්තේ නැත්තේ මේකාලු හොඳම එකත් කිව්වා,Happy
madam මට නම් මරෙන්නම හිතෙනවා මගේ දරුවා මතක් වෙද්දි,Bad
සතීෂාව දැක්කේ මුලින් මුතුහාර එකේ ලස්සනයි නංගී,Happy
අපි නොදන්න වටිනා කතාවක්,Happy
බතියා මොනද ඒ උමාරියාට කියන්නේ පැහැදිලි නෑනේ,Normal
ලොක්කන්ටත් ප්‍රශ්න එනවා නේ,Normal
ගොඩාරියක් ලස්සන ගීතය එකක් ඒ වගේම වීඩියෝව එකත්,Happy
කුමාරි අක්කේ ඔයා හරිම හොඳ කෙනෙක් ඔයා දිගටම සින්දු කියන්න මම ඔයාට හරිම කැමති,Happy
මොනවා උනත් මං මනුස්සයා ටිකක් හොඳයි flirty කියන එකට වඩා,Happy
ලහිරු හරිම වැදගත් විදිහට ඒ අම්මට ගෞරවයක් දීලා හරිම අනුකම්පා හිතින් කතා කරනවා වෙන announcersලා වගේ නෙවෙයි,Happy
මං නම් හිතුවේ ඒ boy කියලා ඒයා ශෝක්,Happy
ඉතාම දක්ෂ ගෑණු,Happy
භූමි මමත් කාන්තාවක් හැබැයි ඔයාට හොඳ බුද්ධියක් තියන කෙනෙක් ඔයා සුපිරි කාන්තාවක්,Happy
ජීවත් වෙන්න ශරීරය විකුණන්න වීම ගැන ඔබ මොකද කියන්නේ,Normal
විනයගරුක අවංක පොලවේ පාය ගහලා ඉන්න ආදර්ශමත් අම්මා කෙනෙක් මොකක්ද පවකට ජීවිතේ එක පැත්තක් අඳුරු වෙලා ඇතිත් බොහෝම Positive minded,Happy
ඇත්තටම ගෑණු වැරදි කරන්නෙම නැද්ද කවුරු හරිද කවුරු වැරදිද කියන්න දෙවියෝවත් දන්නේ නැතුව ඇතිනේ පිස්සු ලෝකයක්,Normal
සුපිරි පොරක් කටහඬ පට්ටම හුරුයි ගෙදර එකෙක් වගේ,Happy
ඇයි ඔයා දෙවැනි විවාහය කඩුනේ ඒයා හොඳ නැද්ද තනියම ඉන්න හොඳයි,Normal
ඒක මාරම ලස්සනයි අක්කියෝ,Happy
මං හිතුවා ශෂිකා නංගිව තෝරනවා කියලා,Normal
ඇත්තටම ඔබතුමා ද මයි wow,Happy
මේ වීඩියෝව බලලා හොඳ නම් subscribe කරන්න,Normal
ඒක නම් මරු ශෂිකාගේ creativity එක අපේ කමට හොඳ තැනක් දුන්නා ශෂිකාට බනපු අයට නම් රිදෙයි,Happy
අයියේ ඔයා ගැන දැනගත්තේ අද දැක්ක මාර චරිතයක් ඔයාට අයියේ එවගේම ලහිරු අයියේ මේ program එකත් නියමයි අයියේ අයටත්,Happy
මට මතකයි නේහරා අම්මගේ බඩේ ඉද්දි අපේ ගෙදර හිටියා නේහරගේ father uncle අපිට ගොඩක් ආදරයි,Happy
ඇත්තටම ඔයා හොඳ තැනකට එන්න ඕනි කෙනෙක් ඔයා එල්ලන්න ඡන්දේ අපි එන්නවා ඔයාත් අකල බුදු සරණයි,Happy
ඔබට මං ගරු කරනවා අක්කේ,Happy
කසුන්ගේ තැනට එන්න නම් ගොඩක් දුර එන්න ඕනි තව නේද,Normal
හොඳ වැඩේ bands ට ශෂිකා ගාවට ගියා කසුන් සුපිරි කොහොමත් වැඩ්ඩනේ,Happy
උඹලා ජනප්‍රිය උනේ නළුවෝ නිසා උඹලා කෙලව ගන්නේ මේවට ආවොත් තමයි,Bad
හොඳ දැනුම තියන මනුස්සයෙක්,Happy
kingsly ඔයා වැඩක් නෑ ඔයාව ඔකට set වෙන්න,Bad
කොහොමත් කටහඬ sri lanka එන්නේ මගේ කසුන්ගේ team එකෙන් එක මට විශ්වාසයි,Happy
හිනෙන්වත් ගන්න බෑ ඔක අපිට,Normal
මේකට කියක් විතර ගියාද අයියේ,Normal
කසුන් පට්ට දක්ෂ කොල්ලන්ට වැටෙන්න දෙන්නේ නැහැ,Happy
games build වීඩියෝව ඕනේ,Normal
ඔයා කියන්නේ comedy නිසාම හොඳයි,Bad
ජාති වාදය උස්සන්නෙතුව එන්නවා,Bad
ඇයි nanotec එකේ games දාන්නේ නැත්තේ අයියේ,Normal
හම්මෝ අදයි තේරුණේ හරියටම වහබ් වාදය කියන්නේ මොකක්ද කියලා,Normal
ඉවර වෙනකන් බැලුවා great,Happy
band music පට්ට අහ්,Happy
pc එකට වඩා laptop එක හොඳයි නේද අයියේ,Normal
අකෙක් බැනපුදෙන්කෝ ආයෙ නම්,Normal
අද නම් හොඳට කිව්ව කිහිප දෙනෙකුටම හැරුණේ නෑහේ,Bad
ඔයා හරිම නෙර්බිතයි,Happy
නියම කතාව හරිම සරලයි ජයවේවා,Happy
හිත පිරිසිදු නැති නිසා මුහුණ වහගෙන යනවා,Bad
ඒයියා කුමාරි ඔයා නම්,Bad
පිස්සු හැදුනා දෙයියනේ,Happy
coach කසුන් දඟයා වෙලා,Normal
අනේ මටත් මේ වගේ machine එකක් හදාගන්න තිබුණා නම් super,Happy
දැන් coach ශෂිකා තෝරගන්න එක trending වෙලා ඇත්තටම ශෂිකා විතරයි දන්නේ සින්දුවේ යටගිය තේරුම ඇතුළු හැමදේම ලස්සනට පැහැදිලි කරනවා good luck ඔබට,Happy
පෙන්න්න බැහැ මට මෙයාව වෙනදා සම්පූර්ණ time එකම මං බලනවා අදනම් බැලුවේ නෑ ඇත්තටම මීට වඩා වටිනා චරිත ඕන තරම් ඉන්නවා,Bad
අපේ ඉස්කෝලේ මිස් ඔයාට සුභ පැතුම්,Happy
මෙච්චර perfect sing කරනවා මේ අහුවමයි මෙකනම් හිතාගන්නවත් බැරි ගායනයක් කියන්න වචන නෑ,Happy
නියමයි වැරදිනේ නෑ ඔයාට good luck,Happy
මේක එනකම් කොච්චර කාල බලන් හිටියද,Happy
අපි ඉන්නවා ඔබත් එක්ක අපි එනවා,Happy
අපේ හමුදුරුවනේ රංජන් කියන්නේ අමු මෝඩ හරකෙක් මුන්ට ඡන්දේ දෙන අයත් මෝඩයි නළුවෙක් කුපඩි නළුවෙක් කාලකන්නි මිනිහෙක්,Bad
අයියෝ අපරාදේ හොඳට කිව්වෙනේ සින්දුව,Bad
වැඩක් නෑ සිරස අපි යනවා බල්ලෝ,Bad
පෝන්නයන්ව පූම්බන්න එපා,Bad
කුමාරි අක්කේ ඔයා දිගටම සින්දු කියන්න එක ඔයාට මානසිකව සුවයක් ලැබෙයි,Normal
බුද්ධිමත් ඔබතුමා මෝඩ කාලකන්නි උන් එක්ක හැප්පෙන්න යන්න එපා අපි ආදරෙයි ඔබට බයි විජේ වගේ ඔයාට අනතුරක් වෙයි කියලා,Happy
ශෂිකාගේ කටහඬට කිට්ටුවෙන්න අමාරුයි ශධිකා මාර කටහඬක්,Happy
ගෝටා president වෙන එක කාටවත් වලක්වන්න බැහැ වැඩ කරන්න පුළුවන් කෙනෙක්ට කතා කරන්න බැරි උනත් කමක් නෑ,Happy
මල්ලේ පොල් වීඩියෝව එකක් සින්දුවත් එපා උනා,Bad
අනිත් ආවත් time දාමු,Normal
මේ රංජන් කියන බල්ලට ඡන්දේ දීමෙන් සදාකල් වැළකී හිටපියව්,Bad
ඔබ වැනි කෙනෙක් අපේ අනිවාර්යෙන්ම සිටිය යුතුයි,Happy
මේ නාකි mental පකයෙක් අපේ සල්ලි විනාශ කරලා දැන් උපසක වෙලා කෙරිය,Bad
නියමයි මං කටහඬේ අහපු සංවේදීම කටහඬ නියමයි,Happy
පාරකට වඩා බලපු අය මේ පැත්තට,Happy
සින්දුව ලස්සනට කිව්ව අය තෝරගත්තේ නැත්තේ අසාධාරණයක් උනාද,Normal
බුදු සරණයි පුතා,Happy
මට මතකයි මෙතුමිය තවත් දුවෙක්ට අම්මා කෙනෙක් උනා derana එකතර වැඩසටහනක් තුලින්,Happy
මම අර එක ගමනවා,Happy
මොන දේ කළත් තියෙන තුරු ජීවිතේ ඔබ නැතුව මට එන්න බෑ වස්තුවේ,Normal
පොඩි හමුදුරුවාගේ ප්‍රාර්ථනාව හරි ලබන ආත්මේ මගේ වෙන්න ඕන නෑ උතුම් වූ නිවන අවබෝධ වේවා,Happy
නොදකින් මදුමදාව ගොනා,Bad
සිංහල සමහර සංවිධාන කට්ටිය කඩු පොලු අරගෙන එවිත් ගෙවල් කඩවල් ගිනි තියෙනකොට බලන්ගෙන හිටියනම් ඔයාලට හොඳයි නේ,Bad
බොරු ශෝබේ නෑ මෙන්න කටහඬ සුපිරි අක්කේ,Happy
ගොඩක් හොඳ වැඩසටහනක් තැන්ක්ස්,Happy
එලනේ ප්‍රියදර්ශන අයියේ pc වලට වගේම phone වලටත් අපි බලනවා,Happy
අම්මා වෙනුවෙන් පොඩි හමුදුරුවාගේ ප්‍රාර්ථනාව ඉස්ට වෙන්න කියලා අපිත් ප්‍රාර්ථනා කරනවා,Happy
ඔයා නියමයි parliament යන්න,Happy
අයියා poco x එකත් review එකක් ඕන,Normal
bro මේකේ next part එකක් බලන්න පට්ට ආසයි,Happy
මම interview එක ඇහුවා බලන්නේ නැතුව අහපු අය මේ පැත්තට කැමතියි එකක් දාගෙන යන්න,Happy
මේ මොකක්ද අපේ,Normal
නියමෙට ගීතය enjoy කරලාම කිව්වා,Happy
music cover channel බලලා subscribe කරන්න,Normal
mouse භාවිතා කරද්දී අයියා wireless ඒවාද හොඳ අනෙත් ඒවාද හොඳ,Normal
එලා කිරි නියමයි පට්ට,Happy
යකෝ මේ මනුස්සයා සිංහල කතා කරන හැටි බලපන්කෝ අපේ සිංහල උන්ට english ටිකක් අත ගාපු ගමන් සිංහල අමතක වෙනවා respect මචං උබට,Happy
මම කැමතිම චරිතයක් කසුන් කල්හාර,Happy
හරිම ලස්සනයි නවීසා කනට සනීප කටහඬ එකක් ලස්සනට සින්දුව කිව්වා,Happy
හරිම ලස්සනට කිව්වා,Happy
මිනිස්සු ඔච්චර හිනා වුණත් අද උබ කතාව අහනකොට ඇදුනා බං,Normal
ශෂිකාට හැරෙන්න තිබුණා අපරාදේ,Normal
රංජන් රම්‍යාගේ ඇත්ත කරපු නිසා තමයි මහින්ද රාජපක්ෂලා ගොට්ටලාට හන හතම ගහපන්පන්,Bad
හිතගෙන හිටියට වඩා හරිම වෙනස් කෙනෙක් නී දනුගොඩ නිහතමානි have a bright future god bless you,Happy
රත්තරන් කියලා පස්සේ ඇත්තම රත්තරන් නෙමෙයි කිව්වම තිබ්බ ගතිය ගියානේ,Normal
කතා කරනකොට අහන්න ආසයි වැදගත් විදිහට ඕනම ප්‍රශ්නයකට බුද්ධිමත් පිළිතුරු දෙනවා ඔබ නියම චරිතයක්,Happy
අක්කා හරිම හොඳයි නිහරණ කර චරිතයක් මං ගොඩක් ආදරෙයි දවස අක්කා කතා කරා ඒ වගේම ආදරණීය අම්මා කෙනෙක්,Happy
මං පොඩි කාලේ ඉඳන්ම ආසම radio speaker මේ තත්වේ තමා නෑ,Happy
BNS ඕන හෙලුවන් උඩටගෙන නටන එවුන්,Bad
කොහෙද මේ භාවනා මධ්‍යස්ථානය තියෙන්නේ,Normal
ස්ටෙෆනි අක්කා ඕනී අප්පා ඒ නිසා මේක බලුවෙත්,Normal
muslim උන් ගැන පවුලේ මට ඔක නම් ඔයාලට වැරදිලා මහත්තයෝ,Bad
ඔයා ශෂිකා තෝරගත්ත නම් අනිවාර්යෙන් semi final යනවා,Normal
වෙර ලියද්දගේ කටහඬේ එන vibration එක පොඩ්ඩක් අහෙන්නේ මට විතරද,Normal
නියමයි ස්වාමීන්වහන්සේ ඔබ සමගයි ජන ප්‍රවාහය,Happy
කසුන් පුටුවේ අවුල්ක් තියෙනවා නැත්නම් මිනිහා වෙන ලෝකෙක මන්දා ඉන්නේ,Bad
ඔයා දෙන්න විතරක් නෙමෙයි මට පන්නන්න ඕන රනිල් මෛත්‍රී සජිත් මහින්ද ගෝටාබය චමල් බසිල් JVP ඇතුළු ඔක්කොම කාලකන්නි පන්නමු මුන් ඔක්කොම,Bad
හොඳ gaming tab එකක් කියන්නකෝ,Normal
මම වතාවක් බැලුවා,Happy
sirට අපි ආදරෙයි,Happy
ගෙහන් ආසම චරිතයක් ජය වේවා,Happy
build එකේ cost එක කීයද,Normal
assistant පට්ට අයියේ,Happy
පොඩි කෙනාගේ ආතල් එක බලහන්කෝ,Happy
අද උමාරියත් ශෂිකත් කෙටයි,Bad
සුභ අනාගතයක් දුව,Happy
අනේ ජගත් සර්ව දැක්කම ගොඩක් සතුටු හිතුනා සර්ගේ දුව ගොඩක් ලස්සනයි නංගී කටහඬ ඉදිරියටම යන්න ලැබෙන්න ඕන,Happy
ඇස් කඳුලෙන් තෙමී ගියා අපේ හමුදුරුවනේ,Happy
ශෂිකා උරේෂා කියන්නේ අපේ super singers,Happy
මම ගොඩක් ගරු කරනවා මේ වගේ සහෝදරියන්ට ඇත්ත කතා කරන ජීවිතේ හැම අභියෝගයක්ම ජය ගන්නවා අද හොඳ ආදර්ශමත් කෙනෙක් නංගී ඔබට බුදු සරණයි,Happy
මල්ලී ජනාධිපතිවරණයට එල්ලන්න ආපු උබ වගේ එවුන් හොඳයි,Happy
දුලජ් උබට මං මාර කැමති බං පට්ට ආදරෙයි බං උබ මං වගේ ගති ගුණ තියෙන කෙනෙක් මටත් තඩියා කියලා තමයි කියන්නේ,Happy
වාව් මාරම ලස්සනයි ශෝයි අනේ,Happy
ඇත්තමයි කුමාරි අක්කා මම හැමදාම ඔයාට කැමතියි ඔයාගේ ජීවිතේ හැමදාම සතුටින් ඉන්න අක්කා ඔයාගේ හිත හොඳයි වැරදෙන්න නෑ,Happy
ඇත්තටම ඔබනම් සුපිරි මනුස්සයෙක් ආගමක්ම තමයි,Happy
මගේ ආසම ගීතය so nice,Happy
අනිවාර්යෙන් මේක trending තමයි,Happy
මේ බබාව තොටිල්ලට යවන්නේ මහ මැතිවරණයේදී,Bad
ඇත්තටම කැමති විදිහට තෝරගන්න බෑ මොකද එහෙම උනොත් කට්ටිය සමනව බෙදෙන්නේ නෑ ha ha ha,Normal
අපේ ශ්‍රී ලංකාවේ අහිංසකවි නිසංසල සුපිරි මේ ගායනයත්,Happy
පාර්ලිමේන්තුවේ ගොන්නුම මූට ගොන් රංජා කියනවා එතකොට මූ කොච්චර ලොකු ගොනෙක්ද එහෙම ගොන මොලේ ඇති කතාවක් කියයිද මූගේ කට නෙවෙයි මොලේ තියන තැන හොයලා එතන තලන්න ඕන,Bad
ශෂිකා කොලයක් බලන් කියවන්නේ,Bad
කටහඬ එකට හරිම කැමතියි,Happy
පිච්චින් ප්‍රශ්න තිබ්බේ මෙයාට විතරද අපරාදේ හදාගන්න තිබ්බ හොඳ හදක්,Normal
මේ සක්කිලි ජාතිවාදෙන් බිඳලා දාන්නේ උබ වැනි දරුවන්ගේ හදවත්යි,Happy
කාලෙකට පස්සේ ගොඩක් ලස්සන ගීතය එකක් නතාශා,Happy
ගෙහන් බ්ලොක් එල කොල්ලෙක්,Happy
මේ ඉන්න artistsලා සෙරම නියමයි කසුන් කල්හාර කළේ වටිනා දෙයක් අද වැරදුන කෙනා next time හොඳට කරාවි හිතනවා කෙටියෙන්ම කිව්වොත් ඔයාල නියම artistsලා,Happy
දිගටම යමු ඕන දෙයක් අපි ඉන්නවා,Happy
අපි එකතුවෙලා මේ වහබ්වාදයයි අන්තවාදයයි ශ්‍රී ලංකාවෙන් තුරන් කරන්න ඕන,Normal
සැහැල්ලු ලස්සන හිනාව all the best,Happy
ධම්මික පෙරේරා ගෙනලා වීඩියෝව එකක් කරාට වඩා මූගේ chat එකෙන් සෑහෙන ගන්න දේවල් තියෙනවා සුභ පැතුම්,Happy
හිතේ වෛරයෙන් කතා කරන්න එපා පපුව පැලෙයි,Bad
ගෙහන් අයියා වගේ english කතා කරන්න පුළුවන් උනොත් එච්චරයි,Happy
අසාධාරණයක් උනා වගේ දැනුණා,Bad
අනේ මන්දා මේ programme එක විතරක් වීඩියෝව නොබලා ඇහුවා is the කටහඬ,Happy
අනේ ඇත්තමයි ලස්සන ගීතය එකක් අක්කියෝ ඔයා ගොඩක් ලස්සනයි good luck,Happy
මං ආසම නිළියක්නේ කවදා හරි selfie එකක් ගන්න තිබුණානම් ආසයි ආදරෙයි අක්කි ගොඩක්,Happy
නියමයි නියමයි කටහඬ හරිම ලස්සනයි,Happy
අනේ ගෙහන් අයියා,Normal
වාව් කටහඬ teens එකේ අයෂ්මා තත්සරනිව මතක් උනා අය කො,Normal
අම්මෝ මං ගොඩක් ආසම චරිතයක්,Happy
අයියා programme එක ලස්සනට කරනවා dino අයියාවත් interview කරන්න,Happy
පසු තැවෙන්න එපා අයියේ එක tragedy එකක් විතරයි හදවතින්ම සුභ පැතුම්,Happy
අයියේ ඉගෙන ගන්න නම් ආසයි මේ දේවල් මෙහෙම දැකිනකොට ඒ වගේම ඔයා වගේ build එකක් මටම හදනට හිනයක් තියේ,Happy
ඉයියා මෙහෙමත් සිංදුවක් මොන ජරාවක්ද මේ,Bad
අයියේ මටත් build එකක් හදාගන්න ඕන gaming අයියේ,Normal
අයියේ FT හොඳ මනුස්සයෙක්,Happy
දිගටම phone review කරමු අයියේ පට්ට,Happy
ලංකාවේ ගොඩක් අය උපන්නේ නැත බෞද්ධගම මේ වගේ මිනිස්සු තමයි නියම බෞද්ධ,Bad
ඔයා තමයි චරිතය අයියේ good luck bro great mind,Happy
හරිම ලස්සනයි උ පුදුම හිතෙනවා,Happy
ඔබ කියන්න තියන දේ කෙලින්ම කිව්වා,Happy
උමාරියා මෙන්න වන්දා කසුන් කියනකම් කට පියාගෙන ඉන්නකෝ,Bad
සුපිරි ආදරණීය ශෞරියගේ අදහස් තෙරුවන් සරණයි ඔබ දෙපලට,Happy
වස්ති එක්ක කවුද තරහ අපි තරහ නෑ අයියේ respect,Happy
හා හා බොරුවලින් මිනිස්සු රවට්ටන මේ වගේ මෝඩ ජාතිවාදීයෝ ලංකාවට එපා,Bad
ගිරිය කඩගෙන කඩෙන් හරි වැඩි බසාවෙන් හරි කිව්වනම් හෙරේ,Bad
පියතුමා හරි අපේ කතෝලික අය මැරීලා හරි ඉන්න මිනිමරු අහු වෙන්න ආමෙන්,Normal
Redmi එකේ බලන set එක,Happy
සසංගිලා ගොඩක් ඉන්නවානේ,Normal
මේක තමයි ජාතිවාදී අවුස්සන්න පොර,Bad
මගේ ජීවිතේ වැටුණු හැම තැනකදීම මෙතුමාගේ වීඩියෝ බැලුවා ගොඩක් respect,Happy
යකෝ ඒ මනුස්සයා American passport තිබුණත් ඇඟේ දුවන්නේ සිංහල ලේ,Normal
කසුන් කල්හාර අයියේ ඔයා වෙනුවෙන් කටහඬ බලන කෙනෙක් මං thank you,Happy
හැමදාම රෑට ඔයාගේ සිංදුවක් බලනවා ඔබේ හඬ හරිම මිහිරි,Happy
අදෝ මේකත් පට්ට performance එකක් දෙන්නම පට්ට,Happy
බුදු සරණයි අපේ භාමුදුරුවනේ,Happy
මහින්දට නොවේ වරද උඹටයි මෝඩයා,Bad
අය අයියේ gigabyte boards වල මිල asus වලට වඩා අඩු වෙන්නේ ඇයි,Normal
කොහොම උනත් ලංකාවේ නරක දේශපාලුවෝ බලගෙන ඉන්නේ,Bad
මොකට ගන්නවද මන්දා මිනිස්සුන්ට විතරක් නෙමෙයි උඹටත් කතා කරලා,Bad
wtf මුන් ගුලි කාලද යකෝ,Bad
අම්මෝ ශශිකා නිසංසලා නම් පිස්සුවක් ඒ කටහඬ,Happy
අම්මා දෙමළ තාත්තා සිංහල wife Muslim,Normal
මෙයා ශශිකගේ කවුරු හරි,Happy
ගොඩක් සතුටුයි අක්කේ අපේ සක්කිලි මිනිසුන් ගැන ගණන් ගන්න එපා,Normal
මං බය උනා කවුරුත් හැරෙන්නෙ නැති වෙයිද කියලා,Happy
පට්ටම ලස්සනයි all the best,Happy
coach කසුන්ගේ set එකේ පට්ට bullet ටිකක් ඉන්නේ,Happy
මේ coaches හිතන් ඉන්නේ මුන්ට විතරයි සිංදු කියන්න පුළුවන් කියලා,Bad
හරිද කියන්න දන්නේ නැහැ sailor ගෙනාවොත් හොඳයි,Happy
හොඳ අම්මා කෙනෙක්,Happy
මත් හදනවා දවසක සුපිරි,Happy
ආදරෙයි ගොඩක් අක්කේ,Happy
Royal build එක දාන්නකෝ,Normal
YouTubersලා එකතු වෙලා හොඳ channel එකක් හදලා දෙන්නකෝ,Normal
නියමයි UNP පෝන්නයන්ට රිදෙයි,Normal
කවුරු මොනවා කිව්වත් මේ සිංදුවට මං ආසයි,Happy
තෙරුවන් සරණයි අපේ හමුදුරුවන්ට,Happy
මම ආසම කෙනෙක් ඔයාගේ හැම වීඩියෝව එකක්ම බලනවා,Happy
වැඩකට ඇති දෙයක් කරන්න හමුදුරුවනේ,Bad
අනේ ගැමියාව බඳින්න තිබුණානම්,Happy
අපි එනවා බෙල්ල ගියත්,Happy
ඔයාගේ කටහඬ අහද්දී හැමදේම අමතක වෙනවා,Happy
වැරදිලා නෑ වගේ ඔයා දිනුම,Happy
මං ගොඩක් ගරු කරන නිහතමානි පුද්ගලයෙක්,Happy
ඔයාලා දෙන්නා දාගෙන ඉන්න සපත්තු දෙන්නා මාරු කරගෙනද,Normal
සුපිරි stream build එක,Happy
අන්තිමට දීපු වාදන මසුරන්,Happy
රංජන් කට වහගෙන හිටපිය,Bad
කෝ පාර්ලිමේන්තුවේ සද්දෙ දැන් නෑනේ,Bad
අලුත් වීඩියෝව එකක් ඕනමයි,Normal
සරංග දාන්න තිබ්බේ kingly වෙනුවට,Normal
ඔබතුමා දැන් විශ්‍රාමය හොඳයි,Happy
අපේ කාලේ නිළියක් ගැන ආඩම්බරයි,Happy
Hiru Star ගොබ්බයන්ට කටහඬ set වෙන්නේ නෑ,Bad
දපු ගමන් awa first අදහස,Happy
මම මුල ඉඳන් අන්ශිකා ගැන දන්නවා,Happy
එකට අදහස එකක් නොදා යන්න ලෝබයි,Happy
මොන මගුලක් අහව්වද මන්දා,Bad
උඹ වෙනුවෙන් අදහස එකක් දාන්න හිතුවා,Normal
ජෝති මහත්තා හිටියනම්,Normal
ඔයා ඉලඟ පාර ගෙදර,Bad
ඔබ වහන්සේ කියන දේවල් සත්‍යයි,Happy
මං මට එපා වෙනකන් අහනවා,Happy
සිංහල අපි මධ්‍යම පාර ජාතිහිතෛෂීන් යවමු,Normal
කටහඬ එකට හොඳ කටහඬක් තියෙනවා,Normal
ඇත්ත ඔබ කිව්වේ,Happy
මං කල්හාර නිසා කටහඬ,Happy
Allah හිටියොත් බෙල්ල කපනවා නෙමෙයි,Normal
මෙයාට ලංකාවේ ජනපති වෙන්න පුළුවන්,Normal
Redmi phones ගන්න එපා,Bad
මිහින්දු ආරියරත්නගේ තවත් ආත්මයක්,Normal
හරිම වැදගත් කතා,Happy
වස්ති ඉදිරියට යන්න,Happy
රංජා නිසායි බැලුවේ,Happy
පොඩි එකා නම් මාරු,Happy
Chanux bro mask එකේ දෙපත්ත වීඩියෝවේ ඇයි සුදු වුණේ,Normal
වෙනදා කොහෙද වාඩේ වෙන්නේ කියලා දන්න කෙනෙක් කියන්න,Happy
කන්තාවක් නෙවෙයි දෙවතාවක්,Happy
බොරු show දාන්න ගියාම මෙහෙම වෙනවා,Bad
සිංදුව නම් ගොඩක් ලස්සනයි,Happy
යකෝ සිංදුවක් කියපල්ලකෝ,Bad
මගේ කැමතිම නිළිය,Happy
අද අපේ ගෙවල් ගාවට ආවා,Happy
අයියේ adobe software වලට හොඳ PC build එකක් මොකද්ද,Normal
ශෙහන්ගේ රූපේ පේන්නේ මට විතරද,Normal
සිංහල චන්ද ටික කඩන්නේ නැතුව හිතං,Bad
මරු ආ ඔයාව සුබ කරා,Happy
කොච්චර ඇහුවත් ඇති වෙන්නේ නැහැ එතරම් ලස්සනයි මේ,Happy
අයියෝ එයට ගැලපෙන්නේ ශෂිකාව,Bad
ලංකාවෙන්ත් ඉල්ලයි බර ගානක් charger එකක් නෑනේ,Normal
අයි ඔයි අයියේ මේ ගොන් ගෑණු form කරන්නේ යකෝ,Bad
හරිම අහන් ඉන්න පුළුවන් කටහඬ එකක්,Happy
ගම්පොළ කොල්ලෙක් ආදරෙයි මචෝ,Happy
ඇද්දි හිත සතුටු කරන්න බැරි ගෑණු මැරුණට පස්සේ මොන දානද,Bad
මමත් පාවිච්චි කරා ඔයා phone එක හොඳයි,Happy
මං කිව්වා විතරයි දැම්මා නේද thanks හොඳේ,Happy
අපේ හමදුරුවෝ ඔබ වහන්සේට තෙරුවන් සරණයි,Happy
මලානි බුලත්සිංහල බස් එකේ වෙලාවේ සිංදු දාලා තිබුණා,Happy
මාර ලස්සන කටහඬ එකක් නියමයි,Happy
උමාරියා අක්කට හොඳ ගමක් වේයි,Happy
බාලු වැඩේ හරියන්නෙ නැති එකනම්,Bad
ලස්සන අක්කියක් ලස්සනට සිංදුව කිව්වා,Happy
පවුල්වාදය ලැජ්ජා නැද්ද,Bad
අලුත් ඇඳුම් ඇඳන් coachලා ටික නියමයි,Happy
මොකක්ද බන් මේ උනේ,Normal
මචං බොක්ක චානයක එළ,Happy
උමාරියා turn උනේ නැත්තේ ඇයි කියන ප්‍රශ්නය තියෙන්නේ,Normal
පට්ට interview එක ඉවර වෙනකම් බැලුවා,Happy
පාවිච්චි කරපු processor එකක් අලුත් PC එකකට දාන්න පුළුවන්ද,Normal
මිනිස්සු සාර්ථක වෙන එක බලන්න කැමති නෑ,Normal
කිංස්ලි රත්නායකෙන් පස්සේ brand කටහඬ,Happy
ඉක්මනට අනිත් episode එකත් දාන්න අයියා,Happy
coach ශෂිකගේ නංගි වගේමයි මුන,Happy
ඇයි හැමෝටම famous අය විතරක් ගන්නෙ,Bad
අපි එකට ඉන්නවා මැරෙනකම්,Happy
මොකද බන් මේ අඩන්නේ,Bad
මරු මනුස්සයෙක් මං ගරු කරන කෙනෙක්,Happy
බොරු කියන්න එපා hiru,Bad
ගොඩක් වටිනවා මේ වගේ ජීවිත රකින්න,Happy
සමිතලා වගේ ගෑණු එක්ක බලද්දි උතුම් ගැහැණියක්,Happy
guitar ගහන සහෝදරයන් වැඩේ පට්ට,Happy
මේ ප්‍රියදර්ශන අයියේ වීඩියෝව මැද්දේ කතා කරන්න එපා,Bad
මු පිස්සු මනුස්සයෙක්,Bad
අනේ පලා යන්න උබවත් කවුරුද මෙහෙයවන්නේ,Bad
steal කරන්නේ buzzer එක ගහලා නේද,Normal
මේවා දෙවෙනි ප්‍රශ්න නෙමේ ලංකාවේ,Bad
කරපු ගොන්ම තීරණයක් නේද මේක,Bad
පෙත්ත ගියත් ඇත්ත කියන එක තමයි හොඳ,Happy
එළ කොල්ලෙක් බන් උඹ ජය වේවා,Happy
අපේ හමදුරුවෝ කියපු කතා සත්‍යයි,Happy
කසුන්ගේ team එක තමයි ඔයාට ගැලපෙන්නේ,Happy
මේ වගේ හම්බුරුවන් තමයි අපට ඕන,Happy
ෂෝයි අනේ පොඩි එකා ආදරේ හිතෙනවා,Happy
මේවා විශ්වාස කරන උන්ත් ඉන්නවා,Bad
මං දැකපු සුපිරිම judge board එක,Happy
ගොඩක් දුක හිතුනා පොඩි හමදුරුවනේ,Happy
ඔයා මගේ වයසේ නෙමේ මටත් ඒ වගේ දුකක්,Happy
අයියාගේ intro එක පට්ට,Happy
නිළියෝ ඉගෙනගෙන නෑ,Bad
ජීවිතයට හිනා වෙලා ප්‍රශ්න තේරුම් කරලා දෙන චරිතයක්,Happy
Redmi note pro එකෙන් බලන මම,Normal
සිංහල පෝන්නයන්ට මේ වෙසක් එකේ අවසන් කරනවා,Bad
ඒ හඬ හරිම සංවේදී,Happy
තෙරි දිවානි කියනකන් හිටපු මං වගේ අය ඉන්නවද,Normal
හොඳයි කතාව හැබැයි කටින් කතා කර,Normal
අයියා ඔයා හොඳයි,Happy
ශෂිකා හරිම අහිංසකයි මං ආසයි,Happy
එහෙම තමයි කරන්න ඕන,Happy
content එක හොඳයි හැබැයි ads වැඩි,Normal
ෂා මාර ලස්සනයි,Happy
අනේ මුගේ කතාව,Bad
ලියාරා බංචි අයියා නියමයි,Happy
හේසරා වඩා හොඳට සිංදු කියලා,Normal
අයියාගේ program එක හැමදාම බලනවා අද episode එකත් පට්ට,Happy
කසුන් කරපු වැඩේ නියමයි,Happy
වීඩියෝව ටිකක් අවුල්,Normal
cover ගීතය එකක් කරන්න,Happy
අයියේ build එකේ මිල කියන්නකෝ,Normal
පෙරුම් පුරගෙන ආ සසරේ,Happy
කටද මතක් උනේ coach දුමාල්ගේ team එක,Happy
ජාතිය ශ්‍රී ලාංකික කියද්දී පට්ට,Happy
හරිම ආඩම්බරයි අක්කේ,Happy
හරිම ලස්සනයි නංගි,Happy
අපෝ වයසට නෙමේ වැඩ,Bad
නියමයි ඔයා වගේම ලස්සන සිංදු කරන්න,Happy
ඔයා Hiru Star ගියොත් select වෙයි,Bad
ඔක එනකන් කොච්චර බලන් හිටියාද,Happy
bro ඔයා මේ build එකට recommend GPU එක මොකද්ද,Happy
පට්ට ඔයාගේ English accent එක,Happy
හේසරාව මතක් උනේ කටද,Normal
නෙදකින් සක්කිලි හෙත්ත,Bad
මම හැම කටහඬ වීඩියෝව එකක්ම බලලා තියෙනවා ඔයාගේ unique කටහඬ,Happy
මේහෙම වෙන්න පුළුවන්ද,Normal
ෂා ලස්සන ගීතය,Happy
කවුරුත් හොඳ නෑ,Bad
FT එයා නෙවෙයි උනත් අන්තිමට හොඳට ගත්තා,Happy
අර ඔබට සුභ ගමන් ආදරෙයි,Happy
නද්දිය පැත්ත අ වෙනස් වෙලා නේ,Happy
හරිම හරවත් අහගෙන ඉන්න පුළුවන් බුද්ධිමත් තරුණියක් ඔබට ජය,Happy
අම්මෝ පට්ට කටහඬ අපිව උදේට හිනාස්සපු අයියා,Happy
සුපිරි අයියේ ඉස්සරහට යන්න සුභ පැතුම්,Happy
බුදු දහම තරම් බලවත් තවත් ආගමක් මේ ලෝකෙ නෑ,Happy
වැරද්ද පිළිගන්න හැමදේම අයින් වෙන්න තනියම හොඳ විදිහට ජීවත් වෙන්න මේ වෙලාවේ කරන්න තියන හොඳම දේ එකයි නිහඬ වෙන්න,Bad
මචං ගොන්නු හරින්නේ filthy වගේ ගොන්නුන්ට තමා,Bad
ඉදකින් හැටි විතරක් වෛරේ නිසා ගූ වෙලා එන්නේ දැන්,Bad
අපි උබත් එක්ක,Happy
උමාරියා මොනහරි හොඳ අදහස එකක් දේයි කියලා මං බලගෙන හිටියේ,Normal
සිරස ඔයාලනම් මරුනේ මේ එකෙක්වත් කපාන්න එපා අනේ ඔක්කොම අය මරු අනේ,Happy
අපිට million තිබ්බනම් ගී වාදත් කරත හැකි,Bad
අනේ කුමාරි අක්කා ඔයාට හැමදාමත් ඔයාට ආදරෙයි,Happy
ලස්සනයි අනේ සින්දුව නතාශා අක්කි ඔයත් මාරම ලස්සනයි කටහඬත් ලස්සනයි තව ගීතය එකක් කරන්න,Happy
මුන බලුවත් කටහඬ set නෑ වගේ,Bad
පස්බර වා ගෙනකෝ දිස්නා අක්කාව,Normal
කියනවා බොරුත් නෙවෙයි,Happy
මේ program එක dream එකක්,Happy
අමුමෙන් කතා කරනවා respect,Happy
වැල්ගම මනුස්සයා එපම උනා ජර මිනිහෙක් දැන්,Bad
කසුන් කල්හාර කියන්නේ මාරම මාරම පොරක්,Happy
ම්ම් ගොඩක් ආස ගොඩක් ගරු කරන මනුස්සයෙක්,Happy
අද කාලේ සංවර නැති සසනය විනාශ කරන සංඝය ඉන්නවා මං දැක තියෙනවා උසාවි වල වැරදි කරුවන් වෙලා තියෙනවා අද කාලේ සංඝය ගැන තියෙන්නේ ප්‍රහේලිකාවක්,Bad
තිත්ත ඇත්ත කිව්වේ කුමාරි අක්කා ඔයාට ජයවේවා,Happy
අල්ල හිටියනම් මුන්ගේ බෙල්ල කපානවා correct සාදු කියපු ඒවා ඔක්කොම හරි ඔයාට බස් dp සාදු,Normal
අම්මයි දුවයි වගේ,Normal
මුන් දෙන්නම එපා පල හොර මිනිනරු,Bad
අනේ අයියා බබාව අනිත වීඩියෝව වලටත් ගෙනන්නකෝ,Happy
මොනද මේ මුන් කියන කතා එහෙනම් ගීතය වෙනස් කරලාද ඒ කොල්ල කියුවේ,Bad
අමුමෙන් බත් කටක් ගිලපන් නංගි next round එද්දි වචන අයි බස බස ගාලා,Normal
ඒ කටහඬ නම් තනි කර්ම පිස්සුවක්,Happy
මහා ලොකු වැඩක් කරා වගේ අහිංසක බල්ලෙක්ට ගැස්සුවට තමන්ටත් කවදහරි ඔය දේවල් වලට විඳවන්න වෙයි ගොන්ජෝ හරි ලොකු වැඩක් කරලා වගේ කියවන්නේ,Bad
ඔබතුමාටත් financial problem ද එක දවසේ විහිලුවද නැත්තම් අපිව විහිලුවක් වෙලාද,Bad
ඔබට බුදු සරණයි සුභ ගමනක්,Happy
මං ආසම ගීතය එකක්,Happy
හිතපල්ල සිංහලිනි මුන් තමයි මේ සියලු අපරාධ වලට වග කියන්න ඕන,Normal
නියම ශ්‍රී ලංකන් කොල්ලෙක්,Happy
කවුරු කොහොම කිව්වත් අපි ආදරෙයි වස්ති,Happy
ගොන් රංජා සක්කිලියා බෞද්ධයෙක් නෙවෙයි,Bad
pitch out යනවා ගොඩක්,Bad
perfect හොඳ අම්මා කෙනෙක් කෙනෙක්ට ගන්න පුළුවන් අක්කි,Happy
wow කටහඬ එකයි පෙනුමයි දෙකම මිහිඳු වගේ,Happy
huawei යේ revive එකක් ඕන,Normal
හිරු star හිටියා නේද,Normal
ආතල් එකේ ඉන්න පොරක් තමයි,Happy
අර කොල්ල කපුවේ අපරාදේ nervous කියලා මෙයට හැරුණා,Bad
නියමයි අපේ හමුදුරුවන්ව අපි ඔබවහන්සේ සමග,Happy
මාරම ලස්සනයි අක්කියෝ මට ඔයා ඔකේ කියන කතාව මවීලා පේන්න අක්කියෝ,Happy
උමාරියාගේ actions වලට කැමති අය කො,Normal
අනේ ගැලපෙන්නේ නෑ වීඩියෝව original වීඩියෝව එකට වඩා කලින් තිබ්බ වීඩියෝව ලස්සනයි මෙහෙම ගියොත් හොමම වැරදි කරලා සමාව ඉල්ලයි ඒ නිසා වැරදි නොකරන්න හිතෙන සින්දුවක් කරන්න,Normal
රංජන්ලා තව ටික කාලයක්යි නටන්නේ අපේ හමුදුරුවනේ,Bad
ආදිත්‍යාව මතක් උනා ආදිත්‍යගේ ගීතය තාමත් අහනවා ආදිත්‍ය කියන්නේ ගොඩක් දක්ෂ දරුවෙක්,Happy
හමුදුරු වරුන්ට වැරදි කියන එකෙක් මූ,Bad
ඒ build එක පට්ට,Happy
මෙයා අර hiru star එකට ආපු කෙනා නේද,Normal
හොයා හොයා හිටියේ,Happy
phone ගැන කියුවා හරිටම හරි,Happy
අනේ දෙයියනේ ලංකාවට වෙච්ච දෙයක්,Normal
හොඳ දැක්මක් සහිත ආතල් පොරක් ජයවේවා මිතුරයා,Happy
උබ හොඳ තමයි කිව්වා,Happy
මේකනම් පිස්සුවක් බං අර්ජුන රනිල් හිරන් සහ නංගි wow මාර පවුලක්,Happy
අනේ හොඳයි මේ වගේ අයට තැන දෙන එක අපි ගොඩක් කැමති god bless අක්කේ,Happy
පුදුම වැදගත් කතාවක්,Happy
ඇත්තම කිව්වොත් මං වීඩියෝව බැලුවේ නෑ ඇහුවා විතරයි එලම,Happy
කොල්ලාව band එකකට නියමෙට match වෙනවා,Happy
school එකේ meeting එකේ මුලින්ම සින්දුවක් කිව්වා ඒවන් ඉන්නවද,Normal
භූමිගේ number එක නැද්ද,Normal
contact කරගන්න ඕනි,Normal
පව් අනේ හරි අහිංසකයි,Happy
ගෝටා කෙරි අමිලයා,Bad
මේකේ අයට උබලට ඕන හුත්තවල් කරන්න බෑ වැඩිය දගලුවොත් උන්ට වෙන දේ උන් දන්නේත් නෑ හැමෝම සිංහලයට සහයෝගයෙන් ඉන්න,Bad
අක්කගේ කතාව අහන්න ඉන්න තරම් මාරයි අක්කි,Happy
ඔයා ඔයෙ ඉවසීල්ලෙන් ඉන්නේ නියමයි,Happy
මාරයි මං මේ ladyව දැකලා නෑ නමුත් මං කාලෙකින් දැක්ක හොඳම interview එක මං මේක මගේ දුවලටත් send කළා සුභ පැතුම් දෙන්නට මේයට ගැලපෙන නම සත්‍ය,Happy
අද දවසේ සුපිරිම performance එක මට නම්,Happy
chanux bro නම save කරලා තිබ්බෙත් වස්ති තඩියා කියලා,Normal
කියවනවා වැඩි අනේ වල් වතුරම්,Bad
අඩෝ ශෂිකා ඔයා මේවා දන්නේ කොහොමද,Happy
admin හොඳ වෙලාවනේ,Happy
දිරිය ශක්තිය තියෙනවා නම් තනියෙන් ජීවිතයට මුහුණ දෙන්න පුළුවන් අක්කේ ඔයාගේ වගකීම දුවට එහෙම නොවෙන්න ජීවිතේ කියලා දෙන ගමන් ජීවත් වෙන්න අක්කේ,Happy
කොහොමද මේක අමතක කරන්නේ,Normal
අපේ හමුදුරුවනේ ඒ නිළිය කොහොමත් මොංගල් නේද ඔබ වහන්සේට බුදු සරණයි,Normal
කසුන්ගේ team එකේ කට්ටිය මදි නේ,Bad
අනේ පකෝ කො තොගේ rocket එක,Bad
කුඩු මේමද ගන්න කුඩු මේ පැත්තද,Normal
තැනකොන් ආදර්ශමත් මවක් ඒ වගේම ආදර්ශමත් කාන්තාවක්,Happy
මදු මදාව බදු මදාව උ කරපු පව් ලඟදීම ගෙවනවා,Bad
ලොකු දෙයක් කළා ලහිරු අයියේ තඩියාව තනියෙන් ගෙනලා පට්ට චරිතේ තඩියා ඇති ඔහොම හරි කතා කළා හොරුව තිබ්බනම් මරු good luck අනූෂකයා හිනා වෙන්න ඇති තනියෙන්,Happy
හරිම ආස චරිතයක් මෙතරම් උගත් බුද්ධිමත් කෙනෙක් කියලා අදයි දැනගත්තේ හරිම සතුටුයි මෙතක ඉඳන් බලන්න ගත්තේ මේ වැඩසටහන good job පුළුවන් නම් යුරේනිව ගෙනන්න,Happy
හරිම ලස්සනයි ලහිරු කොයි තරම් වටින අදහස්ද අපේ සිංහලයන්ට ආදර්ශයක්,Happy
ඇත්තමයි ඇගේ හිරිගඩු පිපුනා superb,Happy
මේ පාර ජනාධිපතිවරණයට බොදුබල සේනාවෙන් එක නායකයෙක් ගෙනන්න,Happy
වාව් උඹ පට්ට බ්‍රෝ,Happy
කසුන් අවුලාවි අවුලාවිමයි ඉන්නේ දැන්,Normal
නියමයි තඩියෝ thanks,Happy
අයියා මේක අයියට පෙන්නන්න ජීවිතේට scientists කෙනෙක් ගෙනවත් අහුවේ නැ,Happy
හරිම සතුටුයි අද ඔයා ඉන්න තැන දැක්කම,Happy
coachලා උබලා අපිට පව් පුරවන්න නම් ලැස්ති වෙන්න එපා,Bad
හරි කෙනාව තෝරා ගත්තා good luck bro,Happy
තද bro ඔන්න ඔහොම තමයි ඉන්න ඕන,Happy
මේක නම් අපිට හොඳා,Happy
සිරාවටම හිතට දැනෙනවා ආ,Happy
බලන්න මයාගා හැඩියාව පට්ට,Bad
කටහඬ නම් හොඳට හුරුයි,Normal
යකෝ කොර වෙන්න දෙන්නවා,Happy
මේ තරම් ලස්සන කටහඬ කාටවත් හරෙන්න නෑනේ,Normal
වෙන නමක් තිබුණේම නැද්ද අප්පා,Normal
ලංකාවේ නමක් හදාගන්න පුළුවන් කටහඬ එකක්,Happy
නොදකින් වීඩියෝව එකක් හදාගන්න බැ,Bad
යකෝ අය යකෝ කොණ්ඩේ කපුවේලා එල,Happy
ඔයා නම් නියමයි ඔයාට සුපිරි අවබෝධයක් තියෙනවා,Happy
රොහිතට හොඳ බුද්ධියක් තියෙනවා,Happy
උඹ නියම මනුස්සයෙක් අයියේ,Happy
ඔයාට ආදරේ හිතනවා මගෙ මනික,Happy
යන්නේ කොහෙද මල්ලේ පොල්,Bad
ඔබතුමා කතා කරන හැම වචනයක්ම අපට රත්තරන් වටිනවා,Happy
අමුතු ජීවිත කතාවක් ගොඩක් දේවල් ඉගෙන ගන්න තියෙනවා,Happy
Hiru Star ආපු ඉසුරිකා ද මේ,Normal
ලහිරු අයියේ මේකට ශිහාන් මිහිරංග ගෙනාවොත් හොඳයි,Happy
ඔයා නම් ගිනි ගොඩක් නංගියෝ,Happy
හිතට වදින සිංදු මෙන්න මෙවනි,Happy
කසුන් sirට අම්මාව මතක් වෙන්න ඇති,Normal
අරවින්ද අයියා දැකීම සතුටක්,Happy
අද නම් ගොඩක් සතුටුයි කියාගන්න බැ,Happy
සුපිරි act එක ජයවේවා,Happy
මම රාජපක්ෂ පවුලට පන උනත් දෙන්න ඉන්නවා,Happy
Dream Star කේශාන් ශෂින්ද්‍ර වගේ,Happy
මං ආසම පට්ට වැඩ්ඩක්,Happy
ඊළඟට රත්තරං ගෙනන්න කියන අය කො,Normal
තොපි කතා කරන්නේ ලංකාවේ පිස්සෝ ගැනද,Bad
අපරාදෙ සිංදුව ලස්සනයි වීඩියෝව නම් ගන්න දෙයක් නෑ,Normal
මෙකට පිස්සුද සිංහල වචන කනවා,Bad
මමත් ඔයාගේ වීඩියෝව ගොඩක් බැලුවා,Happy
අයියේ අපි ඕන දෙකට ඉන්නවා ඔයාලා එක්ක,Happy
අයි මේ වගේ ජරා ගෑණියක් එක්ක වැඩ කරන්නේ,Bad
පිස්සු හැදුන එක හදට wow,Happy
අනේ පැත්තී පැත්තී තියෙනම ගනීම්,Bad
ඇත්තටම ජීවිතේ ජයගත් මිනිස්සුන්ගේ අත්දැකීම් තියෙනවා,Normal
නියම දැක්මක් තියේ වගේ,Happy
මම කැමතිම කෙනෙක්,Happy
congrats බංචි අයියා ලස්සනයි,Happy
ප්‍රියදර්ශන අයියාට වඩා හොඳට aim build හදනවා,Normal
good luck නිරෝධා අක්කේ,Happy
හිත හයිය ගැහැණියක් ඔබ බුදුසරණයි,Happy
ලස්සනට කතා කරනවා ඔබට දිගායුස,Happy
වැදගත් කතාවක් මෙකෙන් ගොඩක් දේවල් ගත්ත,Happy
coach කසුන්ට සුපිරි කොල්ලෙක් හම්බ උනා,Happy
ඔයා නිසා හුරු එකෙන් සියයට මාරු උනා මිනිස්සු,Happy
හැමෝම ගොබ්බෙක්ට කඩේ දුවන ගමන්,Bad
bro උඹ මොනදේ කරත් මේ ගත්ත තීරණය හරි,Happy
අවංක වැඩි උනාම පිරිමින්ට ඔය වැඩේ වෙනවාමයි,Happy
මේ මෝඩ channel මොන වැඩ කරේ යකෝ,Bad
ශෂිකා miss stage එකට එද්දි stage එකට වඳා,Happy
අයියේ number එක එවන්න,Happy
හම්මේ ඉතින් පෙඩ්ඩිත් මාර සතුටක්,Happy
එක මරු අයියේ,Happy
ලස්සනට සිංහල කතා කරනවා,Happy
නාගෝ නාගෝ ගීතය කියන කෙනා වගේමයි,Normal
මෙතනම් දෙන්නම fail,Bad
coach ශෂිකට පට්ට අමාරු වෙයි,Happy
ඇත්ත දේවල් ගොඩක් කිව්වා මේ මනුස්සයා,Happy
AMD තමයි intel සල්ලි ගසා කනවා,Bad
metropolitan එකෙන් ගත්තා අය review එකක් දෙන්න පුළුවන්ද,Normal
මව් ගුණ ගීත අහද්දි ඇස් දෙකට කඳුළු එන්නේ ඇයි,Normal
ගැහැනියක් නම් මේ වගේ වෙන්න ඕන,Happy
අනේ ආසම කෙනෙක්,Happy
අනිත් එකත් දාන්න ඉක්මනට,Normal
fact එකක් වගේ එකක් ලංකාවේ,Normal
ඔන්න මගෙන් subs එකක්,Happy
දෙන්න නියමෙට ගැලපෙනවා බුදුසරණයි,Happy
අයියේ ඔයාගේ ලැජ්ජා බය නැති උනේ thanks,Happy
ගොඩක් හොඳ programme එකක්,Happy
කසුන් කල්හාර අපේ legend,Happy
අයෙෂ්මා නෙමෙයි නේද මේකේ මුල් ගායනය,Normal
තව සතියක් ඇතුළත century ගහනවා,Happy
සිරාවටම කිසි දෙයක් හංගන්නැතුව open කතා කළා respect,Happy
අයියේ මුල් වීඩියෝවේ ඉඳන්ම බලනවා ආදරෙයි,Happy
සිංදුව පට්ටත් වීඩියෝව නම් වැඩක් නෑ,Normal
අනේ මන්දා හැබැයි කුමාරි අක්කා අහිංසකයි,Normal
තව පැයක් තිබ්බත් අහන් ඉන්නවා,Happy
ඉරාජ් අපි උඹත් එක්ක මැරෙන්නම්,Happy
පිස්සු වසංගත උඩ දන්නෙ නැතුව ඉන්නවා මෝඩයෝ,Bad
ලස්සන කටහඬ එකක් වෙනස් දෙයක් කරන්න බලන්න,Bad
අයියේ මේ වගේ songs කරන්න එපා,Normal
එක නම් පට්ට තම ගාන තමයි අවුල,Normal
අයියා superb ආදරෙයි නිහතමානිකමට,Happy
භූමි ඔබ ගොඩක් විවෘතයි,Happy
මං ආසම ගීතය එකක් ඔයා බය වෙලා නේද,Normal
ගමන වගේද සසර ගමන great,Happy
වීඩියෝව ගාලා පෙන්න අප්පා,Bad
නිදකින් නොදකින් හැදි ගව්වියන් ඔය වැඩේ කළපු උන්ට හොඳකම් වෙන්න එපා පණුවෝ ගාලම් මරියා තු නොදකින්,Bad
මෙයා hiru star එකටත් ආවා,Normal
බුදු සරණයි අපේ හමුදුරුවනේ බය නැතුව කතා කරන්න අපේ ගනසාර හමුදුරුවෝ වගේ ඔබ වහන්සේටත් අපි ගොඩක් ආදරෙයි,Happy
ආදිත්‍ය කියන්නේ කවුද මෙයත් එක්ක බලනකොට මෙයා පට්ට,Happy
මට ඇදුනා ඒ තරම් ලස්සනට sing කරා දිගු ගමනක් යන්නට ප්‍රාර්ථනා කරනවා,Happy
අනේ ඔනෙලි ඔයාට කොච්චර ලස්සනට සින්දු කියන්න පුළුවන්ද,Happy
යකෝ band එක බලපල්ල කොහොමද එක,Happy
ඉරාජ්ට රජයෙන් නැති වෙච්ච fb page එක ගන්න support එකක් දෙමු මෙන්න ඇත්ත කතාව,Normal
cricket වලට නම් කරිම නොන්ඩිය දාම්ම එල එල,Happy
අපිට කියගන්න බැරි දේවල් ඔබතුමා කිව්වා,Happy
ශෂිකාගේ කටහඬ අම්මෝ මාරම ලස්සනයි,Happy
මෙකි saudi arabියේ හොඳ gangbang එකක් ගත්තා සුපිරි මිල එකකට තම්බිලාට කියලා දැන් ඒ සල්ලි වලින් saloon එකක් open කළා පව් ඉතින් දුව,Bad
රංජගේ කටයි අශේන්ගේ වචාලකමයි දැන් ඉතින් ගතිය ගියා ඔක්කොටම කිව්වේ කට පරිස්සම් කියලා කෙනෙක්ව රිදවා කෙනෙක් ලබන ජයග්‍රහණය පරාජයක් කියලා දැන් තේරෙනවද,Bad
මට වඩා පුටුව sure ද coach කසුන්,Normal
අනේ මේ අම්මනම් හොඳට දුක අදින අම්මා කෙනෙක් බුදු සරණයි,Happy
බුදු සරණයි ඔබ වහන්සේට,Happy
පන්සල් වලට දුන්න සල්ලි block කරලා අපේ පන්සලේ වහල ගලවලා තාම තෙමි තෙමි තියෙනවා,Bad
මං ඔයාගේ cover වීඩියෝව එකක් බලුව fb එකේ කලකට කලින් හරිම ලස්සනයි,Happy
ඉතින් gadget mania,Normal
නගහ නන්ද මහත්තයෝ අපි ඔබ සමයි,Happy
මරු මරු මරුයි ලස්සනටම කිව්වා ඉදිරියටම යන්න,Happy
trending එනවා අනිවා program එක බලන්න කලින් කැමතියි කරපු අය මේ පැත්තට එමු බලන්න,Happy
සතුටුයි හැබැයි අවසානේ දුක හිතුනා muslim එකියක් බෙදාගන්නවා කියුවා නේ උ ලබන මාසෙන් පස්සේ භාවනා වැඩසටහන් කරාවි,Normal
ඇයි කුණු වැඩ කරන්නේ ලජ්ජා නැති ගෑණි,Bad
පුතා බල්ලා අපිව කෙව්වට අපි බල්ලාව කන්නේ නෑ,Bad
මේක නම් පිස්සුවක් අයියා,Happy
කටහඬත් ලස්සනයි ඇයත් ලස්සනයි,Happy
වෙසියෝ මුල අමතක කරනවා,Bad
මොන සිංහයාවුනත් වැඩක් නෑ ප්‍රායෝගිකව හිතන්න බැරි නම්,Bad
හරි ලස්සනයි දුක හිතුනවා,Happy
හදවතින්ම ආදරෙයි සමරසිංහ මහත්තයනි,Happy
අන්තිම ටිකේදි ඇහැට කඳුලක් ආවා wish you all the very best මල්ලී,Happy
ඒ සින්දුව අහන අය කො,Happy
කොච්චර හිනා වෙලා හිටියත් එයාත් ඒ story එක මාරම දුක් කතාවක්,Happy
announcer හෙන ලොකු කමක් වගේ set නෑ down to earth නෑ කියන්න අපි අහනවා case,Bad
අම්මෝ ඒ කටහඬ පට්ට ලස්සනයි,Happy
සමහර උන්ට මුන් නිකන් අහරෙනවා ඔයිට වඩා අඩුපාඩු තියන අයට මුන් හැරෙනවා අනේ මන්දා,Normal
ගොඩක් හොඳයි අවබෝධයක් තියනවා ඔයාට,Happy
ඔයා විදිහට හැම එකේම prices දාන්න එල,Happy
මේක ලංකාවේ තියන හොඳම band එක කියන අය මේ කොනට,Happy
කවුද බොල unlike කරපු කෙරි කුණු හම්බයෝ,Bad
ඒ කොල්ල කරපු වැඩේ ඒ තරම් හොඳ දෙයක් නෙමෙයි කියන කට්ටිය,Bad
ඇත්තටම කෙලින් කතා කරනවා ලමයි හදන්න බෑ කියලා කෙලින්ම කියනවා වෙන උන් වගේ නෑ සුපිරි චරිතයක් බොරු show නෑ,Happy
ඒ කටහඬ මරු සුභ පැතුම් අක්කේ,Happy
අයියේ ඡන්දේ ඉල්ලපන් අපි ඔක්කොම ඉන්නවා,Happy
නියමයි අයියා ඔයාට මං මාර කැමති ඔයාගේ කතාවට,Happy
ඇයි හමුදුරුවනේ අනූන්ගේ දේවල්ම කතා කරන්නේ,Bad
කසුන් කොර උනා මං හිතන්නේ ශෂිකාගේ performance වලට,Happy
සුපිරි සුපිරි thanks අයියේ පටන් ගත්තට,Happy
දිස්නා අක්කයි අරවින්ද අයියාවයි දෙන්නම එකට තියලා interview එකක් කළා නම් superb,Normal
well done sweet baby ජයවේවා හොඳට channel එක කරනවා,Happy
අනේ දෙවියනේ ඔබ වහන්සේට ගොඩක් පින් අහිංසක සත්වු දිහා බලුවට,Happy
රාජපක්ෂ family එක ගොඩක් හොඳයි but වෙනම මේ හැර වෙන අලුත් කෙනෙක් ආව නම් ලංකාවට හොඳයි,Happy
පෙම් බැඳීමි හදවතින්,Happy
මල්ටි බෙරල් එකක්ද මේ,Normal
ශෂිකාව කපන්න ගිහින් බතියාගේ මුහුණ අන්තිමට,Normal
හාමුදුරුවනේ අපි ඔය නපුංසක රංජට හොඳ punishment එකක් දෙන්නම්,Bad
මම හදවතින්ම ආදරේ කරන හවතේ සමදා ඉන්න ආදර්ශමත් සහෝදරියක් ඔයා හැමදාම මමනම් ඔයාට ආදරෙයි අම්මා යන අරුත්බර වචනයේ සබා සරූපය ඉටුකරන දිරිය ගැහැණියක්,Happy
සිරාවටම සුපිරි පොරක්,Happy
මේවැනි battle මේවැනි සින්දු,Happy
ලස්සනයි සින්දුවයි වීඩියෝව එකයි දෙකම ඔවා කොල්ලන්ට කෙල්ලන්ට හොඳ පාඩමක්,Happy
අයියේ අයියා ගැන වීඩියෝව එකක් interview එකක් කරන්නකෝ,Normal
coachesලා දෙන moral එක හදන්න try කරන විදිහ මරු,Happy
මනුස්සකම දන්න ඔබ වැනි කාන්තාවන්ට කවදාවත්ම වැරදෙන්නේ නෑ මං හරිම ආස නිළියක්,Happy
schoolේ අපේ කෙනෙක් නේ මේයා,Normal
මං කාලෙකට කලින් බලාපොරොත්තු උන වීඩියෝව එකක්,Happy
ඔබට තෙරුවන් සරණයි,Happy
අපේ කොල්ලෙක් දැන් එල,Happy
ඇත්තටම කටහඬෙන් හිතන්න බැහැ පෙනුම ඔයා වගේ කියලා,Happy
ඉනුක මල්ලීට apex legends tip එකක් දුවනකොට weapon එක අයින් කරලා දුවන්න speed එක වැඩි,Normal
පට්ට ආ නියමයි ඉස්සරහට හොඳ වැඩක් කරන්න good luck,Happy
ගීතය වගේම ඔයත් හරිම ලස්සනයි ආදරෙයි ගොඩක්,Happy
ඔයාට හොඳ අනාගතයක් තියෙනවා නංගි කවදාහරි හිනාවෙයි අයලාට ඕන මෙලෝ රහක් නැති අය,Bad
තෙරුවන් සරණයි අපේ හමුදුරුවනේ හරිටම හරි ඔබ වහන්සේගේ මතයට අපි එකඟයි,Happy
ස්ටෙෆනි වගේ කෙනෙක් නියමයි,Happy
මගේ ආසම ගමක්,Happy
අනේ මාවත් subscribe කරන්න plz,Normal
කුමාරි ඔයා හරි ධෛර්යවන්තයි සැලෙන්න එපා ඔයා දිනාගෙන ඉවරයි ජේසු පිහිටයි ඔයාට කල්පනාවෙන් ජීවත් වෙන්න,Happy
සිංහල උන් අපේ අයගෙන් වැඩි දෙනෙක් ජාතිවාදීව හිටන්නේ නැති එක ගැන සතුටුයි,Happy
පිස්සු හැදෙනවා ඔයාගේ කතාව කොච්චර දුක් විඳලාද අම්මෝ පට්ට ආතල් පොරක්,Happy
මං කවදාවත් ඔයාට දොස් කියුවේ නෑ ඔයා හරි ශක්තිමත් හෙතක් ඇති කෙනෙක් ඔයාට බුදුසරණයි,Happy
ප්‍රශ්නයක් නම් තිබ්බා fb වල හැබැයි එක තිබ්බේ minute we are technically fixing,Normal
මුට තමයි බෝම්බ දාන්න ඕන,Bad
බ්‍රෝ ඒවත් අහන්න කොල්ලෝ උස්සපු අර ගැණියෙක්ගේ පලු එරපුව,Bad
වාව් මාර කටහඬ එකක්,Happy
හරිම ලස්සනයි අයියා dont give up,Happy
අයියේ මං බඩ උනා කියුවේ උබලයි අම්මද,Bad
පව් අනේ කටහඬ ලස්සනයි,Normal
ඉවසීමෙන් යන ගමනක් මම ඒ වචන ටිකට ගරු කරනවා වස්ති,Happy
කටහඬ tone එක ලස්සනයි එත් මගේ ආසම ගීතය එකක් කාවා,Bad
මං කවුද බන් පිස්සු හ,Bad
වෙන එවුන් තමන්ගේ අම්මා තාත්තාගේ සිංදුවක් කිව්වම නඩු දාන්න යනවා එත් කසුන් thankz කලා respect,Happy
හැමදාමත් සතුටින් පරිස්සමෙන් ඉන්න අයියේ wish you all the best,Happy
apex ගහ ගන්න තිබ්බානම් ඇති,Normal
මම ආසම මනුස්සයෙක් කියන දේ හොඳට තේරෙනවා,Happy
ඔබ නිහතමානි ඔබ සුහදශීලී ඔබේ වචනේ,Happy
ඔව් අපේ හමුදුරුවනේ බය නැතුව කතා කරන අය ඔබ වහන්සේලාට,Happy
තෙරුවන් සරණයි අපේ පොඩි හමුදුරුවන්ත,Happy
advertisements ටිකක් වැඩියි වගේ,Bad
unlimited internet ගැන පුළුවන් නම් වීඩියෝව එකක් කරන්න,Normal
ඒ පට්ටයි ඔබේ කතාව පැහැදිලි,Happy
අදහස බලපන් චාල උඹ දිනාලා ඉවරයි,Happy
free games download කරන්නේ කොහොමද,Normal
පිස්සුවෙන් වගේ ආවොත් මේක බලනවා,Happy
එක හුස්මට බලපු youtube වීඩියෝව එකක්,Happy
අදේ මං හිතුවේ නංගි කියලා,Normal
gaming වලට pc එකක් හදුවොත් මොනවාගෙද parts,Normal
ලොකු ආදර්ශයක් සමාජයට,Happy
bass ගහන එකාගේ අච්චිට,Bad
කස්ස එකක් ආසයි පොඩ්ඩක් set වෙන්න,Happy
උබලට මතකද විජය කුමාරතුංගටත් jr දුන්න දසාව,Bad
අන්තිම වචන ටික පට්ට,Happy
very high play කරන්න නම් මොනවද ඕන,Normal
අයියත් සිංදුවක් කරන්නකෝ,Normal
මේකෙන් online වැඩ කරන්න පුළුවන්ද,Normal
මට නම් මේ කෙල්ලගේ කටහඬ ලස්සනයි ශෂිකට වඩා,Happy
මදු වගේ ගොන් හරකෙක්ගෙන් වෙන උන එක හොඳයි,Bad
හැමදාම aim එකක්ම videos ගෙනන්න,Happy
මේක අහද්දී ඇඟේ රෝම කෙලින් උනා,Happy
තඩියා ටිකක් ගහලත් වගේ,Normal
කඳුළුත් ආවා එකටනම්,Happy
අයියේ සිංදුව හොඳයි,Happy
පට්ට සිංදුව මල්ලි ඔයා හොඳයි,Normal
මාරම ලස්සන ගායනයක්,Happy
යොහානි වගේ කෙනෙක් මේකේ දැක්කේ මම විතරද,Normal
කියන්න සෙබා චරිතයක්,Happy
sound proof ගැන හැමදේම දැනගන්න ආසයි,Happy
ගීතය නම් හොඳයි but වීඩියෝව චාටර්,Normal
මඩකලපුවේ police දෙනවා අමානුෂික විදිහට මරලා තියෙන්නේ,Bad
අයියේ මං mining කරනවා bitcoin,Normal
unlimited දුන්නට aniwa fup add කරයි,Bad
අයියේ හරිම ලස්සනයි කටහඬ,Happy
amen thank you jesus,Happy
ඇත්ත මොකද්ද බොරු මොකද්ද,Bad
ඔක්කොමත් හරි උමාරියාගේ බොරු සෝබන,Bad
හමුදුරුවනේ අරින්න කතා බුදුසරණයි,Happy
ලස්සනට කිව්වා ආසයි ආදරෙයි,Happy
අයියේ contact number එකක් නැද්ද whatsapp,Normal
coachලා හුවක් කිව්වත් ලස්සනයි joke එකක්,Happy
අයියා pc ac current වැඩ කරන්න හදන්නේ,Normal
ගොඩක් බුද්ධිමත් කෙනෙක්,Normal
කරපු හොඳම program එක තමයි මේ,Happy
නියමයි තිමෝ ගොඩක් සතුටුයි,Happy
කොල්ල මහ පණ්ඩිතයෙක්,Happy
නියමයි බන් පොඩි මිනිස්සු ගැන කතා කළාට,Happy
අනිවාරෙන් අපේ හමුදුරුවනේ අපි එකගයි,Happy
ඒවුණත් privacy එකට ප්‍රශ්නයක් වෙයිනේ,Bad
අනේ මේ ගීතය download කරන්න බැ,Bad
ඔන්න දාලා විනාඩි දෙකෙන් බැලුවා,Happy
මේක කරනකොට full pc එකට කීයද ගියා,Normal
hari tv thumbnail එකෙන් ප්‍රශ්නයක් වෙන්න පුළුවන්,Bad
මං ගියින්නෑ කවදාවත් එත් Negombo ගැන හිතනවා,Normal
සම්පූර්ණ ඇත්ත ලංකාවේ පිරිමි ගැන,Bad
කියන්න වචන නෑ දුවේ ඔයා ලස්සනයි,Happy
cl number එකක් දෙන්න පුළුවන්ද bitcoin ගැන,Normal
සුපිරි ප්‍රියා අයියේ thanks,Happy
බන්දුල විජේවීර වගේමයි,Happy
අයියේ bitcoin withdrawal වීඩියෝව එකක් ගන්නකෝ,Happy
මෙන්න නියම ගැහැණියක්,Happy
හෙන හතම ගහනවා ඔවුන්ට,Bad
කසුන්ගේ කටහඬ තමයි wow,Happy
මේ kinglsey මේකට හරි යන්නේ නෑ,Bad
රංජන්ට අපිත් කැමති,Normal
ආදරෙයි මම ආසම නිළියක්,Happy
කියන්න වචන එන්නේ නෑ නියමයි,Happy
super සුභම සුභ අනාගතයක් වේවා,Happy
coach කසුන් දිනනද මන්දා,Happy
කියන්න වචන නෑ පුදුම ලස්සනයි,Happy
මලීෂාගේ නංගි නේද මේක,Normal
මම laptop එකෙන් minute වීඩියෝව එකක් හැදුවා,Happy
කියන්න නම් දෙයක් නෑ,Normal
first time youtube interview එකක් බැලුවේ,Normal
මං නම් කියන්නේ මේ වගේ ගොන් වැඩ form කරන්න එපා,Bad
million වෙන්න ඇති නේ,Normal
ඇත්තටම ආඩම්බරයි අයියේ ඔයා ගැන,Happy
හොඳ කෙනෙක් ගෙනලා thanks,Happy
අනුෂකා සුපිරි බුදුසරණයි ජය වේවා,Happy
මේ අක්කා එක්ක ආව අයියා දිහා බලන් හිටපු අය,Happy
අයි බන් මේ සිංහල අපිටම මෙහෙම වෙන්නේ,Bad
ජීවිතේට වටින කතාවක්,Happy
අයියේ මේකේ full budget එක කීයද,Normal
hari tv එක දැන් නියම කට්ටිය ගෙනාව,Happy
aws එකට වඩා ලාභද,Normal
මහින්ද රාජපක්ෂලා ගැන තිබ්බ idea එක වෙනස් උනා,Normal
අපි මේ විස්තර ගමින් ගමට ගෙනියමුද,Normal
රංජන්ගේ හැමගලවීම යුතුමයි,Bad
දැක්කනේ හැකියාව කෙල්ලගේ,Happy
අයියා මම වීඩියෝව edit කරනවා games ගහනවා school වැඩ කරනවා මට ඔක්කොටම හරියන acer aspire core i හොඳද,Normal
සමිතා වගේ ගැණුන් අතරින් ඔයා රත්තරන් අම්මා කෙනෙක් අක්කා ජේසු පිහිටයි ඔයාට,Happy
හරියටම හරි සිංහලයා එක එක ජාතින්ට කලවම් උනා එකයි අවුල අපිත් එකට ඉන්නවා එහෙම උන් මොනවා කිව්වත් muslim මිනිස්සු කවදාවත් සාහජීවනයෙන් ඉන්න එවුන් නෙවෙයි උන්ගේ කතාවෙන් ඒක තේරෙනවා,Bad
තෙරුවන් සරණයි සත්‍ය පවසන හිමියනි,Happy
භූමිගෙන් ඉගෙන ගන්න පිඋමි හංසමාලි ශර්මි කුමාර හෂිනි සැමුවෙල් අනිත ඔක්කොම ජරා විදිහට කතා කරන ගෑණු මෙයගෙන් කොහොමද respect කරන්න කියලා,Happy
ගංජා ගහන හමුදුරුවරයා ගැන මොකද කියන්නේ,Bad
අම්බෝ මම මරුණා යකෝ thank you sir and thanks hari tv for this,Happy
මම ආසම ආදරේ කරන නිළියක් මහත්මියක් මේ දෙන්න ගොඩක් ආදර්ශවත් හැමදාමත්,Happy
හරිම ලස්සනයි දුව good luck,Happy
ඔයාගේ බබාලා ලස්සන වෙයි ඔයාගේ පසුබිම හා wifeගේ mix එකත් එක්ක මම දන්න ගොඩ අය ඉන්නවා එකයි කිව්වේ ඔයාට ගොඩක් යා වෙලා තියෙනවානේ god bless you,Happy
නේ මේයා හරි යන්නේ නෑ අපි හරි යන්නේ,Bad
බලා හිටිය වීඩියෝව එකක් thank you,Normal
ඇත්තට අපි මේ අක්කා ගැන දන්නේ බොහොම ටිකයි පව් බස් අක්කේ ජේපී,Normal
අන්න හරි අපේ හමුදුරුවනේ මුන් දැන් වැඩිකන උරෝ වගේ ඡන්ද ලඟ නිසා මේ සංඝ රත්නයටත් අපේ බුදුදහම අපහස කරණ මුන්ගේ කටවල් තලා මදි,Bad
බොරු කියන එක කියන්න එපා,Bad
මං ආසම කලාකරුවෙක් ඔබතුමාට බුදු සරණයි,Happy
රංජන් පිස්සෙක් හමුදුරුවනේ ඉන්න ඡන්දේ සිංහල බුදුදයෝ හොඳ තේරීමක් ගන්න ගොන හරක් ටික එලවන්න ඕන,Bad
කොල්ලෝ චාමර වීරසිංහගේ සින්දුවක් cover එකක් කරන්න,Happy
phone ගැන අහනවට වඩා මෙයගෙන් අහන්න වෙන හොඳ දේවල් තිබ්බේ නැද්ද,Bad
මොන පකයා ඔක තමා කරන්න,Bad
කසුන් අයියා කසුන් මරු,Happy
මේ මනුස්සයට ඉස්සර සිංහල මිනිස්සු කොච්චර බනද්ද ජාතිවාදය අහුස්සනවා කියලා නෑ,Normal
පව් අනේ තඩියා,Normal
කියන්න ඕන දේ කෙලින් තේරෙන්න කිව්වා,Happy
කවුද බොල මේ නටවන රිළවා,Bad
අනේ ගීතය නම් මාර ලස්සනයි ඔයත් මාර handsome අනේ හී indian නළුවෙක් වගේ,Happy
ජයවේවා brother තව තවත් ජය ලැබේවා,Happy
අනේ කට වහගෙන යන්න තමුසේගේ හොඳ හොඳ දේවල් අපි නොදන්නවාය,Bad
ඇයි බං earpods ගහගෙන කතා කරන්නේ තියෙනවා කියලා පෙන්නන්නද,Normal
ඔයාලා වගේම දුක් වෙන්නවා අපි හැබැයි දුක පස්සේ සතුටත් තියෙනවා ඒකයි යථාර්ථය බස්,Happy
ඔයාගේ හිනා ටිකක් වැඩි,Bad
ඔබතුමා නම් රජෙක් වෙන්නේ වටිනාම කෙනෙක් මම ගොඩක් ගරු කරනවා ඔබතුමාගේ වටිනා අදහස් වලට,Happy
අදාලම වෙලාවට අදාලම දේ දාලා තියෙනවා පාටි අයියා බොහෝම වැදගත් දෙයක් මේ කාලෙට,Happy
ශෂිකා අක්කේ ඔයා නම් නියමයි,Happy
වීඩියෝව හොඳ නැති උනත් ගීතය හොඳයි,Normal
මේ අයියා hiru star හිටියා නේ,Normal
උබ තාම නැවතුනේ නැද්ද,Normal
ශෂිකාගේ කටහඬ අම්මෝ දවසම අහගෙන ඉඳින්න පුළුවන්,Happy
අන්තිම වෙද්දි පරාමාණු බෝම්බ ගහයි කියලා sure මචං superb,Happy
අනේ කුමාරි ඔයාගේ කතාව අහලා මට ඇදුනා මම dubai ඉන්නේ මම ලංකාවේ නුවර,Normal
ඔයා තමයි දිනන්න ඕන,Happy
නියමයි නියමයි ගොඩක්ම ලස්සනයි කියලා වැඩක් නෑ,Happy
හරිම ආසාවෙන් එවරා වෙනකම් බැලුවා බස් අක්කේ,Happy
ලංකාවේ ඉන්න පඩසොවලට වඩා මේ ගැහැනිය කොයිතරම් වැදගත්ද,Normal
ගොඩක් ලස්සනයි ඔයාගේ කටහඬ වගේම සින්දුවත්,Happy
අපිත් ඔබේ මතයේ ඉන්නේ,Happy
අපිත් මේ අවුරුදු ගණන් මේවායේ දුක් විඳින්නේත් කුමාරිට තරම් පිස්සුවක් නෑ,Bad
ලොක්කා අපි ඔයා පස්සේ ඕන වෙලාවක එනවා සිංහල bold නටනවා මේවා ඇහුවම,Happy
ශෂිකාට කැමති අය මේ පැත්තට,Normal
භූමි අක්කේ එල ආදරෙයි ගොඩක් ඔයාට,Happy
කතාව තිබ්බට වැඩක් නෑ වැඩ බැරි නම්,Bad
කියන්න වඩා වචන කිව්වොත් සාර්ථක මිනිහෙක්,Happy
සුපිරි අහ් කෙලින් කතා කරනවා ගම්මට,Happy
ඊලඟ පාර ගොඩ යමු කොල්ලෝ,Happy
අයියේ පුළුවන් නම් phone එකේ මිල දන්නන්ම accessoriesත් එක්ක,Happy
ඔවුන් නිළියෝ නෙවෙයි හමුදුරුවනේ ඔවුන් ඔක්කොම සල්ලි වලට යටයි,Bad
සියදිවි නසාගන්න එකේ ගෑණු හිටියේ නෑ මේ ගණිකාවෝ හිටියේ,Bad
අපි ඔබත් එක්ක අයියා good luck,Happy
එල භූමි තිත්ත උනත් ඇත්ත කිව්වා,Happy
මදුමදාවට හොඳ කණේ පාර miss කිව්වා වගේ එකගේ වැඩේ බොරුවට කවි ලියන එක තමයි ඒයා හරි කියලා කියන්න තමයි දඟලන්නේ,Bad
ඔබ වහන්සේට සහ ඔබ වහන්සේගේ අම්මටත් දිර්ඝායුෂ පතමි,Happy
කොච්චර බැලුවත් එපා වෙන්නේ නෑ,Happy
දැන් නම් වස්ති බලු,Bad
coach ශෂිකා කිව්ව එකත් සුපිරි,Happy
අම්මෝ කොච්චර අහුවත් එපා වෙන්නේ,Happy
battles බලලා ආවේ ආයෙ බලන්න,Normal
කියන ඕන ඔක්කොම කෙලින් කියුවා උබට ජය,Happy
කශ්ෂෝ අපි පට්ටම ආදරෙයි සර් ඔයාට,Happy
මම කැමතිම දේශපාලකයා පක්ෂ පාට නෑ,Happy
ආග තැබ්බට මොලේ නෑ ඔකගේ,Bad
අනේ ඔයාගේ කටහඬ ලස්සනයි ඔයාට අසාධාරණයක් උනා කියලා මම හිතනවා,Normal
අම්මෝ අයියා කාදත් බැඳලාද මං හිතුවේ තවම කොල්ලෙක් කියලා,Normal
හොඳයි අවුලක් නෑ,Normal
මූ තෝරගන්න ඕන එක පස්සේ කිව්වේ යන්තම් බේරුණා,Normal
කෙලින් කතා කරන චරිතයක් politician කෙනෙක් විදිහට පුළුවන් වැඩක් කරපු කෙනෙක් දැනට ගරු කරනවා,Happy
යකෝ මුන් සින්දු අනුභව කරනවා,Happy
නියමයි අයියේ වීඩියෝව,Happy
අම්මෝ ඇඳෙනවා අප්පා,Happy
අනේ ඔයාලා කරපු වැඩසටහන ගොඩක් හොඳයි කුමාරි අක්කා පව් අක්කා ඔයාට තෙරුවන් සරණයි,Happy
youtube channel එකෙන් ඔයාගේ download කරපු mp කරන් songs අහනවා,Happy
core duo processor එකක් pentium processor එකකට මාරු කරන්න පුළුවන්ද help,Normal
දළදා හමුදුරුවන්ටත් ලොකු පපයක් බං මේක මොනද මේ අ,Bad
ආදරේම චරිතයක් බුදුසරණයි අක්කේ ඔයාගේ address එකක් හෝ phone no දෙන්නකෝ,Happy
බලන්න මෙයාගේ තියෙන හැඩියාව,Bad
මට මෙතුමාව හම්බ වෙන්න ආසයි මෙතුමා නුවර කොහෙද ඉන්නේ,Happy
මරියා ගොඩක් ලස්සනයි,Happy
එයා හරිම සාධාරණයි,Happy
අනේ අපිටනම් සදුන් අයියේ ඔයාගේ songs ලස්සනයි හොඳයි ඔයාගේ හැම songs එකකටම මං නම් ආසයි,Happy
පොඩි අක්කනත් අක්කම දිගටම program කරන්නකෝ අයියේ,Happy
අඩෝ අපරාදේ බං සුපිරිම කිව්වා,Happy
දෙවියනේ ඇයි මගේ ඇස් වල කඳුලු,Happy
ඔබතුමාට නිදුක් නීරෝගී දිර්ඝායුෂ ලැබේවා දළදාහිමි සරණයි,Happy
හොඳ තේරීමක් යමු නේ ඉදිරියටම ok,Happy
මේකේ යුක්තිය ගැටුක්ද,Normal
මම ගොඩක් කැමති කෙනෙක් ඔබතුමා බස්,Happy
ගාලේ අලෝයිසියස් එකේ hike එකක සිංදුවක් කිව්වා මු වගේම dial මතකේ,Normal
සුපිරිම චරිතයක් තමයි ඉතින්,Happy
ජීවිතේ ලස්සනයි teledrama එකේ නෙහාරා ඉන්නවද,Happy
එකනම් අවුල් signal වල fault එකක් ආවා phone එක ගත්ත දෙකෙම,Normal
හම්බ ත්‍රස්තවාදී කෙරියෝ unlike කරලා,Bad
ඔයාලා හැමෝටම thanks අඩු පෙන්නලා support කරනවට,Happy
අඩෝ නියම ඇත්ත බන් උබ කෙලින් කතා කරනවා,Happy
අපේ හමුදුරුවෝ මේ පාර ජනාධිපති කරලා,Happy
සාදු සාදු සාදු ඔබ වහන්සේට තෙරුවන් සරණයි,Happy
ඔබතුමාට ජනතාවත් සමඟ සුභ ගමනක් යන්න ලැබේවා,Happy
rocket එක යවනවා ගෙදර ඉඳන්,Normal
අනිත් ටිකත් user experience එකක් එක්ක review ඕන,Normal
බුදුසරණයි මගේ අගෙ එකේමයි,Happy
මං නම් ඔයාට හුඟක් කැමතියි අක්කියෝ,Happy
අද ඉඳන් මේ miss ව follow කරනවා,Happy
අනේ අයියේ වීඩියෝව speed නේ,Bad
මෙතුමා පෙර පාසල් නොගියත් ජීවිතය ජයගත් පුද්ගලයෙක්,Happy
ඇත්තටම ගොඩක් හොඳේ,Happy
මම ඔබතුමාගේ වීඩියෝව හැම එකක්ම බලනවා,Happy
ඒ උනත් මේ වීඩියෝව කුඩ්ඩන්ට අනුකම්පා කරන වගේ,Bad
රොහිත හොඳ නියම බෞද්ධයෙක්,Happy
Kingsley අයින් වෙනකන් කටහඬ live බලන්නේ,Happy
ඔයා කන විදිහට තමයි මමත් කන්නේ,Normal
Sirasa ඔහොම යන හොඳ හොඳ show ටික telecast කරනවා,Happy
පල ගොබ්බයා යන්න සිංහල දන්නෙ නැති බූරුවා,Bad
හද ආගමක් එකක් නම්,Happy
බෙදපන් අයියේ දුප්පත් කෙල්ලෙක් කවදාහරි අම්මාට තාත්තාට සලකයි,Happy
අපි ඔබ සමගයි මල්ලි,Normal
ඔබ වහන්සේ ඉතාමත් බුද්ධිමත් ගෙස්ට් ස්වාමින් වහන්සේ නමක්,Happy
අනිවාර්යෙන් මචං කස්සා කියන්නේ පට්ට පොරක්,Happy
Allah කියන්නේ Muslim එවුන්ගේ දෙවියෝ විතරක් නෙවෙයි,Normal
ජීවිතේ ඇත්ත දැකපු කෙල්ලෙක්,Happy
මල්ලි වැඩේ දිගටම අරගෙන යමු,Happy
මුට කඩේට ගියාට හොඳ වැඩේ,Bad
ඔවට පදිනවා ඇත්ත කතා කරන මිනිස්සුන්ට,Bad
බලු වැඩ කරමින් පලි ගන්න එපා,Bad
සහෝදරයා ඔයාගේ කතාව අහන් ඉන්න ආසයි,Happy
දවසක හරි අහන්න හිටියා කටහඬ,Happy
මෙතුමාගේ දේශන වලට මම ගොඩක් කැමති,Happy
කසුන් අතේල් දානෝ,Happy
කෙලින් කතා කරන සිංහල බෞද්ධයන්ට ලංකාවේ කතා කරන්න බැ,Bad
කෝ අලුත් වීඩියෝව එකක් ආවේ නැ නේ තාම,Normal
සිංදුවේ තේරුමට අදාළ නැති වීඩියෝව එකක්,Bad
සුපිරි වැඩ්ඩක් තමයි මුයි යාලුවයි,Happy
wow music පිස්සු හැදෙනවා,Happy
බුමි සර්ස්ව සම්පූර්ණ ඇත්ත කතා කරනවා,Happy
මු වයසට යන්න කලින්ම mental වෙලා,Bad
අයියා කොහොමද ඔයාට කියලා pc එකක් build කරගන්නේ,Normal
ඔක්කොමත් හරි music එක,Normal
කසුන් අනේ මන්ද,Normal
editing quality එක හොඳයි දැන් shadows තියෙනවා,Happy
ඇසට කඳුළු එනවා හමුදුරුවනේ බුදුසරණයි,Happy
අනේ මං කි පාරක් නම් මේක අහුවද අපරාදෙ,Normal
දැන් තමයි දැනගත්තේ අද ඉරිදා කියලා,Normal
මේ වැඩසටහන් වලින් ජීවිතේ ගැන අවබෝධයක් ලැබෙනවා,Happy
වීඩියෝව ඉවර වෙන්නත් කලින් කැමතියි එකක් දැම්මා,Happy
ඔයා නම් respect අක්කි නිහතමානී කෙනෙක්,Happy
ඔල් විතරයි කියන්න වල්ගම හොඳට කොණ්ඩක් තිබ්බ,Bad
තෙරුවන් සරණයි සියලු දෙවියන්ගේ පිහිට ලැබේවා,Happy
ඔයා ප්‍රශ්න ටික වෙන මනුස්සයෙකුගෙන් ඇහුවානම් වෙනස්,Happy
අයෝ අයි අනේ admin මෙච්චර පරක්කු,Bad
ෂා හදවතට එකගව කතා කරනවා,Happy
තමන්ට ගැලපෙන ගීතයක් තෝරගත්ත නම් හොඳයි,Bad
එක දිගට බැලුවා වෙලාව ගියේ නැවත්තේ නැ,Happy
Acer veriton එකකට gb graphic card එකක් දාන්න පුළුවන්ද,Normal
ලංකාවේ මෙච්චර ලස්සන කටහඬ තියන අයට තැනක් දෙන එක වටිනවා,Happy
ආඩම්බරයි මම ගොඩක් කාලෙ ඉඳලා දන්නවා මයා ගැන,Happy
මල්කොලන් නාකි වයසයි ඔහොම වෙන්නම ඕනි,Bad
මං හරිම ආසයි අපි තුන්ගොල්ලම සතුටින් ජීවත් වෙන්න,Happy
Kingsleyගේ මුනේ හැටි එපා වෙනවා,Bad
ඔයා දැන බබා ද ඔයාත් මේ වගේ interview කරලා channel එක chatar කරගන්න එපා,Bad
මුන්ගේ Allah තමයි මේ හැමදේටම මුල,Bad
සුපිරි කොල්ලෙක් අපි උබට ආදරෙයි bro,Happy
ශෂිකා උගත් දක්ෂ කෙනෙක්,Happy
උමාරියා අනිත අය දිහා බලන්නේ ඔයා හරිනම් තිබුණානේ,Normal
Hindi songs වලට පොඩ්ඩක්වත් කැමති නෑ,Happy
සිරිවයි ඔයා අම්මා දිගායු ලැබේවා,Happy
ඒ හඬ පට්ට හිත නිවනවා,Happy
රංජා උබ මොනා කලත් උබට මිනිස්සු චන්දෙ දෙනවා,Happy
phone වලටත් බහිමු අයියා,Happy
මං හොරකම් නොකරපු එකෙක් කියාපියව් බලන්න,Normal
කවුරු හරි පොඩ්ඩක් ආරක්ෂාව ගන්න,Normal
යකෝ ප්‍රභාකරන් හොඳයි අපේ ආගමට අගෞරව කළේ නෑ,Bad
බුමි හරි බුද්ධිමත් කෙනෙක්,Happy
මල්ලි උබ පිනා ගොබ්බයා,Bad
පෙන් නද්ද කොණ්ඩේ හදලා පට ගාලා ඉන්නේ,Bad
ආදරෙයි අක්කි tc බුදුසරණයි,Happy
දෙවෙනි අදහස එක මු පට්ට විදිහට කිව්වා,Happy
වීරසිංහේ ඔයා ජනාධිපති වෙන්නකෝ,Happy
කටහඬ Anila වගේ ගතියක් නැද්ද,Bad
select වෙන්න ඕන කෙනෙක් මචං උබ,Happy
wow ඒ කටහඬ නියමයි congratulations,Happy
අයියේ ඔයා පට්ටයි,Happy
ලස්සන කටහඬ එකක්,Happy
අපේ අයියා නියමයි,Happy
ඇත්තටම simple කෙනෙක්,Happy
ඇත්ත කතා කරන කාන්තාවගේ පැත්තේ කවුරුත් නෑ,Normal
හරිම ලස්සනයි මෙයාගේ ඇත්ත කතාව,Happy
මේ හද අපරාදේ බලු වැඩක් උනේ,Bad
මං නිකමට බලුවේ කතාව අහුණා ගමන් අඳුරගත්තා,Happy
කට ඇයි බං මේ තරම් ලොකු,Normal
මයිල් කෙලින් උනා යකෝ,Happy
හිතේ සතුටින් බලපු program එක බුදු සරණයි සුදු බණ්ඩා,Happy
පරක්කු උනා නේ,Bad
යකෝ උ lithmbara කියුවානම් ඔයා ඔක්කොම හැරෙනවා,Happy
එක ඇත්ත අපේ හමුදුරුවනේ,Happy
ඇයි බං අයියේ ගහල අත අරියේ,Normal
මරු නංගි ඔයාගේ සින්දුව මාරම ලස්සනයි,Happy
ඇත්තටම මං හිතුවා කසුන් මල්ලියව තමයි තෝරන්නේ කියලා හරියටම හරි,Happy
මොකද මිනිහෝ මේක list එකෙන් අයින් කළේ,Bad
මේ pc එක කීයද,Normal
අයියෝ change the announcer immediately අප්‍රියයි බලන්න කටහඬ,Bad
බලන්න අපේ හැඩියාව,Happy
නියම build එකක් super chanux bro දැන් ලෝකෙම හොල්ලයි ඔකෙන්,Happy
මගේ machine එකම ram එක තරම්වත් නෑ,Normal
මෙච්චර කාලයකට බලපු perfectම interview show එක එක මිනිත්තුවක්වත් අත අරින්නේ නැතුව බලුවා really appreciated and proud to say you are the true srilankan dhanu,Happy
හැමදාම interview බලනවා ලහිරුගේත් මේක නම් බර වැඩිද මන්දා කියන ඒවා කතා කරන ඒවා නම් මගේ ඔලුවට ගියේ නෑ අනේ මන්දා,Bad
මේ වගේ කොල්ලෙක්ට chance එකක් දෙන්න තිබ්බ මගේ අවංක අදහස,Normal
ජය වේවා ඔබතුමාගේ කතාව සත්‍යයි,Happy
හුකන තම්බි ඔහොම තමයි new government එකක් ඕන එකම විසඳුම,Bad
අම්මේ ආදරෙයි ගොඩක් ඔයාට මටත් අම්මෙක් තාත්තෙක් හිටියානම් අනේ,Happy
මොකද්ද බං අර hairstyle එක,Bad
සුපිරියටම කිව්වනේ බං අඩෝ පාරක්,Happy
fiver site එකෙන් සල්ලි හොයන හැටි වීඩියෝව එකක් ගෙනන්නකෝ අයියේ,Happy
කාලෙකින් දැක්ක ඉතාම හොඳ interview එකක්,Happy
අයියා samsung review එකක් ගෙනන්න පුළුවන්ද,Normal
නියමයි අක්කා ඔයා හොඳ නිහතමානි කෙනෙක්,Happy
මම කැමතිම නිවේදකයා ආදරෙයි ගොඩක්,Happy
මේහෙම අය තව එනවද,Normal
ගොඩක් කාලෙකින් build එකක් thanks ප්‍රියදර්ශන අයියේ දිගටම කරගෙන යන්න,Happy
අලුත් දවසක අලුත් වීඩියෝව එකක් නියමයි,Happy
ලොකු දෙයක් thanks,Happy
no දෙස likes මොන විහිලුවක්ද මේ,Bad
ලස්සන වැඩසටහනක් බුදු සරණයි නමුත් අපිටම ඉපදිලා ඉන්න අයට අගයක් නෑ,Happy
අදේ බොරු කියන්න එපා බං උදන,Bad
කියපු කතාව ඇත්ත ඒ කුතුහලය තමයි රසවින්දනයත් එක්ක එකතු වෙලා තියෙන්නේ,Happy
මෙයා පවුලක් කඩලා දැම්ම කෙනෙක් නේ,Bad
පවුලම හොඳ බෞද්ධයෝලු හැම පොයදටම සිල් ගන්න අය බෞද්ධයෝ නෙවෙයි,Normal
මූගේ පපුව හොඳ නෑ,Bad
nice ගීතය එකක් කිව්වට වතාවක් අහුවත් එපා වෙන්නේ නෑ වීඩියෝව එකත් මාරයි අහ්,Happy
අයියා hikvision cctv camera ගැන වීඩියෝව එකක් කරන්නකෝ,Normal
නපුංසකයා තොගේ පුකට පේන හනගන්නිග,Bad
ඇයි රාජ සන්තක නොකරන්නේ,Normal
සිත් නිවන කටහඬක් හරිම ලස්සනයි ජය වේවා,Happy
nice අයියා dream එකක් නෙමෙයි target එකක් අයියාගෙනම ඒක හදාගන්නෙත්,Happy
ඔයා interview එකට face කරන ඔයාට හම්බවෙන තැන ගැන දුකයි,Normal
හදවතටම දැනුණා හෙම,Happy
පට්ට පොරක් හරි හොඳ චරිතයක්,Happy
thumbnail එක ඔහොම දාන එක අවුල් වගේ,Bad
අයියේ මම redmi එකෙන් game ගහනකොට slow වෙනවා,Bad
නියමයි අයියේ අපි ඔයත් එක්ක සදහටම,Happy
මල්ලී next time try කරන්නකෝ නංගියාව සතුටු කරන්නකෝ please,Normal
හරි වටිනවා නංගි ඔයාගේ නිහතමානි බව bless you සුභ පතනවා,Happy
උබලට වෙන වැඩ නෑද,Bad
අපේ කසුන් මල්ලියා ඉතාම නිහතමානි කොල්ලනේ ආදරෙයි හැමදාම අපේ ඒ කලාකරුවන්ට,Happy
ඒ පවුල දැක්කමත් ආදරේ හිතෙනවා ජයවේවා ඔක්කොටම,Happy
සින්දු නම් ශෂිකා ශෂිකානම් සින්දු,Happy
ගෝටාබය තමයි ඕන,Normal
ඔබ කාන්තාවන්ට හොඳ බොරු සෝබන නැති පුහු අටෝපා නැති පාඩමක් කියා දුන්නා පිරිමි සියයට අනුවක් ඔයා ජාතිය,Happy
හත්ත යථාර්ථය දැන නැති මිනිස්සු ඔයාට හප්පා කරනවා හැටි හන්ති ඔයා හොවා ගන්න එපා ඔයාගැන ඔයා දන්න තරම් වෙන කවුරුත් දන්නේ,Normal
performance එකට වඩා coach ශෂිකාගේ ලස්සන බලන් හිටියේ,Happy
මේක බලනකොට කවිඳියා අධිකාරිට නම් මොනවා හිතේද,Normal
wow නියමයි මාරම ලස්සනයි lovely කටහඬ,Happy
ලෝකේ කොහෙවත් නැති විදිහට මුන් වෛරය වපුරලා ආර්ථිකය විනාශ කරනවා,Bad
youtube ඇවිත් මේ සින්දුව බලලා යන වෙන කවුරුත් ඉන්නවද මං වගේ,Happy
මිනිහා නළුවෙක් වගේ,Happy
ආයත් අල්ස් ඉවර උන ගමන් jobs කරා කියුවහම මතක් උනේ මතකද තලහේනේ මාලබේ හිටිය කාලයක්,Normal
කවුද unlike කරන බත් කන හරක්,Bad
අයියේ desktop ගැනත් ඔහොම වීඩියෝව එකක් කරන්නදෝ,Normal
මම redmi එකෙන් free fire පැයක් විතර ගහලා තියෙනවා,Normal
වීඩියෝව editing වලට pc එකක් හදන වීඩියෝව එකක්,Normal
ඔයා ගොඩක් බුද්ධිමත්,Happy
පබෝදාව marry කරානම් හොඳයි පව් ඒ දෙන්න වෙන්න උනේ මාර couple එක ඉස්සර,Normal
hiru starට වඩා මේකේ coachesලා දිහා බලන් ඉන්න ආසයි,Happy
මම නම් මේකේ දැක්කේ මේ කතා කරන කෙනා තමන් කරන දේ කරනවා කියලා social media වලින් කියනවා,Normal
කසුන් ගත් තීරණය හරිද වැරදිද කියලා අපි බලමු ඉදිරියේදී,Normal
සදුන් අයියාගේ කටහඬත් ලස්සනයි සින්දුවත් ලස්සනයි,Happy
මෙයාට සල්ලි ලොකු නෑ,Normal
ගස් බල්ලි උබලා වගේ උන් අක්ක එන්න උන්ට මොංගල් එකයි කියන්න තියෙන්නේ මොංගල් ඩයල් එකක් උබ,Bad
coach කසුන්ගේ හද coach ශෂිකාගේ හිනාව,Happy
කොල්ලෝ අපි ඔබත් එක්ක එනවා,Happy
අයියේ lap එක sleep mode එකේම තියන එක හොඳයිද,Normal
අවංකයා බං උබ,Happy
මේ ගීතය උදානි පබසාරත් කිව්වා අහන ඉන්න ආසයි වෙනම මනෝ පාරක් ගහනවා වගේ ලස්සනට කිව්වා මෙයත් ලස්සනට කිව්වා good luck,Happy
ඔයාට ජයම වේවා,Happy
hiru star එකෙන් ලැබුණේ නැතත් මේ පාර නම් උබට ජය bro ත ගන්න ඕන බොක්ක,Happy
අනේ හරිම ලස්සනයි කටහඬ හරිම clear ඔයාට ලොකු අනාගතයක් තියෙනවා ඉස්සරහටම යන්න good luck,Happy
නියමයි iraj ඇත්ත කතා කරනවට,Happy
කටහඬ teen ආදිත්‍යාව මතක් උන අය කො,Happy
හිතට වදෙන ගීතය එකක්,Happy
AMD ද Intel ද හොඳම,Normal
හොඳට මේක බලලා මොලයක් කියලා දෙයක් තියෙනවා නේ,Happy
ඔව් එයා අපුරු මිනිසා හරිම හොඳයි,Happy
ගොඩක් ලස්සනයි මල්ලි,Happy
record එක ඇස්සේ cameraman ප්‍රශ්නයක් අහනවා,Normal
English ගීතය එකක් අහෙනකොට උමාරියාගේ reaction එක කොහොමද,Normal
හොඳ අම්මා කෙනෙක් වගේම හොඳ නිළියක්,Happy
හරි ගියොත් හොඳයි නැත්නම් ලොකු problem එකක් වෙයි,Normal
අනික අය හැරුණේ නැති එක ගැන නම් කෙන්ති,Bad
ගොඩක් වැදගත් මේක SSD එකක් install කරන විදිහ,Happy
කොමද හැඩියාව ගෑණියෙක් නිසා නෙවෙයි,Bad
අඩුවට තියන computer මොනවද,Normal
අනේ ඇත්තටම හරිම ආඩම්බරයි,Happy
ඔබතුමා වගේ රජෙක් තමයි සිංහල දේශයට හරි යන්නේ,Happy
මහින්ද රනිල් මේ ඔක්කොම තම්බියගේ ගු,Bad
ආදරේ කුමාරෙ අක්කා අත කතා කරනවා,Happy
මම හරිම කැමති තැනක ආඩම්බරයි අක්කේ,Happy
පට්ට lose තියෙන කෙල්ලන්ව තෝරාගත්තා,Bad
අයෙෂ්මාව මතක් උනා,Normal
මම Muslim ඔබතුමාට ගොඩක් ගරු කරනවා,Happy
අපේ ගෙදර අය අද hiru star බලනවා,Normal
මහ පොලවේ ගායකයෙක් එක මරු,Happy
මං හිතුවේ කසුන් සීවේ ලැබූ උපන් එකෙක් කියලා,Normal
මට අද නිදි ගන්නකොට අනිවාර්යෙන් build එකක් මැවිලා පේනවා,Happy
ඉවර වෙනකම් බැලුවා වීඩියෝව,Happy
මේ කටහඬ මොන තැනකදී වුණත් හඳුනාගන්න පුළුවන්,Happy
තොට වෙන එකෙක් හිටියේ නැද්ද interview කරන්න unsubscribe කළා,Bad
අපට නම් graphic card එකක් ගන්න සල්ලි නෑ,Bad
මෙකට gcam install කරන විදිහ වීඩියෝව එකක් දාන්න,Normal
කටහඬ teens එකේ අයෙෂ්මා මතක් උනා,Normal
අපි බලන් ඉන්නවා wasthi film එයි කියලා,Happy
යකෝ dislike කරපු කලාකන්නිත් ඉන්නවා,Normal
මෙතරම් වටින භික්ෂුවවත් අපාවත් කරිද දන්නේ නෑ,Normal
coach ශෂිකා මේයාවයි රිද්මිකාවයි battles වලට දාන්න එපා finalට දෙන්න,Happy
අනාගත presenter අයිමේට සුභ පැතුම්,Happy
මට නම් අදුන කෙනෙක්ට හරි හරන්න තිබුණා,Normal
මම ආසම චරිතයක් අදත් ඒ වැඩසටහන අහනවා,Happy
පුළුවන් දෙයක් කරපන් බුද්ධාගමට අගෞරව කරන්න එපා,Bad
ජය වේවා මල්ලි,Happy
දෙවියන් වහන්සේ එවලා තියෙන්නේ,Normal
අම්මෝ ඒ ගැම්ම පට්ට,Happy
උමලි තිලකරත්න අක්කාවත් ගෙනන්න,Normal
අයියේ උබ real legend කෙනෙක්,Happy
අපි උබට support එක දෙන්නවා,Happy
මේ වගේ lip kiss scene එකක් මේ වීඩියෝව එකට ගැලපෙනවද,Bad
timeline performance කොහොමද,Normal
අයියට කවුරු මොනවා කිව්වත් අපි අයියා එක්ක,Happy
අයියා නිසා ගොඩක් දේවල් දැනගත්තා,Happy
අයියේ ඔයා නම් පට්ට,Happy
මේ වගේ අය දිගටම programme එකට ගෙනන්න,Happy
සතුටුයි අද ඔයා ඉන්න තැන,Happy
එයාගේ භාෂාවෙන්ම නියමයි,Happy
හොඳයි මේකෙන් ගත්ත දේ බොහොමයි thank you,Happy
දන්නෙම නෑ මුලු වීඩියෝව එකම බැලුවා,Happy
Samsung phone review එකක් ඕන,Normal
මරු බන් මරු සෙලවෙන්න එපා,Happy
දී දාපු pic එක වැරදිද,Bad
දැනට තිබ්බ සුපිරිම battle එකක්,Happy
අනා බබා ඔයා බය වෙලා කියන්න බෑ,Bad
ලස්සන නම් ඕන නෑ performance තියෙන එකක් තිබ්බොත් ගන්න පුළුවන්,Normal
අම්මෝ මමත් ආදරේ කරන එකක් අතර,Happy
කුමාරි අක්කා නිළියක් වගේ ලස්සනයි,Happy
මම කැමතිම අයියේ ඔයා,Happy
අද මගේ උපන්දිනේ වීඩියෝව එකක් දාලා සතුටු කරා thanks,Happy
Kingsley set වෙන්නේ නෑ මේකට,Bad
මේ clip එක බැලපු වාර ගණන මතක නෑ,Happy
ජාතිය ශ්‍රී ලාංකික කතා කරන භාෂාව සිංහල,Normal
ශෂිකා ඔක්කොම සිංදු ගැන දන්නවා,Happy
අනේ පව් හරි දුකයි,Happy
මම ඔයාගේ කතා කරන style එක පට්ට,Happy
අම්මෝ ඔව්වා හීන තමයි,Bad
admin නිදිද great performance,Happy
ඔබ වහන්සේ කියන්නේ සත්‍යය,Happy
මෙයට කාලේ නැද කටහඬ එකක්,Normal
පොඩි කොල්ලෙක්ත් නෙමෙයි,Happy
ඔබ වහන්සේට තෙරුවන් සරණයි පොඩි හමුදුරුවනේ,Happy
ඔයාල හොඳ කලාට විරුද්ධයි parliament එකට ගැලපෙන්නේ නෑ,Bad
දෙන්නටම තෙරුවන් සරණයි,Happy
ගොඩක් ආදරෙයි නෙහාරා,Happy
Wasthi නැත්තම් ලංකාවේ YouTube නෑ කියන්න බෑ,Bad
අයියේ phone එක hit වෙනවා,Normal
ශෂිකා madam සුපිරි,Happy
notify එක එනකම් හිටියේ,Happy
හම් අනේ කටහඬ අවුල්,Bad
මේහෙම කෙල්ලොත් මේ ලෝකේ ඉන්නවා,Happy
අනේ ඒ අම්මයි තාත්තයි,Happy
bitcoin ගැන වීඩියෝව එකක් නිසා බලුවා,Happy
මේ ගණිත සුරූපී කියුවම මොකද්ද කියන්නේ,Bad
සිංහල වතුර වගේ කතා කරන හොඳ සුදු ජාතිකයෙක්,Happy
මම මුස්ලිම් එකෙක් උනත් ඔබ වහන්සේට මාරම ගරුත්වයක් තියෙන්නේ,Happy
හොඳ තාත්තා කෙනෙක් වගේ,Happy
ජාතිය ලංකාවේ කියනවා අහුවමයි,Normal
මෙයත් සිරිසේන වගේ කියවන ඩයල් එකක්,Bad
ඉඟුරු දීලා මිරිස් ගත්තා වෙයිද,Normal
මේකේ adobe premiere photoshop cubase වගේ install කරලා වැඩ කරන්න පුළුවන්ද,Normal
අනේ චානක ගොඩක් සතුටුයි අපි හොඳ යාලුවෝනේ ඉස්කෝලේ යන කාලේ ඔයාට ගොඩක් love අයියේ බුදු සරණයි,Happy
වෙලාවට නිදාගත්තේ නැත්තේ,Happy
වීඩියෝව අහසට පොළව වගේ bro,Bad
දැන් නම් ඔක්කොම දේශප්‍රේමියෝ අනේ පලයන් බං යන්න තොත් ඒ set එකේම පකෙක් තමයි,Bad
කසුන් හැරීලා ඉද්දිත් පිනක් නෑ,Bad
මරු අද program එක ඔක්කොම එක දිගටම බැලුවා ආසවෙන්,Happy
ගොඩක් useful interview එකක්,Happy
මොකෙක්ද බං මූ ගුගහලා දාමු හෙතන් අතේ මූ හෙන පොරක් කියලා ලහිරු don't waste your time කැමතියි this ideate,Bad
නොදකින් මූසලයා මැරුණත් අපේ ගම්වලට නම් අන්න එපා මේ ගොන් පව්කාරයන්ව,Bad
ගොඩක් ආදරෙයි ශෂිකා madam,Happy
කරි තම්බි මරලා දාන්න ඕන පවුල පිටින් පකයි,Bad
මම හොයා හොයා හිටපු වීඩියෝව,Happy
හුඟාක් කාලයක් ඉඳන් ගෙහන්ගේ interview එකක් බලන්න ආසාවෙන් හිටියේ love you bro,Happy
අයියා editing pc එකක් හදන්න කොච්චර යනවද,Normal
අනේ පව් අක්කා ඔයා දුකයි ආදරෙයි අපි ඔයාට,Happy
නිවේදකයන් නම් වැඩක් නෑ අප්පා,Bad
තමෝද්‍ය අතුරලියට වඩා කොච්චර හොඳයිද,Happy
වචන පැහැදිලි නැහැ වගේ,Bad
අවංක කොල්ලෝ set එක all the best වස්ති,Happy
කුමාරි අක්කේ මමනම් ඔයාට ගොඩක් කැමතියි මම ගොඩක් ආසයි ඔයාගේ සින්දු වලට නෑ අක්කේ ඔයාගේ වැරදක් නෑ වැරදි මේ අපේ මෝඩ මිනිස්සු,Normal
thank you මෙයාව ගෙනාවට පැයක් හිනා උනා දුක කතාවක් අස්සේ උනත්,Happy
මොනවා උනත් හමුදුරුවෝ ඇත්ත කියනවා බුදු සරණයි සාදු සාදු,Happy
කටහඬ දෙකක් තියෙනවා යකෝ මේ කෙල්ලට පට්ට යකෝ,Happy
සිංහලයන්ට ජාතිවාදියෝ කියපු සැමෝම හිර කරලා දාන්න ඕන,Bad
පට්ට අප්පා ඒක,Happy
අම්මෝ music පට්ට,Happy
යකෝ හැම අදහස එකක්ම තියෙන්නේ සින්දුව ගැන නෙමේ admin ගැනනේ,Normal
මෙයත් දෙවෙනි විවාහයක් උනානේ,Normal
ඔයාගේ ජීවිත කතාව අපිත් එක්ක share කරාට thanks හිතුවෙන කට්ටක් කලා ගොඩ ආව කෙනෙක් කියලා මුල මතක නිසා කවදාවත් වැරදින්නෙ නෑ හොඳින් ඉන්න ලහිරු අයියාටත් thanks හොඳට interview කරනවට,Happy
අතීතයට යනවා මේ songs එකේ කටහඬ එකට,Happy
ඒ ගීතය එකෙන්ම කෑවා චෝර හතයි,Bad
පොලවේ පාය ගහපු කාන්තාවක්,Happy
hiru star final ඉන්න set එකට වඩා මේකේ ඉන්න ඔක්කොම වැඩ්ඩෝ,Happy
උමාරියා හැව්ක් පනිනවා වගේ ආදරේ එයාට,Happy
මං ආසම මනුස්සයෙක් දක්ෂයෙක්,Happy
තනියම නැගිටපන් මචං උබට පුළුවන්,Happy
පට්ටම ගීතය එකක් මාර විදිහට විඳින්න පුළුවන්,Happy
අයියේ අනේ මට මෙතුමාව සම්බන්ධ කරගන්න පුළුවන් ක්‍රමයක් කියලා දෙන්න please,Happy
හින්දි සින්දුවකට මෙච්චර සාධාරණයක් කරනවා ලංකාවේ reality තරඟයක දැක්කමයි,Happy
වෙනස් දෙයක් කරපු එක හොඳයි මේ ගීතය ලස්සනයි,Happy
අර ගණිත පිස්සුද අනිත coachලාගේ turning button එක ඔබන්නේ ඇයි එහෙම ඔබනවා නම් ඒ ගණිත ඔබන්න ඕන පිස්සු හුත්තියෙක්නේ,Bad
අක්කි හොඳටම කිව්වා හරිම ලස්සනයි,Happy
සින්දුව හොඳයි එත් වීඩියෝව ගැලපෙන්නේ නෑ සින්දුවේ තේරුමට එකයි මගේ අදහස,Bad
අපේ පැත්තේ පහුගිය කාලේ මරුණු අමාත්‍ය සමාලිංගිකයෙක් හරි ශෝක් කතා සක්කි තියෙනවා,Normal
මොනදේ කළත් තියෙන තුරු ජීවිතේ ඔබ නැතුව මට ඉන්න බැහැ වස්තුවේ,Normal
deep fake වීඩියෝව ඉක්මනට ඕනේ,Normal
දවස තිස්සෙම මේක අහනවා,Normal
මටත් build එකක් කරගන්න ඕන bro ඔයා පට්ටයි,Happy
morning show එක අහනවා මත් ඔක්කොම අක්කිතයි අයියට ගොඩක් ආදරෙයි,Happy
කටහඬේ නම් මරු,Happy
hiru star එකේ හිටියා කියලා මතකයි මට විතරද,Normal
admin අක්කියෝ ඔයා දැන් මරුනේ,Happy
ආරක්ෂක හමුදාවේ රහස් එළියට දෙනවා වැඩි ඇත්ත අපේ හමුදුරුවනේ news එළියට දාන්න බෝම්බ ලොරියක් ආවා කියලා අන්තිමට ලොරියේ බඩු නෑ උන් වෙන එකක දන්න ඇති හ්ම්,Bad
නාගානන්දේ ඉතා හොඳයි නමුත් මිනිස්සු ඡන්දේ දෙන්නේ නෑ,Normal
battle එකේ තේරුවා හොඳම සින්දුව,Happy
වීඩියෝව බලුවේ නෑ ඇහුවා අහ් හද,Happy
මුන්ට පාඩමක් උගන්නන්න ඕන camera උස්සන් හැම මගුලේම රිංගන අරූටත් පිස්සු අශේන්ට කටට වචන දීලා අහන්නේ,Bad
මොකද්ද benchmark කරනවා කියන්නේ,Normal
දන්නෙ නැත්නම් නා කෝකටත් දැනගෙන ඉන්න එක හොඳයි,Happy
මේ පන්නයා කොහෙද ඔයි ltte එකෙන් බඳවාගන්නේ lol,Bad
තෝ ගස් පෝන්නයා දෙස ගන්න interview කරනව මොන හුත්තක්ද බල්ලෝ පෝන්නයා මනියා කියපු කතාව ඇත්ත තොගේම content කරලා හම්බකරපන්,Bad
ඔකක් ගන්න තියා reload එකක්වත් දාගන්න සල්ලි නෑ මේකත් බලන්නේ loan එකක් අරන්,Bad
මේ වගේ අය දිගටම ගන්න,Happy
bns team එකේත් battle එකක් දෙන්නකෝ,Normal
ඇයි out උන කෙනා hold කරගන්න බැරිද වෙන coach කෙනෙකුට ඊයේ වගේ,Normal
මේ වගේ ඒවා tv එකේ පෙන්නන්න ඕන අනේ එතකොට අපේ අම්මලා තාත්තලාටත් බලන්න පුළුවන් නේ,Normal
ශෂිකා අක්කා කියන්නේ මාරම හොඳ ගායකාවක් ආදරෙයි අක්කේ,Happy
සසදා සසදා කියපු කෙනා එක්ක battle වටෙයි වගේ,Happy
ඔබේ තිමියෙද ආදර්ශමත් ජීවිතයට ගරු කරනවා,Happy
හොඳ අයට හැරෙන්නේ වදුරු කුණුහරුප කියන උන්ට හැරෙනවා,Bad
හිතට දැනෙන කතා කරනවා ඔබ වහන්සේ,Happy
උබ මහ ජරා යකෙක් සල්ලි හම්බකරන්න තෝ අම්මවත් විකුණයි,Bad
ඔබ වහන්සේට දිර්ඝායු වේවා,Happy
මං හිතුවට වඩා මේ මහත්තයා ඇත්ත කතා කරනවා කෙලින් කතා කරනවා ඇත්තටම හොඳ මහත්තයෙක්,Happy
build එකට එහා ගියා වෙනම ආතල් එකක්,Happy
ශෂිකා දක්ෂයි දෙන්නම ඒක වගේ දක්ෂයි,Happy
ආදිත්‍ය වගේද බලන්න ආපු උන් කො,Normal
සිංහලයා සිංහලයාට කෙලියේ නැත්තම් අද ජීවත්වෙනවා,Bad
සක්කිලි බල්ලෝ ඉන්නකම් ඇත්ත කතා කරන මිනිස්සුන්ට මේ වගේ දේවල් වෙන්න එක පුදුමයක් නෙවෙයි ගොඩක් දුකයි අතේ මොනවා කරන්නද උඩ ඉන්න දෙවියෝ තමයි බලන්න ඕන,Bad
මේ ටිකම කීයද වෙන්නේ,Normal
හී හරිම කටයි මොකද්ද මේ කොලම් ඔයාලාගේ channel වල මේ විහිලු දාන මිනිස්සු පවල් දාන මගුල ඇයි,Bad
bitcoin mining කරන්න කොච්චර කාල යනවද,Normal
හැම අතින්ම ඔයා success අක්කේ මටත් ගැම්මක් ඔයා මගේ life එකත් ටිකක් ඔයාට සමානයි සුභ පතනවා ඔයාටත් දුවටත් බුදු සරණයි,Happy
යකෝ කුමාරි අක්කා ජනාධිපති හම්බවෙන්නත් යයි වගේ,Normal
දුමින්ද නියම වෙලාවට නිශ්චිතව හිතාගත්තා,Happy
නියම මනුස්සයෙක් අයිශ්වර්යා අක්කාවත් ගෙනන්න අයියේ අයියාව මේහෙම දැකින එක ලැබීමත් සතුටක් සුපිරි මනුස්සයෙක්,Happy
අනේ ලස්සනට කියනවා,Happy
අපේ පැත්තකනම් අහුවෙන්න බුර්කාව ඇඳගෙන ගිහිල්ලා රෙදි ගලවලා යවන්නේ,Bad
හිතට දැනෙන කටහඬක්,Happy
බන්ස් උන් සිංදු අහනවද කියලා හිතෙනවා joke එකක් වගේ,Bad
මගේ පණ ඔයා අර,Happy
සමහර තිරිසන් පිරිමි මේ මනුස්සයට කරලා තියන දේවල්,Bad
හරිම ආදර්ශමත් නිළියක්,Happy
රංජන් කියන්නේ පට්ට සක්කිලියෙක්,Bad
අපිට මේ වගේ build එකක් හීනයක් තමයි,Bad
හොඳ වැඩක් ගන්න පුළුවන් කටහඬ එකක්,Happy
මරු ඔයා බඩු ටික දාලා තව ටිකක් අඩුවට හදන්න පුළුවන්,Normal
කෝ අර parliament එකේ තිබ්බ කතා,Bad
හිත ගියේ band එකටයි දෙයියෝ,Happy
ගෝටා ආවම එහෙම වෙන්නේ නෑ,Normal
කඩු තියගන්නේ සිංහ කොඩියේ කඩුවක් තියෙන නිසා,Normal
අඩෝ කටහඬ පට්ටම බන්,Happy
වල්ගමයෝ සුදානම් වෙන්න එපා,Bad
ඔබ හරි යටම හරි,Normal
යකෝ සිංහලයෝ එකතු වෙලා විසඳුමක් හොයමු,Normal
මේ මොන හුට්ටක්ද මුන් සමාජය දූෂණය කරනවා,Bad
සිය පවුලටම දිර්ඝායු ලැබේවා,Happy
ඔයාට ලොකු accident එකක් උනා නේද,Happy
ලහිරු මහත්තයට ගොඩක් thanks මේ වගේ අදහස් වලට,Happy
ඔයා රඟපාවේ වැරදි විදිහටනේ,Bad
ගොඩක් ලස්සනයි අක්කේ අපේ school එකටත් ආඩම්බරයක්,Happy
ඇත්තටම ඉතා දක්ෂයෙක් අයියේ,Happy
ලහිරු අයියා පට්ට ආදරේ කරන චරිතයක්,Happy
කවුරු බන්නත් අපි නම් බන්නේ නෑ,Happy
නියමයි මාර cute congratulations,Happy
අපි ඔයා එක්ක ඉන්නවා,Happy
හොඳ බණකට සවන දුන්නා වගේ,Happy
මේක මගේත් හීනයක්,Happy
යකෝ අපිත් ශ්‍රී ලංකා නිදහස් පක්ෂයේ නමුත් උබට දෙන්නේ නෑ,Bad
ඇත්තටම නියම අදහස් තියන ගැහැණියක්,Happy
පහත් තැනෙන් යා ගලා ජලේ,Normal
අවුරුදු කතා කලින් මට හිතුන දෙයක්,Normal
නොදකින් විතරක් ලැජ්ජාවක් ගාවිලාවත් නෑ,Bad
අක්කයි නංගි වගේ දෙන්නා,Happy
විශ්ව කියන්නේ රත්තරන් කොල්ලෙක්,Happy
ජාතිය මොකද්ද කියලා අහනවා ලැජ්ජයි,Bad
සිංදුව නම් ලස්සනයි එත් මේ නාකි කටහඬ,Normal
අහ් මේයා නේද පද ගැන දන්නේ නැති තාත්තා,Bad
සම්පූර්ණ කතාව ඇත්ත,Happy
ඉස්සර ඉඳන් මු ගොටාබයට බනින්නවා,Bad
ශෂිකා coachට කැමති ගොඩක්,Happy
මෙයාට හදට Hindi songs කියන්න පුළුවන්,Happy
දෙන්නම ගෙනාවනම් හිතුණා,Happy
කතාව හරි brother,Happy
program එක බලන්න තවත් හේතුවක් coachලා දෙන්නා,Normal
ෂා excellent ඔයාගේ idea,Happy
අනේ ෂෝක් මම ආසම ලස්සන නිළියක්,Happy
මරු නියමයි වැඩේ,Happy
කැමතියි වලට වඩා unlike වැඩි අයියෝ,Bad
එක පට්ට සුපිරි,Happy
තෝ වගේ තප්පහි රෝඩි පක්කෙක්,Bad
ඇයි එහෙම කරේ,Bad
වයස අහුවම වයස ගැන කියන එක,Bad
ගෙහන් අයියා මම හිතුවට වඩා වෙනස්,Happy
unlike දාලා තියෙන අය මහ අකි තම්බින්ට,Bad
උබට වෙන වැඩක් නැත්නම් හන්තානේ ගිහින් වනා සත්තු ගැන වැඩසටහනක් කරපන්,Bad
wow excellent ශෂිකා අක්කි ඔයාගේ කටහඬ,Happy
Etisalat ad එකේ sim එක misplaced කරන scene එකෙන් දැක්ක,Happy
අයියේ Tron trx ගැන වීඩියෝව එකක් කරන්න,Normal
මොකක්ද මේ ad කෙනෙක් හොයනවා කියන්නේ,Normal
යකෝ එක පාරක් ජෝති කලේ,Happy
යකෝ උබාව මරගෙන කන්න ඕන පරයා,Bad
රංජන් රාමනායකට හොඳ පාඩමක්,Normal
මට නම් මාර ලස්සනයි,Happy
මම ආදරේ කරන follow කරන channel එකක්,Happy
මොකක්ද ඒ නම skin colour එක,Happy
පිස්සෙක් කරා මාව ලඟ හිටියා නම් kiss එකක් දෙනවා,Happy
background music එක නියමයි,Happy
පිස්සු හැදෙන singing එකක්,Happy
මුන් නපුංසකයෝ අපේ හමුදුරුවනේ,Bad
ගයියා කොඩිත්තුවක් ගෙනවන්න,Happy
station switch කර කර ඉද්දි ඔයාගේ talk show එක set උනොත් එතනම නවතිනවා,Happy
build එක හොඳයි gaming channel එකේ metro studios ගාව,Happy
අම්මේ රෙද්ද තමයි යකෝ මේ උන්ට,Bad
coachesලා super කියන අය මේ පැත්තට,Happy
අහ් ලස්සනයි coach කසුන්ගේ English ගීතය battle එකෙන් පස්සේ,Happy
අනේ උඹ දඟලනවා වැඩි,Bad
කියන්න වචන නෑ ජීවිතේ ගැන ලොකු කතාවක්,Happy
ගොඩක් ලස්සනයි ගොඩක් ආදරෙයි,Happy
අම්මෝ band එක,Happy
මමත් මේ වගේ හිතාගෙන බලන්න ආසාවෙන් හිටියා,Normal
ආදර්ශමත් චරිත ගෙනන්න කියලා ඉල්ලනවා,Bad
අද Sunday නෑ,Normal
හදවතින්ම ආදරයි මේ කතාව,Happy
ගාන කියාද මේ දවස්වල,Normal
වීඩියෝව එනකම් ඉඳන් බලන් හිටියේ,Happy
උබ නම් කොල්ල ඉන්දියා වටා තමයි හරි යන්නේ,Happy
එයාව ගන්න මගේ team එකේ ඉන්නවා,Happy
ඔයා අයට මිත්‍රී වුණොත් ඔයාගේ ගමන සාර්ථක වෙනවා,Normal
හනේ DDR සෑහෙන්න වටිනවා,Happy
කොල්ලගේ කතාව නම් හොඳයි හැබැයි රාජපක්ෂලා එපා,Normal
telegram group එකක් හදන්න please,Happy
හරිම ලස්සනයි අක්කියෝ good luck,Happy
අනිවාර්යෙන් ශ්‍රී ලංකාවේ miss ශෂිකා නිසංසලා,Happy
මුන්ට කියන්න ඕන යටගිරියෙන් කෑගහන සිංදු,Bad
අපේ college එකේ පොරක් නියම වැඩ්ඩෙක්,Happy
කී පාරක් බලුවාද දන්නේ නෑ තාම බලනවා,Happy
අඩුම නම් අන්තිමයි,Bad
මොකද්ද යකෝ මේ,Bad
business pc build එකක් හදන්න පුළුවන්ද,Normal
පෙරූම් පුරාගන්න කියපු ලස්සන හැම තිස්සේම කනේ පිරලා තියෙන්නේ එක මාරයි,Happy
අයියා පට්ට කතාව ඇත්තටම ඔයාගේ කෙලින් කතාව සමහරු හදවතට දාලා තනිකර බොරුව ඔයා තමයි අපේ ජනප්‍රිය හොඳම නළුවා වගේම හිත හොඳ මනුස්සයෙක් බුදු සරණයි,Happy
ඔයාට ගොඩක් දුර යන්න පුළුවන් මට නම් ගීතය ලස්සනයි,Happy
මීට වඩා බැරි අයත් තේරුණා,Bad
ඔච්චර ගණන් දීලා හදන්නකෝ pc මං නම් second hand අරන් හදන්නේ මං නම් ඔව්වා කරන්නේ නෑ,Bad
හරිම සුන්දරයි ඔබතුමිය respect to you sister,Happy
මම මෙයාව දන්නෙ නෑ ඒත් ලහිරු අයියාගේ එක program එකක්වත් miss කරන නැති නිසා බලුවා බලුවට පස්සේ හිතුණා නොබලුවානම් අපරාදේ කියලා,Happy
ආසම කරන නිහතමානි කලාකරුවෝ දෙන්නෙක් දෙන්නටම ජය hari tv එකේ program වලින් ජීවිතයට ගන්න දේ බොහෝමයි thanks ලහිරු,Happy
කාලෙකින් අහපු දැක්ක හොඳම interview එක සහ හොඳම පුද්ගලයෝ දෙන්නා මාරයි,Happy
මොකද්ද හුත්තෝ මේ ලැට් එක නොදකින්,Bad
ශෂිකා madam මේකට first time buffer එක press කළා එ wisharadලාත් එහෙම කරනවා නම් ලංකාවට බුදුන්ගේම පිහිටයි,Normal
පව් අනේ කෙල්ල අඬා උනා ඉලඟ පාර හොඳට sing කරයි කියලා හිතෙනවා congratulations,Happy
මම ඉදන් විනෝදෙට එකතු කරනවා දැන්ට තියෙනවා,Normal
අනේ අයියේ එක ගොඩක් වටිනවා ඒ කතා බහ,Happy
මොනවා උනත් කසුන්ව තෝරගන්න තිබ්බේ,Normal
පට්ටම පට්ට මොන දේ කළත් තියෙන තුරු ජීවිතේ ඔබම නැතුව මට එන්න බෑ වස්තුවේ,Happy
ඇයි බලන්න ඕන හින්දා youtube එකේ හොයපු තරමක්,Happy
අනිවාර්යෙන්ම හමුදුරුවනේ ඔවුන්ව පන්නලාම දාන්න ඕන අපි මේ පාර අපේ ඡන්දේ පාවිච්චි කරන්නේ හොඳට හිතලා,Normal
ස්තුති ගොඩක් හොඳයි ඔබට ජේසු පිහිටයි,Happy
million ගහමු congratulations pcguide,Happy
වැඩ්ඩෝ වැඩියෙන් කතා කරන්නේ නෑ,Normal
හදවතින්ම සුභ පතනවා අනුෂක ඉදිරි වැඩ සාර්ථක වෙන්න කියලා ඔයාගේ ආදර කතාවත් මගෙ ආදර කතාවත් එක වගේ අන්තිම වචන ටික මගේ හිතට ගොඩක් තදින් වැදුනා මමත් වයස කොල්ලෙක්,Happy
අර වගේ මනුස්සයෙක් ලැබෙන්න පෙර අකුසලක් තිබිලා නිහතමානි නිළියක් ලස්සන හදවතක් ඇති අම්මා ගොඩක් ආදරෙයි තෙරුවන් සරණයි,Happy
million build එකක් කරගන්න ඕන අයියේ ලගදිම,Happy
හරිම ලස්සනයි මල්ලී,Happy
අයෂ්මා තමයි මේ ගීතය එකට හොඳම performance එක දුන්නේ,Normal
මං උබට කියන්නේ legend කෙනෙක්,Happy
අම්මෝ ඒක නම් පිස්සුවක් ඔයි,Happy
ඔබතුමා ආදර්ශමත් තෙරුවන් සරණයි,Happy
අක්කාගේ කටහඬ හරිටම අහෙන්නේ නෑ අයියාගේ කටහඬ එකනම් කන පලෙනවා,Bad
අද පරක්කු උනේ ඇයි අයියේ උදේ ඉඳන් බලන් හිටියේ tech sunday එනකම්,Happy
අද රෑ උනා නේ මම හිතුවේ නැති වෙයි කියලා,Normal
අයියා ඔයාලගේ ගෙවල් හදන්න පුළුවන්ද pc එකක් card වලට,Normal
සඳුන් ඔයාගේ ගීතය නම් නියමයි හැබැයි වීඩියෝව ගීතය එකට match වෙන්නේ නෑනේ,Normal
අනේ බඩ්ඩා පට්ට වෙසි නොදකින් ගණිකාවෝ ගෙනල්ල මේකට පිස්සු වෙසි මේකි සුද්දවන්ති බඩුව වෙසි,Bad
ඔබ අනාගත ජනාධිපති නෙවේ නමුත් මට ඇහුණා ඔබ එතුමාගේ නම කියනවා,Normal
මං ගොඩක් ආදරේ චරිතයක්,Happy
මොනවා නැත්තත් ගප්පියාව අමතක කරේ නෑ,Happy
කවුරුහරි දන්න කෙනෙක් අයියාගේ number එක හොයලා දෙන්නකෝ plz,Normal
පරබල්ල කොහෙද එටිය බල්ලද අලියද ආවාද,Bad
පව් නේද මේ අක්කා අහිංසක මිනිස්සු,Normal
මේ dislike කරලා තියෙන්නේ කවුද,Bad
වැඩියෙන්ම ඉන්න කැමති තැන ජාෆ්නා ද කොළඹ ද ඒ පවුල ඉන්න තැන තමයි හොඳම තැන අනේ මන්දා පොතක පිට කවරෙන් පොත මැනින්න එපා කියලා අහලා තිබ්බට ඇත්තටම අද තමයි තේරුම් ගත්තේ සන්තෝසයි දැන් ඔයා ඉන්න තැන ගැන හදවතින්ම,Happy
හදාපන් සින්දුවක් මට පුළුවන් සුපිරි එකක් දාන්නම්,Happy
ලහිරු උබලා දැන් තමයි වැඩක් කරන්නේ ඉස්සර ගොන් බඩු form කර කර හිටියානේ,Happy
මේ වගේ බඩු ඔක්කොම හොඳයිද අයියේ මං අලුත් එකක් build කරන්න ඉන්නේ ඔයාගේ වීඩියෝව බලගෙන,Happy
මෙයට සල්ලි ගිහිල්ලා තියෙන්නේත් thawhid එකට සල්ලි ගිහිල්ලා තියෙන්නේත් එකම account එකින්ලු,Bad
අනේ ශෝක් හැමදාම පොඩි එක්කෙනා එක්ක build කරන්න,Happy
මගේ age උබ ගැන මං අදයි දැනගත්තේ ජය වේවා බං බොක්ක මත් ටිකක් තඩි එල,Happy
වෙන ගීතය එකක් select කරගන්න තිබ්බ කමක් නෑ ඉලඟ පාර එන්න අයියේ අනිවාර්යෙන්,Normal
කටහඬ teen එකේ අහපු ලස්සනම සින්දුව show නැති පට්ට කොල්ලෙක්,Happy
unlike කරන්නේ වැඩසටහන නෙමෙයි වැඩසටහනට එන කෙනාව නෙමෙයි මේ වගේ ads,Bad
ඉස්සර ආසම ගායකයා ආයත් එපා උනා දැන් උබට ඇයි ආදරේ මම,Happy
අනිත් අය හැරෙන්නේ නැත්තේ කට්ටිය ගානට set වෙලා තියෙනවා ඒ team වලට,Normal
කසුන් ඉන්න set එක මදිද,Normal
මේ ඔක්කොම ප්‍රසිද්ධිය ලබන්න කරන ගොන් නාට්‍ය බං අපේ මෝඩ යක්කුත් ඒවට රවටෙනවා,Bad
මුළු කතාවෙම තියෙන්නේ රාජපක්ෂලාට ගහන එක,Normal
indian වගේ නේ බලද්දි sri lankan නේ බං පට්ට අයියේ,Happy
ශෂිකා miss ඔයා තමයි මගේ හදවතේ ගායකාව කටහඬ භාවනාවක් වගේ,Happy
සබ්බත් නන්දසිරි මහත්තයාම හද,Happy
අම්මෝ ලියත් අබර ජය වේවා bro,Happy
weni කටහඬ teen එකෙන් පස්සේ හිතට වැදුන හොඳම ගීතය,Happy
අල්ල හිටියනම් බෙල්ල කපලා වලල්ල අතට දෙනවා,Bad
කියන්නේ ගෑණුන්ගේ හැලුවා විකුණලා වීඩියෝව හදලා සල්ලි හම්බ කරන බල්ලෙක් උ කොහොමත් දන්නේ උගේ අම්මා හරි විකුණගෙන සල්ලි හොයන්න උ දන්නේ කොහොමද ගෑණියෙක්ට ගරු කරන්න මූසලයා,Bad
coachලා කැමති අය තමයි තෝරගන්නේ වැඩ නෙවෙයි ඉලඟ වටෙට ආපුහම බලගන්න,Normal
බලයට ඇති කැදර කමක් මිසක් මම මේ රාජපක්ෂ වරුන්ගෙන් වෙනයම් දෙයක් දැක්කේ නෑ,Bad
ඇත්ත ඔකට හෙන ගහනවා,Bad
මාර කට්ට කළා තියෙන චරිතයක්,Normal
කසුන් කල්හාර කියන්නේ ඒ කාලේ අපේ hero කෙනෙක්,Happy
ඔයා මේ program එක හොඳට කරනවා හරිම ලස්සනයි,Happy
මේ program එක ඔක්කොම live බලන්න දෙන්නකෝ,Normal
නොදකින් පෝන්න වෙසියේ පුතා,Bad
ඇයි බං උඹලා ශෂිකාගේ අදහස එක edit කරලා bns එක විතරක් full දාන්නේ කොච්චර හොඳ අදහස එකක් දුන්නද ශෂිකා සින්දුවේ මුළු background එකම කිව්වා,Normal
ඔයා කලින් මිනිහෙක් කවදාවත් වැරදිලා නෑ,Happy
රංජා කියන්නේ ගොන්ජා මන්ද බුද්ධිකයෙක් අඟ තිබුණට මොළේ නෑ අනිවාර්යෙන්ම ගොන්ජා සමාව ගත යුතුයි,Bad
කටහඬ teen එකේ battle එක තරම් set නෑ,Bad
අනිත් ඔක්කොම හොඳයි මේක හැමදාම hari tv බල බල ඉන්නේ app එකෙන් කියන එක අයින් කරලා දාන්නකෝ channel එකෙන්,Normal
සාර්ථක මවක් වගේම ඔබ ආදර්ශමත් කාන්තාවක් අක්කේ ඔබට සියලු දෙවි පිහිටයි,Happy
ආදිත්‍යව මතක් කරපු අදහස එකක් නෑනේ ඇයි බං එහෙම,Normal
මම කැමති ඔයා sri lankan කියුවා,Happy
මදු මදාව හෙන බොරුව රඟපෑමක් කරනවා කලයක් ජාතිය විකුණා කලයක් දුක විකුණා දුව විකුණා අර මල්ලී ධනංජය විකුණ ගන්න බැරි උනා,Bad
බොරුවෙන් ජීවත් වෙන උන්ට අද තැනක් නෑ ඇත්තට තැනක් නෑ,Bad
ශෂිකා නිසංසලා නියමයි,Happy
අන්තිමට දාපු music එක මොකක්ද දන්න කෙනෙක් ඉන්නවද,Normal
මම පස් පාරක් බලුවා තවත් මදි,Happy
ඔයා හරි අපි කනට අහෙන කෙනා අපි හිතන මාව ගත්ත විදිහ නතිකොට මේ ඔයාද මේ අරයා නෙද කියන දේට හෙට දොලනය වෙනවා මගේ මතය වැරදි නම් සමාවෙන්න,Happy
මං ආසම චරිත දෙකක්,Happy
වරකාපල කොල්ලෙක් hiru star එකේ හොඳට කිව්වනේ එකෙක්වත් හැරෙයි කියලා හිතුවා අරින්න එපා ජයවේවා,Happy
මම හිතන්නේ කසුන් හැරුණාට පස්සේ තාත්තට ඇඩුණා,Normal
ඔයාගේ අදහසට අපේ උදෙනම කැමතියි එත් ලොකු අවුලක් තියෙනවා,Normal
මල්ලිත් ගොඩක් හිනා උනා නේ හරිම ආදරේ හිතෙනවා,Happy
හරේ යට හරේ අපේ හමුදුරුවනේ මේ වගේ අවාජාතක සක්කෙලෙන්ට ඔහොම තමයි කතා කරන්න ඕන,Happy
කෙලින් කතා කරනවා openly,Happy
පලවෙනි දෙස එක,Happy
නියමයි පුතා කතාව නියමයි,Happy
අහනවනම් මෙන්න බඩු,Happy
අනේ මට නම් හරිම දුකයි පව් හොඳේ,Bad
busser එකට fingerprint දාන්න හොඳද,Normal
මේච්චර serious උනේ කොහොමද හිතුවේ නෑ,Happy
ඔයා හරිම ලස්සනට ගීතය කරා,Happy
මේකේ coachesලා නම් සුපිරි,Happy
නිවේදකයෙක් නැද්ද බන් sirasa එකට,Normal
Iraj එල මචං බය නැතුව යමු,Happy
මට නම් දුක හිතුනා ඉස්සරහට යන්න සහෝ,Normal
තීරණ දෙකම හොඳයි,Happy
ලෝකට පෙන්න කතා කරන්නේ බල්ලට වගේ,Bad
මේක නම් හරිම අසාධාරණයි,Bad
පිටිපලා යන දාක මගේ වටිනාකම ආදරෙයි,Happy
Allah නෙමෙයි අපේ හමුදුරුවනේ ඉන්න තිබ්බේ,Normal
පෙර පින්ම මතුවේවා,Happy
එනකන් බලන් හිටියා වීඩියෝව එකක්,Happy
හැකියාවයි බුද්ධියයි දෙකම තියන කොල්ලෙක්,Happy
Hiru Star නැති කරගත්තා,Normal
තෝ පුක දෙන්නේ නැතුව ගූ කාලා මරියන් කුමාර,Bad
අපේ හමුදුරුවගේ කතාව රන් හා සමානයි,Normal
අනේ අක්කි ඔයාගේ කටහඬ අහන්න ආසයි,Happy
අයියලාගේ shop එක කොහෙද තියෙන්නේ,Normal
ඇත්ත කතා කරන නියම,Happy
subscribe කරපු channel වලින් quality content තියෙන එකක්,Happy
ලංකාවේම එකක් වගේ හිතෙනවා,Normal
නතාශා ඔයාගේ කටහඬ ලස්සනයි,Happy
මට විතරද හිතෙන්නේ දිනිති stefanie ව follow කරනවා කියලා,Normal
ලස්සන අවංක ආදිතර ගැහැණියක්,Happy
නියමයි අයියා සුපිරි build එක,Happy
කියලා වැඩක් නෑ නිළිය ගැන,Bad
hair style එක හරිම කැතයි,Bad
කසුන් අතල් දෙනවා,Happy
විමල් ගොන්ගවංශ කියන්නේ අපේ පාර්ලිමේන්තුවේ ගොනා,Bad
වව් නියමයි ඉන්දියාවටත් හොඳ talent එකක් වෙන්න පුළුවන්,Happy
මේ මොන පිස්සෙක්ද ගෝටාබයට බනින්නේ,Bad
අඩෝ blocka උබ සුපිරි,Happy
වස්ති අක්කා අපි අදත් හිටියා,Happy
පොඩි හමුදුරුවනේ ඔබ වහන්සේගේ අම්මට දිගායු ලැබේවා,Happy
රංජන් හොඳ මනුස්සයෙක් එත් කාලෙන් කාලෙට කතා කරනවා,Normal
චීවරේ දාගෙන මේ සක්කිලි කරන වැඩ,Bad
මාරම නිහතමානී කෙනෙක්,Happy
congratulations ජනිත යමු ඉස්සරහට,Happy
හොඳ වැඩේ රංජන් බල්ලගේ කට තල්ලලා මදි,Bad
මං හිතන්නේ බොරු show නැති හොඳ චරිතයක්,Happy
Ryzen එක දාපු එක අපරාදේ,Bad
ඔයා ගොඩක් බුද්ධිමත් සුභ පැතුම්,Happy
පරම්පරාවටම සපා වේවා හෙන හත ගහපන්,Bad
මේ වගේ ඒවටත් unlike දාන පරයෝ,Bad
ගීතය වගේම visual එකත් ලස්සනයි අක්කි,Happy
please ayeshma shakya ගැන කතා කරාද,Bad
ගොඩක් ලස්සනයි good luck,Happy
අප්‍රියයි උබේ බොරු,Bad
හරිම මිහිරි ලස්සන හඬක්,Happy
ලහිරු ඔයා නම් පට්ට අයියේ,Happy
අයගත් කට වහුවා රිමන් කරලා,Bad
මේ නංගි recording එකක් වගේ කිව්වා,Happy
battle එකෙන් coachලා තේරුම් ගන්න ඕන,Normal
ජොගී කරත් පොර හමදේම ගැන මීටර් එකෙන් ඉන්නවා,Happy
දක්ෂයාට කොහෙත් එකයි,Happy
දිගටම මේ වගේ අය ගෙනන්න,Happy
ඔයා තමයි මං ආසම නිළිය,Happy
අනේ එයා නියමයි,Happy
සිංදුව කාලා මේ වතුර ටික බොන්න,Normal
හමුදුරුවනේ ඔබ වහන්සේගේ කතාව ඇත්ත,Happy
අනේ බන් තේරුමක් නෑ,Bad
එක මාර මොලයක්,Happy
නොවැම්බර් එකේ මේ සිංදුව අහන කට්ටිය කො,Happy
මං අඩුවා යකෝ,Happy
ඔකට ඔහොම වෙලා මදි,Bad
එක නම් මාර ලස්සනයි ඉදිරියට සුභ පැතුම්,Happy
coachලාට වෙන ඇඳුම් නැද්ද,Normal
අපෝ වැඩක් නෑ bro මේ විදිහට ගියොත්,Bad
පට්ටම පට්ටයි සුපිරියට කිව්වා,Happy
එල bro කියන ටික බොක්කෙන්ම කියනවා,Happy
මේ සිංදුවේ වීඩියෝවේ match වීමක් නෑ,Bad
හොඳ දැනුමක් තියනවා,Happy
මන්ස් ටිකක් Sasuke වගේ නේද,Normal
මට නම් මාර දුකයි මෙයාව තේරුම් ගත්තේ නැති එකට,Bad
කියන්න වචන නෑ වැඩසටහන මාරම වැදගත්,Happy
ලංකාවේ music industry එක බාරගන්න new comersලා තමයි මේ අය,Happy
advertisement වැඩි දාලා තියෙනවා,Bad
band එකේ උන් ටික නම් පට්ට,Happy
සිංදුව ලස්සනයි බන් වීඩියෝව ගැලපෙන්නේ නෑ,Normal
ඔබ වැටෙන්න එපා ජය වේවා,Happy
අයියේ pc එකක hard drive එක detected උනම මොකද කරන්නේ,Normal
unlike කරා මොක්කුද,Normal
unlike දාපු ගොබ්බයෝ ටිකක් ඉන්නවා නේද,Bad
මොන මගුලක්ද ඔයි මු කියුවේ,Bad
පට්ට කොල්ලෙක් උබ,Happy
මේ පාර ඉන්න set එකම සුපිරි එකෙක්ට එකක් දෙවෙනි නෑ,Happy
lap එක රත් වෙන එකට මොකක්ද කරන්න ඕන,Normal
ඔබේ කතාව හැමෝටම ආදර්ශයක් thank you very much for you,Happy
එක හොඳ දෙයක් කිව්වා tamilවත් muslimවත් නෙමෙයි problem එක chinese උන් තමයි,Happy
ගරු කරනවා කවුරු උනත් ඇත්ත කියනවා respect,Happy
ලස්සනයි පට්ට හිතට වැදෙනවා නතාශා අක්කේ සුපිරි දැන් තියෙන නහයෙන් අඬන ඒවාට වඩා හොඳයි කටහඬ super,Happy
මම කැමතිම පියතුමා,Happy
අපි ඔබත් එක්ක,Happy
admin නැතුවත් බෑ නේ,Normal
ඇත්තටම ගොඩක් දුක හිතුනා,Happy
භාවනාවක් වගේ app semi final වටෙට යන්න කසුන් coach,Happy
අරි අනේ ලමයා පොඩි කාලේ වෙන කරදරයක් කරගත්තේ මතක නැවගේ,Normal
හරිම ලස්සන කතාව මගේ ජීවිතෙටම අහුව සුපිරිම කතාවක්,Happy
ආසම නිවේදකයෙක් thanks ගෙනාවට,Happy
ඔය මිනිස්සුන්ට දෝෂ කියන්න එපා ඔයාගේ ජීවිතේ අනිත් අයට විහිලුවක් කළේ ඔයයි දැන් ලංකාවට ඇවිත් කරන්න හදන්නේ එකයි,Bad
ඇයි පිපෙන්න පරක්කු උනේ,Normal
උබ තිබ්බ love එක තවත් වැඩි උනා බං much love,Happy
ඔබලාට ලමයි හදන්න බැරි උනාට අපි පාලිද තොපිලට කොන්ද පණ නෑ,Bad
අනේ හරිම ලස්සනයි අක්කි,Happy
අහන්න ඕන හොඳම ප්‍රශ්න ටික හදලා තියෙනවා මහත්තයා එක දිගට කතා කරන වෙලාවට topic එකෙන් පිට පනින අවස්ථාවල නැවත track එකට ගන්න විදිහ නම් ඒ talent එක skill එක නියම නිවේදක ගුණය පෙන්වනවා සුභ පැතුම් ජය වේවා,Happy
පෝන්න ගෝටාට හෙන ගහපන්,Bad
ගොඩක් ආස කරන character එකක් good luck ධනු,Happy
අයියේ shop එක කොහෙද තියෙන්නේ,Normal
අහන්න අහන්න ඇති වෙන්න හරිම ලස්සනයි,Happy
ආදරේ හිතෙනවා dub එකට නම්,Happy
අපේ කම හිතට දැනෙනවා ශෂිකා miss,Happy
battle එක එනකන් බලන් ඉන්නේ චමිලා ගම්පොළ කොල්ලෙක්,Happy
පට්ට ගති හිත ඇදිලා ගියා lt,Happy
ඔබතුමියට තෙරුවන් සරණයි,Happy
ම්ම් ආසාවෙන් බලනවා මෙයාලා වගේ අයගේ interviews well done,Happy
භූමි ඔයා තමයි හරියටම කිව්වේ මේ සමාජේ තියෙන ඇත්තම තත්වේ ඔයා හරි,Happy
මේවා පව් වැඩ අනේ දෙයියනේ රංජන් අයියාට නිදහස දෙන්න,Bad
මේක පුදුම ලංකාවක්,Normal
උ මචං සතුටුයි මල්ලියෝ life is a roller coaster,Happy
මේ සින්දුව කටහඬ teens එකේ චූටි දෙන්නෙක් කිව්වා නේ නියමට,Normal
යක්කෝ අන්තවාදියට අන්තවාදී නොකියවට තොපි තත්ත දේ කියන්නේ,Bad
ඔයානම් හරිම ධෛර්යවන්තයි අක්කි,Happy
කාන්තාවක් වශයෙන් කතා කරන්න දන්නෙත් නැති ජරාවෙන් ගැලවෙන්න හදනවා,Bad
ඔබ ජාතිවාදී දේශද්‍රෝහි කාන්තාවක්,Bad
ගොඩක් හිනා උනා හැමෝටම බුදුසරණයි,Happy
ඔයා ගොඩක් ලස්සනට sing කළා අතහරින්න එපා ඔයා තව හොඳට practice කරන්න next time යන්න වඩා හොඳ singer කෙනෙක් වෙලා nice කටහඬ wish you all the very best,Happy
ඇත්ත හමුදුරුවනේ තෙරුවන් සරණයි,Happy
අනේ මචං හත පනලා හොත බිම අනිච්චා උන් ගෙන් නැතුව තරුණ ජවයක් තියෙන පන ඇති නායකයෙක් ගෙමු බං,Normal
bamps අදහස එක නිසා වෙච්ච දෙයක්,Normal
මදුමදාව ලෝකෙටම බොරුකාරයෙක් කියලා පේනවා එයාගේ අපහසත්මක හිනාවෙන්ම,Bad
අනේ ඔයාගේ මිනිහගේ වැරදි කියලා කියවලා යන්න එපා අක්කේ ඔයා විතරක් නෙවෙයි මගුල කඩුනේ ඔයා පන්දර දරුවා අරගෙන ආපු කතාව අපිට දැන් කතා පාඩම,Bad
බලපන් ගරාදි පියාඹනවා වගේ සින්දු කිව්වත් ඒ හින්දා කුමාරිට කාලේ tv program වලටත් invite කරනවා නළුවකට වඩා ප්‍රසිද්ධයි,Bad
අනේ අයියේ අනිත් කෙනත් ගන්න දිස්නා අක්කාවත් ගන්න,Happy
කවුරු මොනවා කිව්වත් සින්දුව ලස්සනයි වීඩියෝව ගැලපෙනවා තේරෙන උන්ට තේරෙයි,Happy
කසුන් හරියට හැරෙන්න,Normal
sir කසුන් ඔයා නම් මාරයි අනේ,Happy
ගීතය නම් එල එල එල,Happy
ඉරාජ් ඇත්ත කියනවා,Happy
දිපානිට හොඳටම පිස්සු යකෝ උගත් මිනිස්සු මිනි මරනවාද,Bad
ඉවර වෙනකන්ම බැලුවා නියමයි,Happy
මේ අක්කාව නායකයා කරමු please,Normal
අපිත් sid sriram කෙනෙක් ඉන්නවා කියලා හිතුවේ මට,Happy
උබ මගේ එකා බං,Happy
radio එකෙන් ඇහුවා වගේ,Happy
මොකද්ද මේ වගේ එකෙක් ගෙනාවෙ,Bad
නිකමට බලුවේ ඇත්තටම වාසි කොල්ලෙක්,Happy
මේ සින්දුව කිපාරක් අහුවත් ඇතිවෙන්නේ නෑ පිස්සුවෙන් තාමත් අහනවා,Happy
කෙලින් කතාව ගොඩක් අගය කරනවා හැබැයි,Happy
කලාකරුවෙක් කරන්න ඕන මෙක තමයි ගීතයකින් හෝ වීඩියෝව එකකින් මිනිසුන්ට පණිවිඩයක් දෙන්න ඕන සම්ප්‍රදායිකත්වයෙන් මිදිලා වැඩ කරනවට කෙලින් කතා කරනවට මං ගොඩක් ගරු කරනවා,Happy
ඇඟ හිරිවටෙනවා අහන ඉද්දී superb,Happy
දැන් සන්තුෂ් අහලා button එක ඔබන්නේ,Normal
ලංකාවේ පිරිමි පොරවල් වෙනවා මොකක්හරි කට කපෙන මොනවහරි කෙල්ලෙක්ට කිව්වම ගැණුන්ට හපන් ලංකාවේ පිරිමි,Bad
මෙතන වැරැද්ද මේ singerගේ නෙමෙයි simple ගීතයේ haha අයියෝ වැඩක් නෑ බං,Bad
තෝ මෝඩයෙක් හින්දා දෙවියෝ තෝ කියන දේ අහන්නේ නෑ දෙවියෙක් නෑ බං,Bad
මෙයට තියෙන තරහා එයාට ජනාධිපති වෙන්න chance එක දුන්නේ නැති එකයි මෙයා හැමතීසම කිව්වා ඉලඟ ජනාධිපති වෙන්නේ රෙද්දයි බනිමින් ඉන්න එකෙක් කියලා,Normal
නාගානන්ද ඒ අර t එක්ක බලද්දි අහසයි පොළවයි වගේ ඔබගේ ඉදිරි වැඩ කටයුතු සාර්ථක වේවා තෙරුවන් සරණයි,Happy
දෙවියන් වහන්සේ කියවොත් මුන් ඕන අපරාධයක් කරයි,Bad
මේ set එකම superstar වෙලා ඉවරයි,Happy
දැන් පාරක් විතර බලුවා හරිම ලස්සනයි,Happy
අර කෙල්ලට වඩා මෙයා කොච්චර හොඳද පව් අනේ,Normal
හෙන ගහනවා නේ අරගෙන පිස්සු නටනවට,Bad
අම්මෝ අක්කේ ඔයාට ආදරෙයි පලන්න අර පෝන්නයගෙන් අයින් උන එක ගොඩක් හොඳයි උම්මා,Happy
අපරාදේ කසුන් ඇයි ඔයා හැරුණේ නැත්තේ මම බලගෙන හිටියේ ඔයා දෙන් හැරෙයි කියලා අපරාදේ ඔයා අහිමි කරගත්තා වටිනා කෙනෙක්,Bad
අලා විරාජ් අලා උනා attack කතාකරලා,Happy
මු කොල්ලෝ ජරයෙක්ද නපුංසකයෙක්ද,Normal
අපිත් radio අහන්න පුරුදු උනේ අර නිසා good job,Happy
අනේ තෝ කියන හැම කුප්ප කතාවක්ම ඔප්පු කරන්න ඉත්තෝ කියලා හිතුවද තෝ කියන ඒවා තෝ ඔප්පු කරපන් එතකොට එහෙම නැත්නම් නෑ කියලා ඔප්පු කරයි ගොන් ආතල් දෙන්න එපා,Bad
ලහිරු අයියේ ජීවන් කුමාරතුංග sir ව ගෙන්න පුළුවන්ද,Normal
කෙල්ලගේ youtube channel එක මොකද්ද බං,Normal
හරිට සිල්වත් හමුදුරුවරු කෝප වෙන්නේ නෑ,Bad
උමාරියා කෝර තියෙන ඉරිසියාවට හැරුණේත් නෑ මොකුත් කිව්වෙත් නෑ,Bad
ඇයි සිවතුරන් bro bns යන්න එපා කියද්දිත් කසුන්ව choose කරේ,Normal
ජේසු පිහිටයි ඔබතුමාට,Happy
ලස්සනයි good luck අක්කි,Happy
thank you අයියේ මේක ගොඩක් වටිනවා,Happy
unlike දාපු සේරම කිසිම ජාතියක් නැති කලවන් උන් අපේ හමුදුරුවනේ,Bad
ඔය music එකේ නම මොකක්ද අයියේ,Happy
ඔයා කියන තරම් විදිහට දේශයට ආදරේ කරන කෙනෙක් ආවොත් හොඳයි නැත්නම් පචචා,Normal
ඇත්තටම මෙයා හරිම හොඳ කෙනෙක් කතාව හරිම වැදගත්,Happy
ඒ කාලේ ඉඳන්ම Wasthi වීඩියෝව බලනවා,Happy
ඇත්තමයි මම සතුටුයි ඔයා ගැන ජය වේවා,Happy
අයියේ description එකේ gain කියලා දාලා තියෙන්නේ,Normal
මහානීය චරිත තමයි ගැණවිය යුතු කට්ටියට සෑමවිටම ආදර්ශයක්,Happy
මේ වේශ මාරු කරලා මොකෝ මිනිස්සු සිංදු කියන්න එන්නේ විහිලුවක්,Happy
වීඩියෝව සම්පූර්ණයෙන් බලලා බනින කුහක කට්ටියක් ඉන්නවා ලංකාවේ,Bad
රාජන් ඉක්මනින් ආයෙත් එන්න ලැබේවා,Happy
අපේ අය සිංහල කතා කරන්නේ වචන දෙකයි English වචන ටිකයි දානවා,Happy
ඔක්කොම ඔයා phone මගුල නිසයි,Bad
සිංදුවේ වේගය කොහොමද පදිල්ල අයියේ,Normal
මෙච්චර දෙස තියෙද්දි Hiru Star trending උනේ කියන එක,Normal
දැම්ම ගමන් ආවා වගේ,Happy
පේන හැටියට brand එක හොඳයි,Happy
හරිම ආසාවෙන් මුල ඉඳන් අගටම බැලුවා,Happy
ඔක්කොම එක එක අදහස දාලා තියෙනවා,Normal
අපිටත් PC එකක් හදාගන්න තිබ්බානම්,Bad
එකනම් ඇත්තටම පට්ට ලස්සනයි මේ boy,Happy
පාරකට වඩා ඇහුවා තාමත් අහනවා,Happy
එකෙන්ම කෙලින් කතා කරනවා,Happy
පලවෙනි වතාවට සිංදුව අහන,Normal
සිය පාරක් විතර බැලුවා ඔයි,Happy
මට ආසම නිවේදකයෙක්,Normal
මම ගොඩක් ආඩම්බර වෙනවා නෙහාරා ගැන,Happy
තොපිට හන ගහනවා යකෝ,Bad
පස්සේ කියන එක ලස්සනයි,Happy
අනේ පලයන් යන්න,Bad
අනේ මේ පලි ගැනීම කවදා ඉවර වෙයිද,Bad
අයියේ giveaway එකක් දෙන්න බැ,Normal
අපිටත් සල්ලි තිබ්බානම් ගන්න තිබ්බා,Bad
සංජීවනි teacher ඔයා ලස්සනයි,Happy
මාර ලස්සනයි නංගි ඔයාට හොඳ future එකක් තියෙනවා,Happy
ඔයාට වරදිනේ නෑ අක්කියෝ,Happy
මේක නම් නියමයි සුපිරි කියන්න වචන නෑ,Happy
නියම කතාව වැල්ගම ඔයා නම් නියමයි,Happy
කාගේ දරුවෝද හුත්ත මේ,Bad
hari tv මදිං පැනින්න එපා,Bad
ගොඩක් හොඳ අම්මා කෙනෙක්,Happy
මිල කොහොමද අයියේ full build එකට,Normal
වීඩියෝව එකක් එනකම් බලන් හිටියේ,Happy
අම්මා නිළියක් වෙන්න ඕන නෑ හොඳ අම්මා වෙන්න ඕන,Normal
මු යන්නේ නැති තැනක් නෑ,Bad
අද තමයි ගොඩක් දේවල් ගැන දැනගත්තේ,Normal
අම්බෝ මේකේ සුපිරි,Happy
සිංදුවට වඩා පට්ට මුලින් ad එක,Bad
review Sri Lanka ගැන කිව්වේ නෑනේ,Bad
ඔයා බොරු කටහඬ වලට නොයන්න,Bad
coach ශෂිකගේ සම්පූර්ණ අදහස එකම දාලා නෑ,Normal
Muslim උන් වැඩකරන දෙමළු නටවන නායකයෙක් ඕන ගෝටා තමයි හොඳම,Happy
හොරු අතරේ හොඳම හොරයා තමයි,Bad
දැන් උබලට සපද තම්බි burka තහනම් කරපු එකට,Bad
hair style එකට මං ආසයි,Happy
මෙයා හරිම බුද්ධිමත්,Happy
Microsoft Mesh කියන්නේ මොකක්ද,Normal
එකෙන්ම සිරා කතාව,Happy
වැඩසටහන YouTube එකේ දැක්ක,Happy
ඔහොම කියන වැල්ගම ගෝටා දිනුවට පස්සේ බලමු,Normal
මුව පෙන්න්න බැ මට ලොකු dial එකක් වගේ,Bad
මට නම් කටහඬ fall එකක්,Bad
skip නොකර බලපු එකම වීඩියෝව,Happy
ජය වේවා අයියේ ජය ගමු,Happy
සුදුසු ගෝටාබය රාජපක්ෂ පමණයි,Normal
බුද්ධිමත් රූමත් උගත් ශක්තිමත් චරිතයක්,Happy
හොඳ දැනුමක් තියෙනවා,Happy
good luck ආදිත්‍ය පුතේ අපි ඉතාලියෙන්,Happy
කවුද මේ සිංදුව දාපු එකා,Bad
ඇත්තම කිව්වොත් පට්ට,Happy
කිසිම ගැමක් නැතුවම කිව්වා,Happy
alien scene එකේ ඉන්නේ set එක,Normal
English ගීතය එකක් කිව්වනම්,Normal
මං ආසයි ගොඩක් බුමි අක්කට,Happy
සුපිරි චරිතයක් blocks,Happy
මේ සතිශ දෙවෙනි ඉනිමේ අක්ෂා රොෂෙල් වගේ නේද,Happy
පට්ට අනේ දෙන්නම,Happy
ඔබ වහන්සේ ඇත්ත කතා කරනවා,Bad
යොහානි මොකද මේකේ කරන්නේ,Normal
මොකද බන් මේ නිවේදකයා,Bad
ස්තුති කරන්න ඕන මේ ගැහැණියට,Happy
කියවෙන පාර දන්නේ නෑ මම බලන්නේ,Happy
visual එක තිබ්බත් audio එක හොඳයි,Happy
දුවට තියෙන ආදරේ අම්මා,Happy
මේ සිංදුව හරි ලස්සනයි,Happy
මාරම ලස්සන කටහඬ එකක්,Happy
අනේ පොඩි pc guideත් ඉන්නවා,Happy
ටිකක් හම්බවෙලා කතා කරන්න තියනවානම්,Happy
ලහිරු ඔයාගේ වැඩසටහන හොඳයි,Normal
කසුන් ඉන්නවද මේ judge board එකේ,Normal
මම ආසම චරිතයක්,Happy
නියමයි අයියා thanks ඔයා කියලා දෙන දේවල් වලට,Happy
ශෂිකා වගේම ඒ ලමයාත් මරු wow හරිම ලස්සනයි,Happy
පොලිස් uniform එකට චාටර් කරන්න එපා උබේ අම්ම ගනින් ඔකට තොපි තමයි ලංකාව කන්නේ,Bad
සුපිරි කොල්ලෙක් ජය වේවා,Happy
මුන්ගේ set එකම එක වගේ ගොඨයෝ ටිකක් ඒ නිසා අපිට නම් උබලා set එකම පිළිකුලයි,Bad
coach ශෂිකා හරිම විනීතයි අනෙත් අයට වඩා,Happy
ඇත්තටම හරිම ලස්සනයි කතාව අහන්න ඉන්න ආසයි,Happy
redmi customer care එක නම් අන්තිමයි colpetty වල තියෙන,Bad
ආසම radio එක දුක හිතුනා සතුටුයි තමා,Happy
සරලව අපිට අපේකම හා සංහිඳියාව ගැන හොඳ දෙයක් කිව්වා ඔබට සුභ අනාගතයක් හිත හොඳ කොල්ලෙක්,Happy
start එක කරගෙන යනවා පස්සේ වැඩසටහන් කරනවා අවුලක් නෑ හොඳයි මොනවා උනත් smart පොරක්,Happy
මෙච්චර කාලයකට අහපු ලස්සනම interview එක මේකට කටහඬ විතරක් තිබ්බනම් හොඳයි කියලා හිතුනා,Happy
මෙයත් නියම නළුවෙක් තමයි ලංකාවේ නීතිය සෙවොත්ම එකයි සමහරු කරපු වැඩ තමයි රංජා කියන්නේ,Bad
එයාට නම් ආදරෙත් හිතුනා,Happy
මිනිස්සු දැන්වත් හිතන්න අපේ මහ එවුන් ටික අපේ දරුවන්ව බිලි දෙනවා සක්කිලි හෙත්ත එලවමු,Bad
interesting තව ටිකක් වීඩියෝව බලන්න තිබුණා නම් කියලා හිතුනා,Happy
ප්‍ර ගෝටා පාර සක්කිලි රාජපක්ෂලා හෙනම ගහනවා උන්ට පාර හතයි,Bad
තව තව ලෝකයේ ඔබ වජබේවා කවදා හරි මගේ ඇස් ඉදිරිපිට ඔබතුමිය දැකගන්න ලැබුණොත් ඔයාට මම කකුල් දෙක අල්ලලා වදිනවා අම්මා පල්ලයි,Happy
මාරම මාරම සුපිරි අයියා all the best,Happy
අර කොතනද vocally or visually we are there,Happy
ඔබතුමාගේ වැඩසටහන් මම බලනවා ඉතාමත් අගය කරමි ජීවිතය ඇත්ත වශයෙන්ම වෙනස් වෙනවා ඒ වගේම ඔබට තවත් දෙවියන් වහන්සේගේ ශක්තිය දහිරිය ලැබේවා ඔබටත් thanks god bless you,Happy
අයියේ මෙතන වැරදිලා rtx එකට gtx කියලා කියන්නේ ඔයා,Bad
මේ කරපු හෙන හතක් ගහන වැඩේට එකතු උනු බල්ලු හතිකාරෙම හැදි ගා වෙලා යන්න ඕන පව් යකෝ මේ දේවල් කරන්න හොඳ නෑ,Bad
ශතිෂා ශෂිකා නියමයි ශතිෂා ඔයාට සුභ පතනවා ආදරෙයි ගොඩාක්,Happy
පිස්සුවෙන් වගේ තවමත් අහනවා පපුවටම වැදෙනවා එක පට්ට හැකියාවක් එකනොව,Happy
මේකට මේ දාලා තියෙන music එක අයින් කරන්න කොහොමද අහගෙන ඉන්නෙ,Bad
පෙන්න්න බැරි කෙනෙක් අලි ඔලුව එයාට වඩා කෙනෙක් නෑ වගේ ඉන්නේ husbandට කිසි ගරුත්වයක් නැති කෙනෙක්,Bad
පල පල පෝන්නයා එක තමයි පළවෙනි අන්තවාදියා,Bad
මු සිරාවටම කලක් ගහල ආවෙලා තියෙන්නේ dance එක,Normal
කතාවෙන් තේරෙනවා සමාජය ගැන හොඳම අවබෝධයක් තියෙන පුද්ගලයෙක් බව ජය වේවා,Happy
අයියා මහසොන් බලකාය තමා තියෙනවාද අපිත් ඕන දෙකට එනවා,Happy
ඔන්න st දෙස එක මගෙන්,Happy
අම්මෝ මේ ගීතය අහුවම පිස්සු හැදෙනවා,Happy
යකුනේ ලැජ්ජාවෙන්න මේ ගෑණිගේ වීඩියෝව විකුණගෙන කනවට,Bad
wow what a කටහඬ පරණ මතකයන් ගොඩක් අරන් ගියා අක්කි ඔයාගේ කටහඬ,Happy
අම්මෝ කසුන්ගේ මනමාල හිනාව,Happy
original ගීතයෙන් පස්සේ අහුව ලස්සනම එක මේක,Happy
අයියා මේකේ monitor keyboard mouse ඇතුළු කීයද වෙන්නේ,Normal
අනේ මේ යකා ලංකාවේ නෙමේ වෙන්න ඇති ගෝටා එන්න ඉස්සෙල්ල උන්නේ,Bad
coach කසුන්ගේ කටහඬ එකට ගොඩක් සමානයි අනේ හරිම ලස්සනයි,Happy
මෙච්චර ads දාන්න එපා යකෝ එපා වෙනවා,Bad
ඇත්ත අපේ හමුදුරුවනේ උ නළු බට්ටෙක් වගේ හැසිරෙන්නේ දැන් උන්ට ආගමක් තියෙන්න අපේ හමුදුරුවනේ අවසානයේ සපයි උන්ට,Bad
නිහතමානි නිදහස් අදහස්,Happy
ආදරණීය මවක් ඔබතුමිය,Happy
ම්ම් ආසම ඒ හිනාවට,Happy
රංජන්ට කරපු අපරාදෙට කරපු උන්ට හෙනම ගහනවා ඔබතුමට ස්තූතියි රංජන් ගැන කතා කළට පලි ගැනීම මේවා රංජන් ඔබතුමට බුදු සරණයි,Bad
උමාරියා හැරෙන්න කලින් කසුන්ගෙන් අහන්නේ,Normal
වැඩ්ඩෙක් no words to say,Happy
උත්තර නම් මරු ඇත්තම ගින්දර වගේ මරු අක්කි,Happy
හරිම සතුටුයි මේ වගේ දක්ෂයෝ ලංකාවේ ඉන්න එක ගැන හරිම ආඩම්බරයි,Happy
මුහුණේ තියෙන්නේ තණහාවක තරම,Bad
රංජන් පුක නොදී ඉඳපන් කෙරිය,Bad
ඔබගේ චරිතය හොඳයිද ඔබයි උන්ගයි කිසිම වෙනසක් නෑ,Bad
unlike කරපු උන් තමයි අපිට කෙලවන උන්,Bad
beautiful ගීතය guitar එක play කරපු විදිහත් නියමයි,Happy
ඔයාට පොඩි හමුදුරුවෝ වටිනාකමක් දුන්නා,Normal
අනේ පලයන් බං නෙහාරා අක්කා උබ බබා එකෙන්ම injection ගහලා තමයි උබ සුදු වෙලා ඉන්නේ,Bad
අදහස වලට කැමතියි දාන්නේ ඇයිද,Happy
කීපාරක් නම් බලුවාද අපාවෙන්නෙ නෑ,Happy
ආයෙත් වස්ති අයියාව ගෙනන්න,Happy
මගේ mac එකේ screen එක වැඩ නෑ contact කරගන්න විදිහක් නැද්ද pc guide,Normal
හරිම ලස්සනයි well done,Happy
පිස්සෙක් ගොන්නෙක් පණ්ඩිතෙක් අහංකාර බල්ලෙක්,Bad
හැමෝටම එකම අදහස එක දාලා කම්මැලිකම එතනත් adminගේ,Bad
international යන්න පුළුවන් කටහඬ ටිකක් තියෙනවා,Happy
ඔබතුමියට සහ දුවට තෙරුවන් සරණයි,Happy
මම බලපු දෙවනි වීඩියෝව ඔයා ලංකාවේ සමාජයට වටිනාකමක් දෙන කෙනෙක් ඔයාට සුභ පතනවා,Happy
අයියේ මට gaming machine එකක් හදාගන්න ඕන,Normal
කාද මේ චී මේහෙම අය එක්ක මිනිස්සු යනවද අප්පා චී,Bad
මුගේ ඒවා ඉස්සරහට trending එන scene එකක් තියෙනවා,Happy
භූමි ආදරෙයි අපි ඔබට ගරු කරනවා,Happy
සංසාරෙන් සංසාරයට ගෙනියන දක්ෂතාවයක් ජය වේවා,Happy
ඔයා කියපු කතා හරි,Happy
band එකත් චුට්ටක් පෙන්නන්නද,Normal
හරිම මිහිරි කටහඬක් තියෙන්නේ,Happy
ඔබතුමාගේ කෙලින් කතාවට මම හරි කැමති,Happy
hi mick well done i am very happy and very proud of you බොහොම පින් thanks hari tv sri lankans should follow that,Happy
hiru star ආවා වගේ මතකයි,Normal
අනේ බං හිතන් මේට වඩා බණ කියලා ආවේ හැම පකයම එකයි,Bad
අන්තිම ටිකට නම් ඇදුනා කඳුළු ආවෙ නැති එක විතරයි,Happy
pc එහෙම මිලදී ගන්න පුළුවන්ද ඔයාලගෙන්,Normal
මු පාරේ වෙසියේ පුතා මු හදට rocket අරල මහජනයගේ සල්ලි විනාශ කළා,Bad
හැරෙනකොටම බුහ් කියන්න තිබ්බේ,Normal
ආඩම්බරයි ඇත්තටම ආඩම්බරයි සමහර ලොකු ලොකු english කතා කරන සිංහලයන්ට වඩා ගොඩක් හොඳයි,Happy
කිසිම තේරුමක් නැති කිසිම රසයක් නැති හරයක් නැති මල ජරාව හෙළුවා market කරලා කරනවා disgusting sad,Bad
මං ඔයාගේ දිය සුළිය බලුවා එක ලස්සන රඟ පෑමට මං තාමත් ආදරෙයි ඔයා ඉතාම හොඳ පොලවේ පාය ගහලා එන්න කෙනෙක්,Happy
මේක වීඩියෝව editing වලට හරිද,Normal
ආයෙත් උබට හංගන්න දෙයක් නෑ හංගපු සේරම මුලු ලෝකෙම දැනගත්තා back side baba ඔයා පව්,Bad
අයියා කිව්වේ hari tv channel ඇවිත් youtube කවලා මහන්සි වෙලා ගොඩ එන්න හිතන් වැඩ කරන කෙනාට තැනක් නැති උනා,Normal
කවුද ඒ බල්ලට ගහපු කරි බල්ල,Bad
පටන් ගන්නකොටම ගොඩක් උච්ච ස්වරයෙන් උනු නිසා අඩුපාඩු උනා මම හිතන්නේ සහ තව ටිකක් soft උනානම් ලස්සනයි ටිකක් අමුයි වගේ කටහඬ එත් හොඳ උත්සාහයක්,Bad
coach කසුන් නිසා trending වෙයි කියන අය කොයි බලන්න,Happy
redmi එකට emui update එක ආවාද,Normal
මේකයි මෙයාගේ ඒවා විතරයි සංස්කරණය කරලා තියෙන්නේ,Bad
ජව සම්පන්න කො තමා ජවය පෙන්නලා නෑ,Bad
ඇත්තටම ලස්සනයි great program,Happy
අනිවාර්යෙන්ම අපේ හමුදුරුවනේ,Normal
AMD වල cores threads වැඩි නේ ඇයි Intel තෝර ගත්තේ,Normal
අනේ මෙහෙමත් තිරිසන් ගෑණු,Bad
මම school යන කාලේ bomb blast අහලා තමයි යන්නේ,Happy
ලියත්ඹර ගීතය නම් පට්ට,Happy
මං මේ Hari TV program එකක් බලුවා,Happy
ඔයා නම් ෂෝක් අක්කි,Happy
අනේ බබා දැන් තූ විතරක්,Bad
මම ආස කරන ගීතය එකක් වගේම singer කෙනෙක්,Happy
ඔබ වහන්සේට බුදුසරණයි,Happy
මේ මොන හුට්ටෙක්ද,Bad
අඩෝ පට්ට නේ මේක trending ගමු,Happy
ඔබ හරි අපුරු මනුස්සයෙක් මහත්මයා,Happy
අයියෝ අයියා මොකක්ද මේ visual එක,Bad
පට්ට මේ වගේ build එකක් කරන්න ආසයි,Happy
Google map එකක් බලන්න බැ,Bad
අර්ජුන රුකන්තා අයියාද මගේ ආසම ගායකයා,Happy
අයගේ කොණ්ඩේ ලස්සනයි,Happy
මේ පාර එන්න ජැජ්ලා කට්ටියන් සුපිරි,Happy
Iraj එල කොල්ලෙක් කියලා හිතෙනවා,Happy
සුපිරි එල එල හොදියේ,Happy
කටහඬ කසුන්ගෙන් ආවෙ නැත්නම්,Happy
නියමයි හැමදාම happy එකේ ඉන්න ඕන,Happy
නියමයි අහන් ඉන්න ආස හිතුනා,Happy
Hiru Star තව ආව නෑ මෙයා ලස්සනට කියවා,Normal
coachලාගේ hair style ටික කොහොමද,Normal
අයියේ මට rog build එකට parts වල මිල දැනගන්න පුළුවන්ද,Normal
ඔබතුමාට පමණයි අපේ මවුබිම බේරගන්න පුළුවන්,Happy
අක්කි මං ගොඩක් ආසයි ඔයාට,Happy
හැමෝම ආදරේ කරන කෙනෙක් වෙන්න වාසනාවන්තයි,Happy
මට කතාකරන කෙනාගේ number එක අවශ්‍යයි,Normal
හොඳටම කිව්වා මේට වඩා out pitch sing කරපු අයට,Bad
හරි සිංහල වචන ටික කටට හුරුයි,Normal
ජීවිතේ ලොකු දැනුමක් හම්බ උනා thanks අයියේ,Happy
මෙයා Hiru Star එකේ කලින් හිටියා වගේ මතකයි,Normal
ඇත්ත ඇති සතින් කතා කල විවාහය ගැහැණියකට අත්‍යවශ්‍යයි,Happy
coach කසුන් click කරද්දී හිනා උනා,Happy
අපේ ශ්‍රියා ගෝෂාල් ශෂිකා miss තමයි,Happy
ජනගහනයේ විනාශයේ ආරම්භය අධර්මය,Normal
brother මට ඔයාව contact කරගන්න පුළුවන්ද,Happy
Redmi එකේ signal අවුලක් තියෙනවද අයියේ,Normal
ඔයා කිසිදා පාඩමක් ඉගෙන ගන්නෙ නෑ,Bad
අනේ නියමයි best ශෂිකා දෙන්නම දක්ෂයි,Happy
දැන් ඉන්න හමුදුරුවන්ට කරුණාවත් නෑ,Bad
අනික් battle වල steal chance නැද්ද,Normal
මුන් කරන්නේ සල්ලි හොයන එක විතරයි,Bad
ආඩම්බරයි බන් නුවර ගැන සිංහලකම ගැන,Happy
පට්ටම වීඩියෝව නියමයි,Happy
රොහිත දිගු ගමනක් යන්න සුභ පැතුම්,Happy
අපේ හමුදුරුවෝ කියන කතාව හරි,Happy
ලහිරු නියමයි වැඩේ,Happy
ලහිරු ඔයා රත්තරන් කෙනෙක්,Happy
මේ channel එකේ interview එක ඉවර වෙනකම් බැලුවා,Happy
සිංදුවට set visual එකක් දැක්ක කාලෙකින්,Happy
නෙහාරා ලහිරුට සල්ලි දීලා program එකට ආව වගේ,Bad
ගන්න හිතුනා ගාන වැඩි නිසා අත අරලා දැම්මා,Normal
Wasthi නැත්තම් අද productions එන්න කාලයක් යනවා,Happy
ඔයා ඔයාගේ අම්මට ආදරේ නම් cigarette බොන එක නවත්තන්න,Bad
වැඩසටහනේ නමට සිංහල නමක් දාන්න,Bad
ගෙන මාර ආදරයක් හිතෙනවා හොඳ inspiration එකක්,Happy
අනේ ලස්සන නංගි කෙනෙක්,Happy
Garfield ඔයා හොර ගෙඩිය,Normal
ඇත්තටම ලස්සන ගීතය එකක්,Happy
good boy පට්ට පොරක්,Happy
මෙයා කතා කරන දේවල් අහන්න ගොඩක් ආසයි,Happy
අයියේ poco x එකත් වීඩියෝව එකක් කරන්න,Normal
ගීතය ලස්සනයි අයියේ එත් වීඩියෝව නම් අවුල්,Normal
Chanux bro පව් බන්,Bad
Sadun අයියා ඔයා මොන හුට්ටක්ද කරේ,Bad
අම්මියෝ මේයාගේ වචන වල තියෙන ගැඩ,Bad
වෙන කිසිම අවුලක් නෑ සුපිරි phone එකක්,Happy
මම Christian එත් කාටවත් තරහ නෑ,Happy
මේ දවස්වල laptop එක plug කරලා තියන්න හොඳද,Normal
මේකි මහ මුඩුක්කු අම්මන්ඩි කෙනෙක්,Bad
අයියා ආදරෙයි ගොඩක්,Happy
අනේ බොරු නොකියා ඉන්න,Bad
අනේ තෝගේ ගොන් joke පලයන් බන්,Bad
දවසක මං මේ වගේ කතාවක් මගේ audience එකට කියනවා,Happy
බලු වැඩ කරන්න එපා,Bad
අයියේ සිංදුව අහලා comments බැලුවේ,Happy
කසුන් අද ගහල බන් ඉන්නේ,Normal
ඒ දවස්වල බනිනවා මූ,Bad
කවදාවත් කතාවට රවටෙන්න එපා සිංහලයිනි,Normal
මොන උනත් හොඳ පුතා කෙනෙක් ජය වේවා,Happy
ගොඩක් හොඳ මහත්මයෙක් බොහොම හොඳ වැඩසටහනක්,Happy
මං බලලා හරි trending ගෙනාවා,Happy
ගම්මක් එකෙන්ම bullet එකක්,Happy
කසුන් අතල් එකක් ගත්ත වගේ,Bad
අම්බෝ මගේ හීනෙකවත් නෑ,Normal
හිතෙනවා අපරාදේ කියලා මේක බැලුවේ,Bad
gaming build එකක් හදන්න කීය වියදම් වෙයිද,Normal
ගොන් රංජා රංජන් චීතයෙක්,Bad
කටහඬ එකට match වෙනවා ගීතය,Happy
ඇපි එකක් ගන්න ගමක් දෙනකොට මෙන්න මෙයා,Bad
කොයි දැන් තොගේ කට,Bad
වස්ති පට්ට good luck,Happy
සමන් අයියාගේ ඒ අලංකාර ටික හොඳටම තියෙනවා ලස්සනයි තිවුර backing පට්ට,Happy
කොච්චර ලස්සන දෙයක්ද මේක සිංහල භාෂාව නැති වෙන්න දෙයක් බැ කියලා හිතෙනවා,Happy
ගොනජාට පිස්සු හමුදුරුවන් මැයලා යවන කාලය ලඟයි,Bad
මේකට මොකක් හරි ඉක්මනට ගන්න ඕන ආරම්භෙ හදාගන්න ඕන,Normal
යකෝ admin කෙල්ලේ තමා වැඩද බං අවේලාවේ මතක් වෙන්නේ වීඩියෝව දාන්න,Bad
අයියේ පොඩි කාලේ ඉඳලා tv එකේ දැක්ක පට්ට චරිතයක් තමයි ඔයා පුළුවන් නම් අයියාගේ ජීවිතේ ගැන වීඩියෝව එකක් කරන්න කොහොමද tv එකට ආවේ සහ අද ඉන්න තැනට එනකල්,Happy
රාජපක්ෂේ පවුලේ උන්ට ඇයි කවුද ජනාධිපතිකම දෙන්නේ,Bad
අනේ හරි ලස්සනයි ඒ හිනාව දුක් විඳලා උඩට ආපු මනුස්සයෙක් ආදරේ හිතෙනවා,Happy
බම්බුව තමායි කටවෙන් කවුරුත් වැඩ්ඩෝ කරලා පෙන්නන්න කියමුකෝ බොරදියේ මාළු බන්න කවුරුත් දන්නවා,Bad
මූව කවුද උස්සන්නේ,Bad
අපි කොහොමද අයියේ ඔයාලගේ වැඩ වලට සම්බන්ධ වෙන්නේ,Happy
phone ගැනත් මෙහෙම වීඩියෝව එකක් කරන්න,Normal
රංජා වෙඩුවට වඩා හොඳයි රිව්ව නම් කාලකන්නියා,Bad
ජීවිතය කියන්නේ අනිත් කාටවත් කරදරයක් නැතුව ජීවත් වෙන එක,Normal
කොච්චර හොඳ තැනකට ආවත් අතල් එකෙන් කතා කරනවා ගොඩක් අය දියුණු උනාම posh වෙනවා english වලින් great respect bro,Happy
අහන්න ඉන්න ආසයි සිය පාරකට වඩා බැලුවා,Happy
ලස්සන පද මාලාවක් ft වීඩියෝව එකක් අක්කගේ හදට මේ ඔක්කොම mix වෙලා ගොඩක් ලස්සන ගීතය එකක් ආව ගොඩක් ලස්සනයි අක්කි,Happy
මේක dislike දාලා තියෙන්නේ අම්මාලා නැති සහරාන්ගේ උන් අම්මේ,Bad
හොඳ කොල්ලෙක් රාජපක්ෂ පවුලේද කියලා හිතෙන තරමටම,Happy
පොලීසියයි හමුදාවයි කරන මෙහෙයුම් වලට බාධා වෙන්නත් පුළුවන් අනවශ්‍ය විදිහට කියවනකොට,Normal
අද ගොඩක් උන්ට අමතක උනත් youtube එකට ගැම්මක් දුන්නේ උබලායි bro,Happy
අනිවාර්යෙන් සාදු පුංචි පවුල රත්තරන් කියලා තියෙන්නේ සිංහලයට විතරද ලංකාවේ වැඩිම ළමයි කරන්නේ හොඳටම ඇති,Normal
good luck මල්ලී අපි ඔයා සමගයි බුදු සරණයි,Happy
ඉශාදි අක්කියෝ congratulations ලස්සනයි අක්කි,Happy
තෙරුවන් සරණයි ඔබ වහන්සේ කියූ කතා නම් බොහොම හොඳයි,Happy
shit මේ වැඩේට professionalම හරිම announcer stephanie අක්කි අනේ ඒයාව දෙන්නකෝ,Normal
ඔක්කොමලා හොඳට කතා කරනවා හොඳට ඉන්නවා හැබැයි බලය ගත්තහම මන්දබුද්ධික වෙනවා,Normal
මෙයාගේ violin skill එක දැක්කනම්,Happy
අමිතා වයස කියද,Normal
අපිත් පොඩි කාලේ කොණ්ඩේ කැපුවේ deepthi cut,Normal
අයියේ interview එක ඉවර උනේ කියලා හිතුනා නියමයි,Happy
මේ මනුස්සයාට සහය දෙන්න ඕන,Happy
කසුන් මාර අතල් දෙන්නේ අප්පා,Happy
ගහගන්න වගේ ප්‍රශ්න අහන්නේ ඇයි බං,Bad
මේ වගේ විහිලුත් කරනවා ලංකාවේ බාගෙකට වඩා තියෙන මිනිස්සුන්ගේ ජීවිත වල කෙදන්ත ඒ හැම එකක්ම මේ වගේ විහිලුවකට ලක් කළ හැකිද වලපල් දොඩවන channel තවත් බිහි නොවේවා,Bad
උබත් ඔක්කොම දන්නවා වගේ නේ උබත් එකනේ කරේ,Bad
ඔයා හරි ලස්සනයි මං කැමති චරිතයක්,Happy
ඔන්න දාන්නා කුණු හරප වැඩ කරනවා නේ,Bad
කසුන් ඔයානම් මරු ආ,Happy
ආයෙ සින්දු කරන්න එපා මල්ලී ඔයා මලා ගෙවල් වල කුලියට අඬන්න යන්න ගිහින් ඔයාගේ අනාගතය සාර්ථක කරගන්න ඔයා පැයට රුපියල් ට අඬන්න පටන් ගන්න ඔයාට කොටිපතියෙක් වෙන්න පුළුවන් මේ සින්දු වල අඬලා හිටිනවට වඩා ඉක්මනට,Normal
ඇත්ත නංගි ඔයා නම් නියම කාන්තාවක් ඔබට ඉදිරි අනාගතයට ධෛර්ය ශක්තිය ලැබේවා,Happy
ගොඩක් intelligent කොල්ලෙක්,Happy
ආදරෙයි අයියේ ලංකාවේ හොඳම ජව සම්පන්න හඬ,Happy
පට්ට අන්තිම ටික හිතට වැදුනා,Happy
සුභ සුභ සුභම පතනවා,Happy
කසුන් කල්හාර තමයි super අනිත හැම කෙනාටම වඩා රහ හොඳටම දන්නවා,Happy
සිත් නිවන හඬක්,Happy
මට තේරුණේ නෑ,Bad
මෙයාට ඡන්දෙ උගේ ගෙනිවත් දෙන්න,Bad
ලංකාවට තව මේ වගේ අය ඕන ජය වේවා,Happy
රංජන්ට කරදර කරන සියලුදෙනාටම දඩුවම් දන්න දෙවියන් වහන්සේ,Bad
හයෝ ලහිරු කවුද මේ ගෙනාවෙ,Bad
ඇත්තටම ඇඩුනේ කාටද,Normal
පට්ට මම ඔයාව දන්නවා ඔයා මාව දන්නේ නෑ මම hilton එකේ chef කෙනෙක් ඔයා නිතරම එනවා but මම හිතුවේ මේ වගේ හොඳ පොරක් කියලා දැන්,Happy
මම හරිම ආස කරන නිළියක් දැන් ඉන්න අය වගේ නෙවෙයි,Happy
මෙය කෝටු පනින හාමුදුරුවෝ නේද මුටත් කන්න දෙන්න වියදමක් නැතුව මහන කරපු එකෙක් නේද,Bad
අනේ ඇයි මේක අයින් කරලා තිබ්බේ,Normal
අඩෝ උබ හෙන තැන්පත් වෙලාද,Normal
උඩ බලගෙන කෙල ගැසුවොත් මුහුණට වැටෙන බව ඔබතුමා දන්නවද,Bad
ඔව් ඔබතුමා තරම් කවුරුත් දක්ෂ නෑ එක හැමෝම දන්නවා,Happy
අද ලස්සන program එකක්,Happy
අනේ පුදුම ලස්සනක් හරිම feel මාරයි all the best,Happy
ගවේෂණය කරන්න ඕන ජීවිත කතාවක්,Happy
එහෙනම් දඩුවම් විඳින්න ලෑස්ති වෙන්න,Bad
දිසනා මුනවීර ගෙන්න,Normal
ලහිරු අයියා ඔයා මේ වැඩේ කරනවට මං කැමතියි tv වලින් එළියට ඇවිල්ලා youtube ආපු එක හොඳයි හැබැයි,Happy
ඔබතුමියට එන හැම ප්‍රශ්නයකටම මුහුණ දෙන්න ශක්තිය ධෛර්යය ලැබේවා,Happy
මුන් හැමදාම රජ වෙලා ඉන්නේ නෑ රංජන් මහත්තයා අවශ්‍ය කාලෙට එළියට එනවා,Normal
degree එකක්ත් අරගෙන ඉන්න නිසා නම් ගොඩක් මදි වගේ නේ,Bad
ඔයා කාලකන්නි බල්ලෝ හැබැයි රංජන්ට මොනවා හරි උනොත් තොපිට නම් සාපම වෙනවා,Bad
full cover එකක් කරන්න මං ආසම සින්දුවක් ලස්සනම විදිහකට,Happy
කසුන්ට ගෙදරින් තමයි ගෙන්න වෙන්නේ මෙහෙම ගියොත්,Normal
casing එකේ මිල මගේ lap එකේ මිල එකට සමානයි,Bad
උබ වැඩ්ඩෙක් මල්ලියේ රැල්ලට යන්න එපා උබේම පාරක පලයන් උබට ජය,Happy
රංජන් රාමනායකලා කියන්නේ මේ සංසාරේ පුරාවට අකුසල් කරන මිනිස්සු තමයි අපේ හමුදුරුවනේ,Bad
මාර දැනුමක් තියෙන අයියා කෙනෙක් ඔක්කොම explain සුපිරියට තේරෙනවා නියමයි present කරන විදිහ bro pc guide,Happy
මං ආදරේ කරපු නිළියක් ඔයා බුදු සරණයි,Happy
කතාවත් උදාහරණයක් කියලා හිතන්න එපා ලංකාව එපා දැන් අය මේ භාෂාව අමතක කරනවා තෙරුවන් සරණයි,Normal
අයියා මටත් පරණ pc එකක් හරි දෙන්නකෝ,Normal
ආයෙත් aimy එක්ක වීඩියෝව එකක් ඕන,Happy
කසුන් හෙන අතල් දෙනවනේ අප්පා ශෝක් ආ,Happy
මං අහපු ලස්සනම intro music එක,Happy
මේ මනුස්සයත් මහ බ්‍රිතාන්‍ය කියන්නේ,Normal
රත්තරන් අම්මෙක් අද කාලේ හොයාගන්නම අමාරු,Happy
අනේ එයා හරි ශෝක් අප්පා එයා එක්ක කතා කළ ඒවා අහන හිටියා පයක් ගියා නෑ,Happy
mining කරන software එකක් මොකක්ද අයියේ,Normal
සුපිරි කෙලින් කතා කරනවා තරුණයෙක් වශයෙන්,Happy
මම ආසම නිළියක් අක්කියෝ ඔයා,Happy
අමු වෙලා කතා සද්ද නැතුව හිටපන් බං,Normal
පොඩි දරුවා දැක්කම ඇත්තටම මටත් ඇඳුනා,Normal
තව අවුරුද්දකින් ඔයට වඩා මිල වැඩි වෙයිද,Normal
හීනයක් තමයි මගේ,Normal
ජනාධිපතිතුමා ඔබගේ අවධානයට ගෙන එගන්න තියෙනවා,Bad
කොල්ලගේ තාත්තාගේ face cut එක coach කසුන් වගේ,Happy
respect you mr michael,Happy
මේවා බලන්න එපා සහෝ මල ජරාවක්,Bad
ලංකාවේ culture එක ගැන කිව්වා එක නම් ඇත්ත,Bad
එක කටහඬ එකක් නෙමේ තනි භාවනාවක්,Happy
මෙයා නැවත විවාහ උනා වගේ මතකයි,Normal
කඩු පිහි තියගන්න තැනට තල්ලු කරා උබලාමයි,Bad
වෙනස පට්ට පොඩි එකත් එක්ක අද වීඩියෝව සුපිරි,Happy
wow ඉශාදි නංගි great job congratulations,Happy
අනේ දෙන්නම මරු අප්පා,Happy
trending එනවා මෙකනම්,Happy
YouTube වලට පලවෙනිම හිත ගියේ Wasthi නිසා,Happy
අර කියන්නේ මිනිස්සුන්ගේ හදවතේ කොටසක්,Happy
ගොන් අතල් දෙන්න එපා,Bad
minding කරන හැටි වීඩියෝව එකක් කරන්න කොහොමද,Happy
අද නම් සුපිරි set එකක්,Happy
time එක යනවා දැනුනෙවත් නෑ අයියා,Happy
සල්ලි නෑ කියලා මරෙන්න එපා,Happy
ඔකෙන් stream කරන්න පුළුවන්ද,Normal
රංජන් හෙට ගානෙන් එන්න,Bad
අයිවලට Apple Mac Pro PC එකක් use කරන්න නැත්තේ ඇයි,Normal
ඇයි දිනිති නැත්තේ,Normal
මේ සිංදුව Dream Star එකේ ආව එකක්,Bad
ගොඩක් හොඳ ගැහැණියක් හොඳ අම්මා කෙනෙක්,Happy
අපි එනවා ඔයා එක්ක මල්ලි,Happy
bro මං උබගේ big fan එකක්,Happy
adminට නිදා ගිහින්,Normal
වැල්ගම ගැලපෙන්නේ චන්ද්‍රිකාටමයි,Bad
නියමයි details ගොඩක් තියෙන review එකක්,Happy
මොනවා උනත් පට්ට චරිතයක්,Happy
මුන්ගේ තීරණ වෙනස් වෙන්නේ වචන දෙකෙන්,Bad
වැඩකට ඇති දෙයක් දාපන්,Bad
ඔයා අයියාව ආයෙ ආයෙ ගෙනන්න,Happy
අයියේ මිල range එක තමයි වැදගත්,Normal
කුමාර වැල්ගම මහත්මයා ඉතාම අවංක මහත්මයෙක්,Happy
හොඳ හින්දා හොඳයි නැත්තම් දේලා අඩේ,Bad
මෙන්න නියම කාන්තාවෝ නියමයි,Happy
link එකට ගියට models ඔක්කොම නෑනේ,Bad
උමාරියා ගන්ති හිනා වෙනවා,Happy
අමාන ගණයක් අර කොල්ල ඉස්සරහ කියන ජරාව,Bad
අහංකාර දේශපාලකයන්ට වඩා හදවතින් කතා කරන එක වැදගත්,Happy
music එක මහ කරදරයක්,Bad
මුන්ව එලවලා උගත් අය එවන්න,Normal
පව් කියලා හිතෙනවා මොන උනත් ගැහැණියක් නේ,Happy
අයියා දක්ෂ artist කෙනෙක් නේ,Happy
මම දැකපු favorite කටහඬ දුර ගමනක් යනවා,Happy
අක්කේ මේක බලලා ගොඩක් ඇඩුවා,Happy
හදවතට කතා කරන මිනිසෙක්,Happy
මම ලඟදී ඔයාව flower book එකේදි දැක්කා,Happy
සමිත කරන්න ජරාව වැඩ,Bad
අපේ හමුදුරුවනේ පෙරමුණ අරගෙන කටයුතු කරමුකෝ,Happy
ප්‍රිය අයියේ ඔයා මිල දෙකක් දානවා,Normal
කටහඬ අහනකොටත් හිනා යනවා,Happy
අනේ එයාගේ කටහඬ අර,Happy
එකේ සිංදු කිව්ව සතිශ නේද,Normal
හරිම වටිනා කතාවක් ඔබට ජය,Happy
මේක නිසා subscribe කරා,Happy
චමිලා නම තව උඩින් තියන්න,Happy
ආසාවෙන් බලන්න YouTube channel එකක් Hari TV,Happy
අම්මෝ ඇති යන්තම්,Normal
අඩෝ ඇඟ හිරිවෙලා ගියා යකෝ,Happy
තොපි වගේ ජාතියක් ලෝකෙ කොහෙවත් නෑ,Bad
අම්මෝ එක හදවතටම වදින්නෙ,Happy
next year එරන්දේ දාපු end එක දාන්න,Normal
ජනතාව බුද්ධිමත් වුණාට දිනන්න පුළුවන්,Normal
අයියෝ යන්න ගියපු වෙලාවේ ගියානම් අපිට සැනසීමෙන් ඉන්න තිබුණා,Bad
අයියෝ Hiru Star ගොඩක් දුර ගියා නේද,Bad
අනේ පව් අර කොල්ල,Normal
දැන් YouTube morning show අහනවා විතරයි,Happy
මම use කරන්නේ Redmi,Happy
ආශීර්වාදය දෙන්නම් හදවතින්,Happy
ශෂිකා කවුද කියලා අහුවොත් පෙන්නන්න,Normal
එලියට ගන්න ඉට පස්සේ අනුව වැඩ කරමු,Normal
වැද්දෙක් නෙවෙයි යකෝ,Happy
මට නම් ප්‍රශ්නයක් සුබන්දාගේ wife බුද්ධගමට එනවද,Normal
බොක්කත්ම දැනුනා එක නම් much love,Happy
අනේ මන්ද අපි කාගේත් කතාව අහනවා,Bad
මෙතෙක් දැකපු හොඳම විනිසුරු මඩුල්ල,Happy
මේ වැල්ගමයා මහ ලොකුවට හිතනවා,Bad
ඔයා තමයි කටහඬ Sri Lanka,Happy
චමර වගේ ඉස්සරහට යන්න තිබ්බ කොල්ලෙක්,Bad
කිව්ව නංගිට chance එකක් දුන්නානම්,Normal
අක්කි ඇත්තටම ඔයා ගොඩක් උගත් කෙනෙක්,Happy
මටත් ඔහොම හිතෙනවා වයසේ වැරද්ද,Normal
thanks අයියේ ඔයා ලස්සනට කියලා දෙනවා,Happy
මෙයා නම් නියමයි,Happy
කටහඬ විතරක් ඇති බන්,Happy
stage වල ගොන් joke දානවා,Bad
අයියේ පලවෙනි දෙස එක මගෙන්,Happy
අපි දන්නවා bro we trust you,Happy
කුමාරි අක්කට cartoons වල වගේ කටහඬ,Happy
ඔකට අන්තිමට වෙන්නේ aids හදාගන්න,Bad
මේ දුව ඉතා දක්ෂ ලෙස සිංදුව ගායනා කරනවා,Happy
super තව මේ වගේ අය ඕනේ,Happy
ප්‍රියා අයියාගේ බබාව මතක් වෙන අය එකක් දාන්න,Normal
සුපර් සුදු බණ්ඩා අයියේ,Happy
සිරා සින්දුවයි වීඩියෝව script එක නම් මෙලෝ රහක් නැහැ,Normal
pc එකකින් සින්දුවක් record කරන්නේ කොහොමද,Normal
මේකටත් ජනාධිපති වෙන්න ඕන වෙලා,Bad
බබාගේ මුන රතු වෙලා නේ පව් මේයාගේ හැඩියාව,Bad
රසික ප්‍රතිචාර අම්මෝ ඒක,Normal
බල්ලට කරපු වැඩේ නම් පව්,Bad
අම්මෝ මේක නම් කොච්චර බැලුවත් එපා වෙන්නේ නෑ කිව්වෙනි partද බලන්නේ කියලත් මතක නෑ,Happy
සමනේර හාමුදුරුවන්ට වෙන දේ කවුරුත් දන්නවා,Normal
අයියේ මට ඔයාව contact කරගන්න බැරිද මට pc එකක් build කරගන්නෙ,Normal
මොන බම්බුවක්ද මේ මේ ළමයා කොච්චර ලස්සනට කිව්වා ශික් එකෙක්වත් හැරෙන්න තිබ්බා powerful කටහඬ එකක්,Bad
ඔබ වහන්සේට දළදා සමිඳු පිහිටයි,Happy
හිනාව පිටිපස්සේ තියෙන දුක් ගොඩ i respect you and dino,Normal
ඒ සින්දුවට දුක හිතුන අය කො,Normal
මේක තම channel එක පට්ට bro,Happy
මම ආසම කෙනෙක් ඔයා අයියා ඔයා මාව motivate කරනවා ගොඩක් දේවල් වලට,Happy
දැනට battle round එකේ දැක්ක ලස්සනම battle එක මේක,Happy
ඔයාගේ කතා හරිම කෙලින් වදින්නම කියනවා නියමයි මිනිස්සුන්ගේ ඇස් ඇරෙන්න කතා කරනවා,Happy
එක තප්පරයක් skip කරේ නෑ,Happy
thank you අයියා දිස්නා අක්කාවත් ගෙනන්න wish you all the best,Happy
අයියා කාගේද ළමයා,Normal
සමාජ සේවිකාවක් මේට වඩා කටේ සංවරය රැකගෙන කතාත් ආදර්ශමත් නොවුණොත් බලේ හැමදාම තියෙන්නේ නෑ උන්ට අබ සරණයි මෙතන් සිට,Bad
කාලෙකින් අහපු කටහඬ එකක්,Normal
ගොඩක් හොඳ සින්දුවක්,Happy
dancer කෙනෙක් කියලා මුලදී දැක්කම හිතුණා,Happy
අනේ මේ කියන එකා කොහොමත් සමාජෙට joke එකක් තමයි,Bad
derana dream star ආව කෙනෙක් නියමෙට කියනවා,Happy
මාරම ලස්සන කටහඬ එකක් අක්කි ඔයාට තියෙන්නේ wish your all the best ඒ වගේම මේ ගීතයේ වෙන විදිහට කවදාවත් ආදරේ කරපු දෙන්නෙක්ට මෙහෙම වෙන්න එපා කියලා ප්‍රාර්ථනා කරනවා,Happy
ඇයි bns තෝරාගත්තේ නැත්තේ,Normal
සිවුර නැති කරන්නේ තොපිනේ හුත්තෝ,Bad
මෙච්චර කාලයකට වෙන අයගෙන් අහපු නැති දෙයක් අහුවා වෙන talents මොනවද කියලා එක නම් හරිම අමුතුයි,Normal
සුජාතා හාමුදුරුවගේ භාවනා මධ්‍යස්ථානය නුවර කොහෙද තියෙන්නේ,Normal
සුදු අක්කේ ඔයා දිනන්නම ඕන,Happy
warranty නැතුව වැඩක් නෑ,Bad
හරිම ලස්සන සුන්දර මනුස්සයෙක් ඔබතුමාගේ සියලුම පැතුම් ඉටුවේවා බුදු සරණයි,Happy
judgesලා මරු ආ ගෙදර කොහෙද ඉන්නේ,Happy
redmi එක නම් මමත් බැලුවා,Happy
විශ්ව අයියේ ඔයා සාධාරණයි,Happy
අනේ මුන්ට පිස්සු ඔව් උබලට තමයි උරුම,Bad
indra chapa liyanageටත් invite කරන්නකෝ ලහිරු,Normal
රංජන් කියන්නේ පෝන්නයෙක්,Bad
බොරුවකාරියා තොගේ content වල තියෙන බොරු තොට හෙන ගහනවා පෝන්නයෝ බලපන් තියෙන ads ගොඩ,Bad
අම්මෝ ඒක කිපාරක් අහුවත් එපා වෙන්නේ,Happy
මේ pc එකෙන් streaming කරන්න පුළුවන්ද pubg play කරන්න පුළුවන්ද,Normal
කියන්න වචන නෑ සුපිරි වැඩසටහන අද මත් subscribe කරා,Happy
respect coaches හරිම නිහතමානි හරිම ආසාවෙන් බලන program එකක්,Happy
ඒ කියන දේ feel වෙනවා එකනම් සුපිරි,Happy
මූව උස්සලා වැඩක් නෑ,Bad
ඔයා වැඩේම මටත් උනා අයියේ ol bio කරලා කැලම උනා,Normal
අයියා ඔබ ඉතාමත් නිහතමානි අවංක ගුණ යහපත් මනුස්සයෙක් ඒ දේවල් සදා රැකගන්න ඔබට ශක්තිය ලැබේවා,Happy
ඉතින් යකෝ හැම පවුලේම ඔක්කොටම තියෙන්නේ එකම ප්‍රතිපත්තියද නංගි unp උනට අයියාට වෙන ප්‍රතිපත්තිය නැද්ද ඔයා ගිහින් ට පෙන්න ගන්න,Bad
පොඩි එක කඩුවොත් එම,Normal
කවුද ඔයි unlike කරපු උබලා සිංහලයෝ නෙමෙයිද,Bad
මේ වෙලාවේ ලංකාවේ කාන්තා සංවිධාන යම් කිසි හඬක් නැගිය යුතුයි සෙලෙන්න එපා ඔබ ශක්තිමත් වෙන්න,Happy
අදේ මේයාගේ mic එක mute කරලා කසුන් කියනවා වගේ මට හිතුනේ,Normal
මොනවා උනත් කොල්ල ලස්සනට sing කළා,Normal
බුද්ධගම විනාශ කරන්නේත් මුන් තමයි,Bad
අනේ coach ශෂිකාට මේ වගේ ලස්සන සින්දු තියනවනම් ශෂිකාගේ සමහර ලඟදී ආපු සින්දු වලට කැමති නෑ ඇයගේ දක්ෂතාවය පෙන්න්නේ මේ වගේ සින්දු වලින්,Happy
අනේ මේ කුමාර වෙල්ගම මහත්තයෝ ඔයාට අපි සලකනවා ඒක නිසා පොඩ්ඩක් කට වහගන්න please,Normal
බලන් හිටියා දැන්කන්,Happy
මාලනී බුලත්සිංහලගේ සින්දුවක් අහුවාද මන්දා කටහඬේදී,Happy
මං ගොඩක් කැමති චරිතයක් කෙලින් කතා කරන,Happy
සල්ලි වලට මුන්ට කරන්න දෙයක් නෑ ඉතින් මූ වීරයෙක් කියලා පිළිගන්න උන්ත් ඉන්නවා,Bad
මත් battle එක බලලා මේක බැලුවේ ඔය battle එක perform කරපු හැටිට පේනවා කොච්චර මහන්සි වෙලාද කියලා ඒ courage එක ගන්න,Normal
මට පෙන්නන්නම බැ මධාව පොන්සියා තුහ් නොදකින් තට්ට මුසලයා,Bad
අර michael කියනවා michael ලහිරු මහත්තයා කියනවා ලහිරුව michael interview කරනම් හොඳයි බං,Bad
දිගටම ඔයා වගේ ලස්සනට ගීතය කරන්න,Happy
කෙලින් කතා කරන කෙනෙක් උගත් කෙනෙක්,Happy
ශෂිකාගේ team එක මාර ලස්සනට performance එක හදලා තියෙනවා ශෂිකා නම් සුපිරි talent coach කෙනෙක් ඕන එකක් ඔට්ටුයි,Happy
ඉල්ලපන් ජනාධිපතිකම සිංහලයෝ ඔක්කොම දෙනවා සත්තයි අපි ඉන්නවා එකෙන්ම,Happy
චමිලා මල්ලී wish you all the best ලස්සනම ලස්සනයි ගොඩක් සම්මාන බුදු සරණයි මල්ලීට,Happy
අපේ ග්නසාර හමුදුරුවෝ එළියට ගමු කොහොමහරි,Happy
මේ ත්‍රස්තවාදියා එළියට,Bad
රංජන්ට පාඩමක් ඉගන්විය යුතුයි ඔය පල්බෝරුව පෝන්නයෙක්,Bad
දැන් දා මිනිහෝ වීඩියෝව හදන්නේ,Bad
නියමයි iraj අයියේ සුපිරිය political ටික කෙලින් කතා කරන කොල්ලෙක්,Happy
අනේ ශෝක් අනේ ඔයාලා දෙන්නම ලස්සනයි,Happy
දෙන්නගේ interviews දෙක legends,Happy
බුදුසරණයි අපේ හමුදුරුවනි ඇත්ත කියනවා,Happy
කොන්ද පණ නැති මේ පෝන්න රනිල් කොහෙද ඔවා කරන්න ඔබ සමගයි call me,Bad
අනේ උබ බබා කුඩු බෙලි තොපේ තට්ට තමයි ලංකාවට කුඩු ගෙනාවෙ අහ ගන්න තොගේ අම්මගෙන් බෙලි,Bad
කස්සා කියන එක නම් මරු යකෝ පිස්සු හැදිලා ආයෙත් හැදුනා යකෝ,Happy
අපිත් ඔයාලත් එක්ක එකවෙන්න කාලේ ඇවිල්ල,Happy
එකෙත් අමුතු ගතියක් තියෙනවා නේ,Happy
chanux broගේ පරණ pc එක මට දෙන්නකෝ,Normal
මොන සින්දුවද බං මේ,Bad
දුක හිතුනා හොඳ අම්මා කෙනෙක්,Happy
සුපිරි මනුස්සයෙක් ඒ වගේම දිස්නාටත් ගොඩක් ආසයි,Happy
මෙහෙම videos upload කරන නිසා තමයි මේවා එකක්වත් trending එන්නේ නැත්තේ,Bad
මට නම් මේ battle එක ගැන අදාලම නෑ කසුන්ට ගොඩක් ආදරෙයි ඔයා දෙන්න ලස්සනට ඉන්නවා,Happy
කොල්ලට කට වැඩේ කරේ අපෝ,Normal
ඇත්ත අපේ හමුදුරුවනේ ඔබ වහන්සේ කෙලින් කතා කරනවා,Happy
හෙංගි හොර නෑ කෙලින් කතා කරන අවංක මනුස්සයෙක්,Happy
බයිලා ටිකක් කියලා ප්‍රශ්නේ මග අරියා කො rocket එක,Normal
අශ්කා නම් සුපිරි මේවට ආවත් නැවතත් ඔයා දක්ෂයි,Happy
මේ වගේ දේවල්ටත් unlike කරන මෝඩයෝ ඉන්නවා නේ,Bad
කුරුනෑගල ගෑණු තමයි ගොඩක් වැරදි කරන්නේ කියලා කියන්නේ,Bad
මොන උනත් කසුන් තමයි අතල් dial එක,Happy
නොදකින් සක්කිලි හැත්ත,Bad
හමුදුරුවනේ කතාව හොඳයි,Bad
කතෝලික අපෙටත් ලැජ්ජාවයි,Bad
මහින්ද මහත්තාගේ චන්දේ කඩන්න ආපු කෙනෙක්,Bad
ආදරෙයි අක්කේ thanks අක්කා ගෙනාවට,Happy
අයියෝ හොඳ අය ඔක්කොම කසුන්ගේ එකට ගියම කපෙනවා,Bad
අනේ පකෝ උබ joker කෙනෙක් නේ,Bad
මේ සබන් කපු දඟයා නේ,Happy
බයින්න නෙවෙයි කතාව මොලෙන් අහන්න,Happy
හරිම ලස්සනයි මේ ගීතය එකට මං ආදරෙයි,Happy
ඔයාට හොඳ වැදගත් කෙල්ලෙක් ලැබේවි,Happy
මේක බලනකොට තේරෙන්නේ foreigner value කරන දේ,Happy
වාව් ගොඩක් ආඩම්බරයි ඔබතුමියගේ කතා විලාශය ගැන,Happy
අම්මා එක්ක මදු පල්ලිය ගියා කියුවම මුනට එන්නේ අමුතු හිනා,Normal
බයින උන් මොකටද අහන්නේ,Bad
හොඳ ආකල්ප තියන කොල්ලෙක්,Happy
coach ශෂිකා මේ දෙන්නගේ අම්මා වගේ,Happy
හරිම ආදරණීය තරුවක් දුලජ් අයියා,Happy
මෙතෙක් කාලෙට දැකපු සුපිරිම වීඩියෝව,Happy
අපේ හමුදුරුවනේ ඔකට මහත්තයා කියන්න එපා,Bad
wow මාරම කටහඬ එකක්,Happy
පව් ගාල්ලෙන් බාගයක් උඩලු ගාවලු,Normal
දන්ඩ තේරෙන්නේ රාජපක්ෂලා සක්කිලි,Bad
ඇයි අනේ කසුන් හැරෙන්නේ නැත්තේ,Bad
තව කොච්චර වෙලාව program තිබුණත් අහගෙන ඉන්න පුළුවන්,Happy
මම මුකුත් කියන්නේ නැහැ,Normal
pc එකක් කරගන්න ඕන,Normal
ඇත්ත කියලා කතා කරනවා,Happy
හිනා කලා මල,Happy
අම්බෝ මේක එනකම් බලන් හිටියේ,Happy
අනිවා loweth chamall ආවත් gota ආවත්,Normal
ශෂිකා නියම තැනක් singer කෙනෙක්,Happy
මේ විනාසයට තෝහිත සහ උන්ට උදව් කරන පාලකයෝ,Bad
ඇත්තෙන්ම කෙනෙකුට දෙයක් ගන්න පුළුවන් කෙනෙක්ව ගෙනාවා,Happy
ඔයා වගේ setup එකක් හදන්න බලාපොරොත්තු වෙනවා,Happy
සිරා talk එක,Happy
කියන්න වචන නෑ හොඳම කෙනා තෝරාගත්ත එක ගැන සතුටුයි,Happy
හොඳ කටහඬක් ලස්සනයි,Happy
Hiru අයින් වෙන දවසෙත් පට්ට සිංදුවක් කියලා යනවා,Happy
නියමයි අපේ හමුදුරුවනේ,Happy
මචං උබලා එක්ක අපි මුල ඉඳන් හිටියා,Happy
එකට ආස හිතුනා,Happy
තව congratulations අයියේ මම subscribe කරා,Happy
මෙයාව highlight වෙන්නේ කසුන්ට ගියනම්,Normal
කසුන් අයියා කියන්නේ legend කෙනෙක්,Happy
අපේ හමුදුරුවනේ උදේට හවසට පාසල් වල පිරිත් දාන්න,Happy
ඉදිරිපත් කිරීම නම් මරු ප්‍රිය අයියාට,Happy
ගැහැණියක් නම් financially independent වෙන්න ඕන,Happy
රංජාගේ පවුලේ වටා ගොතා අහපල්ල,Normal
wow එකනම් මාර ලස්සනයි,Happy
කසුන් කියද්දි ඇගේ මයිල් කෙලින් උනා,Happy
සුපිරි කොල්ලෙක් superb bro,Happy
දැන් මිනිසුන් හිතන විදිහ වෙනස් වෙනවා,Happy
build with baby කියලා channel එකක් ගන්න අයියා,Happy
ඇත්තටම හරිම අගනා කතාවක්,Happy
කියලා වැඩක් නෑ සුපිරි මචං,Happy
ඔයාගේ වැඩසටහන හොඳයි එත් ප්‍රශ්න අහන විදිහ හොඳ නෑ,Bad
අපේ හමුදුරුවනේ මේ ටික permanent එකක් කරන්න ඕන,Normal
මං කැමතිම නිවේදකයෙක්,Happy
සුන්දරයි ඔබ ස්තුති,Happy
ඔබතුමාට ජය දිගායු,Happy
අනේ සිහලුනේ කුරගලට උන් වගේ පන්සලක් වේවිද,Normal
අයියේ මට ඔයාගේ phone number එක දෙනවද,Normal
උබලා මුලු පවුලම එකී තම්බියන්ට කඩේ යන උන්,Bad
මීට වඩා වැදගත් ප්‍රශ්න අහන්න තිබ්බා,Normal
මුන් එකෙක්ටවත් සිංහල වචන හරි කියන්න බැරිද,Bad
හිතට වදින කතාවක් full බැලුවා,Happy
මං ආසම කෙනා ඔයා,Happy
එහෙම කරන්න එපා අය පව්,Bad
භාවනාවක් වගේ අහගෙන හිටියේ,Happy
අහන තාමත් නොමැකෙන ලස්සන සිංදුවක්,Happy
මරදනේ අලුත් වීඩියෝව,Normal
another quality content,Happy
අඩෝ why ban coachලාම උව හලලා,Normal
program එක ඉවර වෙනකම් බැලුවා very excellent,Happy
ආදරෙයි බන් එකට,Happy
අපිට ඔයාට order කරන්න බැයිද,Normal
කඩෙන් කුණුහරප කියුවම කොහොමද ගම්ම,Bad
ලහිරු මෝඩ ප්‍රශ්න අහන්න එපා,Bad
පොඩි දවසවල ඉඳන්ම කැමති චරිතයක්,Happy
ලස්සන හඬක් අපරාදේ ගොඩක් දුක හිතුනා,Happy
ඔයා කියපු ගොඩක් දේවල් මගේ ජීවිතේ වෙලා තියෙනවා,Normal
ඇත්තටම Wasthi නැත්තම් YouTube අය නෑ,Happy
රතු නංගිත් කසුන්ගේ fan කෙනෙක්,Happy
ලඟ නොරන්දි රන්දි කසුන් කියද්දි ලස්සනයි,Happy
සමිතා වගේ ගෑණු ඉන්න කාලේ මේ වගේ කෙනෙක් වාසනාව,Happy
චානක අයියාගේ කටහඬේ අමුතු feeling එකක් තියෙනවා,Happy
ශෂිකා කියන්නේ කවුද කියලා දැන්වත් තේරුම් ගත්තනම් ලොකු දෙයක්,Happy
පවුලේ නම set වෙලා,Normal
හෝ හෝ හොරේ අල්ලගත්ත කමට මෙච්චර news tag දානවද කියලා අදනේ අහු උනේ පොඩි මොලකරය,Happy
උනම් පට්ට ඩයල් එක,Happy
මේ වගේ pc එකක් හදාගන්න කීයක් වගේ යනවද,Normal
සුපිරි mindset එකක් රනිදුත් ආවා නම් සුපිරි,Happy
හා හා ලංඩේ delete කළේ ඇයි,Normal
වෛරෙන් වෛරය නොසන්සිඳේ,Normal
මන් ආසම නිවේදකයි දෙපළක් අයියා ගොඩක් ආස කෙනෙක්,Happy
පට්ට පොරක්නේ හොයාගෙන තියෙන්නේ,Happy
නියමයි යකෝ කෙතුරු මුරුගා යකෝ වෙතේ මුරුගා,Happy
thanks අයියා අර එකක් කරන්න කිව්ව ඉක්මනටම කළා,Happy
කවුුරු කොහොම කිව්වත් අයියා තමයි මට නම් සුපිරි අයියට ආදරේ අය කැමතියි කරගෙන යන්න හොඳද,Happy
කොල්ල හොඳයි කියන උන් මේ පැත්තට එමුද,Happy
good ටිකක් sound එක මදි අයියේ,Normal
අම්මෝ කොල්ල මරු dance එකක් දානවා පැත්තක ඉඳන්,Happy
බලන්නම ඕන කතාවක් thanks ලහිරු අයියා,Happy
අනේ ඒ පොඩි කෙල්ල,Normal
කවුද ඔයි dislike කරපු පරයෝ,Bad
අහිංසක අක්කි එකේ අනේ හරිම ලස්සනයි ගීතය,Happy
අයියේ හොඳ games කොහෙන්ද download කරගන්නේ,Normal
මලා පයිනවා දැන්ම ඉල්ලපන් අයියේ තව කාල ගිහින් ඉල්ලුවට සිංහල ඔක්කොම චන්දේ දුන්නත් දිනන්න බැරි වෙයි,Happy
සුපිරි අයියේ මම මේක build කරනවා,Happy
මහින්ද හොඳයි ගෝටා හොඳයි මොනවද මේ කතා ඔයා දැන් සමූගන්න දෙන දේ කළා වෙන දේ බලන් ඉන්න,Normal
අනේ ඒ යාලුවගේ සතුට,Happy
අයියා මේ pc එක editing කරන්න පුළුවන්ද,Normal
නියමයි ලහිරු මේක නම් වැදගත්ම program එකක් කුවේට් අක්කා ගැන වැරදිට හිතපු හැමෝටම මේක හොඳම program එක,Happy
යකෝ කටහඬ teens වල sing කරපු කෙනෙක් කිව්වම බනිනවා ගීතයේදී විතරක් එපා ලු මේකේ විතරක් නෙවෙයි කතාව නෑ හැබැයි,Normal
අයියා මට gift එකක් ඕන,Normal
මු හොඳයි බං,Happy
අඩෝ පට්ට බං පිටින් පෙනෙන මනුස්සයට වඩා කොච්චර වෙනස්ද,Happy
coach ශෂිකා වෙනුවෙන් coach ඔයා නම් මාරම දක්ෂයි,Happy
හරිම ලස්සනයි දරුවෝ,Happy
ඔයත් අක්කි මම වගේම කෙනෙක් හැම දෙයක්ම සාධාරණයි සත්‍යයි වැරදිනේ නැහැ මගේ නෝ actress රංගපෑම වගේම ඔයත් සාර්ථකයි ජයම වේවා,Happy
මන් ඔයාට ගරු කරනවා ඔයා ඇත්තටම හොඳ කෙනෙක් කෙලින් කතා කරන කෙනෙක් අනාගතයට සුභ පතනවා,Happy
මේවා ඔක්කොම marketing කියලා හිතෙනවා,Bad
ඉරාජ් කියන විදිහට දවසක් මන් අමාත්‍ය කෙනෙක්ගේ squad එකක් බලෙන් overtake කරන්න ගියා මන් හිතුවේ වැඩි තියා කියලා,Bad
පිස්සුවක් හොදේ good luck අක්කා,Happy
ඔක්කොම මේයාගේ දැන් baila තමයි ගේ කටහඬට මේයා බැඳත් උනා නේ,Bad
යකෝ බබෙක්ත් ඉන්නවනේ මම හිතුවේ පොඩි කොල්ලෙක් කියලා,Normal
ගෝටාබයට බැනලා ඔබට දිනන්න බැ,Bad
ඔවා බලන්න පුළුවන් බං ඒත් අන්තිමට මිල බලුවට පස්සේ ගන්න හිතෙන්නේ නෑ,Bad
නාකියෝ මේවට ගාව ගන්න එපා නාකි වයසෙට ඉහේ කියනවනේ,Bad
හොඳ වැඩසටහනක් අක්කේ ඔයා දිරිය දේවියක් බස්,Happy
ඔයාලට වැරදුන එක තීන්දුවක් මේක පොඩි කෙල්ලේ මටත් කඳුළු ආවා ඒ ආදරේ දැකලා අයියා දවසක දිනනවා ජය,Normal
නියමයි අයියේ නැගිටපු ගමන් බැලුවා හොඳේ දවසේ මුලින්ම බැලපු වීඩියෝව,Happy
යකෝ මුන්ට පිස්සු,Bad
ගිමන් හරින සින්දුවට හැරුණා වෙවුලා වෙවුලා කියලාත් මෙතරම් හොඳට කිව්ව කෙනාට හැරුණේ නෑ disappointing worst judgement ever,Bad
paypal ගැන වීඩියෝව එකක් ඕන account එකක් හදන විදිහ ඒකෙන් සල්ලි හොයන විදිහ,Normal
කසුන්ව තෝරගන්න තිබ්බේ,Normal
alien කෙනෙක්ට අයියාට යට උනා build එකට alien power එකෙන් pc එකක්වත් හදාගන්න බැරි chanux bro,Bad
කට තලන්න නෙමෙයි අපේ වැරදි අපි හදාගමු,Bad
ලංකාවේ මිනිස්සුගේ හැටි මෙහෙමම තමයි කියලා හිතාගන්න හිරුනිංකා,Happy
අන මායා කයිවාරුකාරයෙක් මන් නම් විශ්වාස කරන්නේ මේ හොඳ කයිවාරු පප්පක් අන මිනිසුන් අයට රවට්ටන්න එපා,Bad
අම්මෝ ඒක පට්ටම වටිනවා,Happy
පපුවටම වැදුනා එකනම්,Happy
මොකක්ද බං මේකේ තේරුම,Bad
කසුන් sirගේ සින්දුවක් මේ වගේ කියන්න පුළුවන් කියන්නේ උබ වැඩ්ඩෙක් bro,Happy
ඔබ දිරිය කාන්තාවක් ඔබ ගැන සතුටුයි madam,Happy
අපෝ ජරාවක් මේයා නම්,Bad
සින්දුව හොඳයි ටිකක් අඩුමක් අන්දනම්,Normal
thank you අයියේ ගොඩක් දේවල් ඉගෙනගත්තා එනකන් බලන් හිටපු වීඩියෝව එකක් මගේ lap එක hp gb ram එකක් මේක හොඳයිද අයියේ coding වලට,Happy
මන් ආදරෙයි ඔයාට,Happy
අනේ ශෂිකා ඔයා hindi සින්දුත් කියන්නකෝ හරිම ලස්සනයි,Happy
ftt අක්කි and අයියා respect,Happy
සින්දුනම් ටිකක් හොඳයි මුව බලලා අපරාදේ අයියෝ කවුද මේ visual හදුවේ,Bad
ඊයේ ඔයාට කිරි තිබුනේ නැද්ද,Normal
chanux bro ඔන්න මගෙන්ත් subscribe එකක් මාවත් subscribe කරන්න,Happy
නියම ගැහැණියක් respect,Happy
පට්ට ලස්සනයි සුභ පතනවා ඉදිරියටම යන්න,Happy
අපි ඉස්සර deepthi කියලා කියන්නේ මතකයිද ඔයාට දුදරු එකේ,Normal
ඔයා ගොඩක් නිර්භීත කෙනෙක්,Happy
කසුන්ගේ ගීතය එකක් කියලා කසුන්ගෙන් buzzer ටික ඔක්කොම අරගෙන කසුන්ගෙන් හොඳ අදහස එකක් අරන් වෙන එකෙක් ලගට ගියා,Normal
අයියෝ sri lankan team කියන්න පුළුවන් හොඳම විදිහට කිව්වා නියමයි මචං,Happy
අම්මේ බුදු වෙවා පොඩි හමුදුරුවෝ ගොඩක් පින් කරලා තියෙනවා,Happy
මම ආසම සින්දුවක්,Happy
මේක අයියේ graphic designing වලට set වෙනවද,Normal
තව ටිකක් දිගට තිබ්බනම් නියමයි,Happy
අම්මෝ මේයාගේ තියෙන හැඩියාව,Bad
අයියේ ඔයානම් මාරයි කියලා වැඩක් නෑ,Happy
අක්කි ඔයාගේ කටහඬ මාරම ලස්සනයි ඇත්තටම ඔයා ගීතය එකට ලස්සනට කියනවා මට වඩා අපේ මම ඔයාගේ කටහඬ එකට කැමති wow අක්කි ඔයාගේ කටහඬ,Happy
time එක නියමයි මේ වෙලාවට දාන්න හැමදාම unlimited internet ගැන update දාන්න දිගටම,Happy
wow ඔයා මාරයි,Happy
මමත් ඔයාට කියලා pc build එකක් හදාගන්න පුළුවන්ද,Normal
මේයා දුව ගැන කිව්ව කතාව සම්පූර්ණ ඇත්ත ඒ girl පුදුම අහිංසක නිහතමානි ළමයෙක්,Happy
අනේ මගේ සුදු රත්තරන් මහින්දගේ සරීරේ රත්තරන් කිලෝ කොච්චරක් බලුවද සුදු,Normal
ඔබටත් ඔබගේ පවුලේ සැමටත් තෙරුවන් සරණයි දෙවි පිහිටයි,Happy
සිරකරුවෝද මිනිස්සුවෝද එතකොට මේ රංජන් වැනි ඇත්ත කතා කරන අයව පෙන්න්නේ මොන වගේද දන්නහ,Normal
මුන්ටනම් එහෙම කරපු එක හොඳයි ජයවේවා,Happy
සුපිරි වීඩියෝව lap එකක් ගන්න ඕනේ දැනගත්ත ටිකම ඇති නියම වීඩියෝව,Happy
කැමතිම නිවේදකයා පණ උනත් දෙන්නම් සිරාවටම එච්චර ආසයි,Happy
ඔයා ගොඩක් හොඳ කෙනෙක්,Happy
මොකද්ද ඔයා music එක,Normal
system එක වෙනස් කරමු,Normal
වල් පාරයෙක් සජිත්ට දුන්නොත් ලංකාවට දෙවි පිහිටයි මුළු ලංකාවම විකුණගෙන කයි නිදන් හොරා,Bad
ඔකට million ගියාද බං ලංකාවේ මිල ගණන් නම් අනේ මන්දා,Normal
පිටනම් මේවා හිනාවට තමා,Bad
දැනවත් බෞද්ධයෝ තේරුම් ගන්න,Normal
අයියාව contact කරගන්න විදිහක් නැද්ද,Normal
ඔයා බේරුනා වෙලාවට,Happy
උගත් නම් ඔවා කරයිද,Bad
මම හරිම ආදරේ කරන චරිතයක් වැදගත් ගැහැණියක් මවක් ඔබට බුදුසරණයි,Happy
අක්කියෝ දහස් පාරක් විතර බැලුවා අනේ ලස්සනයි,Happy
අඩේ ඇයි බන් කටහඬ ගියේ,Normal
ඔබ වහන්සේට සම්මා සම්බුදු සරණයි,Happy
ගොඩක් වටිනවා අයියේ දිගටම කරගෙන යන්න,Happy
කොල්ල මරු සුපිරි,Happy
ඔයා ගොඩක් බුද්ධිමත් හොඳටම තේරුම් කරා,Happy
අයියේ ආදරෙයි පට්ටම අලුත් වීඩියෝව,Happy
නාගානන්ද බරක් ඔබාම වගේ,Normal
Tron coin එක ගැන වීඩියෝව එකක් ඕන,Normal
හැමදාම YouTube ආවම ඉස්සෙල්ලම අහන්නේ මේ සිංදුව,Happy
හොඳ පොර කතා කරනවා,Happy
අයියාට පණ වගේ ආදරේ කට්ටිය මේ පැත්තෙන් එන්න,Happy
මේ වීඩියෝව දහ පාරකට වඩා බලපු අය ඉන්නවද,Happy
අවංක කතා කරන හොඳ මනුස්සියක්,Happy
ඔබට ඉස්තුතියි ඔබගේ කතාව ආදර්ශමත්,Happy
මේවා ගොන් අතල් නේ අයියෝ,Bad
හොඳට මතක තියාගන්න මෙයාව අපි දන්නේ නෑ,Normal
ඔයා කියපු දේ හරියටම හරි නංගි,Happy
අඩෝ මමයි likes කළේ,Happy
radio එකේ පොරක්,Happy
ඔබ වහන්සේගේ කතාව සම්පූර්ණ ඇත්ත,Bad
මේ කියන හැමදේම කරනවා කියලා සහතිකය මොකද්ද,Normal
මං දැක්කා funම coachලා set එක,Happy
වචනයේ පරිසමාර්ථයෙන්ම නියම අම්මා කෙනෙක්,Happy
උඹ අයියේ international level එකේ dial එකක්,Happy
මේ ශෂිකාගේම දුව කියලා දැනගන්නකොට වයස කීයද,Normal
අන්තිම ටික හිතට වදිනා,Happy
රංජා නිසා subscribed කරා,Happy
ඔබ වහන්සේ කියන කතාව සම්පූර්ණ හෙත්ත,Normal
යකෝ hahaha මාර දෙයක් උනේ,Normal
ස්වාමීන් වහන්සේ අනෙක් ආගම් වලට ගරු කරලා කතා කරන්න,Normal
මේ තරම් ලස්සනට කියලා ඇයි මුන් හැරෙන්නේ,Bad
හදවතේ සිංදුවක් අහන්න ආසයි,Happy
මේ Hiru Star එකට ආපු කෙනෙක්,Normal
අනේ අයියා good luck මම DDR RAM එකක් ගත්තා,Happy
මටත් පෙට්ටුනා ඇත්තටම දේශපාලුවෝ පස්සේ යන්නේ නෑ,Normal
නියම ළමයෙක් ඔයාට ලොකු ගමනක් යන්න පුළුවන්,Happy
සමහර පිරිමි අවස්ථාවදි තමන්ගේ ගෑණිය ගෙදර තියගෙන අනෙක් ගෑණු එක්ක ඉන්නවා,Bad
ඇත්තමයි හමුදුරුවනේ බෝම්බ ගහලා ජීවිත නැති උනා එක ගැන දුකයි,Normal
අනේ ෂෝයි අම්මා හිනා සිරිවයි,Happy
එයාට උදව් කරන්න ලහිරු පුතේ,Happy
ලස්සනයි දිගු ගමනක් යන්න සුභ පැතුම්,Happy
වැඩපිළිවෙලක් නෑ බයිලා විතරයි,Bad
sweet අනේ පට්ට අහිංසක චරිතයක්,Happy
අයියා සිංදුව ලස්සනයි,Happy
අහපු වාර ගණනට වඩා,Happy
සමරසිංහට දැන් හොඳ කිව්වට කලින් බනලා තිබ්බා නේ,Happy
මධු කාරි පොන්න වේශිගේ පුතා,Bad
ඇයි ඔයා එන්නේ නැත්තේ,Happy
කියන්න තියන දේ කෙලින් කියන super චරිතයක්,Happy
ලස්සන හිනා ඔයාගේ ආදරෙයි ගොඩක්,Happy
චේතා අක්කා ලස්සනට ගීතය කියනවා,Happy
මේ පාර coachesලා මරු,Happy
ඇත්තම කියනවා කියලා පේනවා,Happy
නියමයි ඇත්තටම හරි ආසාවෙන් අහනවා,Happy
අම්මෝ එකනම් කියලා වැඩක් නෑ,Happy
wow හිතාගන්නවත් බැ marama ලස්සනයි,Happy
ඉදාවා වගේම ආදරෙයි අක්කේ,Happy
PS මාවත් subscribe කරන්න,Happy
කොහොමත් කතා කරන්නේ තමන්ගේ වාසියට,Bad
මේච්චර knowledge තියෙන කෙනෙක් ගෙනාපු එක හොඳයි,Happy
ඔයාගේ වැඩසටහන හොඳයි,Happy
මම සූදානම් එකතු වෙන්න,Happy
මේක දාපු එක හොඳයි,Happy
web site link එක දාන්න අයියා,Normal
අපේ හමුදුරුවනට කතා කරන දැන නෑ,Bad
ජාති නමින් පක්ෂ තියෙන එක නැති වෙයිද,Normal
උමාරියා ඔයා සුපිරි,Happy
පාරකට වඩා ඇහුවා හිරිගඩු පිපුනා,Happy
Hiru Star finalට වඩා හොඳට sing කරන අය ඉන්නවා,Happy
මට අද වගේ මතකයි,Happy
film එකත් අනිවා බලනවා අපි,Happy
මොකක්හරි පොඩි අවුලක් ගියා වගේ,Bad
අනේ හුකේ හුබටත් තියෙන්නේ බල තන්හාව,Bad
ඔයා ITN එකේ වැඩසටහනක් ඉන්නවා නේද,Normal
සුපිරි Iraj අයියා අපිත් එකඟයි,Happy
අක්කා ඔයානම් super,Happy
තරගයේ තේරුම අරගෙන ශෂිකාව select කරපු එක හොඳයි,Normal
උමාරියා දෙන අතල්,Bad
ධනු බොරු කියන්න එපා,Bad
ඔන්න බන් සිංදු,Happy
Dialog signal නම් මරු,Bad
wow ඔයා කෙලින් කතා කරන කෙනෙක්,Happy
උමාරියා ඔයාගේ අදහස එක පට්ට,Happy
record කරපු එක නෙමෙයි ප්‍රශ්නය,Bad
මදු මදාවා වගේ ගොනෙක් බැඳේ අපරාදේ,Bad
අනා පාර බල්ලී,Bad
වැදගත් කතා කරපු සෙරම respected බූමි,Happy
සිංදුව නම් ලස්සනයි visual එක අවුල්,Normal
සෙන්කඩගල සුදු බණ්ඩා ඔබට සුභ පැතුම්,Normal
admin නිදි ඔයි මේක අහලා,Normal
මගේ අම්මා මට රැජිනක්,Happy
පොන්යෝ ඉන්න parliament එකේ ඉන්න මුන් ඔක්කොම අල්ලන්න,Bad
උබ මේ ගැන මොකවත් කියුවේ නෑ,Bad
අක්කේ ඔයාගේ කතාව අද අහුවේ මට ඔයා ගැන ලොකු ගෞරවයක් ආවා බුදු සරණයි අක්කේ මත් තනිවුන කෙනෙක් මට ඉන්නේ මගේ අම්මා විතරයි ජීවිතට මුහුණ දෙන්න ඔයා ශක්තියක්,Happy
අපිටත් තිබ්බා නම්,Bad
අපි ඉන්නවා මරෙනවත් සත්‍යයි,Happy
ගීතය එකත් ලස්සනයි අක්කා ඔයත් ලස්සනයි,Happy
මිනිස්සුන්ව රවට්ටලා ජීවත් වෙන්න බලන කිසිම උගත්කමක් නැති ගොන තමයි විමල් ගොංවංස ඔයා වගේ අයට කිසිම රැකියාවක් කරන්න බැහැ බොරු කියන එක හැර,Bad
එපා වෙනවා මේ stepsils ad එක නම් මහ කරදරයක්,Bad
අනේ උබලත් සිවුරක් කසිප්පු ගහන මේ වගේ හමුදුරුවන් තියාගෙන තමයි ජාතිවාදීන් නටන්නේ,Bad
මේ අදහස එකේ මගෙන් මුල ඉඳලා අගටම බැලුවා අක්කි ඔයා එදා වගේම අදත් හරිම ලස්සනයි ඒ වගේම කටහඬත් හරිම ලස්සනයි ගොඩක් ආදරෙයි අපි ඔයාගේ නිහතමානිකමට හැමදාමත් ආදරෙයි,Happy
අදේහ් සිරාවටම garfield වගේනේ,Normal
මෙයාට නම් හොඳ punishment එකක් දෙන්නම ඕන අමු පිස්සෙක්,Bad
භූමි මට කතා කරන්න ඕන please phone number මේ වීඩියෝව කරන ඔබ උනත් කමක් නෑ මට එයාගේ number දෙන්න,Normal
එක තප්පරයක්වත් skip කළේ නෑ ගෙහන් දෙනෝ කියන්නේ පට්ට කොල්ලෝ දෙන්නෙක්,Happy
කසුන්ගේ තමයි හොඳම team එක බලන්න එයා තමයි කටහඬ දෙන්නේ ඒක sure මගේ කසුන් විශ්වාසයි,Happy
ඒ චරිතය ගෙනාවට thanks,Happy
හඳුනා ලස්සන ළමයෙක් කියලා පේනවා,Happy
හරිම ශෝක් චරිතයක්,Happy
වීඩියෝව ගැලපෙන්නේ නෑ,Bad
ආදරණීය අම්මා කෙනෙක් ගොඩක් දේවල් ඉගෙනගන්න තියෙන වැදගත් කතා බහක් බුදු සරණයි ඔයාලට,Happy
ලංකාවේ ගොබ්බොන්ගේ මේ ගොබ්බන්ට මෙයත් වීරයෙක්,Bad
බලු වැඩ බං මේවා කොච්චර ලස්සනද බං ගීතය,Bad
අයියා පාවිච්චි කරන්නේ xiaomi phone එකක් නේද අනේ අයියාගේ experience එකෙන් කියන්න please ඔයා හැමෝම කියන xiaomi signal case එක ඇත්තක්ද,Normal
හප්පෝ අයියා ඔයා එන්න එන්නම තරුණ වෙන රහස මොකක්ද අපි ගොඩක් ආදරෙයි ඔයාට,Happy
මෙන්න කටහඬ hiru star මොනද,Happy
ඊයේ බලන් හිටියා රෑ වෙනකන් දැම්මේ නෑනේ,Bad
අම්මා පින් කරලා තියෙනවා ගොඩක්,Happy
චමිලා ලියත්බර ගීතයේ full ගීතය ඕන,Happy
feel ට ඔබේ අවධානය පිණිසයි දැන් එතකොට දෙන්නම ගහලා ගුටි කෑව මං වෙන්න ඇති,Bad
අද ඉඳන් කියපන් මම sri lankan,Normal
ලියත්බර කිව්වනම් කෙනෙක්ම ගොඩ මේක බුරු වැඩක් කළා නුලෙන් බේරුණා,Bad
තෙරුවන් සරණින් ඔබට සුභ අනාගතයක්,Happy
දෙහෙට පෙනෙන්න බැරි පෝන්නයෙක් ඔක,Bad
අනිවා කටහඬ යනවා ඒ වගේම trending එනවා කියනවා අය කො,Happy
මං එකක් කියනවා මේ අදහස එක මතක තියාගන්න මු තමයි මේලේ star වෙන්නේ නැති උනොත් මං වෙඩි තියාගන්නවා,Happy
ඔබතුමියට මං ගොඩක් ආසයි වගේම ගරු කරනවා ඔබතුමියට ගහන අපිට ඔබ ගුරුතුමිය කෙනෙක් ආදරෙයි හැමදාම,Happy
කටහඬ නම් weak වගේම posh විදිහට වචන pronounce කරන්න ගියා වැඩි parties වලට sing කරන්න වගේ නම් හොඳයි,Bad
මං නම් කිසිම දවසක මේ අම්මට කිසිම දෙයක් කියලා නෑ මොකද පව් අපි තව කෙනෙකුට දෙයක් කියන්න කලින් අපේ වැරදි හදාගෙන ඉන්න ඕන,Normal
graphic design gaming කියන දෙකටම අවුල් නෑද මේ build එක,Normal
wow කොණ්ඩේ ටික ලස්සනයි ගොඩක්,Happy
plz මේ ගීතය දාන්නකෝ instagram හරිම ලස්සන කටහඬක්,Happy
උන්ට වෙන්නේ එතනින් හැමදාම බඩු වෙලා රෙද්ද උස්සන් එන්න තමයි ඒ දාම එක උනා එක හොඳයි නැත්තම් පස්සේ උනත් තමයි ඒක දුක good luck අයියේ,Normal
ඔක්කොම ලස්සනයි ඇත්ත මේ වගේ ජීවිත තියෙනවද,Normal
ඔයාගේ interviews වල තියෙන superb ම එක,Happy
කවුරු ගිරව් කිව්වත් radio කලාව වෙනස් කළා සුපිරි මිනිහෙක් respect,Happy
ඔයාගේ gaming rgb keyboard mouse එක සහ headset වල මිල දන්න,Normal
කියන්න වචන නෑ අපේ හමුදුරුවනේ සියලු දෙවියන් අපේ හමුදුරුවන්ව රැක දෙවා අපි පින් කදා,Happy
අද නම් පරක්කුයි ප්‍රියා,Bad
උබ ගොඩ යන්නම ඕන එකෙක් බං,Happy
මොන මගුලක්ද බං මේ,Bad
සුභ පැතුම් හමුදුරුවනේ,Happy
බඩර ඔබට නිදුක් නීරෝගී දිර්ඝායුෂ,Happy
උමාරියාගේ හිනාව මරු,Happy
අම්මෝ නියමයි feeling එක,Happy
ඕක engineers ලට plans වගේ ඒවා අඳින්න use කරන්න පුළුවන්ද අයියේ,Normal
පට්ටම කතාව ඇත්තටම ආඩම්බරයි උනා ගැන මොකෙන් ගැහුවත් උබට ජනතාව ඉන්නවා උනා අක්කා විරාජ්,Happy
රංජා බෙල්ලේ දාගන්නකෝ දැන්වත්,Bad
මොකද හලෝ ලජ්ජාවක් නැතුව අනිත් ආගම ගැන බොරු ප්‍රචාර කරන්න තමන්ගේ වැඩ කර ජීවත් උනා මැරලා ගියා කියලා ඉන්න තුළ,Bad
එයා හොඳට කිව්වා මුන්ට පිස්සු,Bad
අපි කැමති එල්ලන්න චන්දේ,Happy
වැඩ්ඩෙක් තමයි ඉතින්,Happy
මේ අයත් අනිත් අය වගේම තැනදීය යුතුයි ඉගෙනගන්න හොඳ රැකියාවල් කිරීමට ඉඩදිය යුතුයි ඔබ හරි,Happy
මුට පිස්සු අමෙරිකාව දාලා මේ පිස්සන් කොටුවට ආවේ,Bad
ඔයා මොන දේ උනත් ඇත්ත කතා කරනවා,Happy
ශෂිකා miss ව තෝරගත්තා කියද්දි ගොඩක්ම සතුටු වෙන්න ඇති මෙකදි good job bro,Happy
කටහඬ යනවා කියන අය කො,Normal
මම use කරන phone redmi එක superb phone,Happy
මාත් radio එකේ මිනිස්සු ඉන්නවද කියලා බලලා තියෙනවා,Happy
අපිවත් subscribe කරන්න ඔයාව කළා,Normal
අයියේ low budget vga ටිකක් ගෙනන්නකෝ,Normal
අපේ school එකේ අක්කි කෙනෙක් all the best අක්කි,Happy
ගොඩක් වෙලාවට නංගියේ target එක තියෙන්න ඇති coach කසුන්ගේ team එකට යන්න ඒත් කසුන් කිව්වා හරි මන් paused උනා,Normal
සින්දුව ගොඩක් ලස්සනයිත් වීඩියෝව ගැලපෙන්නේ නෑ මේ ගීතය එකට,Normal
සුපිරි gaming pc එකක්,Happy
වටිනා අදහස් ටිකක් අනිත් අයට ගන්න දේවල් තියෙන කතාවක් ගැහැණියක් ඉන්න ඕන මේ වගේ ඉදිතර චරිතයක් මම හරිම කැමති අදමයි මම දැක්කේ සුභ අනාගතයක්,Happy
කවදා බං ලංකාවේ deep learning කරන customer අහන්නත් ආසයි,Normal
පොඩ්ඩක් ඉන්න ලඟතම තැන දන්නම් ඔයාගේ වීඩියෝව,Bad
අපිට හීන තමයි මන් ලග තියෙන්නේ core duo එකක්,Bad
නියමයි මචෝ බ්ලොක්,Happy
ආදිත්‍ය මතක් උනේ නැද්ද,Happy
ඉරාජ් එල අයියේ ඔහොම කෙලින් කතා කරපන්,Happy
චූටි build එක අයියා සුපිරි වීඩියෝව,Happy
මල්ලී උබ නියම කෙනාව තෝරගත්ත බං,Happy
wow super talent හොඳ අනාගතයක් බස්,Happy
අරවින්ද අයියා සුපිරි,Happy
චාමරගේ කටහඬ පට්ටට කියනවා,Happy
මේකමයි බලන් හිටියේ thanks,Happy
මල්ලී ඔයා හොඳ වැඩසටහන් කරනවාත් මේ වගේ බල්ලියෙක් ගෙනල්ලා ඔයා මොනවද බලාපොරොත්තු වෙන්නේ,Normal
වැරදින්නෙ පේනව ඔයා මාරම වැටෙන්න එපා ඔයාට පුළුවන්,Happy
අයියේ මං hikvision pen එකක් ගත්ත දවස දෙකයි වැඩ කළේ pen එක ඉවරයි මොකද්ද එකට කරන්නෙ,Normal
කුසල් මෙන්ඩිස් මහත්තයා වගේ මු,Normal
අන්න වෙල්ගම මහත්තයෝ කතාවටම නෙමෙයි ඔයාට පාර වැරදුනා ජනාධිපතිකම ගන්න ඔබ සුදුසුද කියලා ආපහු හැරලා බලන්න කරුණාකරලා,Bad
හරිම වැදගත් චරිතයක්,Happy
ඇත්තටම හරිම ලස්සනයි හිතට ගොඩක් දැනෙනවා,Happy
කියන්න වචන නෑ best of luck sister,Happy
ගොඩක් පින් ඔයාට මේ මනුස්සයා ඇත්තටම පව්,Happy
උමාරියා සුපිරියටම සින්දුව විඳා නේද,Happy
sirasa මේයාව දාලා sirasa movie හෝ drama එකක් හදන්න,Normal
අපිත් අයියාට vote කළේ ඔයාගේ තියෙන නිහතමානිකම සහ නිවැරදි වීමයි,Happy
කතාවක් කරපු හැටි ඔයාගේ කටහඬ ඇහෙද්දි වෙලාවකට ඇඩෙනවා හේතුවක් දන්නේ නෑ සහෝදරයා,Happy
කටට වැඩිම network speed එන්නේ මගේ Mbps එකටද,Normal
ඔබ ලස්සනට වැඩසටහන කරනවා මං ගොඩක් කැමති,Happy
මේක එනකම් බලන් හිටියේ මං,Happy
මොලෙන් ගහපන් ගේම කවදාවත් Muslim කඩවලට යන්න එපා,Normal
ඇයි මේවටත් unlike දාන උන් ඉන්නවා,Bad
ඇත්තටම ගොඩක් සතුටුයි අක්කි ඔයා ගැන,Happy
හමුදුරුවන්ට ගරු කිරීමක් නෑ මේයාගේ කතා,Normal
ඔබේ ගමන හොඳයි අපට පැහැදිලි උනොත් අපි ඔබට චන්දේ දෙන්නම්,Normal
එහෙත් ඔයත් මන්ටලයක් නේ නාකි මල හොන්තු,Bad
පට්ට වැඩ්ඩෙක් තමයි ඉතින්,Happy
අයියෝ මේයා හරේ තරුණයි නේද,Normal
සිංහල වචන හරියට කියන්න,Normal
යකෝ පවුල් ප්‍රශ්න අපිට වැඩක් නෑ,Bad
අයියේ මට YouTube channel එකක් හදාගන්න උදව් කරන්න පුළුවන්ද,Happy
රංජන් කියන්නේ ගොන් බඩින කණුවක්,Bad
බති‍යාලට වහ කන්න වෙනවා,Bad
music නියමයි නේ පට්ට,Happy
සිංදුවත් එක්ක මාර ලස්සනයි,Happy
ඇත්ත කතා කරන එකට මං කැමති,Happy
එක පට්ට වටිනවා,Happy
සිංහල සිංහල විදිහට කියපන් නගේ,Bad
අනේ හමුදුරුවනේ කතා කරන්න ඉගෙන ගත්තොත් හොඳයි,Bad
හොයන අදහස එක තමා නෑ,Normal
කවුද බන් මේ Kingsley ගත්ත එකා,Bad
ඇයි අනේ බති‍ය කියුවේ ආපු ගමන් යනවා කියලා,Normal
කි පාරක් බැලුවත් එපා වෙන්නේ නෑ,Happy
මෙකෙන් Lumion වගේ වැඩ කරන්න පුළුවන්ද,Normal
රංජන් බෞද්ධයෙක් නෙවෙයි,Normal
හරිම සරල මනුස්සයෙක් හොඳ දේවල් ඉගෙන ගන්න පුළුවන්,Happy
ඔයාලට ලස්සන අනාගතයක් ලැබේවා,Happy
මෙකත් අහන්න සුක්ෂමව මෙතුමා කරන දේ,Bad
ඇයි Sirasa marketing බන්,Normal
ලංකාවේ ඉන්නේ TikTok මානසික පිස්සෝ,Bad
ඔයට අපේ ගොඩක් ආදරේ,Happy
උමාරියා අනේ මන්ද පිස්සු වගේ,Normal
ලහිරු බොහොම ස්තුතියි සුපිරි සිංහල කතා කරනවා,Happy
පුකෙන් හිනා යනවා බන්,Bad
Iraj උබ මහින්ද දාලා වීඩියෝව එකක් කරපන්,Normal
උබ පට්ට පොරක් බන් best of luck,Happy
පට්ට කටහඬ එකක් මචන් අතාරින්න එපා,Happy
තැනට හොඳටම ගැලපෙන කෙල්ලෙක්ගේ වටිනාකම ලෝකයටම ආදර්ශයක්,Happy
skip කරා කලින් බලලා තිබ්බා,Normal
මං ගොඩක් සතුටු වෙනවා අපේ ලංකාවේ දක්ෂයෝ ඉන්න එක ගැන,Happy
හමුදුරුවනේ තවමත් ඇයි ඔය බල්ලෝ විවෘතව එලියට දාන්නේ නැත්තේ,Normal
හංගිලා ඉන්න සුපිරි වැඩ්ඩෝ එළියට එනවා,Happy
සිංදුව නියමයි එත් වීඩියෝව එකට ගැලපෙන්නේ නෑ,Normal
ඔයා මාර මිනිහෙක් නේ අයියේ,Happy
ලහිරු අයියාගේ හිනා හරිම,Happy
පොඩි එකා PC guide අයියා වගේ වෙයි,Happy
සල්ලි තියන අයව තමයි ගොඩක් තැන් දෙන්නේ,Normal
ඔයා බුද්ධිමත් ගැහැණියක්,Happy
අනේ පලා පෝන්නේය අපි මොකද්ද තේරෙන්නේ,Bad
අනේ බලන්න මේයාගේ හැඩියාව,Bad
ඔකට Ryzen එකක් දාමුද ගාන කීයද,Normal
ගොඩක් ආදරෙයි අක්කේ,Happy
ඒ ගීතය අහද්දි ඇඟ හිරිවටුනා,Happy
පලමු ප්‍රශ්නය මල්ලි වචනය කී පාරක් කිව්වා,Normal
අනේ hacking වලට PC එකක් හදන්න ඕන මොන දා,Normal
ඔයාට හොඳම අනාගතයක් තියෙනවා මල්ලි,Happy
ඔයා උතුම් මවක් ඔබට අපි ගරු කරනවා,Happy
මට පේන්නේ බෑ මු,Bad
අනේ මෙතන ඉන්න විශාරදයෝ ටික,Bad
පට්ටට වැඩේ කලා කෙල්ල,Bad
මෙච්චර උගත් කෙනෙක් ඇයි එතනට වැටුණේ,Normal
පට්ට අතල් පොරක් හිනා පට්ට,Happy
මේ මොන අහවල් සිංදුවක්ද,Bad
කටහඬ එකට match වෙන නියම ගීතය එකක්,Happy
රෙද්දක් අඳන් එනවා මේකි,Bad
කසුන්ගේ මුන දැක්කම මටත් ඇඩෙනවා,Normal
නියමයි හමුදුරුවනට අතහරින්න එපා,Happy
ශෂිකා අක්කගේ කටහඬ හදවතට දැනෙනවා,Happy
කසුන් අතල් දෙනවා අෆ්ෆා,Bad
පියතුමනි අපි ගොඩක් ආදරෙයි,Happy
ලමයා ලොකු වෙද්දි tech පොරක් වෙයිද දන්නේ නෑ,Normal
ඔයා build එක හදන්න කීය ගියාද අයියේ,Normal
මේ කලාකන්නි අවිච්චි මහ නරකයි,Bad
සිංදු කියන්න එපා යකෝ,Bad
කටේ දරුවෝද මුන්,Bad
මට නම් හිතෙන්නේ නැහැ මෙතුමා සුදුසුයි කියලා,Bad
wish you අයියා ඔයාගේ හැම වීඩියෝව එකක්ම බලනවා,Happy
මම නම් මොකුත් කියන්නේ නෑ අම්මෝ,Normal
අපි හැමදාම ආදරෙයි Iraj,Normal
මේ පිස්සු බල්ලව නැති කරලා දාන්න,Bad
original singer වගේමයි,Happy
අම්මගේ අගය දන්නේ නැති අය තමයි unlike දාලා තියෙන්නේ,Bad
bitcoin ගත්ත නම් ලාභයක් ලැබෙනවා,Happy
මම හරිම ආස වැඩසටහනක්,Happy
ඔගොල්ලන්ගේ බොරුව විතරයි,Bad
නියමයි දුලජ් අයියේ අදහස් ටික පට්ට,Happy
අනේ අක්කි මං ඔයාට ගොඩක් ආදරෙයි,Happy
නංගිලා ගැන හොයන්නේ ඉට කලින්,Normal
අනික් ජනතාව කරන්න ඕන,Normal
දිතදාම්ම කර්මය තමන් වපු දේවල් කපගන්නවා,Bad
btc වලින් trading කරන හැටිත් වීඩියෝව එකක් දාන්න අයියා ගොඩක් අය ඒක ගැනත් දන්නේ නෑ වැඩිය,Happy
දෙවෙනි සින්දුව අඩේ ඒක best of luck bro,Happy
කෙලින් කතා වා නියමයි බුදු අම්මෝ මෙහෙමත් ප්‍රේක්ෂක ප්‍රතිචාර සුභ අනාගතයක් god bless you,Happy
මොක කියන්නේ මොකද කන්නේ හා,Normal
මාරයි අනේ ඔයා,Happy
අම්මෝ නංගියේ කට,Normal
ඔබ වැනි හමුදුරුවෝ ලංකාවට තව තව පහළ වෙවා සාදු සාදු,Happy
හැම එකම බලෙන් western වෙන්න ගිහින් සින්දු කනවා,Bad
වීඩියෝව ඉවර වෙනකන් බලුවා ගෙදරින් එළවුවේ නැති එක විතරයි,Happy
කටහඬ teen අයෙෂ්මා කිව්වා ඔයිට වඩා හොඳට කොහොමත් අයෙෂ්මා හොඳට sing කළා,Happy
සින්දුව ලස්සනයිනේ දෙයියනේ,Happy
අනේ ඔය ඔයා දුව නැතිකරන්න මතකද කිව්වා අන්නසි කාලත් හරි ගියේ නෑ අනේ කිව්වා,Bad
කවුද මේවට unlike කරන පර බල්ලෝ තොපි තම්බිද සිංහල තම්බිත් ඉන්නවා මේ ගොඩේ බල්ලන්ට දාව උපන් බල්ලෝ කියනවත් ලැජ්ජයි,Bad
කියන්නේ සුපිරි මනුස්සයෙක්,Happy
බොන්නෙ නැති මිනිහෙක් ලැබෙන්න පෙර පිනක් තියෙන්න ඕන,Normal
ඔන්න මත් එකතු උනා සුභ පැතුම්,Happy
හරිම ලස්සනයි අක්කි ඔයාගේ කටහඬ,Happy
ඔබ වහන්සේ කියන දේ සම්පූර්ණ ඇත්ත,Happy
අයියේ මේකට total මිල කොහොමද,Normal
පොරගේ රූපයට කටහඬ ගැලපෙන්නේ නෑ මට ඒ කාලේ ඉඳලාම හිතුන දෙයක්,Bad
උබලා වගේ මිනිස්සු තමයි ඉන්න ඕන ලංකාවේ,Happy
අපගේ බලාපොරොත්තුව ඔබතුමාව,Happy
වැරද්ද වැරදියි තමයි,Bad
මුන්දා බං දැන් ලංකාවේ ඉන්න ගායකයෝ නොදකින්,Bad
වීඩියෝව සුපිරි උනත් software එක නම් වැඩ නෑ,Happy
superb අද ඉස්සරහටම යන්න සුභ පතනවා,Happy
vote නොකරපු කට්ටියගේ අවසානය මාරම ලස්සනයි පට්ට,Happy
අපරාදේ මුඩුක්කුව ගූ කකා ඉන්න තිබ්බේ මුඩුක්කුවට වෙලා,Bad
ආසාවෙන් බලුවා අද program එක මං ආසම ගුවන් විදුලි නිවේදකයා,Happy
අයියා ඉතින් ඒකේ show එකක් කරන්න යනවද,Normal
සුන්දර මිනිසෙක් හරිම සතුටුයි බුදුසරණයි,Happy
යොහානිද නැත්තම් copy එකක්ද,Normal
ගෙනන්න වෙන අය හිටියෙම නැද්ද ලංකාවේ,Bad
ඔබට ත්‍රිවිද රත්නයේ පිහිට සියලු දෙවියන්ගේ පිහිට ආරක්ෂාව අල්ලා දෙවියන්ගේ පිහිටයි මම ඉන්නේ saudi වල,Happy
අපි මරෙනවත් එනවා හමුදුරුවනේ මේ සක්කිලියෝ එලවමුත් එකටම,Bad
අහිංසක කොල්ලක් අම්මමල්ලි කොච්චර සතුටු වෙන්න ඇතිද ඉදිරියට යන්න ශක්තිය ලැබේවා,Happy
කසුන් මල්ලී මගේ ආදරණීයම ගායිකාව තමයි මාලනී aunty මට ඔයා මේක ගැන කිව්වෙදි මට ඇඩුණා එයා හොඳ ලෝකෙක ඇති මගේ මල්ලී,Happy
ඇත්තටම හරිම ලස්සනයි,Happy
ආසාවෙන් බෑ ආදරෙයි,Happy
ඔයා නම් මාරයි අක්කි ඇත්තටම ඔයා කිව්ව දේ ඇත්ත තමයි,Happy
නංගි පට්ට මගෙන් උණුසුම් සුභ පැතුම් ඒ වගේම අපගේ ශෂිකා missට හදවතින්ම සුභ පතනවා,Happy
ලහිරුත් respect කරලා කතා කළානම් ලස්සනයි,Normal
කොච්චර අපහාස කළත් ගෝටාබය ජනාධිපති වෙන එක නවත්තන්න බැ,Normal
එතකොට ග්නසාර ස්වාමීන්වහන්සේව හිර කළ එක හරි කියලාද කියන්නේ,Normal
radio එකේම ඉන්න වටිනාකම වැඩිය ඒකට,Normal
මමත් ආසම කෙනෙක් ආදරෙයි අර,Happy
සින්දුනම් මරු ඒත් visual එක තමයි,Normal
අම්මෝ මෙයාට ආපු තේ දෙකෙන් වැඩි කරලාද බොරු එපා අප්පා මේක අදිකාලේ කරපු වීඩියෝව එකක් නිසා ඔයාගෙ තියෙන විශ්වාසය ආදරේ තවම තියෙනවා,Happy
nice වීඩියෝව අයියේ watercool build එකක් කරන්නකෝ ලංකාවේ කරනවා දැකලාම නෑ,Happy
එක සුපිරි ගායනයක් ජයවේවා,Happy
මරු නංගි ඔයා හොඳට sing කළා,Happy
ම්ම් දැකපු පට්ට වැඩ්ඩියක්,Happy
පුංචි කෙල්ලේ ඔයාගේ කටහඬ මාර ලස්සනයි,Happy
හරිම ලස්සනයි හද මමනම් හරි කැමති ඒ හදට,Happy
කසුන් නම් මාර පොරක් අප්පා වචනෙන් දෙකෙන් ගොඩ දාගන්නවානේ,Happy
අනේ අඳුනා අපේ හිමියනේ සියලුම අම්මාවරු බුදුන් දැක නිවන් දැකිතුවා මගේ අම්මට වයසයි දැන් තාමත් අපි නිසා වැඩ කරනවා,Happy
පොඩි හමුදුරුවෝ දැන් නළුවෙක් වෙලා රඟ පානවා youtube එක character එකක් වෙන්න හදනවා දැන් camera එකට හදාගෙන,Bad
අදේ rocket engineer ආවෙලා,Normal
අක්කේ ඔයා ගැන කියන්න වචන නෑ ඔයාට සුභ හෙට දවසක්,Happy
මෙයාව ගෙනාවා නම් හොඳයි කියලා හිතද්දි මෙයාව ගෙනල්ලා thanks,Happy
මොකෙක්ද මු මේන් චරිතද,Bad
මල්ලී shirt එක දිග වැඩි ඔයාගේ see you next year,Bad
පට්ට අයියා good luck ඔයා million ගහනවා ලඟදීම,Happy
ඉදිරියටම යන්න coach ශෂිකාව තෝරගන්නෙක්ත් ඇති හොඳටම,Happy
කුමාරි අක්කේ catholic bible එකේ තියෙනවා කෙනෙක් අපසයට ලක් උනොත් ඒ කෙනා උසස් වන්නේ ඔයා හරි නිහතමානි දුප්පත් කම කියනවා ඔයාට ජයෙන් ජය,Happy
පිරිමි ළමයා ලස්සනට කිව්වා,Happy
මෝඩ වෝ හොර දේශපාලකයන්ට කඩේ යන්නේ නැතුව තෝ තෝගේ පදුවේ හිටපන්,Bad
ඊලඟ එකට chanux bro ව million එකක් එක්ක ගෙනන්න,Normal
ඔබ කතා කරන විට මට සිරිසේන ජනාධිපති වෙන්න දඟලපු කාලේ කියපු කතා ටිකම මතක් උනා,Bad
අනේ මන්ද හොඳයි කියනවා ලස්සනයි කියනවා එත් තේරුනේ නෑ good luck brother,Normal
මේ බලු channel එකෙන් අහන්නේ කොහෙද යකෝ කකුල් කඩෙනකන් ගහලා තියෙන්නේ දෙස ගන්න බොරු නඩ ගිහින් හිගා කපන් පරයා,Bad
ඉස්සර හිටපු හමුදුරු හොඳයි දැන් ඉන්න හමුදුරු එහෙම නෑ,Bad
ඔහුගේ තෝරාගැනීම හරියටම හරි යන්නේ ඕන තැනට ආයෙ ඔහුව ගෙනියයි,Happy
ගොඩක් ලස්සනයි අයියේ ඔයා අපිට ආදර්ශයක් සිව්කෙත,Happy
මධුමදාව මානසික රෝගියෙක්,Bad
මම හිතන්නේ හොඳම coach කසුන් ඔහු වෙනස්ම චරිතයක් වෙනස්කම් කළ හැකි කෙනෙක්,Happy
උමාරියා කැමති නෑ ඒවට ශෂිකා කැමති උමාරියටයි බතියට සතුටයි ඕන බටහිර system එකට කසුන්ට ඕන ඒට වඩා එකක්,Normal
wow මාර ලස්සනයි ලංකාව ගැන ආඩම්බර හිතෙනවා මෙයාලගේ talent එක දැක්කම,Happy
සින්දුවට ඇඩෙනවා වීඩියෝව හරි නෑ,Normal
කටහඬේ වැඩියෙන්ම අහපු ගීතය ලස්සනයි නංගි all the best,Happy
ධනංජයගේ අයියා නෙවෙයි මධුමදාව ජාන වෙනස් අපටයෙක් මධුමදාවයා,Bad
මේ වගේ පෝන්න වෙසියේ පුතාලා ගෙනන්න පිස්සුද ඔයි,Bad
මොකක්ද බං ඒ උනේ,Normal
අනේ හමුදුරුවනේ tv channel වල සතියකට වතාවක් හරි ධර්ම දේශනයක් කරන්න,Happy
අනේ කොල්ලගේ හිනාව පව් අනේ,Normal
මෙයාත් facebook එකේ ඉන්න උන් බැනලා post share කරනවා දැන්,Normal
කියන්න වචන නෑ,Happy
මම කැමතිම පුද්ගලයෙක් සතුටුයි ඔබට ජය වේවා සුභ පතනවා,Happy
ජාතිය මොකද්ද දන්න,Normal
ඒකෙන් අහපු කැමතිම එක අර අයියා වැඩ කරන ගමන් ඔයා කියන දේවල් වලින් අපි මොනතරම් හිනා වෙනවද,Happy
Dream Star හිටියා කියලා මතක කාටද,Normal
කසුන් ඔබට දුකයි නේද,Happy
අපි හැමෝම එක වගේ ලස්සන මිනිස්සු proud of you bro,Happy
කොහෙ යන පිස්සෙක්ද මේ,Bad
Mi UI update එකෙන් පස්සේ battery ටිකක් වැඩි ලෙස බැහැ,Normal
මං පට්ටම ආස සිංදුවක් එලටම කලා කොල්ල congratulations,Happy
අනේ ගොඩක් ලස්සනයි අක්කියෝ good luck,Happy
හැමෝටම thanks හැමදාම Sirasa TV එක්ක ඉන්න,Happy
great bro ඉදිරියට යමු,Happy
ගම්පොළ කොල්ලෙක් නේ එල bro,Happy
මු හිතුවට වඩා ගතිගුණ තියෙන මිනිහෙක් all the best,Happy
කොල්ලා upset එකෙන්ද මන්දා select කළේ,Normal
පට්ට මං හදන්න ඉන්නේ PC එකක් Ryzen build එකක්,Happy
කවදාද එක release වෙන්නේ,Normal
වයස කියන්න බැරි පිස්සෙක්,Bad
මේ දොබ්බලා බඩපු අලුත් සෝයා,Bad
ඔයාගේ දිප්ති චරිතය හරිම ලස්සනයි,Happy
පොහොට්ටුවේ ඉන්න ප්‍රාදේශීය මන්ත්‍රීලා කසිප්පු කරයෝ,Bad
උමාරියා පැන පැන යනවා,Normal
ගුවන් විදුලිය අහන හැමෝම ආදරය කරනවා,Happy
radio එකේ කියපු දේ ඇත්තම ඇත්ත,Happy
උමාරියා ටිකක් වැඩියෙන් රඟනවා,Bad
මොකද මේ මෝඩ ගෑණිය කසුන්ගේ button එක press කළේ,Bad
ශෂිකා අක්කගේ team එකෙන් winner උනොත් අනිත් අයට රිදෙයි,Happy
unlike කරපු කෙනා මොනවද කියන්නේ,Happy
අනිවාර්යෙන් එක හරි තෙරුවන් සරණයි,Happy
තව ටිකක් පන දුන්නානම් ගීතය එකට පට්ට,Happy
police එකට වැඩි බලය දෙන්න ඕන,Bad
මෙච්චර ලස්සන කටහඬ එකක් ලැබෙන්න කොච්චර පින් කරලාද,Happy
ඔබ අපේම කෙනෙක් බුදුසරණයි,Happy
එනවද යලි මා සොයා,Normal
අද කුණුහරප කියනවා අපේ කාලේ ඒවා නෑ,Normal
අයියේ ඔයා නියමට present කරනවා,Happy
මේ කතාව එක පාරකට වඩා බලපු අය කො,Happy
තෝ කියන දේවල් වල වැදගත්කමක් නෑ,Bad
අනේ පකෝ උඹ කියන දේ ඇත්ත නම් එන්න මුහුණට,Bad
system එකට විතරක් නේ මේ ලක්ෂයක් යන්නේ,Normal
ඔයාගේ වැඩට මමත් එනවා,Happy
අනේ මේ සිංදුව තව දිගු උනා නම්,Happy
මේකට දෙස තව වැඩි වෙයි,Happy
පලා පලා ලැජ්ජාවක් නැති හත,Bad
කොල්ලත් ලස්සනයි කටහඬ එකත් ලස්සනයි,Happy
අපේ සියලු අම්මා වරුන්ට උපහාරයක්,Happy
Iraj උබ UNP එවුන්ව ගණන් ගන්න එපා,Bad
අපේ දරුවෝ ගැන ගොඩක් ආඩම්බරයි,Happy
අයියා මට මතකයි ඔයා,Normal
උඹ පකයා පලයන්,Bad
කුමාරි අක්කට කවුරුහරි සිංදු උගන්නන එක හොඳයි,Normal
ඔබතුමාට පින් මේ වගේ දේවල් කරන එකට,Happy
මේක නම් super පිස්සුවක්,Happy
අයියේ ඔයා හදන දේවල් වල ගාන දාන්න,Normal
ශෂිකාගේ කටහඬ තනි පිස්සුවක්,Happy
මහින්ද ගෝටා මේවා බලන්න,Normal
ආදර්ශමත් කතාවක් forward නොකරම බැලුවා,Happy
ඔබට හැමදාම ආදරෙයි,Happy
Dubai show එකකට invite කරනවා,Happy
මොකද බන් එකෙක්වත් හැරෙන්නේ නැත්තේ,Normal
සිංදුව ලස්සනයි visual එක නම් ගොන්,Bad
ගොඩක් උඩට යන මිනිස්සු respect,Happy
එක ඇත්ත මටත් එහෙම උනා,Normal
භූමි ඔයා පට්ට strong women කෙනෙක්,Happy
Hiru Star එකේ හිටපු පොරක් නේ,Happy
උබට පිස්සුද මේවට support කරන,Bad
පට්ට interview එකක්,Happy
මේ ගණට පිස්සු මේකටත්,Bad
පව් මේ පොඩි කෙල්ල,Normal
තෝරාගන්න ඕන වැරදි හංගපු අය නෙවෙයි,Normal
පොඩි කාලේ එහෙම උනාම normal,Normal
ඔබ දිරිමත් ගැහැණියක්,Happy
අම්මෝ මේක හදන්න සල්ලි,Bad
පට්ට කටහඬ එකක්,Happy
ඔයා art ද කලා,Normal
අනේ මටත් අඳුනා අපේ අම්මා වගේ,Happy
බොරු කියන්න එපා,Bad
very very nice ගීතය,Happy
රංජන් කියන්නේ අක්‍රමික චරිතයක්,Happy
nice talk but කඩේ යනවා,Bad
මට ඇත්තටම ඇස් දෙකට කඳුළු ආවා,Happy
මේයා නියම ගැහැණියක්,Happy
රංජන් විතරක් නෙවෙයි අනිත් අයත් දුක් විඳිනවා,Bad
ඔයා හරි Iraj,Happy
ඔයා perfect program එකක් කරනවා,Happy
සිංදුව අහනකොට coaches හැරෙනවා දැක්කෙ නෑ,Happy
අඩම්බරයි අපේ හමුදුරුවනේ,Happy
notification එක ආපු ගමන් බැලුවා,Happy
මල්ලි උඹ නියම කෙනෙක්,Happy
අනිවාර්යෙන් අපේ හමුදුරුවනේ,Normal
මට නම් හොඳයි සිංදුව,Happy
Prihan please අලුත් ගීතය එකක් දෙන්න,Normal
එල කොල්ලෝ අපි ඔයත් එක්ක,Happy
මේ ඔක්කොම පුටුවට යනකන් විතරයි,Bad
මගේ පුතා වගේමයි,Normal
FM radio legends Sri Lanka,Happy
කටහඬෙන් දිනන්න ඕන නෑ,Happy
අයියා PUBG වලට build එකක් කියන්න,Normal
කටහඬ මාර ලස්සනයි,Happy
lassana කටහඬ ekak,Happy
මේ ශක්තිය මගේ අම්මටත් තිබුණානම්,Happy
program එක ඉවර කරන style එකට මං ආසමයි,Happy
කසුන්ට වඩා ශෂිකාව තෝරගත්ත නම් වටිනවා,Bad
බුදු දහමින් පෝෂණය වූ පාලකයෙක් අපට ඕන,Normal
අනේ මේ මුණේ කටහඬට මට හරිම ආදරෙයි,Happy
උමාරියාට හොඳට motivate කරන්න පුළුවන් respect,Happy
කසුන් මාර අතල් දෙනවා,Happy
පොඩි එකී පව්,Normal
අනේ මාරම ලස්සනයි කටහඬ මී පැණි වගේ,Happy
ශිහාන් මිහිරංගට කැමති එයත්,Normal
නිල්මිණි තෙන්නකෝන්ගේ අම්මා කියලා,Normal
සහන් රන්වල සහ සුදේව Hiru එක rock කරා,Normal
මේ අයියා school කාලේ පට්ට අතල් පොර,Happy
කසුන් කියක් හම්බු උනාද,Bad
අනා දායන මු වලා පයයි,Bad
සමරසිංහ ආසම චරිතයක්,Happy
අනේ ඔයා දැක්කලත් අපහාස කරනවා,Bad
අනේ මං ගොඩක් ආදරෙයි මෙයාට,Happy
මේ අයට බෙහෙත් දෙන්න ඕන වගේ,Normal
හොඳ ආකල්ප තියෙන හොඳ මනුස්සයෙක්,Happy
අපරාදේ මේ මනුස්සයාගෙන් තවත් වැදගත් ප්‍රශ්න අහන්න තිබුණා,Bad
අපේ හමුදුරුවනේ ඔබ කියන දේ ඇත්ත,Normal
ඇයි මේයාව විතරක් promote කරන්නේ,Normal
band එක අම්බෝ පිස්සු හදෙයි,Happy
සිංදුව ලස්සනයි එත් වීඩියෝව අවුල්,Normal
මේ coachesලා පොඩි උන් වගේ සෙල්ලම් කරනවා,Normal
deep talk වීඩියෝව කියන්නේ TikTok වීඩියෝව වගේ,Normal
කසුන් නිහතමානී කලාකරුවෙක් ආදරෙයි,Happy
මේයා saree වලට cheap material යොදනවා,Bad
ශෂිකා වගේ කියලා හිතුණේ මට විතරද,Happy
ඔබගේ කතාවේ වටිනාකම ලංකාවේ සිංහලයට අමතකයි,Normal
ගොඩක් ලස්සන සිංදුවක්,Happy
ඔව් අපේ හමුදුරුවනේ රංජන් බොලඳ චරිතයක්,Bad
අපේ තාත්තට පෙන්න්න ඕන මේ tech sunday,Happy
පක්ෂය මොකද්ද නාගානන්ද මහත්තයාගේ,Normal
සුපිරි bro කොල්ලෙක්ට හදෙන්න කියන ටික තියෙනවා,Happy
අපරාදේ සිංදුව ලස්සනයි,Normal
මං මේ channel එකේ වීඩියෝව එකක් full බැලුවා,Happy
ඔයාට සහ දුවට සුභ පැතුම්,Happy
ලොකු දැනුමක් තියෙනවා හොඳට කතා කරනවා,Happy
අපි කසුන් ගැන හිතුවේ serious character එකක්,Happy
ඔබ වගේ ආදරණීය කෙනෙක්ට මං ආදරෙයි,Happy
මගේ laptop එකට add කරපු RAM එක Hikvision,Normal
මගේ කැමතිම phone ටික,Happy
අනේ ලහිරු පුතේ මේ වගේ ගොන් අය එක්ක වැඩ කරන්න එපා,Bad
අපිට t shirt ගන්න බැරිද,Normal
යකෝ ඒ කොල්ලා Hemal Ranasinghe වගේ,Happy
Hiru එකේ අය unlike කරලා,Bad
බලන්න මේයාගේ හැඩියාව පව්,Bad
සමස්තයක් ලෙස හොඳයි,Normal
ඔබ ජාතිවාදී කතා කරනවා,Bad
හිනා තමයි අපේ,Normal
මේයා Hiru Star season එකේ හිටියා නේද,Normal
ඇයි මේ තරම් අමාරු සිංදුවක් තෝරගත්තේ,Bad
අනේ ලමයි දෙන්නා එන්න,Bad
කල්හාර කටහඬ නිසා කසුන්ගේ ගීතය වලට value එකක්,Happy
අර අයියාට ආදරෙයි,Normal
දෙවෙනි වතාවට අහන්නේ,Happy
Chanux ඔයාගේ PC එක මාරයි,Happy
ගොඩක් හිතට දුක දෙන ලස්සන ගීතය එකක්,Happy
please පක්ෂයක් හදලා election එකට එන්න,Happy
අද කාලේ ගැහැණු වෙනස් වෙනවා,Normal
අම්බෝ මිල පිස්සු හදෙනවා,Bad
බුදු දහම බුද්ධිමත් අයගේ ආගමක්,Happy
කසුන්ගේ set එකේ battle එක,Happy
build එකේ casing එකට දාපු එක අපරාදේ,Bad
එදා කියපු boyට අද මොනවා හිතෙනවාද,Normal
ඔයාගේ ආදරණීය දියණිය ගැන සතුටුයි,Happy
අපි හමුදුරුවෝ එක්ක ඉන්නවා,Happy
සුපිරි දෙන්නම එකතු වෙලා,Happy
අපි vote දෙන්න ඕන කාටද,Happy
හරිම ලස්සන කතාවක්,Happy
දෙන්නම ගන්න අයින් කරන්න එපා,Happy
ආවට පස්සේ තව minutes ඉන්න ඕන,Happy
රසිකයන්ගේ ප්‍රතිචාර අමුතුයි,Normal
හැම ගැහැණියකටම ඔයාගේ කතාව ආදර්ශයක්,Happy
අපිට ඒවා ගැන හිතන්නවත් බෑ,Bad
අපේ university එකේ girl කෙනෙක්,Happy
කසුන් කියන්න වචන නෑ,Happy
ඔයාගේ කටහඬට ගොඩක් ආදරෙයි,Happy
අපේ මිනිස්සු වැරදි හොයනවා,Normal
උමාරියා යක්ෂණී වගේ,Bad
අනේ ඉක්මනට නව මුදල් ලැබේවා,Happy
කියන්න වචන නෑ හරිම ලස්සනයි,Happy
ඔබේ දියණිය ඔබේ ජීවිතයට ආලෝකයක්,Happy
ඔයා ශක්තිමත් හොඳ අම්මා කෙනෙක්,Happy
ඇයි ජනතාව නිහඩ,Bad
කියන්න වචන නැහැ,Happy
පුද්ගලික දේවල් හිතනවා,Bad
මෙයා අවංක වගේ පේනවා,Normal
ගැහැණියක් වීමේ අර්ථය වෙනස්,Happy
කසුන් ඔයා ඉල්ලගෙන කෑවා,Bad
visual එක chill සිංදුව හොඳයි,Normal
හොඳට හදලා බොරු කියනවා,Bad
තව phone review එකක් ඕන poco x එකක් ගෙනන්නකෝ අයියේ,Happy
මේක screen off කරලා අහපන් ඒක පට්ට,Happy
මෙයානම් දක්ෂයි අපරාදෙ ගත්තේ නැත්තේ මේට වඩා අවුලට sing කරපු අය ඕනතරම් ගත්ත මේක නම් අපරාදයක්,Bad
කට තලන්න පුළුවන්ද හමුදුරුවනේ අපි කරන්න පුළුවන් දෙයක් කියමු නේද හමුදුරුවනේ,Bad
උමාරියා හැමදාම අඳින්නේ එකම ඇඳුමද,Normal
ඒදා parliament එකේ කතා කරේ අපි මැරිලා ඉපදිලා වගේ defender එකෙන් කොල්ලෙක් උස්සලා මේයාගේ හෙන්චයියෝ සේරම වැරදි පිළිගත්තා එතකොට මේයා නිදහස් බබා වට්ටි අම්මා වගේ කියෙව්වට ඇත්ත හංගන්න බැ,Bad
අනුන්ගේ ඒවා ඔබන්න එපා අයිතියක් සොර ගන්නවා වගේ නේ,Normal
tech sunday episode එක මම download කරලා බලුවා තාමත් බලනවා ගොඩක් වටිනවා අපි ඉක්මනටම ගහමු tech sunday episode november,Happy
මේ කුණුහරුප වදාලා හමුදුරුවෝ නෙද රංජන්ගේයි මේයාගේයි වෙනසක් නෑ දෙන්නම ගොන්,Bad
පට්ට බොරු කියන්නේ,Bad
මහින්දගේ ගූ කන පෝන්න වෙසියේ පුතා,Happy
ඔබ කියන දේ හරි මල්ලී අපි සියලු දෙනා ඔබ සමග ඉන්නවා ඔබට දෙවි පිහිටයි,Happy
මං නම් දන්නේ නෑ මේ අයියා කවුද කියලා දන්නේ නෑ එත් මට දැනුන හොඳම ලාංකිකයා,Happy
interview කරන එක බොරුවට මෝඩ joke මයි දන්නේ,Bad
කුමාරි අක්කේ ඇත්තටම ඔයාගේ මේ වචන ටිකට කියන්න දෙයක් නෑ good good එකෙන්ම මං ගොඩක් ආදරෙයි සුභ අනාගතයක් වෙවා,Happy
වීඩියෝවේ අන්තිම time පොඩි අවුලක් තියෙනවා නේද,Bad
උමාරියා බතිය කසුන් හැකියාව වගේම මාර අතල් එකේ ඉන්නේ,Happy
ගෙහන් ආපු first interview එක ඒකත් මේ channel එකේ වැඩිම දෙස ගත්ත වීඩියෝව නියමයි ආසම චරිතයක් ජය වේවා,Happy
ඔයා හොඳට කිව්වා අතහරින්න එපා dear කටහඬ ලස්සනයි අමුතුයි,Happy
මී පැණි වගේ මේක නම්,Happy
අයියා කිව්ව ලස්සනම කතාව තමයි youtuber කියන්නේ youtube එකම target කරලා වීඩියෝව කරන අය කියලා ඔව් ඒක ඇත්ත දැන් මේ ඉන්න කට්ටිය viral වෙන්නේ වෙන විදිහට,Happy
මම කතෝලික ඔබ වහන්සේ ඇත්ත කතා කරනවා මම බුදු දහමට ගොඩක් ගරු කරනවා ඔබ වහන්සේට බුදුන් වහන්සේගේම පිහිටයි,Happy
හරිම වැදගත් හරිම ලස්සන වැඩසටහනක් ඔබට තෙරුවන් සරණයි,Happy
බුද්ධගම කොහෙද තියෙන්නේ සිංහල උබලාගේ බයිලා විතරයි අපිට පෙනවන්නේ සිවුරු ඇඳපු උන් ඔක්කොම හපන් සේරමලා නෙවෙයි,Bad
බුදු සරණයි හමුදුරුවනේ,Happy
මාරම චරිතයක් මං හරි ආදරෙයි,Happy
මොනවා කරන කෙනෙක්ද මේ,Normal
තවත් songs කරන්න අක්කා ඔයාලා වගේ ලස්සන singers ලා දැන් නෑ මං බලන් හිටියේ ඔයාගේ songs බලන්න thanks තවත් ලස්සන songs කරන්න please පොඩි කාලේ ඉඳන් මගේ favorite singer ඔයයි,Normal
ltte එක years ගානක් කරපු විනාසයක් නිසා අදත් කොච්චර මිනිස්සු දුක් විඳිනවද,Normal
සමන් ලෙනින් මහත්තයාව මතක් උනා,Happy
අයියේ උබ නම් මාර මනුස්සයෙක්,Happy
ඔබ වහන්සේට ගොඩක් ගරු කරනවා ඇත්ත කතා කරනවා,Happy
ඔබ වහන්සේ හරියටම හරි,Happy
අර පොඩි කෙල්ලට ඉන්න දීපන් ගැණියේ,Bad
original සින්දුව අහලා තියෙන අයට කවුරු කොහොම කිව්වත් සමන් ලෙනින් කියන ලාංකීය හද මතක් වෙන්න ඕන නුඹටත් ජය කොල්ල,Happy
ඔයා අක්කා අදහන්න වටිනවා,Happy
අපේ හමුදුරුවනේ ඔබ වහන්සේට ආදරණීය අම්මට සියලුම මව්වරුන්ට පියවරුන්ට දිර්ඝායුෂ ලැබේවා බුදු සරණයි,Happy
වයස බලන්න ආවේ කො යකෝ,Bad
මේකේ comments කියවලා ඔලුව කක්කුම හැදුන එවුන් තව ඉන්නවද,Happy
ඉරාජ් අපි උබ එක්ක ඉන්නවා unp පෝන්නයෝ උබගේ page එකට කරපු වැඩේට බලමුකෝ,Bad
කසුන් කියන්නේ මැණිකක්,Happy
ගොඩක් ලස්සන කටහඬ එකක් මරු අහන්න ආසයි ඔයා sing කරද්දි,Happy
උබට කටහඬ record නිසා අමාරුව වැටලා කරගන්න දෙයක් නැතුව parliament එකට කතා කරා කියුවා උබලා එකතුවෙලා බොරු නඩු දාලා කීයද හිරේ දැම්මා ඒ විපාක තමයි මේ,Bad
මු මාර පොරක් ඔයි රවුලයි කඩයි දෙකම බේරගෙන ගේම ගහනවානේ එල කොල්ලෙක්,Happy
ඔයාලා හමුදුරු වගේ ජීවත් වෙන්න,Normal
ආසම චරිතයක් good,Happy
ලස්සනයි බං ඉදිරියටම යන්න සුභ පතනවා,Happy
next time අපි මේයාට හොඳ දැනීමක් අරන් දීලා එමු නේ,Normal
මං නම් ආවෝ,Normal
පෙස්සු ගෑණියෙක් බලන අපිටත් පෙස්සු,Bad
අයෂ්මා හොඳයි කියන අය එකයි මේකයි ආයෙ අහුවොත් නරකද,Normal
පට්ට චරිතයක් තමයි ඉතින් ගරු කරනවා,Happy
පට්ට කතා ටිකක්,Happy
මේ මොන පකෙක්ද,Bad
නියම කොල්ලෙක් අරවෙන්ද,Happy
මටත් ආයෙ හිරිගඩු පිපුණා,Happy
මේ කට්ටිය එකම ඇඳුම අඳිනවනේ,Normal
ඇයි හැරුණේ නැත්තේ,Bad
commentary දෙවනි වලින් පටන් ගත්තේ ආයෙ හැම තැනම ඉස්සරහට ගියා,Happy
වල් බොරු ගොතන්න එපා පො,Bad
අම්බෝ අයියාත් අතල් දෙනවා නේ,Normal
අනුදූලා දෙන්නම ගෙනේ තිබ්බේ,Normal
කටහඬ මාරම ලස්සනයි සින්දුව පටන් ගන්නකොට පුදුමයි හරිටම වෙන කෙනෙක් වගේ,Happy
කිතුල් කටහඬ එකට ආවිත කියලා හිතුණා අය කො,Normal
ඔබට ලෝකයම දිනන්න හැකියාව ලැබේවා ඒ වගේම ඔබේ නිහතමානිකමට ආදරෙයි හැමදාම thanks ලහිරු ඔබටත්,Happy
ඊගාවට ලහිරු ගන්නේ රත්ත මොකද හිතන්නේ කට්ටිය,Normal
ගැහැණු අපිට ඔබ ආඩම්බරයක්,Happy
මහත්ම ගති පැතුම් ඇති තරුවන් අපේ ඔබ ආදර්ශයක්,Happy
channel කාරයෝ කරනවා මේ මනුස්සයා අල්ලගෙන නොන්දි හුත්තෝ,Bad
කවුුරු මොන කියුවත් මිනිස්සු පනවුණත් දෙන් මිනිහෙක්,Happy
මම දැකපු එකම කොල්ල එකම ගීතය දෙපාරකට වඩා බලපු best of luck අයියා,Happy
මෙවැනි වැඩසටහන් හොඳටම මෙහෙයවන්න පුළුවන් අයියට තමයි,Happy
දැන් බබා වගේ තුහ් නොදකින්,Bad
අවශ්‍ය coach කසුන් පව් කියලා හිතෙනවාලු,Happy
ලොකු පොඩි කවුරුත් අඳුනන නියම හදක් thanks,Happy
බතිය සුපිරි කොල්ලෙක් chance එකක් දෙන්න පුළුවන් නම් අනිවාර්යෙන් දෙනවා කුහක නෑ,Happy
හරි අපරාදයක් උනේ,Bad
prices කියපු එක නම් මාර හොඳයි,Happy
ඒයත් ලස්සනයි සින්දුවත් ලස්සනයි,Happy
congratulations සන්දා ඔහොම යන්න මේක තරගයක් නෙවෙයි,Happy
පෝන්න ඉරාජ් අවජාතකයෙක්,Bad
ඇයි අයියා chapters පෙන්නන්නේ නැත්තේ මගේ වීඩියෝව එකක්වත් පෙන්නවෙ නෑ,Normal
කියන දේවල් හරිම හරි මාර mind එකක් මේ interview එකෙන් ඒක දැනගත්තේ thanks අයියේ uncle,Happy
මං කැමතිම ගීතය,Happy
අනේ මේ ඔබතුමා uk වලට කඩේ යන්නේ නෑ කියන්න පුළුවන්ද ඔක්කොම එකයි,Bad
අසුවහක් කටවහක් වදින්න එපා අක්කගේ කොණ්ඩෙට අනේ කවදාවත් කපන්න නම් එපා please,Happy
කොල්ල මිස් උනා නම් පව් බං,Normal
redmi එකේ update එකේ review එකක් දාන්නකෝ,Normal
bands ලට හොඳම කට්ටිය මුලදීම ගියා නේ ඒ නිසා ඒලට දැන් අවුලක් නැතුව ඇති,Normal
ලස්සනට කිව්වා හොඳ ගමනක් තියෙනවා ඔයාට,Happy
මං නම් මේ සාරි ඉන්න ආසම කෙනා නංගි ඔයා සුභ අනාගතයක් තෙරුවන් සරණයි,Happy
ඇවිදින විදිහ බලලා කියන්න පුළුවන් apex pro කෙනෙක් කියලා,Happy
පොරක් චරිතයක් කියන්න පුළුවන් සුපිරි කෙනෙක්,Happy
deep fake වීඩියෝව එකත් ඕන අයියේ tech sunday සුපිරි,Happy
දෙහිවල විතරද shop එක තියෙන්නේ,Normal
ඔබතුමාගේ වැඩසටහන් සියල්ලම බලනවා ජේසු පිහිටයි,Happy
අනේ පල මොංගලය,Bad
ඔයා ගැහැණියට හොඳම ආදර්ශයක්,Happy
මේ වගේ interview එකක් කොහෙවත් අහල නෑ පට්ට,Happy
මේවගේ සුන්දර මිනිස්සු ගෙනාවට ජය,Happy
මෙන්න බුලට් එක,Happy
කසුන් hint එකක් ගැහුවා කියලා හිතෙන්නේ මට විතරද,Normal
බුදුසරණයි අක්කේ ඔයා හැමදාම සතුටින් ඉන්න,Happy
පට්ට ඔන්න මත් appeal දුන්නා,Happy
හමුදුරුවෝ කතා කරන විදිහ නරකයි,Bad
ලහිරු අයියේ වැඩකට නැති අය ගෙනන්න එපා,Bad
වීඩියෝව නැත්තං සිංදුව පට්ටම පට්ට,Happy
wow කසුන් මල්ලි ඔයත් ලස්සනට ගැයුවා,Happy
Kingsley අයියාගේ හැකියාව වෙන දේකට හොඳයි,Normal
අන්තිම වචනය කොහොමද,Normal
radio එකක් අහුණා කාලෙකින්,Happy
උමාරියා එහෙම බයවෙලා බලන් ඉන්නේ,Normal
හොඳ කෙනෙක් ගොඩක් පව් බුදුසරණයි අක්කේ,Happy
යකෝ මුගේ කටහඬ සුපිරි,Bad
මම පාරකට වඩා බලුවා පට්ටම පට්ට,Happy
පිටිපස්සේ අක්කා dance කරනවා,Normal
වීඩියෝව ගොඩක් හොඳයි,Happy
ඔක්කොම එකතු වෙලා පාඩමක් උගන්නමු,Normal
මගේ ගාවත් තියෙන්නේ Redmi කිසිම අවුලක් නෑ,Happy
වීරසිංහගේ face cut එක ටිකක් තියෙනවා,Normal
අර කියපු කතා සියල්ලම ඇත්ත,Happy
බුදුසසුන බබළේවා ඔබ වහන්සේට දිර්ඝායු,Happy
මේක පොඩි උන් රවට්ටලා සල්ලි හම්බ කරන marketing එකක්,Bad
admin අයියා අපි කියන දේ අහලා after shots දාන්න,Normal
all the best සංජය අයියේ ලස්සනයි,Happy
backup software එක ගත්ත අය කො,Normal
අම්මට සලකන එක පේනවා,Happy
මේක කටහඬ global යයි කියලා හිතන අය කො,Happy
අපිට මේවා කොහෙන්ද,Bad
තෙරුවන් සරණයි අපේ හමුදුරුවනට,Happy
අම්බෝ අයියේ වීඩියෝව එනකම් බලන් හිටියේ ආදරෙයි,Happy
ඔයාට ගොඩක් ආදරෙයි අපි සතුටින් ඉන්නවා,Happy
අදහස් වලට ගරු කරනවා,Happy
Hikvision pen drive නම් හොඳයි speed එක,Happy
පොඩි කාලේ ඉඳන් ආසම චරිතයක්,Happy
එ කටහඬ දෙක හදවතින්ම ආසයි,Happy
දැන් logo sound එක වැඩියෙන් සද්දයි,Bad
Hiru Star එකේ හිටියා නේ,Normal
මම අදහස දාලා නැති උනත් මට දුකයි,Normal
ඇයි කසුන් ඔච්චර පණ්ඩිත,Bad
අපේ මිනිස්සු සල්ලි වෙනුවෙන් කඩේ යනවා,Bad
සරල නිහතමානී චරිතයක් රොහිත රාජපක්ෂ,Happy
ඉතාමත් බුද්ධිමත් අවංක දක්ෂ කෙනෙක්,Happy
pushparagaya ඉඳන් Wasthi වීඩියෝව බලනවා,Happy
මචං පුළුවන් නම් ඔයාගේ අදහස් share කරන්න,Normal
අත්ත කෑවා පට්ට හොරු,Bad
අද නම් එපාම උනා,Bad
ලෝකෙටම සිංහල කියන භාෂාව තියෙන්නේ ලංකාවේ විතරයි,Bad
skip නොකර බලපු වීඩියෝව එකක්,Happy
සන්තුෂ්ගේ කටහඬ ලස්සනයි,Normal
ලස්සනයි නතාශා අක්කි ඔයාගේ ගීතය,Happy
එකනම් පට්ට සහෝ,Happy
wow good program,Happy
මට හිතාගන්න බැ ඔයා වගේ කෙනෙක් ලංකාවේ ඉන්නවා කියලා,Happy
හැකි නම් නාගානන්ද එක්ක එකතු වෙන්න,Normal
හරිම සුන්දර කාන්තාවක්,Happy
අනේ ඔයා කොච්චර හොඳද aunty,Happy
අපේ punchi pc guide channel එක ලොකු වෙනවා,Happy
මේ තමයි final එකට vote කරන කෙනා,Happy
මචං මිලින්ද උබට තව කරන්න පුළුවන්,Bad
කසුන්ගේ කන super,Happy
පව් අක්කි ඔයා,Normal
silver play button එක ලඟදීම බලමු,Happy
nanotek site එකේ CPU තියෙනවා,Normal
notification ආපු ගමන් බලුවා,Happy
අවංකව අදහස් ප්‍රකාශ කරා,Happy
ගෝටා ආවහමත් කෙලින් කතා කරන්න,Normal
මේ රාජයන් කරන වැඩ නරකයි,Bad
මට missගේ number එක ගන්න පුළුවන්ද,Normal
අඩේ පාරේ සද්දෙටත් නැටෙනවා,Happy
මේ වගේ ගොන් අය ගෙනන්න එපා,Bad
සුබදායක පණිවිඩයක් බලාපොරොත්තු වෙනවා,Happy
අයියෝ දෙමව්පියන්ට ගරු නොකරන අය,Bad
එකනම් රිදෙන්න දීලා තියෙනවා,Happy
මමත් සිංහල බෞද්ධ,Happy
බලන්න තියෙන හැඩියාව,Bad
යකෝ නැවත හරෙන්න ඕන,Happy
ජාතියට ආදරේ කරන්න,Bad
brother Charlesට ගරු කරනවා,Happy
ලස්සනයි ගොඩක් ආදරෙයි දෙන්නටම,Happy
එකනම් ඇත්ත අක්කේ,Happy
අපි හොඳ වචන භාවිතා කරමු,Normal
මේ කව්ද කියලා දන්නේ නැහැ,Normal
ලහිරු අයියේ ඔයා ගැන වීඩියෝව එකක් දෙන්න,Happy
අනේ පව් බබා,Bad
ඔයාගේ මේ වීඩියෝව ඉවර වෙනකල් බලුවා සුපිරි,Happy
ඔයා කවුද උනත් respect කරනවා,Happy
ඔයාගේ casing එක අවදාද දැන් nanotek එකට,Normal
අපිට ඉතින් ඔවා හීන,Bad
ඔව් නිලමිණි ඔයා හරියටම හරි නමුත් ඔයාට ගැලපෙන කෙනෙක් හොයා ගන්න,Happy
දැන් කොහොමද පස් බොරළු මැටි වැලි ගස් කපා ඉවරයි බලු පයියෝ තෝ බල්ලන්ට කඩේ ගියා පාස්කු මිනීමරුවා නිදහස්,Bad
අදේ අයියා ඉතින් channel එකේ program එකක් host කරන්න යනවා නේද,Normal
හරි ආඩම්බරයි ඔයා වගේ නිළියක් ගැන අපේ නිළියන් ගැන බලද්දි ඔයා ගැහැණු සංහතියටම අභිමානයක්,Happy
කිසිම ඉරිසියාවක් නෑ කසුන්ට,Happy
intro එක නම් පට්ට අයියේ,Happy
මේ වීඩියෝව youtube වල කීදෙනෙක් කොච්චර දේවල් ඉගෙනගනීද,Happy
පට්ට ඔයි අපේ එකෙක්,Happy
නියමයි එක ලස්සනයි මරු,Happy
ඇස් වලට කඳුළුත් ආවා හුගක් ලස්සනයි,Happy
මම කවදාවත් අරවින්දව අහලා තිබුණේ නෑ ලංකාවේදී ඒත් මේ වැඩසටහනෙන් අරවින්ද කියන චරිතයට ලොකු කැමත්තක් ඇති උනා,Happy
ඒ අම්මා අනේ ශෝක් හරිම happy එකේ අල්ලා best නංගා,Happy
අපේ හමුදුරුවරු අය දෙනයි cardinal තුමා කියන කෙනා තමයි අපේ ජනාධිපති,Normal
කාලෙකින් අහුවා බැලුවා පට්ටම ගීතය එකක්,Happy
අයියේ second hand sony xperia xz phone එකක් කට විතරක් ගන්න එක පදුවද,Normal
ඔයාගේ වැඩත් අපි දැකලා තියෙනවා හෂිනි වගේම තමයි ඔයත්,Bad
මිහින්දු අයියාගේ photo copy එකක්,Normal
ලහිරු අයියේ ඔයා present කරන විදිහ හොඳයි,Happy
හොඳටම බයවෙලා අපතයා කියලා බැනලා දැන් මහත්තයාවෙලා හොකි හොකි හූ,Bad
ඔයා ලස්සනයි වගේම වැඩත් ලස්සනයි,Happy
මං කැමතිම නිළියක්,Happy
අයියා අපි ඔයා එක්කයි,Happy
අයියා total මිල කීයද build එකට,Normal
කසුන්ත් මරු අතල් දෙන්නේ,Normal
ආදරෙයි බං ඉරාජ්,Happy
යහපාලන බල්ලෝ කපියු දෙන් මිනි මස් තොපිට හෙන ගහනවා,Bad
උසාවියෙන් නඩු කරා හමුදුරුවෝ පපුක් නැති හෙගන්න හෙතක්,Bad
ඔබතුමා කියන කතාව ඇත්ත හමුදුරුවනේ,Happy
සිවුරක් දාගෙන කුණුහරුප කියන කෙනෙක් ලඟට යන උන්ගේත් මොලේ කචල් පිස්සෙක් උත් ගියා අර හෂෙන් කියන අය මේ අයට බුද්ධිමත් වැඩක් කරන්න බැරි,Bad
මුලින්ම super star ආවේ පස්සේ hiru star ආවා දැන් කටහඬේ එල එල,Happy
මේක එනකන් හිටියේ,Happy
දුලා jet එකක් පදලා වගේ interview එකට ඇවිල්ල තියෙන්නේ,Normal
ලහිරුට රොහිත්ගේ ගෑණි ගැනමයි දැනගන්න ඕන,Normal
ගෙහන් serious වෙලා ඉන්නවා දැක්කමයි,Normal
ළමයිට කන්න බොන්න දෙන හැම parent කෙනෙක්ම හොරකම් කරලාද කන්න බොන්න දෙන්නේ මේයා responsible නැතුව ඇති commit වෙන්න බැරි කමක් තියෙනවා මේයාගේ parentsලාත් හොරකම් කරලාද කන්න දීලා තියෙන්නේ මේයාට,Normal
කරන හැමදේම පරිස්සමින් මොකද සිංහල අන්තවාදීන්ගෙන්,Bad
සමහර හොරුවත් පූජකයෝ වෙලා ඉන්න මේ අවස්ථාවේ පූජකයන්ගෙන් වෙන වෙමු ඔබ සැමට allah සහ තෙරුවන් සරණයි,Bad
ලහිරු ඔයා කරපු හොඳම වැඩසටහන ගම්‍ය නම් නියම අදහස් තියෙන නියම යුවතියක් හොඳ අදහස් දරන්නියක්,Happy
අයියා වීඩියෝව editing වලටයි graphic designing gaming වලට build එකක් හදුවානම් ගොඩක් වටිනවා,Happy
set වෙනවා මරුවට කසුන් වැඩ්ඩා,Happy
admin අති දාම්මා ටිකකින් දාන්නකෝ,Normal
මොනවා උනත් sirasa අගය කරන්න පුළුවන් program එකක් මේක,Happy
අනේ ඒක ඇත්ත අපේ හමුදුරුවනේ අල්ලා කියලා නෑ මහමා කරන්න මේවා නපුරු මිනිස්සුන්ගේ වැඩ,Normal
එක හරියන්නේ නෑ අන්තිමට ආදරේ කරපු කෙල්ල අරෙන්න වෙන එකෙක් කොල්ලෙක් බැඳින එක හරියන්න නෑ ඔකේ,Bad
මගේ laptop එකේ display ribbon එක ගිහින් අයියේ ඒක ලංකාවේ නළු,Normal
ජය වේවා අපේ හමුදුරුවනේ ඔබ වහන්සේට යුක්තිය වෙනුවෙන් ඉදිරියටම යන්න සියලු දෙවියන්ගේ ආශිර්වාද ලැබේවා බුදු සරණයි,Happy
තවත් ලතා වල්පොල කෙනෙක්,Happy
උබට වැරදෙන්නේ නෑ මචං බොන එක නතර කරපන් ඒ බෞද්ධ දර්ශනයට නැඹුරු වීම හරි වටිනවා නාමික බෞද්ධයන්ට වඩා උබ හරි පිංකාරයෙක්,Happy
chanux ට ඉතින් ads sponsored නෑ,Normal
හරිම ශෝක් හරි ආඩම්බරයි,Happy
රංජන් රාමනායක කියන අදහස prof ගල්කන්ද දම්මනන්ද හමුදුරුවෝත් කියලා තියෙනවා වෙනත් වචන වලින් හමුදුරුවරු කලබල නොවිය යුතුයි,Normal
මාවත් sub කරන්නකෝ යාලුවනේ ඔබට ජය,Happy
ඔක එනකම් මග බලන් හිටපු මම,Happy
ලස්සන සින්දුවක් ගොඩක් හිතට දැනෙන මගේ කතාව වගේ ටිකක් සින්දුවත් ලස්සනයි අක්කත් ලස්සනයි මගේ ආසම නිළියක් ඉස්සර ඉඳලාම යනවා හිතේ දුක දරා,Happy
මං සින්දුව කියනකොට ඇත්තටම මට ඇඩුණා මම හරිම ආදර ගායිකාවක්,Happy
යකෝ අර හොඳට කිව්ව කොල්ලව කපුවා මුල් ගායකගේ විදිහටම කිව්වා කියලා මේ කෙල්ල පට්ට අවුල් විදිහට කිව්වේ එක අපිටත් තේරුණා,Bad
මොනවා උනත් කෙලින් මිනිහෙක්,Happy
තාත්තා කොටියා නම් පුතා උපසකද,Bad
මේක බලලා මත් හොඳ lap එකක් ගත්තා thanks අයියේ ජය වේවා,Happy
tattoo කලාව කලාවක්ද,Normal
ලස්සන ගීතය එකක් අක්කි good luck ඔයාට තවත් වැඩි වැඩියෙන් ප්‍රේක්ෂකයෝ හම්බවෙන්න ඕන,Happy
ඔක්කොමත් හරි වැරදි පිළිගන්නව ඔබ සමග මා සිටි ඒ කාලේ තව කෙනෙක්ගේ වෙලා කියලා කුඩුද ඒ love කරපු අනිත කෙනා වීඩියෝවේයි සින්දුවේයි ගැලපීමක් නෑ,Bad
ඇයි කට්ටිය හැරුණත් නිකන් හල්පරුවන්ට vote දෙනවා,Normal
මචං උබ මන්ම තමා,Happy
හොඳම laptop වර්ගය මොකද්ද,Happy
හොඳම ගොබ්බෙක් පාහරයෙක්,Bad
මං ගොඩක්ම කැමති ඔබ බය නැතුව ඇත්ත කතා කරන අපේ පොඩි හමුදුරුවනේ,Happy
බඳින්නත් හැමෝටම බැ ඔයා ඔයා කියන හැම හේතුවක්ම single life එකේ තියෙනවා මල්ලී marry කරන්න බැයි නම් ඒක කෙලින් කියලා පිළිගන්න මල්ලී සිගිති අතල් දෙන්න නැතුව,Normal
හරිම අසාධාරණයි මොන තරම් ලස්සනට කිව්වද,Normal
මං දැන් මේ සින්දුව,Normal
ගොඩක් වටින program එකක් respect you,Happy
පලි ගන්න එපා රංජන් කියන්නේ හොඳ මනුස්සයෙක් හොරු අලියෙ අද,Bad
ශෂිකා wikipedia එකේද වැඩ,Normal
used vga මිල ගණන් ගියේ ඇයි අයියේ මිල අඩු වෙන්නද දාම්මා,Normal
කරුණාව මෛත්‍රිය වඩන්න අපේ හමුදුරුවනේ,Normal
මේ පාර coach කසුන් සහ coach ශෂිකාගේ teams වල coaching වල ලොකු වෙනසක් පේනවා නියමයි,Happy
මොකද කියන්නේ ආ කොහොමද මගේ වැඩ,Normal
මු ඉන්න තැන car එකටත් ac දාලා මහජන මුදල් නස්ති කරපු පර බල්ලෙක් මේක මොන හුත්තක්ද මේ කරියා කරේ,Bad
බුද්ධිමත් නිහඬයි වෙලාව එනකන් මොහු එහෙමද,Bad
අනේ පව් බය වෙලා ඒ ළමයත් මට මතක් උනේ නෑ,Normal
ඒග හිරිවටෙනවා මේවා හද්දි,Normal
අපිට කාටත් pc එකක්වත් හදාගන්න විදිහක් නැතුව ඉන්නවා කවදා අපි මේ වගේ pc එකක් හදයිද බං,Normal
කටහඬ දෙකම මාර ලස්සනයි,Happy
hiru එකෙන් පස්සේ කටහඬ එකටත් ආවා නේ ඉසුරිකා එල නියමයි,Happy
මං කැමතිම youtuber උබයි dinoයි,Happy
ශෝක් අනේ coach ලා ටික ආදරෙයි ඔක්කොම,Happy
ලහිරු මල්ලී සුදු බණ්ඩා මල්ලීගේ wedding එකත් බලන්න දෙන්න අපට බුදු සරණයි සුදු බණ්ඩා මල්ලීට,Normal
රාජපක්ෂලාට හෙන ගහපියව්,Bad
හරිම දුකයි අනේ,Normal
අපට නම් normal RAM උනත් රත්තරන් වගේ අයියේ,Happy
විශ්ව ඔයා සාධාරණයි,Happy
පට්ට talk එක bro නියමයි උඹ මියම කොල්ලෙක් බන්,Happy
එළ තද කොර පට්ට,Happy
band එකත් පොඩ්ඩක් පෙන්නන්නකෝ,Normal
සිංදුවේ තේරුම එකක් වීඩියෝව වෙන එකක් ගැලපීමක් නෑ,Bad
අරවින්ද සහ දිස්නාගේ වැඩසටහන ජීවිතේ අංගයක් වුණා,Happy
අයියා මගේ වගේ reviews ගන්න එක වැදගත්,Happy
මොන games play කරන්න පුළුවන්ද,Normal
හරිම ආදර්ශමත් මවක් ඔබටත් දුවටත් තෙරුවන් සරණයි,Happy
ආයෙ වීඩියෝව දාන්න එපා,Bad
කොහොම හරි දුලජ්වත් ගත්තා,Happy
වයසට ගැලපෙන වැඩ කරන්න ඕන,Bad
හර්ෂ Hiru Star එකේ ගායනා කළා වගේ මතකයි,Happy
මේ වගේ හමුදුරුවෝ තමයි බුදු දහම නස්ති කරන්නේ,Bad
Muslim උන් ගැන දූෂිත කතා,Bad
ගොඩක් දේවල් ගන්න තිබ්බ interview එකක්,Happy
ඊයේ හිරුණි ගැන කියපු දේ ජරා,Bad
එකනම් battle එකක්ම තමයි,Happy
අපිත් දෙවියන්ගෙන් ඒ වගේ අහනවා බන්,Normal
මුලින් කියපු දේ පට්ට brother ජය වේවා,Happy
ඇයි බන් මේවට වේශ ගෑණු ගෙනන්නේ,Bad
හාල් පොල් මිල බලද්දී දැන් සපද කියලා අහන්න,Bad
තෙරුවන් සරණයි ඔබ වහන්සේට දළදා සමිඳු පිහිටයි,Happy
Discord කියන්නේ මොකද්ද අයියේ වීඩියෝව එකක් දාන්න,Normal
අයියේ build එකක් හදන්න contact කරගන්නේ කොහොමද,Normal
visual එක එනකම් බලන් හිටියේ හරිම ලස්සනයි,Happy
තවත් සිංහල චන්ද බෙදීමක්,Bad
මේ වගේ වටිනා පුද්ගලයන් ගෙනාවට වටිනවා,Happy
බබා කිසිම responsibility එකක් නැතුව කතා කරනවා,Bad
build එක සුපිරි හැබැයි ads වැඩියි,Normal
නියමයි අයියේ බලාගෙන හිටියේ,Happy
ගැහැණියට මඩ ගහන පිරිමි ලැජ්ජයි,Bad
අයියේ Redmi Note ගැන වීඩියෝව එකක් කරන්න,Normal
ගොන් අතල් එකක්,Bad
කියනවට වඩා දෙගලු වඩා වගේ,Normal
වටිනා වීඩියෝව එකක්,Happy
කසුන් ගොන් අදහස දාන්න එපා,Bad
ඔබ ඉතා හොඳ බුද්ධිමත් අවංක කෙනෙක්,Happy
අරවින්ද ආසම චරිතයක් සුපිරි නිවේදකයා,Happy
රංජන් හැමෝටම කඩේ යනවා ලැජ්ජයි,Bad
මේ මිනිස්සු මෝඩයි හොරයි,Bad
මේ සතිය ඇතුළත ලක්ෂයක් ගහමු,Happy
කතා කරන්න තියෙනවාත් මොලයක් නෑ,Bad
coach බති‍ය හොඳම coach කෙනෙක්,Happy
මිනිස්සු වැරදි කරත් දඩුවම් ලැබෙනවා,Normal
දැන් සපද ඇති ගොන් වැඩ,Bad
කටහඬ ලස්සනයි හැබැයි sound අවුල්,Bad
මට පෙනෙන්නේ නෑ නළුකම,Normal
වීඩියෝව බලලා හිනා වෙනවා පට්ට අතල්,Happy
Iraj වෙනසක් කරපු කෙනෙක්,Happy
හදවතට දැනෙන කටහඬක්,Happy
ඔයා lucky bro all the best,Happy
හොඳ ළමයෙක් English කතා කරනවා අහන්න ආසයි,Happy
අනේ දෙවියනේ මේ අපරාදේ,Normal
පට්ට කටහඬ එකක් කසුන්වම තෝරනවා,Happy
wow හරිම ලස්සනයි අක්කි good luck,Happy
මේවා මොන සිංදුද පරණ ඒවා දාන්න,Bad
ශෂිකාව තෝරාගත්ත එක හොඳයි,Happy
ඔබ වහන්සේ ගංජා ගහන එක හොඳද,Bad
අයියේ ඇස් වහගෙන අහනවා radio එකේ,Happy
කසුන්ව තෝරන්න හැමෝටම වාසනාව තිබ්බොත්,Bad
negative comments එකක්වත් නෑ,Happy
අකාලේ නටන්න එපා,Bad
ඔයත් දෙනවා පොර talk,Bad
ඔයා හොඳ පුරවැසියෙක්,Happy
අතම කුමාරි ඔයා අහිංසකයි,Happy
මං හැමදාම ආදරෙයි කුමාරි අක්කට,Happy
Sirasa වලින් songs දෙනවා,Normal
church බෝම්බ ගැන කතා,Normal
ඔයාගේ ජීවිත කතාවෙන් ගන්න දේවල් තියෙනවා,Happy
Colombo school ගැන කියපු දේ හරි,Normal
ඔයා හොඳ කෙනෙක් second marriage එපා,Happy
Abans වගේ සමාගම වලින් ගන්න එක හොඳද,Normal
පිස්සු වැඩ කරන්න එපා ලහිරු,Bad
ලස්සනයි චෙති අක්කේ,Happy
coach කෙනෙක් හැරුණාම වෙන coach එකේ buzzer එක press කරනවා,Normal
මේ දේශපාලකයෝ අපේ සල්ලි වලින් සපදින් ඉන්නවා,Bad
battle round එකේ කසුන්ට බනින අය ඉන්නවා,Happy
මේ වගේ වාද වලින් සංවාද කරන්න ඕන,Normal
අපි ආයෙත් බලමු කවුද කියලා,Happy
අත්දැකීම් තියෙනවද මේ වගේ,Normal
Hari TV interview එකක් බලන්න ආසාවෙන් හිටියා,Happy
visual එක නම් පට්ට,Bad
Daraz promote කරනවා නේ,Bad
මෙන්න තවත් පෝන්නයෙක්,Bad
සුදු බණ්ඩා මල්ලි වීඩියෝව unlike කරලා,Bad
රොහිත පුතාට බුදුසරණයි සුභ අනාගතයක්,Happy
සමාජය පිරිහෙනවා කියලා හිතෙනවා,Normal
මාර කටහඬ එකක්,Normal
මේ වගේ වීඩියෝව දාන්න එපා,Bad
Lion Express app එක download කරන්නේ කොහොමද,Bad
මිල එකත් කියන්න,Normal
උතුම් සිහලයෝ එකතු වෙමු,Happy
ලස්සනයි සින්දුව මචෝ,Happy
cloud mining ගන්න කියලා දෙන්නකෝ,Normal
අහන්න ඉන්න ඉන්නම ආසයි,Happy
admin ඔක්කොම වීඩියෝව ටික දාන්නේ නිදාගන්න කලින්,Happy
නූගත් මිනිස්සු කියන කතා ගණන් ගන්න එපා බුදු හමුදුරුවන්ටත් කතා හැදුවානේ හිත දහිරිය කරගන්න,Normal
wow නියමයි ශෂිකා අක්කි,Happy
අයියේ මට උදව්ක් ඕන මට අලුත් mac os big sur එක review එකක් කරන්නකෝ please,Normal
අස් වහන් අහුවේ නියමයි බස් dp,Happy
බුදුඅම්මෝ එකහ් අම්මෝ ඒක නෙවේ,Happy
අපේ සැනසීම සතුට නැති උනා අපි දිහා මිනිස්සු බලන්නේ යකෙක් දිහා බලනවා වගේ සමහරු කරපු වැරදි අපිටත් වන්දි ගෙවන්න වෙලා,Bad
ඇත්තටම හොඳටම ආදර්ශ මවක් ආඩම්බරයි ඔයා ගැන thank you,Happy
අදහස එකක් නොදා යන්න හිතුනේ නෑ ඒ අදහස් හරිම වටිනවා හරිම open දෙන්නටම ජයෙන් ජය,Happy
මම දෙමළ අය අදහන්නේ බුද්ධ ධර්මය මං සිංහල අයට ගොඩක් ආදරෙයි මං දන්න කාලේ ඉඳලා ආශ්‍රය කරන්නේ සිංහල මිනිස්සු එයාලගේ හදවත ගොඩක් කරුණාවන්තයි,Happy
ආයෙ ආයෙ බලන අය ඉන්නවද,Happy
කටට හිතෙන්නේ කටහඬ teen ameliyata coach rini turn වෙලා ameliyawa හදුවා වගේ මෙයාවත් coach කසුන් හදයිද කියලා,Happy
real කොල්ලෙක් අපේ එකෙක්,Happy
personal දන්න family එකක් පොළවේ පය ගහලා ඉන්න මෙනක අයියත් එහෙමයි,Happy
මට toilet යන්නත් වගේ,Bad
බොරුව දාන්න එපා,Bad
රංජන්ත් බෙල්ල වලා දාන තැනට තල්ලු කරයිද දන්නේ නෑ රංජන් නැති උනොත් රජයේ ගොඩ දෙනෙකට නිදා යයි මේ අමානුෂික ක්‍රියාකාරකම් මානුෂික අයිතිවාසිකම් කඩ කිරීම,Bad
භූමි great චරිතයක් කෙලින් කතා කරන කෙනෙක් කවුරු උනත් චිත්ත ඇදින පිරිමින්ට වඩා හොඳයි කවුරු උනත් නියම චරිතයක් සමහර පිරිමින්ට වඩා කොන්ද කෙලින්,Happy
පොඩ්ඩක් හොඳට අහපන් තඩියාගේ කටහඬ මහින්ද රාජපක්ෂ වගේ,Normal
මං skip නොකර මුළු වීඩියෝව එකම බලුවා මාරම චරිතයක් ගෙහන් so proud of you brother,Happy
ලස්සනයි අක්කි ඔයා මේ ගීතය ලස්සනට කියනවා,Happy
මෙතුමාට ගොඩක් පින් වටින මනුස්සයෙක්,Happy
අනේ පල පල හොරු හැට්ට දැන් එනවා සුදන වෙන්න,Bad
විනාඩි ගානක් බැලුවා කියලා දැනුනේ නෑ ඉවර වෙනකම් එතරම් ආසාවෙන් බැලුවේ,Happy
super ලහිරු මං මෙයාට මාර ආසයි,Happy
wow ලස්සනයි නංගි good luck,Happy
උබ කන්න දීපු අත හපා කන බල්ලෙක් පකයා,Bad
මං නම් මේ කටහඬ එකට පට්ටම ආසයි,Happy
මෙයා සිංහල ජාතියට බුද්ධගමට තැන දෙන්නේ නෑ වැඩක් නෑ,Bad
කසුන් වඩා කාටවත් හැරෙන්න හොඳ coach කෙනෙක් ඒත් අපරාදේ ශෂිකාව තෝරගන්න තිබ්බේ,Normal
unlike කරලා තියෙන උන්ගේ ජාතිකේ මොකක්ද දන්නේ නෑ පෝන්නයෝ නොදොමකින්,Bad
love respect චරිතයක් සුපිරි,Happy
ඔයා ශක්තිමත් වෙන්න මේ ශ්‍රී ලාංකික ගතිය වැරද්දක් උනා වෙන්න පුළුවන් මේක තමයි ලාංකික කාන්තාවකට තියෙන තැන,Normal
kuch na kaho කිව්වේ මේයාගේ අක්කාද අම්මගෙන්ද උරුම ගත්තේ ලස්සන කටහඬ එකක්,Happy
වීඩියෝව නම් පට්ට,Happy
ඔයාට ඡන්දේ දෙන් නෑ,Bad
ඇයි සුදු මහත්තයාට catholic ආගම එපා උනේ තමන්ගේ ආගම අමතක කරන්න එපා,Normal
ඇත්ත කතාව අප්පා ඒ වීඩියෝවේ කිසි අවුලක් නෑ,Happy
ඔච්චර දේවල් කියන මිනිහට වයස කියන්න බෑ,Bad
ඇත්තටම හරිම important මගේ පළවෙනි අදහස එක,Happy
උබට මචං ඡන්දේ ඉල්ලපන් මං ඡන්දේ දෙනවා,Happy
සමාජයට හොඳ ආදර්ශමත් කතාවක් good job,Happy
පව් මෙහෙම ඉපදෙන අයට හැමෝටම පුදුම දැනුමක් පිහිටන්නේ හරිම බුද්ධිමත්,Happy
කොහොමහරි ගෝටාබය දිනවන්නේ ඔබ වහන්සේ වැඩ පටන් අරන් එල කිරි,Happy
මහින්දගේ නම ගාවිච්ච එක පෝන්නයෙක්ටවත් ඡන්දේ දෙන්න එපා අය කාරි බල්ලෝ,Bad
පට්ට singing තත්ත්වය බලන්න ආයෙ වීඩියෝව බලුවා,Happy
වෙල්ගමට යන එනමන් නෑ,Bad
හරිම ලස්සනයි නංගියෝ මං ආසම සින්දුවක් ඔයාගේ කටහඬ හරි ලස්සනයි,Happy
ඇත්තටම වැඩේ දන්නේ නෑ එත් අයගේ අදහස් වටිනවා,Normal
intelට amdට කාලේ යන්න වෙනවා,Normal
මොකක්ද ඔයි මේ උමාරලා ගත්තේ මේක බලන්නත් එපා වෙලා තියෙන්නේ,Bad
මටත් kfc කන්න වෙලාවට tintin බලන්න ඕනේ,Normal
වීඩියෝව නම් මරු,Happy
ලස්සනයි අද programme එක thanks ගොඩක් ලස්සනට කතා කළා,Happy
ඔකෙන් pubg play කරන්න අමාරුද,Normal
ස්පිරියක් මේක නම්,Happy
හරිම වැදගත් වැඩ සටහනක් thanks for you ඔබතුමියට,Happy
පෝන්නයාගේ ස්වභාවය දැනගන්න මේක බලන්න,Bad
මේ මොන ජරාවක්ද මේවා දැකින අපිත් ජීවත් වෙලා ඉන්නවනේ යකෝ,Bad
සදුන් අයියා ඔයා ගොඩක් ලස්සනයි මං ඔයාට ආදරෙයි,Happy
ගල පෙන්වා කසුන්ට bms ගැලපෙන්නේ,Bad
මට ඇඩුණා ඔයි,Happy
කවුද ඔයි boss,Normal
මං මේකට එද්දි subscribers විතරයි හිටියේ දැන් ඉන්නවා ජය වේවා අයියා දිගටම කරගෙන යන්න,Happy
අයියා videos download කරන්න බැහැනේ ඔයාගේ,Normal
ගොඩක් වටිනවා අයියේ වීඩියෝව,Happy
තනිකර බොරුව මූට කියන තරම් අවුලක් තිබ්බේ නෑ තනිකරම ප්‍රෝඩාව,Bad
ඔයා ඡන්දේ ඉල්ලන්න ඔයා වගේ අයයි ඕන,Happy
සුභ අලුත් අවුරුද්දක් වේවා,Happy
අද කියුව කියලා මතකේ තියාගන්න මේයා තමයි star,Happy
ඇත්තටම හොඳ චරිතයක් ආදරේ කරන චරිතයක් අනූෂක අයියේ ඔයාට අපි හැමදාම ඉන්නවා ජය වේවා වැරදින්නේ නෑ කවදාවත්,Happy
budget gaming pc build එකක් ගෙනන්නකෝ,Normal
සින්දුව නම් ලස්සනයි visual එක නම් අවුල් වයසක කෙනෙක් නැතුව වෙන කෙනෙක් ගත්ත නම් හරි,Normal
එන්න මී ලඟ ජනාධිපතිවරණයට මගේ හදවතින්ම මම ඔබ සමග සහෝදරයා,Happy
admin ඉන්නවද admin නෑනේ මහත්තයා,Normal
ගොඩක් ලස්සන වුන ගීතයක් coachesලා පස්සේ කණගාටු වෙයි මේ comments එක්ක මොකද එයාල නිසා ඔයාට ඉස්සරහට යන්න බැරි උනේ අනිවාර්යෙන් ඉලඟ සරේ එන්න ඉස්සරහටම යන්න පුළුවන් ජය වේවා,Happy
time එක ගියා අයියේ game ගහලා ඉවර උනා ගමන් test කළේ ඒ නිසාද දන්නෙ එච්චර වෙලා ගියේ නැත්තං කොහොමත් එගනද යන්නේ,Happy
මෙයත් ඉතින් පන්සෙන් යන්න ඕන කෙනෙක් නේද ලහිරු,Normal
ශෝයි මං හරිම ආස කෙනෙක්,Happy
දනිත් ශ්‍රී එක්ක ගීතය එකක් කරන්නකෝ සුදු මැණිකේ,Happy
ඔමාරියා සුදු අක්කේ සිංහලෙන් කියන්නකෝ අපිට තේරෙන්නේ,Bad
නෙළු බට්ටා රඟපාන වැඩ දන්නේ නෑ හමුදුරුවනේ ඔවුන්ට යන්න අපායක් නෑ,Bad
ඔබලා වගේ උන්ට කවදාවත් වැරදෙන්න එපා,Happy
ලස්සනට ගායනා කළා,Happy
ඔක්කොම ඇත්ත ගොඩක් දේවල් ඉගෙන ගත්තා නියමයි thank you,Happy
අක්කා ඔයාගේ කතාව අපිටත් හයියක් ඔයා හොඳ කෙනෙක් ඔයත් දුවත් හරි යන්න ඕන උතුරන්න,Happy
අම්මෝ අසුවහක් නම් වැදින්න එපා මැණිකේ,Happy
එකම ඇඳුමයි අඳින්නේ ඔක්කොමලා,Normal
හරිටම හරි අපේ හමුදුරුවනේ,Happy
අනේ so cute එයා all the best නංගා,Happy
බොහොම හොඳ කතාවක් කිව්වා බණ්ඩාරනායක ප්‍රතිපත්තී වලට ගරු කරනවා කියලා ඔබතුමාට මුල අමතක නොවීම ගැන සතුටු වෙනවා,Happy
ශෂිකා ඔයා මාව පිස්සෙක් කළා අප්පා,Happy
අපේ senior කෙනෙක් නේද මේ congratulations අයියේ,Happy
මෙන්න බඩු නිවැරදි මග පෙන්වීමක් විතරයි ඕන කසුන්,Happy
අහගෙන ඉන්න ආසයි,Happy
Redmi එකේ photo එකතු කරලා වීඩියෝව clip හදද්දි save දුන්නාම නැවතෙන්නේ ඇයි,Normal
තා වඩා දුක් විඳින අම්මලා තව කොච්චර ඉන්නවද ලංකාවේ,Bad
wow ගොඩක් දේවල් දැනගත්තා,Happy
මෙයාව Deranaට හරි Sirasaට හරි ගෙනාවොත් හොඳයි,Normal
superb ගීතය කියන අය කො,Happy
මමත් මගේ දුව එක්ක තමයි ඉන්නේ දැන් සතුටින්,Happy
අනිවාර්යෙන්ම අපේ හමුදුරුවනේ ඔබ වහන්සේට පින්,Happy
අහිංසක සතුටින් ඉන්න මිනිස්සුන්ට ගරහන්න හොඳ නෑ,Normal
සල්ලි තියෙනකන් වටේ ඉන්න යාලුවෝ ගොඩක්,Bad
මේ ගීතය අහපු වාර ගණන මතක නෑ තාමත් අහනවා,Happy
අපේ ආදරණීය සමරසිංහ sirට නිදුක් නිරෝගී සුවය ප්‍රාර්ථනා කරනවා,Happy
මේ මොන ජරා කතාද ලැජ්ජාවක් නැද්ද,Bad
unlimited packages තමයි හොඳ,Happy
ඇත්තටම මට අර කෙල්ල මතක් උනා සුපිරි,Happy
හොඳ කතාවක් නියමයි,Happy
මම ගොඩක් ආදරේ කරන කටහඬ එකක්,Happy
සුද්දෝ ලංකාවට එනවා අපි America යන්න හදනවා,Normal
අමානුෂික පාර බල්ලෝ,Bad
හරිම ලස්සනයි ඒ කටහඬ,Happy
ශෂිකාගෙන් ගොඩක් දේවල් ඉගෙන ගන්න පුළුවන්,Happy
ඔයා නියම කොන්දපන තියෙන කොල්ලෙක් මල්ලි,Happy
වයස පස්සේ එල්ලන්න හොඳ නෑ,Normal
පට්ට ලස්සනයි දුකක් උනත් ලස්සනට ගැලපෙනවා,Happy
අහන්න අහන්න ආසයි දෙයියනේ,Happy
ඔන්න අපි Hari TV unsubscribe කරා,Bad
චිලව් ඉන්න කාලේ ඉඳන් දන්නවා උබව එළ,Happy
ඒයාගේ රූපේත් මාලනි බුලත්සිංහල වගේ,Happy
PC Guide අයියේ Nanotek එකෙන් parts ගන්න පුළුවන්ද,Normal
උදය නදීශන් අයියේ ජය වේවා,Happy
රංජන් තම්බියා වගේ කතා කරනවා,Bad
සුපිරි වැඩ්ඩෙක් තමයි ඉතින්,Happy
ඔයාට respect ප්‍රශ්නවලට හොඳ පිළිතුරු දෙනවා,Happy
අපේ හමුදුරුවනේ ඔබ වහන්සේට තෙරුවන් සරණයි,Happy
සිල් ගත්තත් වැඩක් නෑ ගරු කරන්න දන්නේ නැත්තම්,Bad
චමර වීරසිංහ මතක් උනා bro,Normal
අයියේ contact number එකක් දෙන්න streaming build එකකට,Normal
ඔයා තමයි final යන්නේ,Happy
පස්බර කියන්නේ සුපිරි චරිතයක්,Happy
මගේ ආසම ගීතය එකක්,Happy
මල්ලි Vini production වීඩියෝවෙත් ඉන්නවා නේ,Happy
දැකලා පුරුදු මූණක් කියලා හිතුනා,Normal
Wasthi එකේ මගේ favorite එක,Happy
මෙයාගේ channel එක තියෙද්ද,Normal
සුපිරි හදක් ආසම චරිතයක් ඔබට ජය,Happy
අඩේ බය වෙලා ගොඩක්,Bad
අපි කැමති අපිත් ඔබට,Happy
ඔබ හරිම ඉහළයි ලහිරුටත් පින්,Happy
ඔකගේ කට තල්ලන්න ඕන,Bad
Nanotek එකට PC parts ආව වගේ,Normal
Koombiyo බලපු කෙනෙක්,Normal
coach කසුන් දන්නවා ශෂිකාට තමයි,Happy
මේ programmes තියෙන්නම ඕන respect,Happy
සුපිරි අක්කේ කොච්චර අහුවත් එපා වෙන්නේ නෑ,Happy
සුදුසු තැනට එන්නේ නෑ,Normal
මුට තියෙන්නේ මෛත්‍රීගේ මූණ වගේ,Bad
අයියාගේ studio එකේ වීඩියෝව එකක් ඕන,Normal
BNS හරිම නිහතමානී,Happy
ඉතා වැදගත් වීඩියෝව එකක් ජය වේවා,Happy
අක්කා ඔයා හොඳයි ලංකාවේ වෙනස් කෙනෙක්,Normal
සුපිරි bro පට්ටම,Happy
අයියෝ ශෂිකාට ගියා එක අපරාදේ,Bad
කොල්ල surprise උනා coaches හැරුණාම,Happy
Muslim උන් ගැන නරක කතා,Bad
contact number එකක් නැද්ද,Normal
ඔයාගේ කතාව හරිම හොඳයි ආදර්ශමත් අම්මා කෙනෙක්,Happy
මෙයගෙන් නෙමෙයි පාරේ ඉන්න කෙනෙක්ගෙන් උනත් ඉගෙන ගන්න පුළුවන්,Normal
ඇත්තටම ඇත්ත කතාවක් ස්තුතියි,Happy
මේ වගේ ඇත්ත කතා කරන චරිතවලට මං කැමතියි,Happy
ලංකාවේ තව කාලෙකින් වෙනස් වෙනවා,Normal
මේක interview එකක් කියලා හිතෙන්නත් නැහැ ලොකු දැනුමක් තියෙනවා,Happy
ගොඩක් බුද්ධිමත් මනුස්සයෙක් සතුටින් ඉන්න,Happy
බලලා ඉවර උනාම කිසිම වටිනාකමක් නෑ,Bad
Mr Bean වගේ කියලා හිතුවා,Normal
ලස්සන costume එකක් ලස්සන ගීතය එකක්,Happy
බලන්නකෝ හැඩියාව මොකට ගෙනාවද,Bad
ඒ කටහඬ ඇස් වහගෙන අහන්න පුළුවන්,Happy
අපේ හමුදුරුවනේ ඔබ කියපු දේවල් ඇත්ත,Happy
bullet වගේ මරු,Happy
බුදු බණටත් unlike කරනවා,Happy
මු පට්ට පොරක්,Happy
build එකට නම් අඳුනා bro,Happy
ලස්සන කටහඬ එකක් ලස්සන ගීතය එකක් good luck,Happy
මෝඩ ප්‍රශ්න අහන්න එපා,Bad
උඹ පට්ට උඹ හරි බන් නියමයි,Happy
ලස්සනයි අයියේ මං ආසයි ඔයාගේ කටහඬ එකට,Happy
තේරුම් ගත යුතු දේවල් ගොඩක් තියෙනවා,Happy
අනේ මං අදයි ඔයාව දැනගත්තේ thanks,Happy
යොහානි මොකද audience එකේ,Normal
අයියේ මේ build එක හදාගන්න කොහොමද,Normal
Dream Star තව ආව නේද,Normal
කටහඬ වගේ නෙමේ ටිකක් නපුරු,Bad
අනේ මේ වහල්ලු,Bad
අයියේ AMD Ryzen හොඳද Intel හොඳද reply එකක් දෙන්න,Normal
අනිවාර්යෙන් කර්මය පල දෙනවා interview එකක් ඉස්සරහට ඇවිල්ලා ඇත්ත කතා කරපු real brand එක congratulations අයියා future එකට,Happy
කටහඬ පැහැදිලි නෑ bro,Bad
ඔක්කොම ලස්සනයි එත් සප්පු දාගෙන නටපු එකයි වැරදි,Normal
මේක trending ආවේ නැත්තන් මං පනිනවා ගාගේ මාරම විදිහට හදවතට දැනුනා මං ආසම ගීතයක් පුදුම ලස්සනට කිව්වා කියන්න වචන නෑ,Happy
කටහඬ ඉවර වෙන කාලේ අද්දි කසුන් කල්හාර කියන්නේ කවුද කියලා ලෝකයම දැනගනී මේ සින්දුවෙන් අදමයි අහුවේ thanks කටහඬ කසුන්,Happy
wow bro මරු,Happy
වියදම වැඩි කියලා හිතෙන්නේ මට විතරද,Normal
මේ පාර සිදු තෝරලා දෙනවනම් මරු ලස්සන සින්දුවක්,Happy
මං ආසම සින්දුවක් සුපිරියටම කිව්වා හැබැයි judge board එකට වැරදුනා වගේ,Normal
ලෝකේ කොහෙ හිටියත් පින අනාගතේ පස්සේ පින්වන්ත මහත්තයෙක්,Happy
අනේ age mail කෙලින් වෙනවා මාර ගති thanks මෙහෙම අපිට අහන්න දෙන එකටත් පින් කෙල්ල,Happy
චානක අයියට ආදරේ හිතෙනවා අනේ,Happy
admin ඔහොම නම් බෑ ඉතින් මේ වැඩේ කරන්න,Normal
මෙතන දිස්නා අක්කාත් ඉන්න තිබ්බේ ලහිරුට ඉන්න හම්බෙන්නේ නෑ,Happy
දෙපාරක් නොහිතා බලුවා,Happy
අනාගතේ cyberpunk වගේ වෙයි කියලා හිතන් ඉන්න මං,Normal
අනේ මේකට kinsly හරි යන්නේ නැත්තෝ stefani අක්කා දෙන්න,Bad
කවුද අර පොඩි නංගිගේ dance එකට ආස අය කො බලන්න,Happy
කටහඬේ දැක්ක වෙනම අතල් ගීතය එකක් නියමයි කොල්ලෝ,Happy
ඉස්සරහ build වලටත් aime ව එකතු කරගන්න අයියේ,Happy
අම්බෝ කසුන් sir I think it was a perfect discussion ආදරයි හැමෝටම නියමයි,Happy
බොරුව අයියේ මූ කියන්නේ හොඳ ගෙයක් තිබුණා ගෙදර batik එකක් කරන් ගියා,Happy
මුගේ තාත්තගේ wife කියන්නේ මුගේ අම්මා නේ බං,Normal
ඇත්ත කතා කරන මිනිස්සුන්ට වැරදෙන්නේ නෑ අක්කේ,Normal
මං දැන් hiru fm අහන්න,Happy
මොහුව රූපවාහිනියෙන් දැකන්න ආසයි,Happy
මේ වගේ උනාව form කරන්න එපා මේක බල්ලෙක් මූත් එකා හිටපු උන් බෙල්ලියෝ බල්ලන්ටත් අගවර්ධනයක් මුන්,Bad
අර ටෝපිය විසි කරන්ම් කියද්දි ඔයා තේරෙනවා,Normal
කසුන් කල්හාර උබ ගෙදර පලයන්,Bad
ඇයි මෙච්චර කලින් upload කරේ,Normal
so ඔයා වගේ අය අතහැරලා ගමනක් යන්න හදන්නේ අපි දන්නවා ඔයා හොරෙක් නෑ කියලා පක්ෂේ බාරගන්න එක ලොකු පිනක් ශ්‍රී ලංකාවේ මලගම ලියන දාන එපා අපි ඔයත් එක්ක ඔබට ජය,Happy
තෝ කරපු අපරාදේ තමයි අහිංසක මිනිස්සු මැරුණේ,Bad
battle එක පුරාවටම දෙන්නගේ තිබ්බ ඒ connection එක වචනෙන් කියලා නිම කරන්න බැ මාරම ලස්සනයි අයියා and අක්කි දෙන්නම select උන එක ගැන මාරම සතුටුයි all the very best දෙන්නටම,Happy
ජීවිතේට ගොඩක් වැදගත් උනා කතා බහක්,Happy
fataneh කසුන් sir ට කට්ටිය එන්නෝ,Happy
build එකට කීයද ගියාද,Normal
ඇත්ත කියන නිසා ධෛර්යවන්ත,Happy
ඉවරයි ගොන්ජා ඔබවහන්සේ ඔකට බල්ලෙක් කිව්වත් බල්ලු නමත් ඉවරයි දැන් මේකට වැරදි වීඩියෝව කළ කෙනා වැරදිවයි අපි අපේ ආගම ස්වාමීන් වහන්සේලාට අපහාස කරන උන් එලවන්න ඕන,Bad
ඔක ඉතින් එකෙත් පෙන්නන,Happy
උන්ටත් ඔයෙ දම කරන්න ඕන,Bad
අනේ තොගා අඩිලා ලංකාව උන්ට කපිලා දන්න එපා මොඩි හොඳ අය ඕන තරග ඉන්නවා,Bad
bns and උමාරියා girl sing කරනකොටත් disturb කළා තව එයාට coach select කරනකොටත් disturb කළා,Normal
එක ඇත්ත මඩ හොදාගෙන ඉස්සරහටම යන්න ඕන ගනු අපි,Normal
පන්සලේ වැඩ කරන හමුදාවේ අය ගැන අහුවනම් අහගන්න පුළුවන් කන්න බොන්න විදිහ මේ බොරුව කියන්නේ,Bad
අපි ඔබත් සමග,Happy
මේක බලලවත් අශේන් රංජා හඳුනොත් හොඳයි මොකද උන් දෙන්න බනන්නේ අපේ මුළු හමුදුරුවෝ ගොල්ලට වැරදි කරන හමුදුරුවෝ ගොල්ලත් ඇති එත් ඒ කියපු කතාව අහපු ඕන බෞද්ධයෙක්ට ගොඩක් වෙදනයි,Bad
කවුරු මොනවා කිව්වත් වැඩ්ඩෙක් බං තනි වචනෙන් කිව්වොත්,Happy
dubbing කළා පට්ට අප්පා,Happy
අනේ හොඳයි දැනට බුදුසරණයි,Happy
පිටුපාල යන දාක මගේ වටිනාකම තිබුණේ නැද්ද කවදාවත් සත්තකින්,Normal
මුට ටිකක් පිස්සු වගේ,Bad
අද තම කොටුවේ පොඩි හමුදුරුවෝ ගැන පැහැදිමක් ඇති උනේ තෙරුවන් සරණයි,Happy
නියමයි bro ලක්ෂයට තව ටිකයි කොහොමහරි ගහමු,Happy
මාර sport කෙනෙක් නේ මෙච්චර කල හිතුවේ නෑ මෙහෙම පොරක් කියලා ආදරෙයි,Happy
සකියා සගවත්ත රෝදය end chorus එකේ දිලුක් අයියේ distortions part එක හම්මේ සුපිරි,Happy
නොදකින් මොලේ රහක් නෑ තුහ්,Bad
වචන එලියට දැම්මනම් තව හොඳයි,Normal
රඟපෑමට වඩා වැදගත් කතා විලාශයට කැමති මහත්මයා තවත් වසර ගණනක් අපිව හිනස්සන්න ශක්තිය ලැබේවා ඔබතුමට බුදු සරණයි,Happy
මේක නම් සුපිරියක්,Happy
සෙරමත් හරි අන්තිමට කියපු කතාව නම් ඇත්තටම හරි ජය වේවා,Happy
නියමයි ගොඩක් සතුටුයි බුදුසරණයි ඔබට,Happy
ප්‍රශ්න අහනකොට හොඳ ඒවා අහපිය කොටා ගවුම ගැන තාත්තා කුඩු විකුණනවාද නැද්ද අර කොල්ල උස්සපු එක මොනද බං උබ අහන්නේ අන්න ඒවා අහපිය,Bad
අනේ බබා වෙන්නැතිව ඉන්න සජිත් ආවොත් මතකයි ගෝටාබය කරලා තියෙන දේවල් දන්නවා බොරුවට මොනවාද කළේ කියලා අහනවා,Bad
සම්පූර්ණ කතාව බලලා comments කරපල්ලා,Normal
k ගහුවම කොහොමද එදා congratulations pcg කියන්න බලගෙන ඉන්නවා,Happy
පුෂ්පරාගෙන් පටන් ගත්තු අය මේකොණට,Happy
මේ සමාජයේ ඇත්ත හා බොරුව දෙස බුද්ධිමත්ව බැලීම ගැන හරිම ආඩම්බරයි ඔබට සුභ අනාගතයක්,Happy
ඉච්චර හොඳට කියලා යකෝ එකයිනේ හැරුණේ,Normal
ශිහන් මිහිරංගට ආසයි කිව්වම මොකටද අනේ මිනිස්සු හිනාවෙන්නේ ශිහන් කියන්නේ හිත හොඳ සුපිරි singer කෙනෙක්,Normal
සුපිරි මේ අහන අටවෙනි වතාව,Happy
ඔයා පිටින්ත් ලස්සනයි ඇතුලෙන්ත් ලස්සනයි,Happy
k වලට තව ටිකයි ඔහොම යන් ඔයාට අපේ සුභපැතුම් අයියේ,Happy
පට්ට බං උබ එල,Happy
තෙරුවන් සරණයි ඔබ වහන්සේට,Happy
මු මොකටද බං ඔකට ගියේ ලියරා තියවන්ක නේද මුට හොඳට hindi සින්දුත් කියන්න පුළුවන්,Normal
හරිම ආස කරන නිළියක් මුතු කිරල්ල හරි ආසාවෙන් බැලුවා,Happy
brother කියලා ගරු කළොත් හොඳයි,Bad
call recording නැති එක තමයි එකම අවුල,Bad
ශෂිකා ඔයාගේ හදින් මේ ගීතය අහන්න waiting please දිනෙක ගායනා කරන්න,Happy
ගැණුන්ට මඩ ගහන උන්ට හොඳ පාඩම මේවා,Bad
ලෝකෙටම පෙන්න්න පුළුවන් එකම දෙයක් අපේ කෙල්ලෝ කොච්චර ලස්සනද කියලා,Happy
හිත හොඳ කෙනට කවදා හරි හරි යනවා,Happy
ශෂිකාට හැරෙන්න තිබ්බ කවුරුත් යන්නේ නෑ ඒ team එකට අඩුම ගානේ මේ වගේ කටහඬ එකට හරි හැරෙන්න තිබ්බ බොරුවට පද විතරයි මුන් double game උන් හැරෙන්නේ කවුරුහරි හැරුණොත් විතරයි shit decision making,Bad
මං නම් හිතුවේ හැරෙයි කියලා කසුන් කිව්වා ලොකු වැරද්දක් තිබුණත් නෑලු මොලේ රහක් නැති හුචක්කු වලට හැරුණා,Bad
ගොඩක් ලස්සනයි අයියා ඔයාගේ කටහඬ ගොඩක්ම ලස්සනයි,Happy
යකෝ මේ කොල්ල හොඳටම කියනවා මුන් වෙන වෙන එලෝ රහක් නැති උන්ට හැරෙනවා කටහඬ සුපිරි ගමන නතර කරන්න එපා මල්ලී,Bad
අපේ හමුදුරුවනේ ග්නසාර හමුදුරුවෝ නිදහස් කරගන්න,Normal
ලංකාවට ගොඩක් වටිනා පුද්ගලයෙක් හොර බොරුව වංචා නැති පුද්ගලයෙක් අපි ගොඩක් ආදරෙයි කරන කෙනෙක්,Happy
සන්හිදියාවයි ආරක්ෂාවයි පටලවා ගත්තා නිසා තමයි මෙහෙම උනේ අපේ හමුදුරුවෝ හරිම හරි,Happy
රංජන් sir ඔබට සාධාරණයක් ඉටුවේවි,Normal
කසුන් කිරි ගහෙන්න ඇති,Normal
මට නම් විහිලුවක් මේයාව ඉස්සර පල්ලී මංගල්‍ය වලදි අපි දැකලා එතෝ කොච්චිකඩේ පිගන් සංස්ථාව මතකද,Bad
bitcoin mine කරපු cards ආවොත් අර අනික second hand cards වලත් මිල අඩු වෙයි නේද,Normal
එක මාර fun interview එකක් ජීවිත කතාව උනත් මෙහෙම interesting විදිහට කියන්න ඕන,Happy
සුපිරික් කෝ කවුද මේයාව choose කළේ,Happy
අපි ඉන්නවා උබලා එක්ක අනිවාර්යෙන්ම,Happy
වාව් ලංකාවේ හොඳ ගායකයෝ ඉන්නවා,Happy
මරු ගින්දර වගේ good luck,Happy
බූමි ගොඩක් බුද්ධිමත් අය ගෙනාවා,Normal
අයියේ bitcoin mining කරන විදිහ ගැන වීඩියෝව එකක් කරන්න,Normal
wow ශෂිකා miss නියමෙට වැඩේ කරලා,Happy
ලස්සන හඬක් අහන්නමයි දෙයියෝ දීලා තියෙන්නේ,Happy
මේ programme එක මෙච්චර ලස්සන presenters නිසා,Happy
ශෂිකාට turn වෙන්න තිබුණා,Happy
අනිවා final අතර ඉන්න ඕන,Happy
ඇයි ඔයා එහෙම කළේ,Bad
එනකම් බලන් හිටියේ,Happy
මල්ලි උබට ජය නතර වෙන්න එපා,Normal
ලස්සන කියන්නේ හිත තැන්පත් වෙන හඬක්,Happy
ඔබ වගේ පුතෙක් බිහි කළ මවට පින්,Happy
අනේ සිංදුව ආව වෙලාව වීඩියෝව එකට තේරුමක් නෑ,Bad
කියන්න දෙයක් නෑ සුපිරි,Happy
මරනවා කියුවත් බොරුව නෑ ඇත්තමයි,Happy
lol හිනා යනවා,Bad
මේකේ දැක්ක හොඳම හඬ,Happy
නදී රාජ බලපන් මේවා respect,Happy
අනේ මන්ද මේවා,Normal
මීට වඩා අඩු අය තෝරගත්තේ,Bad
bitcoin trading හොඳද,Normal
මාව වගේ උන් ගන්න එපා,Bad
මිල එකත් දාන්න,Normal
අපේ තඩි පටියා වගේ,Normal
මම free වෙලාවට මේ programme එක බලනවා හොඳ episode එකක්,Happy
පොඩ්ඩක්වත් අවුල ගන්න එපා පට්ට කටහඬ,Happy
අයියා දැන් YouTubersලාගේ concept copy කරනවද,Bad
අපි දන්නවා ඔයාගේ කටු කෑවා කියලා,Happy
YouTube එකේ මෙච්චර වෙලාවක් programme එකක් බැලුවේ නෑ,Happy
නියමයි මල්ලි Kegalle St Mary එකේ කොල්ලෙක්,Happy
කවුද බන් unlike කරන්නේ,Bad
මේ වගේ සිංදු නිර්මාණය කළ අයට ස්තුතියි,Happy
හරි හොඳ ළමයෙක්,Happy
PC එක clean කරන විදිහ වීඩියෝව එකක් දාන්න,Normal
මහා සංඝරත්නයට ගරහීම පව්,Bad
පට්ට මටත් build එකක් හදන්න ඕන,Happy
අපේ අම්මා අපට මේ වගේ දේවල් කියලා නෑ,Bad
ලහිරු අයියේ සුදු බණ්ඩා කියලා කියන අය දැන් අපේ අය,Happy
අද පරක්කුයි අයියේ,Bad
Badurudeenලා ඉන්නකන් නීතිය ගැන බලාපොරොත්තු නෑ,Bad
මේ දෙන නම මරු,Happy
අද ශෂිකාගේ දවස,Normal
තනමල්විල කොල්ලෙක් වගේ actress,Normal
පොඩි එකාගේ building පට්ට,Happy
ඔයා build එකට කීය ගියාද,Normal
ගරු කරනවා අයියේ ඔයාගේ කතාවට,Happy
අක්කගේ number දෙන්න,Normal
Intel වල Windows දාන්නේ Ryzen වල මොනවා දාන්නේ,Normal
උබට කොන්දපන නෑ,Bad
අයියේ Spotify ගැන කියන්න,Normal
Note users ඉන්නවද,Normal
අයියේ වීඩියෝව පරක්කු වැඩියි,Bad
කසුන්ගේ කටහඬ මරු,Happy
අපෝ මේයා ගැන අපි දන්නවා,Bad
Daraz delivery sure ද,Normal
සුපිරි කටහඬ අදහස එකක් දාන්නත් හිතුනා,Happy
මේ වගේ ගොන් වැඩ කරන්න එපා,Bad
පොඩි හමුදුරුවනේ වාසනාවන්තයි,Happy
හරිම හොඳ වීඩියෝව එකක් වටිනා කතාවක්,Happy
මම Muslim උනත් ඔබට ගරු කරනවා,Happy
මගේ තාත්තා මේ සිංදුවට ආසයි,Happy
Muslim සල්ලි ගන්නවා කියලා කතා,Bad
මම හැමදාම බලනවා,Happy
හරිම වැදගත් සාකච්ඡාවක්,Happy
ඔයාට ගරහපු අයට වෛර කරන්න එපා,Normal
මේ මොන විකාර කතාද,Bad
මේයා පිස්සෙක් වගේ කතා කරනවා,Bad
මේ වීඩියෝව චොර කටහඬ,Bad
පුරුදු කටහඬක් හොඳ නිවේදකයෙක්,Happy
ඔබ ඉතා හොඳ පුරවැසියෙක්,Happy
නතාශා අක්කගේ සිංදු අගයක්,Happy
මෙයාලගේ performance original එකට වඩා ලස්සනයි,Happy
ගොඩක් ගරු කතා පියතුමනි බුදුසරණයි,Happy
ඔයාගේ වැඩසටහන හරිම වැදගත්,Happy
මම Muslim උනත් ඔබ ඇත්ත කියනවා,Happy
Wasthi follow කරලා අපිත් ආදරෙයි,Happy
පට්ට පොරක් thanks දෙන්නටම,Happy
wow නියමයි dance එකත්,Happy
අම්මෝ කවුද ගාන්නේ සිංදුවත් මරු,Happy
මොන program එකක් උනත් පට්ට,Happy
සුපිරියටම කිව්වා original එකට වඩා,Happy
දණ්ඩා දන්නවා වැරදි නිසා කියනවා,Bad
වෙලාව යනවා දැනෙන්නේ නෑ,Happy
Hiru Star එකට යන්න,Normal
ලස්සනයි අක්කියෝ කොච්චර බැලුවත් එපා වෙන්නේ නෑ,Happy
මේ ගීතය තවත් හොඳට ගායනා කරන්න පුළුවන්,Bad
අනේ බොරුවට drama කරන්න එපා,Bad
කැමතිම character එකක්,Happy
මරු ඇත්තටම නියමයි,Happy
ඇගේ මයිල් කෙලින් වෙනවා,Happy
ඔබගේ සියලු පැතුම් ඉටුවේවා,Happy
කටහඬ නිසා බලන්නත් එපා වෙලා,Normal
පොඩි දෙයක් කියන්නම් අයියේ ඔයාගේ interview එක monitor එක off කරලා අහපු එකම පුද්ගලයා මම වෙන්න ඇති DJ කියන්නේ මට legend එකක් නෙමෙයි ලෝකයක් forever මම කරන්දෙනියේ දිනේෂ් චම්පික සුබසිංහ,Happy
මධුමදාව පූකේ talk දෙන තට්ටයා මහ ලොකු politician joker,Bad
යකෝ ශෂිකාගේ කටහඬ වගේ අහුණේ මට,Happy
මාරම ලස්සනයි එතරම් ලස්සනයි,Happy
මට නම් රත්ත මතක් උනා මතක් උනා කට්ටිය කො,Happy
අයියේ ඔක adobe animate වගේ software run කරන්න පුළුවන්ද,Normal
අලකිරි කොල්ලෙක් unp බකේ බකේ චතුර බලපන් මේ කතාව,Happy
pc laptops වගේම phone reviews ගෙනන්න bro ඔයාගේ personal experience එක phone එක ගැන share කරන නිසා ඒක වටිනවා superb,Happy
අම්බෝ ලොකු දෙයක්,Happy
කරන්න තියෙන එකම දෙයයි මුන් ඔක්කොම ඉලඟ පාර එවන්න එපා මුන් යවන්න එපා parliament ගෝටාබයත් ඉවරයි,Bad
උබ නම් සුපිරියක් ජයවේවා,Happy
ලස්සන කෙල්ල පොඩ්ඩ,Happy
පස්පාරකට වඩා බලපු අය කො,Happy
ගෙහන් කියන්නේ අමුතුම වැඩ්ඩෙක් high talented man,Happy
නියමයි හමුදුරුවනේ අර අශේන් කියන බල්ලා තමයි අනිත එක වචාල කරයෙක් ඔක තමයි මිනිස්සුන්ව කොටවන්නේ බල්ලෝ,Bad
මරු තුන්දෙනටම ජයවේවා,Happy
මම ආසම කෙනෙක්,Happy
දුනී ඇඩන්න එපා සුදු මැනිකා තාත්ති ගොඩක් හොඳට කිව්වා good luck,Happy
මේක මරුනේ ඇයි මේ කොල්ල තරුණේ නැත්තේ,Normal
pitching ඔයිට වඩා out sing කරපු උන් ඇතුලේ,Bad
අපිත් කැමති චරිතයක් තමයි දුලජ්,Happy
අනේ පව් අර චූටි නංගියා අඩන විදිහ සහෝදර බැඳීම,Normal
මං ආසම radio නිවේදකයා ඔයයි අයියේ ඔයා නම් නිවේදනය කරන්නම ඉපදුන කෙනෙක්,Happy
මං හිතුවේ posh family එකක rich කොල්ලෙක් කියලා,Normal
නොදකින් සමාජය කනවා,Bad
edit ලු හිනා වෙන්න තැනක් නෑ,Bad
පව් වැඩේ මයා හොඳට කිව්වා මේට වඩා ජරා විදිහට කිව්ව අයට හැරුණා පව් වැඩේ,Normal
කැමතිම සුපිරිම චරිතයක් අර කරපු හොඳම interview එක ඉලඟට පස්බාර interview කරමු please,Happy
සහංගි මතක් උනා නේද ළමයි,Normal
යාලුවෝ දෙන්න වටිනවා කියලා හිතුණා සිරාවටම වඩා අවංකව සතුටු උනා,Happy
උබේ ලොකුකම වැඩි නිසා තමයි උබේ කෙල්ලත් දාලා ගියේ,Bad
chanux bro අයියාගෙයි pcguide අයියාගෙයි කටහඬ වගේ නේද,Normal
ගැණියෙක් උනා නිසාද මන්ද ගැණුන්ට පිරිමින්ගෙන් වෙන අසාධාරණ ගැන කියන්නේ ඇත්තටම බුද්ධිමත් කෙනෙක් එත් උපතින්ම පිරිමියෙක් වීම භාගයක් අනේ මන්ද,Normal
උබ පට්ට පොරක් bro සිරාවටම මං වස්ති දන්න කාලේ ඉඳන් බලන්නේ හැබැයි මං බලුවේ වීඩියෝව විතරයි ඒක පට්ට තාමත් එල කුරිම තමයි,Happy
මං ආසම programme එක කටහඬ කියන්නේ thanks sirasa tv,Happy
rodneyගේ කටහඬ එකම අහුණේ මට විතරද,Happy
ryzen වීඩියෝව editing වලට හරියන්නේ නෑලු නේහ,Bad
අපොයි අයියට ළමයි හදන්න බැරිද ඉස්සර ඔයා ළමයි වැඩියෙන් හදාගන්න හරි අනෙකුන්ට කියන්න එපා,Bad
ගොඩක් දේවල් ගත්ත ගොඩක්,Happy
නියමයි ඇත්තමයි ගස්ක් ලස්සනයි,Happy
මේ වීඩියෝවේ ඉඳන් වෙනකන් බලන්නකෝ එතකොට තේරෙයි නගා වැඩ කරන්නේ කාටද කියලා මේ ලහිරු අයිය එහෙම කියලා අහන්නේ නෑ එකයි මේකේ වැරද,Bad
හොඳට ධර්මය දන්නවා,Happy
ඔබගේ ප්‍රශ්න කිරීම සවන්දීම අගය කරනවා,Happy
අපේ ලංකාවේ mr cardinal මහත්තයා තමයි නියම පූජකයා අනිත පූජකයෝ ටික එයාගෙන් ඉගෙනගන්න පන්තියක් ආරම්භ කරොත් හොඳයි,Normal
ඔබතුමාගේ තීරණය හරියටම හරි ජයවේවා,Happy
චරිතයක් තමයි ඉතින් ආදරෙයි අයියා ඒ කාලේ ඉඳන්ම,Happy
ගෙහන් block සුපිරි වැඩ්ඩෙක්,Happy
ලස්සන කටහඬක් සුභ පැතුම් bro ආපහු එන්න,Happy
අපේ සිංහලයන්ට ගන්නවනම් මෙන්න ආදර්ශ,Happy
තව්කීත් ජමාත් කියන්නේ පට්ට ජරා ජාතියක්,Bad
ඔය set එක ගන්න වෙනේ මගේ වකුගඩු දෙක විකුණලා තමයි,Bad
උමාරියලා පව් ඔයි පිස්සු හැදිලා අහන් ඉන්නේ කසුන් දිහා,Happy
ලස්සන කෙල්ලෙක් බය වෙලා පුරුදු උනොත් හරි යයි එයාගේ කටහඬ වෙවුලනවා වගේ එක හදාගත්තනම් හොඳට කියන්න පුළුවන්,Happy
cloud mining වල මොකද වෙන්නේ,Normal
හොඳටම හැදිලා දැන් නම් හොඳ ළමයෙක්,Happy
සින්දුව නම් ඇත්තම ගොඩක් ලස්සනයි visual එක නම් සින්දුවට අදාලම නෑ,Normal
අයියේ ලඟදීම k ගහමු congrats,Happy
අයියාත් හරියට linus වගේ වීඩියෝව කරනේ,Normal
ඉරාජ් වීරරත්නගේ සහෝදරියක් වෙන්න ඕන අනිවාර්යෙන්ම තාත්තාගේ හොර සොත් එකේ ප්‍රතිඵලයක්ද මන්ද,Normal
එකෙන්ම යාලු බඳුවක් බැඳින්න එපා,Bad
අඟ හිරිවටුණා කතාව අහලා,Normal
dinoගේ කටවට් ඕන,Normal
සින්දුව නම් ගොඩක් ලස්සනයි එත් වීඩියෝව අන්තිමට මේකට ලස්සන වීඩියෝව එකක් දාන්න තිබ්බානේ,Normal
neuroscience ඉගෙන ගන්නවා කියන්නේ එසේ මෙසේ මිනිහෙක් නෙමෙයි ජය වේවා,Happy
හැමදාම ආදරේ කරන කෙනෙක්,Happy
සුපිරි පොරක් බං රොහිත එල එල,Happy
උබට වෙන ගැණුන්ට බැනිනත් හොඳයි මතකයි නේද අර අහිංසක ගැණු කෙනෙක්ට බන්න call record එක ඒ ඔක්කොම කරලා මෙකට විරුද්ධව යන උන්ට කියනවා කාන්තා හිංසනය කියලා,Bad
wow ජෝතිපාල මහත්මගේ ගීතයක් හරිම ලස්සනයි all the best,Happy
සල්ලි set උන දවසට අපිත් අනිවා කරණවා,Happy
පට්ට key change එකත් එක්ක,Happy
පල පල පල යන්ඩ,Bad
අදි අක්කිව මතක් උනේ මට විතරද,Normal
කොහෙද යන පිස්සෝ ජනාධිපති කරන්නෙ නෑ බං ආයිත් සරයක්,Bad
සුපිරි bro නියමයි පට්ට stage performing,Happy
යකෝ අනිත coachලාගේ කන අහෙන්නැද්ද,Bad
පිරුණු ඉදිරිපත් කිරීමක් පට්ට,Happy
බලු සක්කිලි සිංහලයෝ හදන්න බෑ පකේ බුද්ධගම එක්ක,Bad
original music එදා වගේම අදත් එක වගේ play කරනවා වෙනස් කරලා නෑ එක,Happy
එනම් chance එකක් දුන්නෙත් මොන මගුලකටද,Bad
මේකි තනිකර වෙසියක් එක මිනිස්සුන්ට පෙන්නන්න නැතුව,Bad
ගොඩක් ආස නිවේදකයෙක්,Happy
පළවෙනි අදහස එක මගෙන්,Normal
උමාරියට bandsගේ opinion එක ඕනයිද pick කරන හැම තිස්සෙම තනිවම තීරණයක් ගන්න බැයි bands ඔලුවෙන් කියනම ඕනයි pick කියලා why,Normal
මොනදේ උනත් කතා කරනවා respect,Happy
අපේ උමාරියා බලු වැඩ කරනවානේ අපේ නංගි,Bad
උගේ කට නිසා කෙලොගත්තට කවුරුත් පස්ලද යකෝ,Bad
පට්ට එත් මට සල්ලි නෑනේ,Happy
chrome os එක ගැන වීඩියෝව එකක් කරන්නකෝ,Normal
ලහිරු ලොකු පිනක් කරගත්ත හොඳ වැඩක් ජය වේවා,Happy
අර අයින් උන කෙනාව steal කරන්න තිබ්බේ,Normal
අගුණුකොලේ අපේ කොල්ලෙක්,Happy
මොනවා උනත් ඔබ කියන දේ සතික ඇත්ත හොඳ දේයක් පට්ට,Happy
මගේ ජීවිතෙටම මේ තරම් computer ගැන දන්න කෙනෙක් දැක්කාම sub වෙන්න හිතුනා,Happy
අනේ තොගේ අම්මා වහෙනවා කියන්නේ ඔයා බොරුවට හැමෝටම බනිනවා,Bad
පට්ට කටහඬ එකක් මචං ලස්සනයි keep it up brother,Happy
රංජන්ට මූ ඇයි මෙච්චර බය,Bad
මේවා තමයි quality interview නියමයි,Happy
ශෂිකාගේ ලොකු scene වැඩියි,Bad
කෙලින් කතා කරන සුපිරි චරිතයක්,Happy
අපේ හමුදුරුවනේ උන් පිරිමි නෙවෙයි,Bad
බති‍ය තමයි වැඩේ කෑවෙ,Bad
අම්මෝ අරවින්ද අයියා එල,Happy
ශෂිකා වගේ ගායිකාවක් තවම බිහි වෙලා නෑ,Happy
මේ Hiru Star හර්ෂ නේද,Normal
හොඳම හදවතක් තියෙන කොල්ලෙක් good luck,Happy
උමාරියා මේ නංගිව කලින් දැනගෙන හිටියද,Normal
මෙයාට අයිතියක් නෑ අනිත් අයගේ දේවල් record කරන්න,Bad
බොක්කෙන්ම talk එක,Happy
මෙකෙන් වීඩියෝව editing කරන්න බැරිද,Normal
මම මේ අදහස එක දාන්නේ මේ programme එක ගොඩක් වටින නිසා,Happy
ඔබ වහන්සේ සමඟ අපේ හමුදුරුවනේ,Happy
අයියේ බුදුසරණයි ඔයාගේ වැඩේ කරගෙන යන්න අපි ඉන්නවා,Happy
ශෂිකාගේ කටහඬ අහන්න ගොඩක් ආසයි,Happy
හරිම ආදරණීය චරිතයක් වෙලාව යනවා දැනෙන්නේ නෑ,Happy
ලංකාවේ නම කනවා පට්ට බල්ලෝ,Bad
බති‍යගේ කටහඬ තමයි,Normal
එක ඇත්ත අපේ හමුදුරුවනේ,Normal
මෙයාගේ phone number එක තියෙනවද,Normal
නළු නිළියෝ බොරුවට කෑගහනවා,Bad
ඇයි මල්ලි මේ වගේ ගෑණියෙක් ගෙනාවෙ,Bad
මේ මාව ගන්නකෝ ඔයාලට පුළුවන් නම්,Normal
මොනද කලත් ජීවිතේ ඔබ නැතුව ඉන්න බෑ,Normal
අයියේ contact කරගන්න විදිහක් කියන්න,Normal
සුපිරි machine එක අයියා,Happy
කෙල්ලට වඩා සල්ලි වලට තෝරනවා,Bad
තුන්සාරයක් බැලුවේ මම විතරද,Happy
මහින්ද ගෝටා හරි අහිංසකද,Normal
ඒ දුව ගැන කියද්දි ඇඩුණා මටත්,Happy
බොරුවක් කියන්න එපා අනිවාර්යෙන් ගෝටා එනවා,Bad
ඔයා කියන්නේ ඇත්ත ඒත් අපේ අය නිදි,Happy
ඔය වගේ අයට එහෙම කරන්න ඕන,Bad
මෙයා ගැන ගරුකමක් තිබුණා ඒත් දැන් නෑ,Bad
හැම අතින්ම ගරු කළ යුතු චරිතයක්,Happy
GPU temp range එක කොච්චරද,Normal
battle එක පට්ට music තවත් පට්ට,Happy
ශෂිකාව තෝරන්න කියලා කිව්වත් වෙනස් උනා,Normal
සතුට කියන්නේ මේක තමයි,Happy
අපි ඔබ සමඟ,Happy
මරු ලස්සනයි ගීතය,Happy
සමාජයට හොඳ පිළිතුරක් දුන්නා,Happy
මේ වගේ උත්සාහවන්තයන්ගේ වීඩියෝව දාන්න,Happy
ජය වේවා මල්ලි උබ වැඩ්ඩෙක්,Happy
වෙසියගේ හැඩියාව කතා කරනවා,Bad
ආසාවෙන් බැලුවා ඔක්කොම,Happy
අනේ අම්මෝ එන හැටි බලන්නකෝ,Bad
අපිට මේක හීනයක් විතරයි,Bad
මොනවද මේ ගෙනාවෙ,Bad
ඔයාටත් බුදුසරණයි සුභ අනාගතයක්,Happy
අනිවාර්යෙන් පොලවේ පා ගහලා ඉන්න පට්ට පොරක්,Happy
ලස්සනට කඩේ යනවා හොරෙක්,Bad
කසුන්ගේ වචනවලට දුක හිතුනා,Happy
පුතා ඔබගේ ජීවිතය සාර්ථක වේවා,Happy
ගොඩක් ලස්සනයි අක්කේ මං ආසයි ඔයාගේ කටහඬ එකට,Happy
මේක ගැහැණුන්ට පාඩමක්,Bad
ඔයා බොරුව කියන්න එපා,Bad
one million බලන්න ඉන්නවා,Happy
බූමි මං ආසයි ඔයාව අඳුනාගන්න,Happy
ඒ සහෝදර හැඟීමට ආස හිතුනා,Happy
මේක කියන්න ලැජ්ජ වෙන්න ඕන නෑ,Happy
අපේ අම්මාගෙන්ම දරුවෝ ඉගෙන ගන්නවා,Normal
සජිත්ට බනලා දැන් හොඳයි කියනවා,Bad
සිංහල බෞද්ධ නායකත්වයක් ඕන,Bad
කියන්න දෙයක් නෑ great චරිතයක්,Happy
ගෙහන් බොක්කෙන්ම කතා කළා good future,Happy
වයසට හොඳ වැඩ කරන්න ඕන,Bad
wow ගොඩක් ලස්සනයි,Happy
මේ වගේ අර්ථවත් වැඩසටහන් කරන්න,Normal
නියමයි සෙට් එකක් proud of you brother,Happy
ඔයා දැන් බොරුව කියන්න එපා,Bad
මේවා බොරු කතා,Bad
කවදාද මේ ගැන කතා කරන්නේ,Bad
එනකම් බලන් හිටපු build එකක්,Happy
ශෂිකා නිසංසලා කවුද කියලා දැනගන්න මේ performance එකම ඇති,Happy
මගේ වෙලාව නාස්ති කරගත්තා,Bad
ගොන්ජා වගේම පජාතයි,Bad
අනේ මන්ද අප්පා,Normal
wow දැන් මේක පිස්සෙක් වගේ අහනවා,Happy
නියමයි මචං අපි දෙන්නා සතුටුයි,Happy
Wasthi YouTube වල හොඳයි ආදරෙයි,Happy
අනේ පලයන් පකෝ,Bad
සුපිරි කියන්න දෙයක් නෑ හරිම ලස්සනයි,Happy
අපේ school එකේ නංගියෙක් නේද ලස්සනයි,Happy
දේශපාලකයෝ වගකියන්න ඕන,Bad
හොඳ හදවතක් තියෙන මිනිහෙක්,Happy
මොනවා උනත් buzzer එකක් ගහන එක වැරදි තමන්ට හදන්න පුළුවන් කියලා නේ එයාලා team එකට ගන්නේ අන්තිමට වෙන්නේ අසරණ වෙන එක,Normal
මේ වගේ පොළොවේ පාය ගහපු අවංක චරිත විතරක් ගෙනන්න ලහිරු,Happy
ඇත්තටම ගොඩක් ලස්සන programme එකක් thanks,Happy
අපි ඔයාට කැමති ඉස්කෝලේ යන කාලේ ඉඳලා ඔයා තමයි අපේ favourite announcer තේරෙන කාලේ ඉඳන් DJ ara න් පස්බාර අහුවේ තාමත් ඔයා තමයි හැමදාමත් අපේ හදවතේ ඉන්න සුපිරිම radio announcer,Happy
ආයෙ ආදරණීය මවක් යෙහෙලියක් සහෝදරියක් ආදරෙයි ඔබට,Happy
hiru star එකේ coachලා වගේද මේකේ පට්ට ආදර්ශමත් එකමුතු coachලා,Happy
පොඩි කාලේ ඉඳන් ආස කරපු කටහඬ අදත් වෙනසක් නෑ nice person,Happy
හොඳ ගමනක් යන්න ඉන්න උන් marry කරපු ගමන් සෙරම අත අරිනවා ලංකාවට වෙලා තියෙන්නේ ඒකයි,Happy
ඇත්ත කතා කරනවා,Happy
මුන් මොක්කුද යකෝ ලැජ්ජ නැද්ද මුන් වගේ එවුන්ව interview කරන්න උබලා programme වල තියෙන quality එක නැති කරගන්න එපා,Bad
අනේ මේ මං කියන්නේ ඒකාධිපති කෙනෙක් තමයි ඕන,Normal
සතුටුයි කුමාරි අක්කේ බුදු සරණයි,Happy
අනේ ලස්සනයි නේ ඒ කටහඬ,Happy
ඔයාට ගොඩක් ආදරෙයි රංජා,Happy
ඇයි ඔය කොල්ලට ඔහොම කළේ වැඩක් නෑ ඔයාලා,Bad
ලස්සනට කිව්වා පව් අර මැලෝ රහක් නැතුව කිව්ව කෙල්ලට හැරුණා sirasa එපා කරවන්න එපා,Bad
හිතාගන්න බැරි එකම දෙයයි අදහස section එකේ ඉන්න අයට තේරෙනවා,Normal
මේ ගීතය ඔයා කියනකොට hiru star එකේ හර්ෂද් මතක් උනා,Happy
මොන ගොබ්බ සින්දුවක්ද ඔයි මේ මොකද මේක ලියපු එක කතාන්දරයක්නේ,Bad
පට්ට bro ජයෙන් ජය,Happy
එක්ක කතාකරන්න අපිට ආසයි,Happy
ගම් මට්ටමේ වැඩපිළිවෙල මොකක්ද,Normal
උබත් පූක දීපන් ගොන්ජට,Bad
ඒයා වචනයේ පරිසම්පූර්ණයෙන්ම අම්මා කෙනෙක්,Happy
ඉරාජ් උබ තමයි ලංකාවට වෙනසක් කළේ අපි ඉන්නවා එකෙන්ම,Happy
හොඳ තැනකට ඔයාට යන්න පුළුවන්,Happy
මේකේ unlike දාලා තියෙන්නේ මව් සෙනෙහස දන්න නැති මිනිස්සුද කොහෙද,Bad
මෙයා hiru star හිටියා නේද,Normal
මරදාන ගම කන්න තොපේ වගේ ගොඩ වාසියෝ තමයි,Bad
ඔබ වහන්සේ කියපු කතාව ඉතාමත් වැදගත් තෙරුවන් සරණයි,Happy
මං නම් හෙන පාරක් අහුවා ලස්සනයි ගොඩක්,Happy
ඇත්ත කතා කරන ලස්සන හදවතක් තියෙන අවංක මනුස්සයෙක් love you,Happy
අයියේ channel එක දෙස වැඩි කරගන්න කොහොමද,Normal
ළමයි දෙන්න study කරන්න ඕන why මේවා බලන්නේ,Bad
අයියා නොදකින ඉන්න තිබ්බ නම් හොඳයි තමයි හදට ඇඳුණු චිත්‍රේ වෙනස්,Normal
මෙයා තමයි මේ තරගය win කරන්නේ,Happy
ගොඩක්ම කැමත්තෙන් හිටියේ විස්තර දැනගන්න ඇත්තටම එයාව ගෙනාව එක හොඳයි,Happy
නියමයි super super නියමයි අයියා,Happy
මධුමදාව ජරාම මිනිහෙක්,Bad
අදේ අයියේ ඇයි ලියත්බර සින්දුව කිව්වේ නැත්තේ,Normal
ඔයාලගේ හදවතේ ගායිකාව කවුද,Normal
කොහොමහරි අදත් ගෙනාව වැඩේ සුපිරි අයියේ ඉස්සරහට තව වැඩියෙන් අපිට දේවල් ඉගෙනගන්න කරන්න,Happy
හරිම විවෘතව කතා කරන දරුවෙක් jesu පිහිටයි බුදු සරණයි ඔයාටත් නෝනාටත් හරිම ආසාවෙන් බලන් හිටියා වීඩියෝව එකක්,Happy
නෙහාරා ඔයා දැන් ගොඩක් ලස්සනයි මුහුණ කෙට්ටු කරගන්න එපා මුහුණ පිරිලා තියෙද්දි හරි ලස්සනයි ඔයා,Happy
singing පට්ට duet එකත් පට්ට ඇඩෙනවා තනි ඇහැට,Happy
මොක අවත් වැඩක් නෑ මුල අමතක නම්,Bad
බෝල ගැණියේ උබේ තාත්ත තමයි කුඩු ගෙනාවේ තේරුණාද උගේ කුඩු සල්ලි වලින් parliament ඇවිත් දැන් අපට විතරක් බනින්න ලෑස්ති වෙන්න එපා,Bad
බුදු සරණයි පුතේ good luck මම අනුරාධගේ අප්පච්චි israel ඉඳලා ජයවේවා,Happy
අනේ ඔයා ඔච්චර සුදු විදිහට කියන්න please,Normal
උඹ මේවා නවත්තගන්න බොරුව අදහස් මිනිස්සුන්ට දෙන්න එපා උඹට මං හොඳින් කියන්නේ,Bad
මං ආසාවෙන් නරඹුවා අද හරිම ආසයි අහන ඉන්න අක්කි ඔයාගේ කතාව ගොඩක් ආදර්ශවත්,Happy
අයියේ කොහෙන්ද ඔයාට හිනාව ගියේ programme එකේදි,Bad
අපි මුලසිටම වස්තිත් එක්ක ඉන්නවා තාමත් ඉන්නවා ඉස්සරහටත් ඉන්නවා ආදරෙයි වස්ති,Happy
අම්මෝ නියමයි නංගි,Happy
මෙලෝ රහක් නැති චිත්‍ර කලි තෝරලා ගත්ත මේ වගේ උන්ට තැනක් නෑ,Bad
මහින්දට මේ වගේ හොඳ මිනිස්සු පේන්නේ නෑ අර විමල් ගම්මන්පිල වගේ වැඩකට නැති එවුන් ලංකරගෙන ඉන්නේ හොඳ නිහතමානි මිනිස්සු අඩුයි,Bad
ඉදිරියටම යන්න සුභ පතනවා මල්ලියෝ,Happy
අයියේ ඔයාව fb එකෙන් contact කරගන්න ඕන fb link එකක් දෙන්න,Normal
කියන්න වචන නෑ ෆට්ට,Happy
විශ්ව පෙරේරා අයියේ නියම talk එක අන්තිමට කිව්වේ,Happy
ලංකාවේ ඉන්න අපේ නිළියෝ නම් ඔහොම කතා කරයිද ඔයා ගොඩක් ලස්සනයි අක්කේ,Happy
අයියා අද ඔයා එන්න තැන ගැන පුදුම ආඩම්බරයක් දැනෙනවා මං ඔයාගේ නංගීගේ යාලුවෙක් ඔයාව auntyව uncleව දන්නවා ඔයත් අක්කා මුතුහාර ළමා සමාජේ හිටියා ඔයාව නොදන්න කවුද අනේ best of luck අයියා,Happy
මං ඔයාට ගොඩක් කැමති හැමදාම සතුටෙන් ඉන්න ආදරෙයි හැමහම ඔයා කලින් කතා කරනවා නියමයි,Happy
බොක්කටම වැදුන කොල්ලෙක් නේ ඒ,Happy
අනේ පව් අහිංසක කෙල්ල අමාරුවේ දාපු ඔලමොට්ට මධුමදාව ගොන්තඩියා,Bad
ශෂිකා අක්කා නියමයි ඔයා නම් ගොඩක්,Happy
උබ ආපු තැන දන්නවා බං උබලාගේ ගෙදර මං ඇවිත් තියේ උබ කොතනද කොහොමද හිටියේ කියලා අපි දන්නවා,Normal
අයියේ උබ නම් පට්ට පොරක් බං,Happy
අයියේ vivo y review එකක් ගෙනන්න,Normal
අනේ සිරාවේ සිටින අහිංසක සතුන් ඉක්මනින්ම නිදහස් වෙවා ජීවිත ආරක්ෂාව ලැබේවා,Happy
පට්ටම වැඩ්ඩෝ දෙන්නෙක් nice ගීතය good luck god bless you all,Happy
ඔයා පෝන්නයෝ ගංජා ගහලා කුඩු ගහලා කියන කතා අනික ඔවුන් බත් නෙමෙයි කන්නේ අසුචි එකයි,Bad
අනේ ඇත්තටම ලස්සනයි,Happy
උමාරියා හෙන fun,Happy
අද කාලේ වැරදි දේවල් වලින් ඉහලටම යන්න හදන අය අතර ඔබ ඉතාම විශිෂ්ට චරිතයක් ගමය තමන්ගේ ජීවිතේ ඇත්ත සඟවන්න නැතුව ඉදිරිපත් කිරීම ගැන සතුටු වෙනවා,Happy
කුමාරි අක්කේ ඔයා කාන්තාවක් ඔබගෙ ජීවිතේ ජය ගන්න,Normal
coachලා මේ ගීතය අහලවත් නැතුව ඇති,Bad
අයියා අයියාගේ contact number එක ගන්න පුළුවන්ද send me in whatsapp,Happy
දැකපු හොඳම කොටස ස්තුතියි ගොඩක් හදවතට එකඟවම කතා කළා ජයම වේවා,Happy
ලක්ෂයට කොඩිය දාන්න තව පොඩ්ඩි,Happy
q amp a ආයෙත් හොඳ වැඩක්,Happy
ලහිරු ඔයා ලංකාවේ නේද මෙයාව ලංකාවේ hotel එකකට කතා කරපු එකාව හොයලා award එකක් දෙන්න හේතුව එයාගේ business කරන්න හොයාගත්තු කෙනා නිසා,Bad
admin අයියා හෝ අක්කාට ගොඩක් අය හොඳයි කියලා හැබැයි තාම පැයක් ඇතුලත,Normal
අඩෝ නෝ තව ඉන්නවද,Normal
යකෝ මේ දර්ශන නේ දැකලා ගොඩක් කල් හොඳටම වෙනස් වෙලා,Normal
කවුද මේ ඉත්තේව,Normal
අපි මොන භාෂාව කතා කළත් මොන ජන වර්ගය උනත් මොන ආගම උනත් අපි හැමෝම ශ්‍රී ලාංකික,Happy
මේට වඩා යමක් ගන්න තිබ්බ කියලා හිතුනා,Happy
admin අයියා ඊයේ partyලු වෙරි නිසා නින්ද ගිහින්,Bad
ලොක්කා hiru star කොල්ලෙක් නේ මේ අයියා,Normal
නිකමට ඒක මගේ brain එකටත් ආවා,Normal
දැනුයි තේරුණේ හැමදාම කොළඹ පරදින්නේ ඇයි කියලා,Normal
අයියෝ දෙවියනේ හෙන ගහපන් ගහපු උන්ට,Bad
අපේ හමුදුරුවෝ ඇත්ත කතා කරනවා,Normal
අම්මෝ මාර confidence තියෙනවා පට්ට performance එක,Happy
ඔයාට හොඳ දැක්මක් තියෙනවා විවාහ ජීවිතේ ගැන,Happy
මොන දේ උනත් ජීවිතේ ඔබ නැතුව ඉන්න බැහැ,Normal
Irajට පට්ට ආදරෙයි මේ දේශපාලකයෝ මැරෙන්න ඕන,Bad
ඔයා ලස්සනට වචන හසුරවන දැනුම තියෙන කෙල්ලෙක්,Happy
මේ වගේ ගොන් අය පක්ෂයෙන් ඉවත් කරන්න ඕන,Bad
මීට වඩා හොඳ ප්‍රශ්න අහන්න තිබ්බා,Bad
ජාතික හැඟීම වටිනා අදහස් ටිකක්,Happy
ඔයාට අපි ගොඩක් ආදරෙයි Iraj,Happy
ඉවර වෙනකම් අහලා හිටියා good luck,Happy
wow ඔයාගේ කටහඬ ලස්සනයි,Happy
ඔහොම කියන්න එපා channel එකේ ඉන්න මිනිස්සුන්ට ගරු කරන්න,Bad
කියන දේ වැදගත්,Happy
මේ වගේ වටිනා අදහස් තියෙන අය media වලට ගෙනා යුතුයි,Happy
ෂා කිව්වට උමාරියා හැරුණේ නෑ,Happy
උබට හොඳ වැඩේ,Bad
සත්‍ය තව අගයමි,Happy
කසුන් හොඳ දක්ෂයෙක් හොඳ දැනුමක් තියෙනවා,Happy
කසුන් ලොකු වැඩක් කරොත් එහෙමයි,Happy
මම දැක්කාම හිතුවේ පොල් කරුවෙක් කියලා,Normal
බුදුසරණයි අපේ හමුදුරුවනේ ඔබට දිර්ඝායු ලැබේවා,Happy
ඇයි කසුන් ඔයා මෙහෙම,Normal
හොඳ අදහස් ටිකක් කතා කළා,Happy
පට්ට මචං congratulations,Happy
කසුන්ට ගැලපෙන ගායිකාවක් මේක,Happy
ඔක්කොම හොඳයි හැබැයි වැඩියෙන් දඟලනවා,Normal
සිංදුව හොඳයි වීඩියෝව හොඳ නෑ,Bad
ඔයාලා මහන්සි වෙලා සල්ලි හොයනවද,Bad
ඔයා ඉන්න අපිට ගොඩක් ආදරෙයි,Happy
comments බලන්න ආපු අයට,Bad
මේ ලෝකේ අහපු හොඳම කතාවක් ඇස් වලට කඳුළු ආවා,Happy
ගොඩක් පැහැදිලි බුද්ධිමත් අදහස්,Happy
ඔයා නියමයි Namalටත් ඔයා වගේ මොලයක් තිබුණානම්,Happy
අයියේ politics ගැන නොවෙයි මේ වගේ අය ගැන කතා කරන්න,Happy
Nanotek එකේ AMD Ryzen Vega graphics දාන්නේ නැත්තේ ඇයි,Normal
කෝ තොගේ rocket එක,Bad
Achinthaට වඩා Sahan හොඳයි,Bad
අනිවා හොඳ අම්මා කෙනෙක්,Happy
කසුන් කියන්නේ සුපිරි මොලයක්,Happy
Tech Sunday බලනවා,Normal
කසුන්ගේ ගීතය එකට සාධාරණයක් දුන්නා,Happy
රහක් නැති අයවත් ගත්තා,Bad
නියමයි මේකෙන් දිනන්න ඕන,Happy
සමන් මහත්තයා මතක් උනා,Happy
කටහඬ හරි නෑ කියලා හදන්න කියනවා,Bad
කසුන් lite version එක වගේ,Happy
ශෂිකාගේ හඬ ඇහුනේ මට විතරද,Happy
උතුම් තෙරුවන් සරණයි,Happy
මමත් ගරු කරන කෙනෙක් ඔයාගේ වැඩසටහන බලනවා,Happy
අයියේ මේ build එකට කීය යනවද,Normal
අම්මෝ පට්ට කොල්ලෙක්,Happy
වාව් මේක ආසාවෙන්ම බැලුවා,Happy
ඉයා charter නේ,Bad
අපේ හමුදුරුවනේ මේ වගේ අය ඉන්නකන් කොහොමද,Bad
නවීන් දිසානායකට මේකෙන් ගැහුවද,Normal
මාර coachesලා set එකක්,Happy
වීඩියෝව editing වලටත් මේ වගේ එකක් කරන්න,Normal
ශෂිකා missගේ හඬ හිත නිවනවා,Happy
පට්ට කොල්ලෙක් ලස්සන කටහඬ එකක්,Happy
උමාරියා වැඩියෙන් රඟනවා,Bad
කවුද මොනවා කිව්වත් මම රාජපක්ෂලාට ආදරෙයි,Happy
ස්වාමීන් වහන්සේ මේ කතා නරකයි,Bad
අයියේ Intel X series CPU දාන්නේ නැත්තේ ඇයි,Normal
ඔව් ඒක ඇත්ත මමත් Catholic,Happy
නියමයි අයියේ ගැමි ගීත අහද්දි හැඟීමක් එනවා,Happy
අනේ මේ පෝන්නයා ලැජ්ජාවක් නෑ,Bad
laptop එක ගත්තම මුලින්ම කරන්න ඕන දේවල් මොනවාද,Normal
වීඩියෝව thumbnail එකට පිස්සු හැදෙනවා,Happy
කතාව ලස්සනයි අහන්න ආසයි,Happy
coach Raini හිටියනම් surprise කරයි,Happy
දිනිති කසුන්ට ආදරේ වැඩි වගේ,Normal
නවීන් දිසානායක උගත් බුද්ධිමත් කෙනෙක්,Happy
මල්ලි මේක board වලින් සුපිරි,Normal
මම ආසම ගීතය ලස්සනට කිව්වා,Happy
කතා කරන්නවත් පන නැති වගේ,Bad
සතිෂා ඔයා නියමයි,Happy
ඒ දෙන්න ගැන තිබ්බ උනන්දුව තේරුණා,Happy
මේ කසිකබල් teledrama නවත්තන්න ඕන,Happy
උදය bro හඳුනාගන්න බෑ,Normal
පට්ට ආදරෙයි අරවින්ද අයියේ,Happy
coachesලා පට්ට fun එකක් දෙනවා,Happy
පිස්සු හැදිලා ආයෙත් පිස්සු වෙලා,Happy
ඔයා ගැන ආඩම්බරයි ඉදිරියට යන්න,Happy
අක්කි ඔයාගේ කටහඬ ලස්සනයි,Happy
අම්බෝ ලස්සනයි අහන්න ආසයි,Happy
ආදරණීය ගීතයක් ආදරණීය මවක්,Happy
ඔයාට සිංහල බැරිද show එක එපා,Bad
අම්මෝ ශෂිකාගේ කටහඬ පිස්සුවක්,Happy
congratulations ජබේ අයියා,Happy
කුමාරි අක්කේ ඔබට සුභ පැතුම්,Happy
උඹ මරු මල්ලි,Happy
ලහිරු rocket එක ගැන අහන්න,Bad
මට කියන්න පුළුවන්ද මෙතුමාව contact කරගන්න,Happy
මු පට්ට පිස්සෙක්,Bad
අක්කි ඔයා පානදුර සුමංගලේ නේද,Happy
මොනවා තිබ්බත් වැඩක් නෑ හොඳට බුදු දහම ඉගෙනගන්න කොල්ලෝ නැත්නම් තවත් එක උගතෙක් දේශපාලුවෙක් වෙයි,Normal
අක්කා අපි ඔයාට කැමති,Happy
ඔය ලහිරු කළේ හොඳ වැඩක් වැඩක් නැති මෝඩ චූන් දෙන එවුන්ව ගෙනත් පුම්බනවට වඩා,Happy
නිබ්බුත නුන සාමතාමෙනියනි දිර්ඝායු වේවා,Happy
gen release කරලා තියෙන්නේ මට තියෙන්නේ th gen i processor එකම තියෙන්නේ,Normal
ආදරෙයි අක්කේ ඔයාට ගොඩක් ආදර්ශමත් කතාවක්,Happy
මේ විදිහටම තොගේ මහ උන් දෙන්න එදා හිතුවා නම් තෝ වගේ කාලකන්නියෙක් මේ ලෝකෙට බිහි වෙන්නේ නෑ,Bad
කසුන් උබගේ ඒ ආදරේට අපි ආදරෙයි,Happy
බතියගේ ගීතේ අමුතු art එකක් තියෙනවා නේ,Normal
ඔන්න මචං නියම track එකට ආවා,Happy
මේක බලද්දි ඇස්ට කඳුලක් ආවත් ලොකු ගෞරවයක් ඇති උනා ඔබ ගැන ස්වේතා හරි වාසනාවන්තයි බුදු සරණයි,Happy
ප්‍රියා හැමදාම වටිනා වීඩියෝව ගෙනාව good job,Happy
hiru star මල්ලී කෙනෙක්,Normal
මොන මගුලද ලහිරු මේ මේකට වඩා දේවල් නැද්ද programme එකක් කරන්න,Bad
ආපු මනුස්සයාට නිදහසේ හදට කතා කරන්න දීලා අහගෙන ඉන්නවා නම් announcer කෙනෙකුටම ඒ quality එක තියෙනවා perfect,Happy
ලස්සන රඟපෑම ඔයා මෝඩ හුත්ත මැරුණත් හොඳයි,Bad
මම mining කරනවා මොනවද දැනගන්න ඕන,Normal
හැබැයි ඔබ තරුණතේ හිතගෙන හිටියට වෙල්ගම මන්තල් තමයි මෝඩයෝ කණාඩියක් නැත්ත,Bad
යකෝ ලංකාවේ හොඳම band එකා,Happy
ලංකාවේ බෑ බං ඔය මගුල,Bad
කොහොම talent එකක් තිබුණත් ඒ වෙලාවේ singing අවුල් නම් කොහොමද vote එකක් දෙන්නේ අනිත අයට අසාධාරණයක් වෙන්නේ,Normal
සුප්පා කොහෙද හිටියේ බං උබ ඒ හොඳ වැඩේ,Happy
බලු වැඩ කරලා නෙවෙයි සැහෙන්න කට්ටා කරලා නැගිටපු මිනිස්සු දැන්ට මේකට ආවේ හැමෝම,Happy
ආයෙ phone reviews එපා අයියේ,Bad
ෂා මරු නේ good luck,Happy
ගොඩක් දේවල් ජීවිතයට ගත්තා,Happy
අදේ බින්ද රබාන,Normal
හොඳ කතාවක් සතුටුයි,Happy
අම්මටසිරි congratulations ඉස්සරහට යන්න ඔයාට wish කරනවා,Happy
අපිටත් මේවා අහන්න ලැබෙනවනේ,Normal
මේකත් කටහඬ global යයි කියලා හිතෙන්නේ මට විතරද,Happy
භූමි මම නම් ඔබට ගොඩක් ගරු කරනවා,Happy
සිල් රෙදි පෝරවාගත්තු එල්ලුම් ගහක් මේකි,Bad
කුමාරි අක්කේ ඔයාට සුභ අනාගතයක් පතනවා අපි,Happy
ආදිත්‍ය වලිවත්ත මතක් උනේ කාටද,Happy
මොකද්ද තේරුම මේ වීඩියෝවේ,Bad
marry කරලාද අහුවේ නෑ නේ,Normal
අල්ලා හු අක්බර් කිය කිය පාර තම්බි බෙලි කපනවා පරු තම්බි,Bad
අම්මෝ හරිම ලස්සනයි දිගු ගමනක් යන්න ලැබේවා,Happy
කුණු රසය බලන්නේ කුණු වැඩ කරන නිසා,Bad
හරිටම හරි අයියේ phone එකේ performance බලන්න පුළුවන් pubg game එක ගහලා තමයි මොකද ඒකේ හැම phone එකම lag වෙන නිසා,Happy
අයියා සුපිරි චරිතයක්,Happy
මේකත් අහන්න එන්න තමයි හුගක් කැමති දිස්නා කො,Happy
අරව නොදන්න අයද නැත්තම් අලුත් හල් කෙල්ලද fm radio වල dislike කරලා තියෙන්නේ,Bad
මේ දෙන්නම එපා please,Bad
හරිම නිහතමානි ආඩම්බරයි ඔබ ගැන දළදා සමිඳු පිහිටයි,Happy
president වෙන්න හොඳම කෙනා රොහිත රාජපක්ෂ weldone රොහිත අයියා පට්ට කතාව හදවතට දැනුනා,Happy
පව් බං අර පොඩි නංගියා,Normal
මුන් තුන්දෙනාගෙන් එකෙක්වත් නෙවෙයි නාගානන්ද මහත්තයා,Bad
අනේ බල්ලියෝ හොඳට හැදිලා හිටියනම් හරි නම් මොකටවත් ඕන විදිහට ඉන්න ඕන නෑනේ,Bad
අගය කළ යුතු තරුණයෙක්,Happy
ඔයා ගොඩක් ලස්සනයි සින්දුව කියනවා නංගියෝ,Happy
hiru star එකේදි රිව් වෙලා ඇයි මේ උදේ ලස්සනට කිව්වා bro good luck,Happy
අදේ මේ band එක ඔක්කොටම වඩා හොඳයි,Happy
කො මේක පරණ intro එකනේ,Bad
nice පට්ට ජයවේවා god bless you,Happy
නංගි ඔයා තෝරගත්ත කෙනා හරි ගියේ නේ ඔයාට හරියන්නේ ශෂිකා ඔයාට එක තේරෙයි වැඩි දවසක් යන්න කලින්,Normal
උනත් අවශ්‍ය නැතුව ඇති මචං ජාතියක් ආගමක් උපන්නේ නැති එක නමුත් ඒක අවශ්‍යයි,Normal
vote එකේ මං කිව්වා මේ week එකේ කසුන් sing කරනවා කියලා stage එකේ,Happy
ප්‍රියා අයියා ඉලඟ වීඩියෝව දෙන please,Happy
අපි බලන් ඉන්නවා ඔබ එනතුරු සටනට,Happy
මේක බලලා වස්තිලාගේ මුල් වීඩියෝව ආයෙත් බලන්න හිතුන අය මේ කොණට,Happy
උබට තේරෙන දේ අපේ ගොන් හරක්ට තේරෙන්නේ නෑ යාලු,Happy
අක්කි ඔයා couchersලාවයි බලන් ඉන්න අපි හැමෝමවයි නැටෙව්වා ආදරෙයි,Happy
thanks ගොඩක් දේවල් දැනගත්ත,Happy
තප්පරයක් නාරා බලුවා,Happy
hiru star ආව කොල්ලෙක්,Normal
camera ඉස්සර ඔක්කොම සුපිරි තිරේ පිටිපස්සේ ගූ ගොඩක් පට්ට දුකයි මුන් කරන වැඩට මුල අමතක මිනිස්සු ලොකු තැනකට ආවම මුල කතා කරනේ fashion එකක් විදිහට,Bad
ඇත්තමයි අපේ හමුදුරුවනේ කිසිම කෙනෙක් බුද්ධිමත්ව වැඩ කරන්නේ නෑ මේ වෙච්ච විපතක් ඇති මිනිස්සුන්ට පාඩමක් ඉගෙන ගන්න,Normal
හැමදාම අදහස එකක් දානවා කවදාවත් reply නෑ,Bad
එක නම් පිස්සුවක්,Happy
බලගෙන ඉන්න ප්‍රේක්ෂකයන්ට නැති ගායනේ උමාරියට තියෙන්නේ,Bad
සම්මා සම්බුදු සරණයි ජය වේවා,Happy
ආසම චරිතයක් අයියේ ඔයා,Happy
අයියේ ඔයා හදන build වලට os එකට cash ගෙවලාද ගන්නේ,Normal
නියමයි තිරුෂා bro,Happy
පැතුම් දනංජය තරම් හොඳට කිව්වේ නෑ,Normal
coach කසුන් නම් දැන් සුපිරි ආතල් ටිකක් දෙනවා,Happy
ඔයා නම් පොරක් තමයි මේයාව ගෙනාවා කියන්නේ දැකන්න පුදුම ආසාවකින් හිටියේ චූටිම කාලේ ඉඳන්,Happy
chanuxගේ වීඩියෝව quality එක තව smooth වෙයි,Normal
ආයෙත් ඉතින් සුපිරිම interview එකක්,Happy
gems කීයක් දාන්න පුළුවන්ද,Normal
coach කසුන්ගේ කටහඬ ඇහෙද්දි අමුතුම ලෝකෙකට යනවා,Happy
සඳලි අක්කා නියමයි sis,Happy
පොඩි හමුදුරුවනේ තෙරුවන් සරණයි ඔබ මාව මතකද දන්නේ නෑ එදා පාසල් කාලේ තිබුණු උතුම් ගරුකම අදත් අපේ හිතේ ඔබට හිමි ය එදා තිබුණු ඔබගේ කරුණාව සිරිය දයාව අදත් එහෙමයි,Normal
උබට නම් ඇත්තටම පිස්සු බං,Bad
ආසාවෙන් බලපු ලස්සන වැඩසටහනක් හැමදාමත් ආදරෙයි දීප්ති ගෞරවනීය කාන්තාවක්,Happy
දෙන්නම ශෝක් අනේ හරිම ලස්සනට දෙන්නම sing කළා ඒ වගේම ඒ performance එකත් singing වගේම පට්ටයි දෙන්නගෙම ඒ සහෝදර බැඳීම මාරයි,Happy
චාමරගේ මල්ලි වගේ කටහඬ පට්ට,Happy
අර රාජ ගොන් බඩු දෙකට වඩා විශිෂ්ටයි ඔබගේ දැනුම ඉහලයි,Happy
අයියේ computer වලටත් මේ වගේ වීඩියෝව එකක් කරන්නකෝ please,Normal
අඩෝ ගම්පොලයෝ ආදරෙයි,Happy
මං හිතන් හිටියේ posh සල්ලි කාරයෙක් කියලා සිරාවටම සුපිරි dial එකක්,Happy
රොකට් එකේ තාක්ෂණය electronic ආදී තාක්ෂණය අපට නෑ,Happy
මෙයා politics වලට කැමති නෑලු ඒ උනාට තමන්ගේ නංගිවත් නාමල්ට දුන්නා use කරන්න මහින්දට කඩේ යන පළමු කොක්කෙක්,Bad
ප්‍රශ්න අහලා නේ ඔයාලා වැඩේ කරේ අනේ යනවා හලෝ යන්නෙ,Bad
අනේ මන්ද මොන කියන්නද,Normal
කසුන් ඇත්තටම මම ගොඩක් දුක හිතුණා ඒ ළමයාට කවදාවත් හැරෙන එකක් නෑ කියලා කසුන් ඔබ හොඳ කළා,Happy
කොල්ලෝ ඔයාට ආගම ගැන දන්නේ නැත්නම් කතා කරන්න එපා,Bad
අඩෝ අපේ හමුදුරුවන්ට මොකුත් කියන්න එපා,Bad
බලුම බලු වැඩක් කරේ ජරාම ජජ්ලා ටිකක් මේ පාර ඉන්නේ ශෂිකාට එහපෙත්තේ ඉන්න එක පෝන්නයෙක් වගේ,Bad
post එක දාපු දවසේ ඉඳන් මේ වීඩියෝව එනකම් බලන් හිටියේ,Happy
කසුන් කල්හාර ඔයාගේ ගීතය පට්ට,Happy
ඔයා හරිම වැදගත් කෙනෙක් දුවෙකුගේ අම්මා කෙනෙක් ඉන්න ඕන විදිහටම හරි ඔයාටයි දුවටයි කවදාවත් වැරදක් වෙන්න එපා බුදුසරණයි,Happy
කටහඬ superb great job අයියේ පෙනුම නම් dream star කේෂන් අයියා වගේ,Happy
තෝ ඉන්න තැනවත් තෝ දන්නේ නෑ එහෙම වෙද්දි තෝ කොහොමද කියන්නේ ගෝටාබය සුදුස්සෙක් නෙමෙයි කියලා දෙන දේයක් කරලා වෙන දේයක් බලගෙන හිටපිය,Bad
adminට ආදරෙයි පෙලෙන්න,Happy
කතාව සහතික ඇත්ත රාජපක්ෂත් පවුල්වාදය,Normal
computer එකට දාලා මොකද්ද කරන්නේ madam,Normal
අයියෝ සින්දුවට තිබුණ වටිනාකම ඉවරයි පිස්සු වැඩ,Bad
තොප්පියේ මුහුණ බලන් ගොන් ගැඹෙක් වගේ,Bad
සල්ලි වලට එක එකට කඩේ යන්න එපා බං මේ කෙල්ල කලින් ඒවගේ හොඳට කියන්න ඇති එත් මේක නම් කෙව,Bad
පඩුවේ ඉන්න කඩේ යන්න එපා,Bad
මේ sidu bandට තියෙන ලංකාව ගැන හැඟීම අපේ පාලකයන්ට නැති එක ඉස්තරම් සිරිසේන,Bad
bass නම් පාලනවා,Happy
මු ශ්‍රීලංකන් වැඩ්ඩෙක් පොරක්,Happy
ඔක්කොටම වඩා ආසයි coachලගේ action බලන්න,Happy
පෝන්නයෝ තෝ බුද්ධ පුත්‍රයෙක්ද කතා කරපිය ලස්සනට හොර ගැණු තියාගෙන අමුද හැත්ත,Bad
ගොඩක් ආදර කරන කෙනෙක් ආදරෙයි අක්කේ බුදුසරණයි ඔයාටයි දුවටයි,Happy
මහින්දලා රනිල්ල මයි පාලකයෝ වෙනවා කියන්නේ සිංහලයා වඩවීම මුන් දෙන්නම අඩු වැඩි වශයෙන් මුන්ව පෝෂණය කරා,Bad
මරු අයියා තව ඒවා ඕන හරිද,Happy
බුද්ධිමත් ලස්සන කාන්තාවක්,Happy
මේ ගීතය හරිම ලස්සනයි,Happy
දවසකට එකපාරක් අහනවා බලනවා මේ ගීතය මම,Happy
ඒක ඇත්ත ඔවුන්ගේ දරුවෝත් පාලනය කරන්න ඕන උන්ටත් වැඩේ හදන්න දන්න හොඳන,Bad
ඇත්තටම නියම කතාවක් මරු අයගේ බුද්ධිය නියමයි,Happy
තෙරුවන් සරණයි දිර්ඝායු ලැබේවා ඔබට,Happy
ඔබ වැනි නිහතමානි මිනිස්සුන්ට අපේ මව් බිම හැමදාමත් සුන්දරයි ආදරෙයි සුදුබණ්ඩා මහත්මයා හදවතින්ම බුදු දහමටත් ශ්‍රී ලංකාවටත් මේ තරම් ආදරය කරනවට තෙරුවන් සරණයි ඔබට,Happy
ඔබට බුදුසරණයි මහත්මයානනි,Happy
කවුද බං මු පල ගෝටය යන්න උබ ඇස් පොට්ටද,Bad
මුට මොළයක් තියෙනවා අනිත උන්ට වඩා,Happy
මම දන්න කෙනෙක් ලිංගික විපර්යාසයකට පත් උනා ඒයා සියදිවි හානි කරගත්තා,Bad
මං ආසම සින්දුව මේක හැමදාම අහනවා,Happy
ලස්සනයි අක්කේ ඉස්සරහට යන්න ඕන බුදුසරණයි,Happy
පිස්සු හෙදෙනවා සියපාරක් විතර අහුවා,Happy
කටහඬ නම් ෆට්ට,Happy
ඔහොම එතෙන් වැරදි හෙව්වොත් පවුල් කන්න බැහැ,Bad
හරිම වැදගත් සාකච්ඡාවක් ගොඩක් දේවල් ඉගෙන ගත්තා අක්කේ ඔයාගෙන් ඔයාටයි දුවටයි හදවතින්ම සුභ පතනවා අක්කේ,Happy
අම්මෝ ඔයා නම් පට්ට මුල ඉඳලා අන්තිම වෙනකන් වීඩියෝව බලුවා අන්තිමට ඉවර වෙද්දි දුකයි වගේ තව තිබුණා නම් මරු කියලා හිතුනා today i follow instagram definite,Happy
අයියා සුපිරියටම කියලා දෙනවා,Happy
මේ සුදු බණ්ඩා මහත්මයාගේ භාවනා ආසපු තියෙන්නේ නුවර කොහෙද කියලා කියන්න පුළුවන්ද ලොකු උදව්වක්,Normal
බලගෙන ගියාම එයත් ඉංගලන්තෙට ඕන විදිහට වැඩ කරන කෙනෙක් පොඩ්ඩක් හිතලා බලපල්ල,Normal
ගීතය super පරාදුනා කියලා පරාදුව භාරගන්න එපා බිඳිච්ච අය ලෝකේ දිනාගෙන තියෙනවා all the best,Happy
කිසරයක් අහුවද මන්ද ඒත් අහන්න අහන්න ආසයි good ඉදිරියටම යන්න,Happy
මචං youtube channel එකක් පටන් අරන් covers ටිකක් කරන්න ගන්න help කරන්න ලස්සන කටහඬක් තියෙනවා අතාරින්න එපා ඔයාගේ නංගීගේ හීනේ හැබැ කරන්න,Happy
ප්‍රියදර්ශන අයියාගේ videos බලලා පුංචි සතුටක් හරි ලබ ගන්නවා pc කියන ඉදොරයේ අපිට ප්‍රියදර්ශන අයියා ලොකු ගංගාවක් වගේ,Happy
මාරයි අයියා මේ time එක,Happy
නියම මනුස්සයෙක් කවුරු කොහොම කිව්වත් පොළොවේ පාය ගහලා ඉන්න මිනිසෙක් ආඩම්බරයි ඔබතුමා ගැන,Happy
මේ වගේ ලොකු build එකක් නැතුව අපිටම gaming වලට build එකක් ඔයාට කියලා කරගන්න බැරිද,Normal
කටහඬේ හොඳ වැඩක් ගන්න පුළුවන් කියලා හිතෙනවා නම් අනිවා කසුන් හැරෙනවා,Happy
දෙවියනේ මේ අපරාද නම් මුන්ට පලදෙන්න ඕන ඔහු මිනිසුන් ඝාතනය කළද වෙන දූෂණ වැඩ කළද,Bad
මේ youtube කරයා බොරුව කියනවා දණිස් කැඩෙන තුරු පහර දීලා කියලා දාලා තියෙන්නේ මු නියම පෝන්නයෙක් මේ youtube කරන එකා,Bad
කුවටි වැඩ කරන ගැණුට හොර මිනිස්සු එනවා කියලා කියන්න මට පිස්සු තියන්න,Bad
අපේ පෝන්න සිංහලයන්ට නොපෙනෙන ඇත්ත ඕක මචං,Happy
අපේ කොහොම එල්ලුවත් කුසල් අකුසල් අනුව තමයි විසඳන්න ලැබෙන්නේ උපන් හැටිටම තමයි බබා වෙනන්න,Normal
ලහිරු කියන්නේ පට්ට experience තියෙන පොරක් කියන එක හොඳට පේනවා හික්මීම සවන්දීම ප්‍රශ්න body language legend,Happy
brilliant ඇත්තටම මාරයි ගම්‍ය miss හොඳ ගමනක් ඔයාට,Happy
කසුන් මාර හොඳයි අනේ,Happy
නියමයි එල මචං fill t උබට ගහුවොත් අපි ගහනවා අපි මාතර,Happy
කියන්නේ වැඩ්ඩෙක් නම් බොරුව පොෂ් line නෑ පොළොවේ පාය ගහලා ඉන්න එකෙක් උ කොච්චර හම්බකරනවද අපිට අදාල නෑ creative mind එකක් තියෙන එකෙක්,Happy
පට්ට ලස්සනයි දෙන්නම,Happy
programme එක එක විනාඩියක්වත් යන්නත් නැතුව බලුවා,Happy
ඇත්තටම ලහිරු ඔයා මේ වැඩසටහන වැදගත් විදිහට කරනවා,Happy
කතා කරපු දේවල් හරියම ආඩම්බරය සතුට ඔබගේ අනාගත බලාපොරොත්තු ඉටුවේවා කියලා ප්‍රාර්ථනා කරනවා ස්තුතියි,Happy
අන්න නියම බඩුවක් එක්ක රංජන් cocktail වෙන්නයි යන්නේ ස්තුතියි හමුදුරුවනේ පටන්ගන්න හොඳ roll එකක් සාදු සාදු,Happy
උදන ගෙනාවොත් මොකද,Normal
game එක ඇස්ට ගියා එක පාර පස්සේ මට උනේ මේක build එකක් නේ කියලා,Normal
මට නම් රත්තරන් තමයි ඕක ඉතින්,Happy
යකෝ කසුන්ගේ කටහඬ ඇඟ හිරිවටෙනවා පිස්සු වගේ,Happy
අවංකවම අවංක මනුස්සයෙක්,Happy
නියමයි අපේ හමුදුරුවනේ ඔක කොහොමත් නහර කරයෙක්,Happy
ආදරෙයි තඩියෝ ඒ කාලේ ඉඳන්,Happy
ලස්සන කටහඬේ අර nervous වෙලා sing කරපු girlට වඩා ගොඩක් හොඳයි කියුවා,Happy
උබ බය වෙන්න එපා ඉරාජ් මම මගේ lawyer එවන්නම්,Normal
මං අහපු ලස්සනම performance එක,Happy
අපේ ජනාධිපතිට පණ නෑ හමුදුරුවනේ තමන්ගේ ආගමට අපහාස කරනකොට මොන රාජද ඉවසුවේ රංජන් වගේ කඩේ යන උන් නැත්තට නැති කරලා දාන්න ඕන,Bad
මේ වීඩියෝව කරන වෙලාවේ කුමාරි අක්කට අම්මා වෙහුණා නම් ලහිරු මොනවා කරයිද,Normal
ජීවිතේම pc දැනුම එකතු කරගන්න එකම channel එක pc guide තමයි අයියේ,Happy
මෙයත් plan එකක කොටසක්,Bad
පට්ට කටහඬ මේ සින්දුව පට්ට අමාරුයි එත් මේට වඩා අවුල් ඒවට හැරුණා අපරාදේ,Normal
ආදරෙයි අපේ හමුදුරුවනේ ඔබ වහන්සේට,Happy
පක්ෂ බැඳගෙන ඉඳලා කන්නද,Normal
ඔයා අපිට අදත් එදත් හැමදාමත් dj ara තමයි පස්බරවත් ගෙනන්න අයියේ අපි ගොඩක් ආදර කරන චරිත දෙකක් තමයි,Happy
බලපු ලස්සනම හොඳම වැඩසටහන thanks ගම්‍ය thanks ලහිරු අයියා,Happy
දළ වශයෙන් මිල එකක් දාන්නකෝ build කරන්න යන,Normal
morning show එක කීයද යන්නේ,Normal
ඔයාට ජයෙන් ජය හැබැයි ඔයා ජනාධිපති උනොත් හැම ජාතියම රකින්න ඕන නැත්නම් වැඩක් නෑ සිංහලයන්ට කරදර මුස්ලිම්ට කරදර මේවා ඔක්කොම ඔයා විසින් නවත්තන්න ඕන,Happy
රංජන් කියපු එක ඇත්ත නමුත් හැමෝම එහෙම නෙවෙයි ලංකාවට පරිසරයට හමුදුරුවෝ අවශ්‍යයි,Normal
මේකේ ගොඩක් හිටියා මේ වගේ කෙනෙක් ලංකාවට ආඩම්බරයක්,Happy
අයියේ මටත් gaming PC එකක් හදන්න ඕන live stream කරන්න,Normal
ඔබ හරිටම බුදු මග යන මිනිස් පුතෙක්,Happy
මරු අප්පා අනිත් අයට කරදරයක් නැතුව තමන් කැමති විදිහට ජීවත් වෙන්න පුළුවන්,Happy
මගේ හිතේ තියෙන දුක කියන්න බැහැ,Normal
දැක්කද ඒ දොණියත් හරිම ආදරයි,Happy
අඩෝ බලන්න කලින් කැමතියි දානවා,Happy
මේවා plan කරලා කරන වැඩ,Normal
ඔයාට ඒ වගේ කාලයක් දුන්නට ස්තුති කරන්න ඕන,Happy
screen record කරන්න software එක මොකද්ද,Normal
අරවින්ද sir අපි හැමෝම ඔයාගේ කටහඬ එකට ආදරෙයි,Happy
ඉක්මනට Redmi Note වීඩියෝව දාන්න,Normal
අපි අහන බණවලට වඩා මේක වටිනවා,Happy
unlike කරලා තියෙන්නේ සිංහල දන්නේ නැති අය,Bad
අම්මෝ මූ dial එකක් වෙන්න හදනවා,Bad
මොකක්ද මේ විකාර,Bad
ආදරෙයි ගෙහන් අයියට,Happy
ශිල්පා රාඕ වගේ,Normal
තමන්ට කැමති අයව තෝරන එක හොඳයි,Normal
උබ නියමයි brother,Happy
මේක මාර වෙනසක් කරලා අපි ඉන්නවා ඔයාල එක්ක,Happy
මගේ ආසම සිංදුවක්,Happy
කටහඬ teen එකේ දිල්මි මතක් උනා,Normal
radio එකේ කතා කරනවා වගේ,Happy
අපි ඔබ සමඟයි sir,Happy
යකෝ මේවා තාම දානවද,Normal
එල කිරි විශ්ව ගොන් වැඩක් කරලා බේරුණා,Happy
පට්ට කටහඬ final එකේ,Happy
ජනිත්ගේ ගායනය මරු,Happy
පට්ට ආදරේ කරන චරිතයක්,Happy
ඔබතුමාට මම ගරු කරනවා,Happy
මිනිස්සුන්ව motivate කරන්න හැමෝටම බැහැ,Happy
කසුන්ගේ ආහ් එක බලන්න දෙස වැඩි වෙයි,Happy
Coffee with Muditha program එකට මොකද උනේ,Normal
අද පොඩ්ඩක් miss උනා,Bad
මොනවා කාලය යකෝ,Happy
රංජන් මහත්තයට ජය වේවා,Happy
ගම්පොළ කොල්ලෙක් එල,Happy
live stream එක දෙන්න පුළුවන්ද,Normal
මදු මදාවය කියන්නේ බොරුවක් කියන කෙනෙක්,Bad
අපේ සිංහලයන්ටත් පුළුවන් දරුවන් හදන්න,Normal
මම අහපු හොඳම interview එක,Happy
ඔයා ගැන මට විශ්වාසයක් නෑ,Bad
අනේ අපි යන්නේ නෑ,Normal
කෙලින් කතාවක් thanks,Happy
විරාජේ ඔයාගේ කතාව ඇත්ත,Happy
වීඩියෝව බලන්න විතරයි අපි පින් කරලා තියෙන්නේ,Happy
අයියේ මිනිස්සු අමුතු ජාතියක්,Bad
අනේ පලා ගොබ්බයා බොරු කියන්න එපා,Bad
තනිව දරුවෙක් හදන අම්මාට ආදර්ශයක්,Happy
Sirasa වලින් තෝරන අය ලඟට යන්න ඕන,Normal
වීඩියෝව එකට thanks,Happy
මං කැමති මේ වගේ කෙනෙක්ට,Happy
Wahabism ගැන කතා කරනවා,Normal
දක්ෂයෙක් තමයි ඉතින්,Happy
මට මතකයි ඒ නර්තනය ලස්සනයි,Happy
මොන දේ කරත් ඔබ නැතුව ඉන්න බෑ,Normal
laptop upgrade කරන්න බැරිද අයියේ,Normal
i CPU system එකකට GTX Ti card එක දාද්දි bottleneck වෙයිද,Normal
අපේ teacher මේක බලනවද,Normal
පුතා දැන් ඉදන් ඔයාට big boss කියනවා,Happy
මේ පාලනය අසාධාරණයි,Bad
මේයා ප්‍රභු දේවා වගේ,Happy
desktop processor එක වෙනස් කරන්න පුළුවන්ද,Normal
අර කෙනාට වඩා මේ කොල්ලගේ කටහඬ හොඳයි,Normal
ලස්සන ගීතය එකක්,Happy
අම්බෝ build එක මරු,Happy
උමාරියා අද ලස්සනයි,Happy
ඉතාමත් බුද්ධිමත් කතා,Happy
ඔයාව contact කරගන්නේ කොහොමද,Normal
number එක දෙන්න,Normal
මිනිස්සු කියන දේවල් ගණන් ගන්න එපා,Normal
Hari TV ඔයාට පුළුවන් නම් මේ හමුදුරුවා හමුවන්න,Normal
ඔයාට ජේසු පිහිටයි,Happy
ලහිරු මේ වගේ බුද්ධිමත් අය ගෙනන්න,Happy
උමාරියා හොඳ ගුණ තියෙන කෙනෙක්,Happy
මේක බෞද්ධයන් වෙනස් කරන කතා,Bad
දෙන්නා හොඳට train කරලා තියෙනවා,Happy
මම ආසම ගීතය එකක් සතිෂා,Happy
Hari TV එකේ වැඩිම දෙස ගන්න වීඩියෝව වෙයි,Happy
Iraj නියමයි කෙලින් කතා කරන කෙනෙක්,Happy
ගොඩක් ආදරෙයි ඔයාට,Happy
PC එකක් ගන්න හොඳ තැනක් කියන්න,Normal
කසුන් පට්ට fun එකක් දෙනවා,Happy
ඔයාට හොඳ මොලයක් තියෙනවා,Happy
RS gaming build එකක් දාන්න,Normal
online class වලට laptop එකක් ගන්න කීයද,Normal
නියමයි සිංදුවට අලුත් මුහුණුවරක්,Happy
සුභ පැතුම් ඉදිරියට යන්න,Happy
බණ කියලා බලයට ගියාම වෙනස් වෙනවා,Bad
GB phone එක මිල range එක කීයද,Normal
අම්මෝ ඉගෙන ගන්න දේවල් ගොඩක් තිබ්බා,Happy
පට්ට කොල්ලෝ talent තියෙන අයට තැනක් නෑ,Happy
මෙවත් අතල් එකේ කොටසක්ද බං,Normal
නොදකින් දැක්කදත් අප්පිරියයි,Bad
මොකෝ මේ වලාපෙන්නේ,Bad
අයියා අයියාට කියනවා අයියා ලස්සනයිලු ඉතින් අයියා ඔයා ඒට වඩා ලස්සනයි නේ අයියා වගේමයි මත් පොඩි කාලේ bicycle පුරුදු වෙද්දි වැටුණාම වැටුණ විදිහටම ගොඩක් වෙලා ඉන්නවා හිනා වෙවි,Normal
සමදේටම දෙවියන් වහන්සේ ඉන්නවා එතුමාට වදහින්සා කරන එක හරිම පව්,Bad
තොපි එකෙක්වත් සුදුසු නෑ,Bad
නෙහාරා මම ඔබටත් මෙනකටත් ගොඩක් ආදරෙයි අනේ ඔයා ගොඩක් ලස්සනයි මහත තියෙනකොට බෝලයක් වගේ කෙට්ටු වෙන්න එපා,Happy
අනේ උනේ පරාද ඔවුන්ට අනේ පව්,Normal
ඉක්මනින්ම මෙහෙයුම සාර්ථක වේවා,Happy
අනේ කියන්න මගුලක් හොයලා බලලා ජාතිවාද අවුස්සන නැතුව කියන්න තව්හිද් බල්ලෝ කරපු බලුකමට නිකන් ඉන්න මුළු ජාතියටම කෙලන්න එපා,Bad
එක නම් භාවනාවක් වගේ කොච්චර අහුවත් එපා වෙන්නේ,Happy
මං කැමති හොඳ චරිතයක් කෙලින් කතා කරන කෙනෙක්,Happy
ඉතින් ඔයත් sex කරනේ කොහොමද කියලා ටිකක් කියන්නකෝ,Normal
ලස්සන කෙල්ලෙක් ආදරෙයි හිතුනා ඔයා බය නැති කරගත්තනොව අද කටහඬ sri lanka ලොකු වෙනසක් කරනවා ඔයා,Happy
ඇසෙම් විය යුතුයි අපේ හමුදුරුවනේ ඔකාගේ කට තලන්න ඕන අපේ සිංහල බෞද්ධයෝ අපේ ලේ කකියනවා,Happy
ඔයාට හිඩැසක් නැති උනත් සල්ලි හම්බකරන්න අපිට හිඩැසි වීඩියෝව බලන්න,Normal
කඳුළුත් ආවා දුව ගැන අහලා,Happy
අපේ හමුදුරුවන්ට දිර්ඝායු වේවා බස්,Happy
අඩු මිලට graphics card එකක් review දාන්නකෝ,Normal
battle එක කියලා අමතක කරලා කියපු එක නම් මරු සුභ අනාගතයක් කොල්ලෝ දෙන්නට,Happy
advertisements අඩු කරලා තියෙනවා good,Happy
කට්ටිය dil se hype කරාට ඊයේ මට නම් මේක තමයි හොඳම,Happy
ඇත්තටම මම හිතන් හිටියේ මෙහෙම රූපයක් නෙමෙයි කටහඬ පට්ට රූපෙට වඩා,Happy
කවුරු උනත් කියන්නේ සහතික ඇත්ත,Happy
කවුද බෝලේ මේ කෑන්ඩි ලමයිසි ඔයාට set වෙන්නේ නෑ පාටියට,Bad
love you so much good luck ෆට්ට කියන්න train චංක dr බුදුසරණයි ඔයාට,Happy
නෑ නෑ ඔයාගේ නෙවෙයි සුදු හමිනේ ඒ හැඩපත මගේ ඒවා ඔයා ගොඩක් සීලවන්තයි කියලා මට පේනවා ඔයාගේ ඇඳුම ගත්තත් හරිම චාම් බලන්නකෝ ඒ හැඩියාව,Bad
කොල්ලා හොඳයි කෙල්ල හොඳ නෑ,Normal
උන්ට තැනටම ප්‍රතිසන් දුන්නා හමුදුරුවනේ,Bad
දවසකට දෙපාරක්වත් අහනවා මේක වැඩිපුරම බලලා අහන කෙනෙක්ත් නෙවෙයි මම මේ දෙන්නගේ ඉදිරිපත් කිරීම බලන්නත් එක්ක බලන්නේ ඒ දෙන්නගේ body chemistry එකත් ලස්සනයි බලන්න ඉන්න,Happy
අයියේ මම දැකලා තියෙනවා gigabyte board asus වලට වඩා ඉක්මන් windows boot වෙනවා මේකට හේතුව මොකක්ද,Normal
රංජන් තනිකර සක්කිලියෙක්,Bad
පව් අනේ බබා හරිම අහිංසකයි මිනියටත් හොඳට බෝලේ බස්සනවා,Bad
මේක pitch perfect ද අර හොඳට කියපු අයව කපලා කෙල්ලෝ ගන්නවා ටක් ගාලා හික්ස්,Normal
අපේ මිනිසුන්ට තමන්ගේ භාෂාව අමතක වෙද්දි මේ වගේ කෙනෙක් මෙහෙම කතා කරන විදිහ දැක්කම හරිම සතුටුයි හරිම ආඩම්බරයි good luck මිචල්,Happy
මම ආසම නිළියක් ඔයාගේ කතාව මගේ ජීවිත කතාව වගේමයි,Happy
කොච්චර අහුවත් එපා වෙන්න both are great,Happy
මේවට ලියන්න පුළුවන් පොතක්,Normal
හැබැයි ගෙහන්ගේ කුණුහරුපයක් නැතුව kick එකක් නෑ අයියේ,Happy
මම මේ channel එකේ බලන්නේ selected interviews ටිකක් විතරයි හැබැයි ඒ බලපු හැම interview එකක්ම අන්තිමට අඬපු නැති interview එකක් නෑ good job ලහිරු,Happy
මේ දෙන්නම ඉන්න ඕන නමුත් කලින් දවසේ අනිත කෙනාටත් chance එකක් දුන්නා ඇයි මෙකදී එහෙම නොවුනේ කරනවා නම් හැමෝටම එක කරලා දාන්න ඕන,Normal
උඹ මොන පෝන්නයෙක්ද යකෝ,Bad
අසාධාරණයක් උනේ නංගියාට,Bad
first computer virus එක ගැන වීඩියෝව එකක් ගෙනන්න,Normal
ඔයා තරම් මිනිස්සුගේ හදවතට යන විදිහට කතා හදන කෙනෙක් හරිම ආදරණීයයි ඔයාගේ කටහඬ කොහෙ අහුණත් මට අඳුනාගන්න පුළුවන් තරම්ම ඔයාගේ කටහඬ එකට මම ආදරෙයි,Happy
ලස්සනයි සුභ පතනවා,Happy
pain ගහලා අලවපන්,Bad
තිරුෂා අයියා superb ආඩම්බරයි අයියේ අපේ එකෙක් ඔහොම ඉන්නකොට,Happy
කුමාරි අක්කේ ඔයා නම් හරිම හොඳ කෙනෙක් අනේ ඔයාට ගොඩක් ආදරෙයි මම ඔයාගේ ජීවිතේ ගොඩක් ලස්සන වෙවා,Happy
අනිත අයත් හැරෙන්න තිබ්බේ,Normal
coach කසුන් ගාවට ගියා කියන්නේ ඉතින් ගොඩම තමයි,Happy
සන්තුෂ් ලඟදිම කනවා හොඳ කෑමක්,Bad
ශෂිකා හොඳයි නම් කලින් හැරෙන්න එපායි අනේ කවුරුත් හැරෙනකම් ඉන්නේ නැතුව හැරෙන්න next time please,Happy
අයියේ උරේනිව interview කරන්න,Normal
වෙනසක් කරලා දිගටම q amp a කරන් යමු ප්‍රියදර්ශන අයියේ,Happy
ඔයා කියන හැම දෙකටම මම එකඟයි ඔයා වගේම එදා ඉඳන්ම මමත් හැම්බයම්ගේ බෝවීමට එක හෙළාම විරුද්ධයි,Happy
පිස්සු හෙදෙනවා අක්කේ ඔයයි ඔයාගේ සින්දුවයි,Happy
කොහෙද bro හංගිලා හිටියේ පට්ට අපිටත් ගැම්මක් game හින්දා ගය වෙවා,Happy
නියමයි දිරිමත් මවක් මගේ අම්මා වගේ බුදු සරණයි,Happy
කවුද බං මේක dislike කරන්නේ අඩු කුලේ පර හැත්ත,Bad
කියන්න දෙයක් නෑ මුල ඉඳන් දන්නවා පොළොවේ පාය ගහලා ඉන්නවා බොරුව පොෂ් නැති චරිතයක් respect brother,Happy
අදහස බලන්නයි ආවේ,Normal
සින්දුව පට්ට වීඩියෝව මෙලෝ රහක් නෑ,Normal
මෙහෙම ඉන්නවා නේද කියලා,Normal
අපෝ වීඩියෝව නම් මෙලෝ වැඩක් නෑ,Bad
අනේ පල කවට නරියා,Bad
ඔච්චර ලොකු phone ගන්න සල්ලි නෑ මම ලඟ තියෙන්නේ redmi note එකක්,Bad
සින්දුව download කරලා car එකේ pen එකට දාගත්තා යි,Happy
නියමයි ඔවා තමයි හමුදුරුවනේ කියන්න ඕන,Happy
star එකේත් හිටියා දැනෙ කටහඬේත් ඉන්නවා අපිට,Normal
කවුරු මොන කියුවත් අපි ආදරේ කරන මිනිහෙක් ඔයා අයියා,Happy
බලපල්ලකෝ මොනවා කිව්වත් අපේ සින්දුවක් තාලයක් ඇහෙනකොට එන ගැම්ම ලෝකෙ කොහෙවත් නැතුව ඇති අපේ වචන වල තියෙන තේරුම සහ ලස්සන,Happy
උබ මාර නිහතමානි අවංක කතා කරන,Happy
දෙවියන් විසින් ඔබ මවා ඇත්තේ මිනිසුන්ට යමක් දෙන්න ඒය හැමදාම දෙන්න ඔබට ජය,Happy
අයියේ මටත් එකක් හදාගන්න ඕන,Normal
මෙයා හොඳ කෙනෙක්,Happy
සද්ද නැතුව හිටියට කසුන් මාර point අල්ලන්නේ,Happy
ඔයාගේ channel එකට මේ ගෑනි ගෙනාවෙ ඇයි අයියෝ shit,Bad
වාව් මං ආසයි මේයාගේ කුසලතාවයට,Happy
radio එකේ අරවා අහනවා වගේමයි දැන් උනේ forwarded කරන්නේ නැතුව බලපු එකම වීඩියෝව ජයවේවා,Happy
කවුරුත් නොහිතන ආදර්ශමත් පුද්ගලයෙක් wish you all the best අයියේ,Happy
ඒ කොල්ලට එහෙම කළේ පිච්චි හදන්න coachලාට පුළුවන්නේ සල්ලි වලටම විකුණුණා,Bad
මොකද්ද යකෝ ඒ උනේ ලියත්බර,Normal
අපේ හමුදුරුවනේ අනෙකුත් ආගමිකයන්ට අපහාස කරන්න එපා එහෙම දේවල් බෞද්ධ දර්ශනයේ නෑ,Bad
භූමි අක්කා ඔයා නම් ශෝක් මං ඔයාට ගොඩක් ආදරෙයි ඔයා ගොඩක් හොඳයි බුද්ධිමත්,Happy
යෝහනි audience එකේ ඉන්නවා දැක්කේ තව කවුද,Normal
මොන උනත් ඇත්ත කියනවා,Happy
redmi ගැන review කරාට thanks අයියා පුළුවන්නම් එක realme c එක්ක compare කරලා වීඩියෝව එකක්ත් දාන්නකෝ,Happy
රෙද්ද බනින්න ඇඳගෙන ඉන්න හොරයා uncle,Bad
පාරේ බල්ලෝ නේ මේවා බලන්නේ,Bad
අනේ හොඳ කෙල්ලෙක් coach ශෂිකා තෝරගත්ත එක නියමයි,Happy
ස්තුතියි අයියේ තඩියාගේ වීඩියෝව එකට,Happy
මොන දේ කළත් ඔබ නැතුව ජීවිතේ ඉන්න බෑ,Happy
PC Guide channel එකෙන් මොන වීඩියෝව දාත් අපි ඔයත් එක්ක,Happy
brother උබයි තඩියා දෙන්නා super,Happy
යකෝ ලියත්ඹර හොඳයි ඔක්කොටම වඩා,Happy
අයියේ phone sale කරනවද,Normal
ඔබ වහන්සේගේ කතාව අහන්නත් මට ආසයි,Happy
කෙසේ වෙතත් ඔබ වහන්සේගේ කරුණු හිත නිවැරදියි,Happy
මේකේ steal එකෙන් තිමිරත් ගියාද,Normal
සුපිරි මල්ලි ඉදිරියට යන්න සුභ පැතුම්,Happy
මේක unlike කරපු මෝඩ මිනිස්සුත් ඉන්නවා,Happy
අනේ කටහඬ හරිම ලස්සනයි,Happy
ඔබතුමා ඒ දේ plan කරලා එදා ගෙදරින් පිට උනාද,Bad
ගොබ්බ audience එක clap එකක් තාලයට දෙන්න,Bad
කෙලින් කතා කරනවා එක පට්ට,Happy
මමත් මගේ දුවත් එක්ක තනිව ජීවත් වෙනවා,Normal
මෙයා හින්දා ජීවිතේ හදගත්ත මනුස්සයෙක්,Happy
තද තද මචෝ,Happy
music band එකනම් සුපිරි,Happy
හදවතට කතා කරන කටහඬක්,Happy
ඔව් ඔව් ඔක්කොම වැරදි නාගානන්ද විතරයි හොඳ,Bad
superb ඔයා සුපිරි කතා කරනවා,Happy
අපෝ හොඳට බය වෙලා දැන්,Bad
coachesලාට බනිනවා නම් හොඳට දැනගෙන කතා කරන්න,Bad
මම ආසම ගීතය හරිම ලස්සනට කිව්වා,Happy
බය වෙලා වගේ,Bad
අයියේ ඔයා දැන් ITN channel එකේ ඉන්නවා නේ,Normal
ගොන් වේශි උබ හොඳ බඩුවක් කියලා දන්නවා,Bad
යකෝ රාජපක්ෂ පවුලම හොරු,Bad
මං ආස කෙනෙක් කෙලින් කතා කරන,Happy
මාර හදක් සිංහල සංගීතයට වටින කෙනෙක්,Happy
කතාව නියමයි හමුදුරුවනේ,Happy
ආයෙ සල්ලි අරන් ගොන් build එකක් හදන්න එපා,Bad
මේහෙම දැක්කම අම්මාව මතක් වෙලා ඇඩෙනවා,Happy
එතකොට ගෙනන්න වෙන අය නැද්ද,Bad
එකෙන්ම එහෙමයි පරණ දේවල් අතහැරලා අලුත් ජීවිතයක් ගන්න,Happy
මාර ලස්සනයි කටහඬ කියන්න වචන නෑ,Happy
මම ආසයි හැමෝම එකට ඉන්න,Happy
සුපිරි කෙල්ලෙක් ආඩම්බරයි,Happy
ටික දෙනෙක් කරන වැරදිවලට හැමෝටම ගරහන එක වැරදි,Normal
මරු set එකක් නේ,Happy
wow ලස්සන කතාවක් සුභ පැතුම්,Happy
සිංදුව පට්ට වීඩියෝව හොඳ නෑ,Normal
system එකක් හදලා mining කරන්න පුළුවන්ද,Normal
දැන් coach කසුන්ට වැඩේ හරි,Happy
මට කැමතිම කෙනෙක් joke කරනවා,Happy
ගොන් රංජා මෝඩ නළුවෙක්,Bad
කාලෙකින් Q&A එකක්,Happy
අපේ මව්බිම රැකගන්න උත්සාහ කරන ඔබට ආශිර්වාද,Happy
Hari TV unsubscribe කරා,Bad
එක සතියකට වතාවක් දාන්න,Happy
ඔයාගේ අදහස් වටිනවා,Happy
මල්ලි බොක්කෙන්ම කතා කරනවා,Happy
මට හම්බුන හොඳම යාලුවෙක්,Happy
සුපිරි අක්කේ පට්ටම,Happy
nice ගීතය එකක්,Happy
මට පිස්සු ගෑණියක් වගේ,Bad
මට ආසම නිවේදකයා,Happy
විජය නන්දසිරි වගේ කෙනෙක්,Normal
බලාගෙන සතුටු වෙනවා,Normal
අයියෝ මේ වගේ කෑලි ගෙනන්න එපා,Bad
වීඩියෝව එකත් හොඳයි ගීතය එකත් හොඳයි,Normal
මේක trending එනවා,Happy
ශෂිකා missගේ general knowledge එක,Happy
දෙන එකේ දෙනවා,Happy
මුන් travel කරන්නේ හොර සල්ලි වලින්,Bad
ඔයා නියමයි Date With programme එක,Happy
මම selfie එකක් ගහලා තියෙනවා,Normal
ගෝඨාභය හොඳද කියලා හිතනවා,Normal
ඔබ වහන්සේ වගේ තව කෙනෙක් හිටියා නම් හොඳයි,Happy
මේක බලන්න කවුද ආවේ,Normal
maths දන්නවා නම් ජීවිතේ දිනන්න පුළුවන්,Happy
වැල්ගම මේවා බලලා හරි වෙනස් වෙන්න,Bad
කසුන් කියද්දි හදවත පීඩාවට පත් උනා,Happy
අනුෂ්කා අයියා ආදරෙයි,Happy
මනසික ලෙඩ්ඩු හැම තැනම ඉන්නවා,Bad
මේයා ඉස්සර හොඳ කොල්ලෙක්,Bad
next part එක දාන්න ඉක්මනට,Happy
උමලි තිලකරත්න ගෙනාවොත් හොඳයි,Normal
මේක හොඳට කරනවා,Happy
ශෂිකාගේ කටහඬ නම් පට්ට,Happy
හරිම ආසාවෙන් බලුවේ හැමදාමත් ආදරෙයි බුදුසරණයි,Happy
sport chain කියන business එක ගැන පැහැදිලි කරන්න පුළුවන්ද bro,Normal
මොකද්ද රංජන් කරලා තියෙන ප්‍රකාශය මොකක්ද,Normal
අපි ගොඩක් ආසාවෙන් ලහිරු සහ අශේන්ගේ program බලුවේ දැන් නම් එපා උනා,Bad
එකේකින් විතරක් කිසිම තේරුමක් නෑ බං ඉයා මේවට කාගෙන් ආශීර්වාදද දන්නේ නෑ ඒ මදිවට දළදා හමුදුරුවත් අල්ලන් ලැජ්ජ නැද්ද ඔයි ශික් තුහ්,Bad
අයියේ අර අලුත් pny graphic card ගැන review එකක් කරන්න,Normal
මුස්ලිම් මිනිස්සු sunnath කරනේ කඩුවෙන්ද ඔවුන්ගේ කපන්න ඕන බෙලි,Bad
ඔව් ඉතින් කොයි අකිත් මුනේ වලවල් ටික වහලා ගත්තම makeup එක දාලා ඕනම ගොනෙකුට ලස්සනයි මේ ගොනා වගේ,Bad
සිංහල මිනිස්සුන්ගේ ගෙවල්වල කඩු නැද්ද checking කරාම පෙනවා,Normal
ලක්ෂයක් තිබ්බනම් ගෙයක් හදනවා,Normal
මේ මනුස්සයාව වැඩසටහනකට ගෙනා එකම කොයිතරම් දේයක්ද මං ආසම කවදාවත් මේ වගේ interview එකකට එයි කියලා හිතුවේ නැති සුපිරිම වැඩක් thanks good job,Happy
මාලිනී බුලත්සිංහල මහත්මිය කසුන්ගේ අම්මාද අනේ දන්නේ නැහැ ආදරෙයි කසුන් එයාගේ කොණ්ඩේ ශෝක්,Happy
නියමයි තිරුෂා අයියේ,Happy
බතියගේ අදහස එක නිසායි වෙනස් උනේ කොල්ලා,Normal
එක නම් පිස්සුවක් නියමයි,Happy
අනේ වාසනාවන් නුදුන් දෙකේ නිවන් දකින්න සහෝ,Happy
මොන කරුමද යකෝ මේවා,Bad
ඇත්තටම ඔබ නිහතමානි චරිතයක් පැහැදිලිව කියනවා සුභ අනාගතයක් බුදුසරණයි,Happy
අපේ සාදුගේ කතාවට මං ගරු කරනවා ඔබට බුදු සරණයි,Happy
ඇති යන්තම් මේක ඉවර වෙනකම් අප්පිරියයි මේක,Bad
කුවේට් කුමාරි අක්කා හුගක් දවසකින් ඔයා පව් අනේ ඔයා සතුටින් ඉන්න,Normal
ඔහෝ අනුන්ගේ button ගහන එක හොඳ වැඩක් නෙවෙයි,Bad
visual එකෙන් සින්දුවේ අපිට අහද්දි දැනෙන meaning එක වෙනස් උනා සුපිරි,Happy
දානකම් බලගෙන හිටපු එකම programme එක වස්ති නිසා මරු,Happy
කියන්න වචන නෑ මාරම ලස්සනයි,Happy
දෙවියන්ගේ නාමයෙන් සිංහලයන් එකමුතු විය යුතුයි,Happy
බුදු සරණයි ගොඩක් හොඳ ආදර්ශමත් මවක් අක්කේ ඔයා,Happy
මේ program එකේ ඉන්න හින්දා දෙස යනවා අන්තිම ඒවට වඩා යන හැම program එකක්ම දෙස වැඩි දවසෙන්,Happy
මාරම දක්ෂ lady කෙනෙක් සුභ පැතුම් ඔයාට,Happy
ගොන් චිර පෝන්නයා උඹට උඹ ගැන තේරුම් ගන්න බැරිද අහා පය වසි කරලා පකයෙක් වෙන්න එපා,Bad
ඉරාජ්ගේ කතාව ඇත්ත,Happy
බොහෝම වටිනවා අපේ හමුදුරුවනේ ඔබ වහන්සේගේ කතාව සුපිරි,Happy
භූමි කියන්නේ ආස චරිතයක් හොඳ සමාජීය දැනුමක් සහ අධ්‍යාපනික දැනුමක් තියෙන කෙනෙක්,Happy
කසුන් sir මාර ආතල් දෙනවා අප්පා,Happy
මේවා මෙහෙම ඉතාම සරලව පැහැදිලි කරනවට ස්තුතියි සහෝදරයා අපිට වෙන දේ දන්නේ නැති කෙනෙක් හරි තේරුම් ගනී බුදු සරණයි සියලු දෙවි පිහිටයි,Happy
වීඩියෝව ඇත්තටම බලුවා නෙමෙයි වීඩියෝව අහුවා,Normal
සින්දුවට ඔය වීඩියෝව ගැලපෙන්නේ නෑ අයියෝ මං බලන් හිටියේ මේ සින්දුවට හොඳ වීඩියෝව එකක් එයි කියලා ඒත් මේ වීඩියෝව නම් වැඩක්ම නෑ ඒට වඩා හොඳයි අර indian film එකක කොටස දාලා හදලා තියෙන වීඩියෝව,Bad
පෝන්න රංජා තොට හෙන හතම ගහපිය,Bad
අයියා autocad software එක පොඩි review එකක් කරන්නකෝ,Normal
නියමයි එතකොට කලින් upgrade කරන්න ඕන නේ,Happy
මිල කියද කියලා දාලා නෑ කොහෙවත්,Bad
සුදු බණ්ඩා ආඩම්බරයි ඔබ ගැන අහන්න එන්න ආසයි කතාකරනවා,Happy
මං කවුද කියලා විස්තර හොයා හොයා හිටියේ මේ කවුද භාෂා තුනම හොඳට කියන කොල්ලා,Happy
මධුමදාව කියන්නේ හරිම බොරුව කියන කාරයෙක්,Bad
ඔයා ගොඩක් කෙට්ටු වෙලා ලස්සනයි,Happy
ප්‍රියදර්ශන අයියා ඉතින් එකට ඇවිල්ලත් අමුතු ගේමක් දෙන්න වගේ යන්නේ,Normal
බල්ලා මල්ලෙන් එළියට පනිනවා කියන්නේ ඔකට තමයි ඔයත් බට හිර contract එකක් අඩිනවද,Bad
රංජන් කියන එක වැරද්දක් නැහැ සමහර පන්සල් වල ඔය සිදුවීම් වෙනවා,Happy
අා ශෂිකා මං නම් හිතුවේම කසුන්ගේ team එකට යයි කියලා good choice,Happy
පුදුමයි මේ කොල්ලට වෙනවද,Normal
සින්දුව ලස්සනයි එත් වෙන හිතක් කෙරේ ලූහු බැඳන් මම ගියේ කියලා ගීතයේ කිව්වට ඔය වෙන girl කෙනෙක් affair එකක් මේ වීඩියෝවේ නෑ නේ නෑ ගීතය ලස්සනයි all the best,Happy
සිරසට ගොඩක් thanks අපිට අලුත් රස වින්දනයක් ලබා දෙනවට දක්ෂතාවයට ඉඩ දෙන එක නියමයි සිරස,Happy
තමන්ට ඔබන්න එකක් තියෙද්දි අනුන්ගේ එක ඔබන එක උමාරියා පුරුද්දට කරනවාද මන්ද,Normal
astrix mining machine ඔයා ලඟ තියෙද,Normal
පළවෙනි වචන පෙළ අහලා ගීතය pause කරලා,Normal
wow battle වලින් කපන්න එපා,Normal
වැඩසටහන ඉවර උනම අදේ ඉවර උනානේ කියලා හිතුනේ මට විතරද,Happy
good job අයියේ,Happy
අඩුපාඩුවක් දැක්කේ නැත්නම් හරි යකෝ,Normal
මම කැමතිම නිළිය ඔයා ඔයාට බුදුසරණයි දුවටත් බුදුසරණයි ජය වේවා,Happy
අමතිලත් හොඳයි උඹත් හොඳයි,Happy
සතුට කියන්නේ කෑම අම්මෝ තඩියා,Happy
hairstyle එක නම් පට්ට,Happy
අනේ මේ පොල් කාරියා,Bad
ලස්සන හිතක් තියෙන මනුස්සයෙක්,Happy
ගොනෙක් ගෙනල්ල උඹ මොකද්ද හුත්තෝ,Bad
එක note එකක්වත් mistake නැතුව baking කරන set එක දැනවත් පෙන්නපන්කෝ cameraman අයියේ,Happy
ඔයා කීපාරක් ඔක record කරාද,Normal
අර දැක්කා first time program එක,Happy
ගොඩක් සතුටුයි කුමාරි අක්කා හොඳින් කාලය ගතවන්න බුදු සරණයි,Happy
හෙන ගහනවා යකෝ මේට වඩා මොනවද,Bad
මොකටද මේ කුණු අනි අපිට නම් එපා,Bad
අපේ ජානයාවල වැරදි අපේ දේට ගරහීම අපි ඒ ගැන කනගාටු විය යුතුයි විජය කුමාරතුංග අප අතරින් වෙන් උනත් උපන්දිනයත් රසිකයෝ සමරුවා දැන් ඉන්න දේශපාලුවෝ මරුණම වළටත් ඒ මිනිස්සු හෙන ඉල්ලනවා,Bad
මට නම් මේ මල්ලී අද sing කරා අනිත හැමෝටම වඩා හොඳටම sing කරා,Happy
ඔයාව contact කරගන්න විදිහක් කියන්නකෝ email හරි මොක්ක හරි please urgent වැඩකට,Normal
කසුන් ලඟදි ඉඳන් හිණියට drink එකක් දාලා එන්නේ කියලා තේරුණා,Bad
ලස්සනයි අක්කියෝ බලන්න බැරි අඩන ගීතය අතරේ බලන්න පුළුවන් වීඩියෝව එකක්,Happy
මේ සැරේ කටහඬේ finally අන්තිමට ලොකු ගේමක් දෙන්න වෙයි මොකද හැමෝම දක්ෂයෝ,Happy
රංජන් කරපු වැරද්ද මොකක්ද යකෝ පළිගන්නේ උන්ගේ හොර වැඩ අලිවෙන හින්දා,Bad
අවුරුදු කා පාඩම් ඉගෙනගන්න නැති ගොබ්බයා පෝරවල් වෙන්න ගිහින් අන්තිමට ලැජ්ජ වෙලා නවතින්නේ මහ රජ්ජුරුවෝ වගේ මුන් හිතන්න දන්නේ නැති මෝඩ හෙතිකාර,Bad
ඔයා ගෝටාට සහය දෙන්නේ නැත්නම් පඩුවේ ඉන්න මිනිස්සුන්ට ඔවුන්ගේ ගමන යාවි ඕන නම් කොටින්ට උදව් කරන සජිත්ට ගෝටා අල්ලන්න,Bad
judge board එකේ ඉන්න ඕන කෙනෙක් කියලා මට හිතෙනවා කසුන් උමාරියා last moment වෙනකන් ඉන්නේ show එකට වගේ b n s great,Normal
අයියේ rs වගේ හොඳ pc එකක් නැද්ද,Normal
coach කසුන් උඩ ගියා තෝරගද්දි,Happy
wow මමත් ඔයාලාගේම රසිකයෙක්,Happy
අයියා මගෙ asus gb graphic card එක board එකට ගහුවම machine එක on වෙන්න නෑ ගලවුවම machine එක on වෙනවා මකට හේතුව මොකක්ද,Normal
ඇත්ත කියන්නත් බිම ඉදගන්නත් බය වෙන්නේ ඇයි නේද අක්කේ,Normal
අරවින්ද යනු දර්ශනික අදහස් තියෙන පුද්ගලයෙක්,Happy
අනේ පල ගෙදර යන්න හ,Bad
ඔයාට අපි ගොඩක් ආදරෙයි කෙලින් කතා කරන සාධාරණ පුද්ගලයෙක් නිසා ඔයාගේ ඉදිරි වැඩකටයුතු සාර්ථක වෙන්න ප්‍රාර්ථනා කරනවා තෙරුවන් සරණයි,Happy
සුපිරි කොල්ලෙක් තමයි රංජා,Happy
මොන දේ කළත් සිද්ධ උනත් ඔබලා දැන් කරන දේ ගැන කොහෙත්ම සතුටු නොවෙමි කුණුහරුප market කරලා හොයන සල්ලි වලට වඩා හොඳයි අසුචි හෝදන එක ගොඩක් අයට එක තේරෙන්නේ නෑ,Bad
හරිම වටිනවා thank you අයියේ,Happy
ඔක උදේම දාන්නකෝ උදේ ඉඳලා බලන් ඉන්නේ,Normal
ඔබ නැතුව මට ඉන්න බැහැ වස්තුවේ ආදරෙයි ගොඩක් මගේ husband,Happy
කස්ස ලෙස්ටම කියනවා,Happy
අවශ්‍ය ලස්සන වීඩියෝව එකක්,Happy
අනිත් මිනිහෙකුට අසාධාරණ වෙනකොට ඇයි හමුදුරුවන්ට පොදුයෙන් කතා කරන්න බැරි,Normal
එල එල තඩිද මුල අමතක නෑ Wasthi එකේ set එකටම ආදරෙයි ජයවේවා,Happy
අල්ලා කියලා දෙවියෙක් ඉන්නවනම් ඔහොම කරන්නේ ඇයි,Normal
හරි එක interview එකක්වත් බලලා නැහැ මේක බලුවා ඉවර වෙනකම්,Happy
කසාදයක් කඩුනොත් ආයෙත් විවාහ වෙන එක හොඳ නෑ,Bad
ආදරණීය ගරුමය මවක්,Happy
අපිට PC එකක්වත් නෑ Chanux bro මාර මිනිහෙක් නේ,Bad
මේ parliament එකේ ඉන්න කාලකන්නි අය නම් එපා,Bad
අනේ උබලා ඔක්කොම,Normal
ඔයානම් super bullet එකක් Iraj,Happy
කී පාරක් ඇහුවත් අති වෙන්නේ නෑ,Happy
මගේ laptop එකට ගත්තෙත් ඔය SSD එකමයි,Happy
මමත් Muslim කෙනෙක් එහෙත් අපි හැමෝම එකට ජීවත් වෙන්න ඕන,Happy
තව videos ඕන bitcoin ගැන,Normal
අඩෝ ජයෝඩ් good luck මචං,Happy
ලංකාවේ මෝඩ පිරිමින්ගේ ගොන් අදහස් තාම වෙනස් වෙලා නෑ,Bad
ඔයා බයිලා ගහනවා වගේ වැඩක් කරන්නේ නෑ,Bad
අපේ ලංකාවේ සමහර පිරිමි සක්කිලි බල්ලෝ වගේ,Bad
මේ දේවල් ජනතාවට දැනගන්න ඕන,Bad
මං මේ සිංදුවටත් ආසයි lyrics වලටත් කැමතියි,Happy
first unlike දාන්නේ කවුද,Bad
කටහඬ ලස්සනයි variations තිබුණානම් තවත් ලස්සනයි,Normal
අයියේ graphic card එකට ප්‍රශ්නයක් නැද්ද,Normal
ලහිරු කුමාරි අක්කට ආදරේ කරොත් කොහොමද,Happy
මචං උබේ කතාව අගය කරනවා,Happy
මේක trending යනවා,Happy
අනේ ඔක්කොම හොරු,Normal
නියම චරිතයක් සහ නියම වැඩසටහනක්,Happy
ජනතාව මේ සරේවත් රවටෙන්න එපා,Normal
මොන අපරාධයක්ද මේ මෙතුමාට මෙහෙම කරන්නේ,Bad
සිංදුව ඉවර වෙනකම් බලන් හිටියා,Happy
වීඩියෝව private කරලා තිබ්බේ ඇයි,Bad
සිංදුව හොඳයි වීඩියෝව එකත් හොඳයි,Normal
Hari TV තව පොන්නයෝ ටිකක් ගෙනාපන්,Bad
හොඳටම කිව්වා ඒ කොල්ලා,Happy
අලුත් වෙනසක් අයියේ,Happy
band එක කොහොමද,Normal
මෙයාත් හොරෙක් වගේ,Bad
ජීවිතේට වැදගත් දේවල් ගොඩක් තියෙනවා,Happy
අයියේ office වැඩ වලට laptop එකක් කියන්න,Normal
ගොඩක් වැදගත් කතාවක්,Happy
ඔයාට වෙච්ච දේ මටත් උනා,Happy
අද තමයි දැනගත්තේ thanks,Happy
කෝ වරෙල්ලා ලංකාවේ ඉන්න පොන්නයෝ ටික,Bad
ඇස් වලට කඳුළු ආවා කටහඬ එකට,Happy
school class එකේ සිංහලෙන් කතා කරන එකත් පුදුමයි,Normal
එපා වෙන්නේ නැතුව අහනවා,Happy
චානක ඔයාට හොඳ අනාගතයක් තියෙනවා,Happy
හරිම වැදගත් ලංකාවේ,Happy
ගොඩක් ලස්සනයි ආදරයක්,Happy
සල්ලි නැති කෙනෙක් වගේ PC එක හදලා,Bad
අපේ හමුදුරුවගේ ප්‍රාර්ථනාව ඉටුවේවා,Happy
අපිට නම් හීනයක් විතරයි,Bad
Garfield හොර කෙනෙක්,Normal
අයියේ ඔයාගේ ආගම අතහරින්න එපා,Normal
මිනිස්සු තාම මෝඩ නෑ,Bad
බුද්ධ සසන පිරිහෙන්නේ ඔබලා වගේ අය නිසා,Bad
මං ලඟදී channel එකට ආවා,Happy
හිත හොඳ අවංක කෙනෙක්,Happy
මේ පාර The කටහඬ winner මෙයා වෙයි,Happy
ඔබතුමාගේ වැඩසටහන හරිම හොඳයි,Happy
අපේ ලංකාව ඉවරයි,Bad
යකෝ හැම එකේම කසුන් කියනවා,Normal
කුමාරි අක්කා ලස්සනට කතා කරනවා,Happy
ඔය වගේ ඇඳුම් කොහෙන්ද,Normal
B&S කියන විදිහට අන්තිමට star වෙන්නේ වෙන කෙනෙක්,Bad
Iraj කියන්නේ සල්ලි වෙනුවෙන් ඕන දෙයක් කරන කෙනෙක්,Bad
කොච්චර ඇහුවත් එපා වෙන්නේ නැති කටහඬ එකක්,Happy
අපි හොඳටම අසරණ වෙලා,Bad
බුදුසරණයි ඔයාලට ලස්සනයි ආඩම්බරයි,Happy
ලස්සන කටහඬ එකක් මරු,Happy
දැන් ඒකත් තහනම් කළා,Bad
ජය වේවා congratulations,Happy
හොඳ බුද්ධියක් තියෙනවා,Happy
ඔබතුමා කොහෙ උපන්නත් හොඳ කෙනෙක්,Happy
මට තේරෙන්නේ නැත්තේ මට විතරද,Bad
හොඳම announcer කෙනෙක්,Happy
adminට බැනිනවාත් හරි upload කරද්දීත් බැනිනවා,Normal
අද නම් සුපිරි ලස්සනයි,Happy
කැමතියි එකක් දාද්දි ගණන් යන්නේ නෑ,Normal
අඩෝ මේ පිටිපලා යන දාත ගීතය,Happy
රීදි තරකා එකේ හිටපු කොල්ලෙක් නේ,Normal
ලස්සනයි හදවතට දැනෙනවා,Happy
තමන්ගේ නම කියලා තමන්ම කතා කරන අය selfish,Bad
අනේ පලුව බබා brainwash වෙලා,Bad
ඇනේ උනේ ධර්මය දන්නේ නැහැ,Bad
පුදුම දැනුමක් තියෙනවා good luck,Happy
ඔයාගේ accident එකේදි මමත් seth pathuwa,Happy
කසුන් කලහාර උබට සිංදු කියන්න බැහැ,Bad
ඒවා අරගෙන යන්න පුළුවන් කෙනෙක්ට විතරයි,Happy
ගණිකා වෘත්තිය ගැන logic එක වැරදි,Bad
ගොබ්බයාට මොළේ නෑ,Bad
ලස්සනයි නතාශා වගේ ගීතය එකක්,Happy
අහගෙන ඉන්න ආසයි කතා කරනකොට,Happy
මෙයට වඩා හොඳ අය ගොඩක් අයින් උනා,Normal
සහතික ඇත්ත අපේ හමුදුරුවනේ තෙරුවන් සරණයි,Happy
අම්මෝ අක්කි පිස්සු හැදෙනවා කටහඬ එකට නියමයි good luck,Happy
දැනටම දහසාරයක් වගේ අහුවා මං විතරද ඒයි,Happy
එකකින් දහක් වගේ හොයන්න පුළුවන් මාසෙකට current bill එකක් විතරයි යන්නේ,Normal
තුෂාර මහත්මයා ඔයා පෙන්නන හැම සිද්ධියක්ම සහතික ඇත්ත,Normal
මං මේ build එකට කැමති නෑ එමිවා join කරගත්තේ නැති හින්දා unboxing එකක්වත් දෙන්න තිබ්බා,Bad
දැන් මේකේ ඉන්න coach ලාත් පිස්සු,Bad
කෙල්ලෝ පිස්සු වැටිලා වගේ,Happy
ඔබ වහන්සේ කතා කරන්නේ කුණුහරුප නොවෙද මූ ගල් කාරයෙක්,Bad
ගෙහන්ගේයි දිනෝගේයි ජීවිත කතා දෙක ටිකක් එක වගේ,Normal
maths කරලා fail උනත් ගොඩක් අය ගොඩ යනවා great example tough guy,Happy
අනේ මන්ද වෙන සින්දුවක visual එකක් වගේ සින්දුවේ තේරුම visual එකේ කොහෙවත් නෑ,Bad
අනේ tele drama එකකටත් එන්නකෝ,Happy
ඔය build එක කරන්න නම් ඉතින් පෙරම් පුරන්න වෙයි,Bad
අයියෝ මම අයියාගේ videos වලට මාර ආසයි හැබැයි මේකට නම් මම ආස නෑ මොකද මටත් bus වලට ආසයි අයියා bus එකේ යන අය කැමති නම් පද්ද පද්ද යනවට එච්චරයි නේ,Normal
අද අපතයා කියලා දැන් අතූමාලු පට්ට බයයි පව් බං තව එළියට ආවොත් sir කියයි,Bad
web site එකෙන් මට ram card බලගන්න පුළුවන් උනේ නෑ වීඩියෝව හොඳයි,Happy
සියුමිණිගේ කටහඬ වගේ ඇස් කපියගෙන අහන්න පුළුවන්,Happy
කරුණාකරලා ඔය gel බෝල එළියට ගන්න කටයුතු තියෙනවා එතකොට ගොඩක් හොඳට කියන්න පුළුවන් වේ නංගා,Normal
මොන වීඩියෝව ද බං මේවා සින්දුවට ගැලපෙන්නේ නෑ ඔහොම වීඩියෝව හදවහම සින්දුවට තියෙන ආසාවත් නැති වෙනවා ඉය්යා,Bad
මේ ගොන් මගුල වෙන වැඩගත් දේ නැද්ද,Bad
නායකයින්ට නොතේරෙන සුපිරි කතාවක්,Happy
බුදුසරණයි මගේ හමුදුරුවනේ,Happy
මුන් ඔක්කොම මෝඩයෝ,Bad
ඔගොලොන්ගෙන්මයි හදුවේ super එකක් දාලා,Happy
සතුට කියන්නේ කෑම උන් හිටපු තැන අමතක වෙලා හිටපු තැනම කා ගහලා හින ගියා දැකපු අව්‍යාජම පොරක්,Happy
අඩ්ඩේ කෑගල්ලේ කොල්ලෙක් best of luck අයියා,Happy
පට්ට ලස්සනයි අහන් ඉන්න ආසයි පැහැදිලි මේ වගේ ගුරුතුමියක් මටත් හිටියා නම් අද මං කොහෙද,Happy
මම tron doge coin mining කරනවා,Normal
coach ශෂිකාට සුපිරි set එකක් ඉන්නවා දැන්,Happy
තම්බි මිනිස්සුන්ගෙන් විතරක් නෙවෙයි පලි ගන්නය,Bad
අනේ චූටි කෙල්ලගේ dance එක,Happy
පැහැදිලිවම ඔබතුමා හොඳ ගරුක මහත්තයෙක් මං ගොඩක් ගරු කරන කෙනෙක් ඔබතුමාට ජය වේවා බුදු සරණයි,Happy
තොපි හංගිලා කරපු දේවල් එළියට සුද්ධ කරන්න හොඳන්න එන්න එපා කොහොමත් තොපි සෙරම දෙපැත්තේම ඉන්න කාලකන්නි,Bad
කැමතිම නිවේදකයා කට හඬ අහුණත් ඇති බුදු සරණයි,Happy
cloud mining වලට හොඳම web site එක මොකද්ද අයියා,Normal
අපේ සිංහල බෞද්ධ අය හොඳට දැනගන්න මුන් තවත පාර්ලිමේන්තුවට යවනවද කියලා එකෙක්ට ඡන්දෙ දෙන්න එපා please,Bad
super කටහඬ අහන් ඉන්න හරිම ආසයි ඒ වගේම කටහඬ එකක් super,Happy
ඔක නම් කටහඬ global යනවා january වල ජය වේවා,Happy
social media ගැන කියුව දේ ගොඩක් ඇත්ත,Happy
මොන දේ කළත් ජීවිතේ ඔබ නැතුව එන්න බෑ වස්තුවේ,Normal
ලස්සනට sing කරා චලන අයියේ all the best,Happy
තදේ වැඩක් නෑ වස්ති දැන් වීඩියෝව upload කරන්නේ නෑ නේ,Normal
thanks අයියේ mining කරන වීඩියෝව එකක්ත් කරන්නකෝ හොඳ software එකක්ත් එක්ක හොඳ gpu card ටිකක්ත් කියන්න,Happy
හොර ගෙඩියා අයියා නේද මේ අම්මේ ඒ කටහඬ එකමයි තමයි දෙයියෝ බේන්ද එක මරු,Happy
නුඹ ගැන අපට ආඩම්බරයි මල්ලී සිංහලයන් වෙනුවෙන් කතා කරන නුඹට ජය නියතයි නුඹට පින් බුදුසරණයි,Happy
තෝරන්න හිතගෙන ආවේ උමාරියාව හැරුණේ නැති නිසා ශෂිකාව තෝරගත්තේ හැබැයි කියන්න ඕන උමාරියා sing කරනට වඩා හොඳට sing කරා,Happy
පුළුවන් නම් හොඳ site ටිකක් දාන්න legal ටිකක්,Normal
තව ඔයා වගේ videoත් දාන්න නම් සුපිරි,Happy
මම හිතුවේ හෙන posh dial එකක් කියලා හැබැයි හෙන හදවත තියෙන සුපිරි චරිතයක්,Normal
රංජන් බය නැතුව ඇත්ත කතා කරනවා මගෙ පුතා කැමතිම දේශපාලකයා,Happy
යත්‍රාව යලි යථා තත්වයට ගෙනීමට ශක්තිය ධෛර්ය ලැබේවා,Happy
මේ අක්කගේ කලින් වීඩියෝව බලලා තියෙන අය,Normal
ලහිරු ඔයා හරිම හොඳයි,Happy
ආදර්ශමත් චරිතයක් හැම වචනයක්ම හරි ආදර්ශමත් දේවල් සමාජයට ගන්න තියෙනවා,Happy
ගොඩ කාලෙකින් නේද අක්කියෝ,Normal
ඔයිට වඩා අවුල් අයත් select කරගත්ත අනේ මන්ද,Bad
ආසම dial එකක් එලම bro,Happy
ඔබ හීනයක් දකිනවද,Normal
full ගීතය වීඩියෝව එකක් upload කරන්නකෝ,Happy
මේවා දැක දැක දුක් වෙන අය කොණට,Normal
බලාපොරොත්තු උනා එකක්,Happy
එමි කියන්න දෙයක් නෑ පට්ට අයියේ one and only channel එක,Happy
ඔබ කලාතුරකින් පහළවෙන පින්වන්ත දරුවෙක් නිවන්ට ලඟ කෙනෙක් සසර කෙටි කරගෙන නිවන් දකීවා සමාජය හරිම නපුරුයි,Happy
coach ශෂිකා කිව්වා නම් final යන්න තියෙන chance එක වැඩි,Happy
සිරාවට පට්ට ඒ හොඳ වැඩක් තව පාරක් ගෙන්වමු,Happy
අපේ උන්ට කොච්චර පැහැදිලි කරලා දුන්නත් වැඩක් නෑ ඔක්කම කන පෙට්ටම් තේරුම් ගන්නවා,Normal
ගොඩක් වටිනවා programme එක නම් කුමාරි අක්කේ ඔයාට දෙවි පිහිටයි,Happy
subscribe කරා වීඩියෝව ෆට්ට,Happy
අතල් session එක කසුන් තමයි මං,Happy
ඔයාගේ අලංකාර කතාවත් ගන්න බෑ නංගි,Happy
අනේ චූටි නංගි,Normal
අම්මෝ ඒ කටහඬ කටහඬ sri lanka වෙන්න කියලා wish කරනවා,Happy
අපේ හමුදුරුවෝ ඔබතුමාට බුදු සරණයි,Happy
අයියෝ මේ වගේ ගොන් ගැණු parliament යවලා තියෙන්නේ අපේ බදු මුදල් වලින් කන්න බොන්න දෙන්නේ මේ හරක් නේද,Bad
හොඳ මනුස්සයෙක් ලොකුකම නැති,Happy
අක්කේ ඔයා ගොඩක් ආදර්ශමත් මවක් දිරිමත් කාන්තාවක් ඔයාගේ කතාව මගේ ජීවිතේට ලොකු හයියක් මට ඔයාට කතා කරන්න ආසයි,Happy
සුපිරි වීඩියෝව එකක් අයියේ,Happy
අක්කි මං ආදරෙයි ඔයාට ඔයා හොඳ අම්මා කෙනෙක් ඔයාට මතකද කිව්වා ඔයාගේ දුවගේ නම අහපු දවසක කවදාහරි මගේ දුවට දානවා කියලා මං කිව්වා මගේ දුවගේ නමත් ස්වෙතා,Happy
ගෝටාබය නැතිති නම් ඔබතුමාට විතරයි ලංකාව බේරගන්න පුළුවන්,Happy
අදහස බලන ගමන් වීඩියෝව බලන කට්ටිය කො බලන්න,Normal
මිනිහම තමන්ගේ නම කී පාරක් කියනවද,Normal
kandy වල branch එකක් තියෙනවද,Normal
එදෙන්නම දුන්නා මරු භූමි,Happy
අන්ඩ පකෝ බොරුව කියන්නේ නැතුව,Normal
එකටම කඩේ යන එක නවත්තන්නදකෝ තට්ටයා සිවුරු පෝරගත්තු තොපි,Bad
තෙරුවන් සරණයි ලෝක සත්‍ය හොයාන් ආව ඔබතුමාට ඒ දේය එසේම ලැබේවා,Happy
රංජා විතරක් නෙමෙයි අශේන් කියන පෝන්නයාත් වග කියන්න ඕන අශේන් පෝන්නයා තමයි පටන් ගන්නේ,Bad
අයියා ගොඩක් හොඳ වැඩසටහනක් පියාතුමනි ඔබෙන් අපේ ජීවිතයට ලැබෙන ආලෝකය ඉතාමත් වටිනවා ඔබතුමාට තෙරුවන් සරණයි,Happy
boy ඔයා අනිවාර්යෙන්ම ජනාධිපතිට පට්ට හොඳ love too,Happy
ceylon radio legend ලංකාවේ radio කලාව වෙනස් කළ මිනිසා ඔබට ජය,Happy
පුතේ අපි කොහොම හරි අපේ ඥානසාර හමුදුරුවෝ නිදහස් කරගමු ඔයාට ජයෙන් ජයම වේවා බුදුසරණයි,Happy
next part කො දාන්න ඒකත් ආසාවෙන් බලන් හිටියේ thanks,Happy
ඉරාජ් නම් පට්ටම පොරක් තමයි,Happy
කොල්ලා පුදුම උනා හී,Happy
රේඩියෝවෙ ඉන්න කුතුහලය තියෙන්න ඕනයි පට්ට කටහඬ,Happy
කින්ස්ලි තරුණ වෙලා,Happy
උමාරියාත් හැරෙන්න තිබ්බා,Normal
ඇල කිරි අයියා අයියා මම හරි ආසයි,Happy
මුන් බයයි ගෝටාට දෙන්න මොකද ගෝටා ආවොත්,Normal
laptop එකක් ගන්න හොඳම තැන මොකද්ද,Normal
ඔයා මරු අක්කේ ඇත්තටම කතා කරන්න ආසයි respect කරන චරිතයක්,Happy
ඒවා තමයි රාජ කාලේ හදපු PC,Normal
මට build එකක් කරගන්න ඕන කොහොමද contact කරගන්නේ,Normal
FM එකේ බුදු talk දෙනවා හැබැයි logic නෑ,Bad
මොන දේ උනත් ඇත්තටම කෙලින් කියනවා,Happy
ඒ කල්ල හොඳටම කියනවා වැඩක් නෑ,Normal
අන්න අර නාමල්ව මුහුදට දාලා මේයා ගෙනාවා නම් හොඳයි,Happy
තෙරුවන් සරණයි ජය වේවා,Happy
ගොඩක් වටිනා කතාවක්,Happy
අයියේ build එකට contact කරගන්න ඕන,Normal
එයා කතා කරනවා අහන අය තවත් ඉන්නවද,Normal
දළදා හමුදුරුවන්ට අපහාසයක්,Bad
unlike කරපු ගෙරි හැම්බයෝ ටික වරෙන් පොලිමට,Bad
නියමයි අපේ හමුදුරුවනේ ඔවුන්ව පන්නන්න ඕන,Bad
ඇත්තමයි උගත් බුද්ධිමත් දරුවෙක්,Happy
සන්තුෂ් හැරුණා බති‍ය හොල්මන් වෙලා,Normal
පස් පාරක්ම බැලුවා මම එතරම් ලස්සනයි,Happy
මතු භවයේවත් මගේ වෙන්නම් ආසයි,Normal
තව ග්‍රාම සේවකයෙක් චන්දේ දාන්න කලින් මතක කරගන්න,Bad
සහතික ඇත්ත ඔබට තෙරුවන් සරණයි,Happy
ලහිරුගේ හිනා good luck තඩියෝ,Happy
එහෙමයි අපේ හමුදුරුවනේ,Happy
මෙයාගේ talent එක හොයාගන්න කසුන්ට පළවෙනි පාර බැරි උනා,Normal
අක්කේ තෙරුවන් සරණයි ඔයාට,Happy
ඔයා කියන හමුදුරුවා හොඳ කසිප්පු කාරයෙක්,Bad
නියමයි ප්‍රිය අයියේ ජය වේවා,Happy
තවත් අපේ දුප්පත් මිනිස්සුන්ගේ සල්ලි කන්න එපා,Bad
ප්‍රිය අයියාට වඩා මම හීනෙන් PC build කරනවා,Normal
හිතටම වැදුනා අක්කේ හරිම ලස්සනයි,Happy
ගොඩක් නිහතමානී ආඩම්බරයි පැහැදිලිව කතා කරා,Happy
අයින් කරන PC එකක් මට දෙන්න බැරිද,Normal
දරුවන්ගේ දක්ෂකම් බලලා coachලා සතුටු වෙනවා,Happy
මේ පිස්සී කොහෙන්ද මේවා හොයාගත්තේ,Bad
ඔයි පට්ටයි මචං,Happy
නිහතමානී කෙනෙක් ඔයාට මම ආදරෙයි,Happy
මේ battle එක trending යනවා,Happy
හැමෝගෙම කතා එහෙමයි good luck,Happy
කසුන් ඔයා මාරයි,Happy
ඉනුක මල්ලි පරණ PC එක මට දෙන්න,Normal
ආසාවෙන් බැලුවා love you අයියා,Happy
උන් උන් අතහැරිනවා,Bad
අයියාගේ interview මරු,Happy
උමාරියාට challenge එකක් වගේ,Normal
කටහඬ ලස්සනයි practice අඩු වගේ,Bad
coach ශෂිකා අද ගොඩක් සුදුයි වගේ,Happy
චුටි බබා ලස්සනයි අයියේ,Happy
මම අදයි දැනගත්තේ කසුන්ගේ අම්මා මාලනී බුලත්සිංහල කියලා,Happy
අනිත් අය හැරෙන්නේ නැත්තේ කසුන්ට තමයි ඕන නිසා,Normal
උබ නියම කොල්ලෙක් බන්,Happy
නියමයි අහිංසක චරිතයක් වගේ,Bad
බෞද්ධ කියන්නේ ආගමක් සිංහල කියන්නේ ජාතියක්,Normal
ඇත්තටම ඔයා ගොඩක් සාධාරණ කෙනෙක්,Happy
අනේ මේ නිවේදකයා,Normal
මරු සුපිරි nice,Happy
මේවල තියෙන දුෂ්ටකම පේනවා,Bad
මුන් ඔක්කොම එකයි,Bad
අනේ නාගයෝ ඇයි ජනපති වෙන්න හදන්නේ,Bad
thanks ප්‍රිය අයියේ,Happy
කුමාරි අක්කේ බොරුව කියන්න එපා,Bad
ලෝකය ඉස්සරහ වචන භාවිතා කරන විදිහක් තියෙනවා,Bad
අවුරුදු ගණනකට කලින් tele drama එකක හිටියා නේද,Normal
ගරුකරමි හදවතින් යාලුවනේ,Happy
දුලජ් සුපිරි පොරක්,Happy
හදවතින්ම කියනවා ඔබට බුදුසරණයි,Happy
බනින එක හොඳයි උබ පට්ට චරිතයක්,Happy
කලාකරුවන් කියන්නේ සංවේදී හදවතක් තියෙන අය,Normal
මම මතුමග කතා අහනවා සතුටුයි,Happy
රේඩියෝවෙ අහනවා වගේ මම Hiru අහනවා,Happy
මරු අයියේ මං ගොඩක් කැමති,Happy
අද උමාරියා ලස්සනයි,Happy
උමාරියා ෂෝක් අනේ,Happy
පැමිණිලි දාපු අයට මේ ආත්මේම දඩුවම් ලැබේවා,Bad
bro මේ build එක bitcoin mining වලට හොඳද,Normal
මට මේ පවුල තේරෙන්නේ නෑ,Normal
රාජපක්ෂ පවුලට කැමතිම කෙනා,Happy
හරිම නිහතමානී කෙනෙක් ඔයා,Happy
හමුදුරුවගේ කතාව හරි,Happy
හමුදුරුවනේ ක්‍රිස්තියානීන් ගැන පැහැදිලි උත්තරයක් නෑ,Normal
මාරයි ඇත්තටම ඔබ ගැන ආඩම්බරයි,Happy
මේ කවුරුත් එපා නාගානන්ද ජනපති,Normal
ආසම සිංදුවක් ලස්සනට කියනවා,Happy
ශෂිකා missගේ team එකට එක හොඳයි,Normal
gym එකට ගිහින් කරන දේ food අඩු කරලා කරන්න බෑ,Bad
අයියේ forex trade කරන අයට laptop තියෙනවද,Normal
ගෝටාබය මරාපු මිනිස්සු ගැන සිංදුවක් හදන්න,Bad
දැන් අහිංසක වගේ කතා කරනවා,Bad
මේකට මොලේ හොඳ නැද්ද,Bad
අක්කි ඔයාට අපි ආදරෙයි,Happy
ඔහොම යන්න අයියේ තව k ඕන,Happy
වස්තිලාගේ අලුත් වීඩියෝව එකක් ඕන උන් මේකට කැමතියි කරන්න,Normal
අක්කි හුඟක් ලස්සන වෙලා ගීතය එකත් හුඟක් ලස්සනයි,Happy
සින්දුව එකක් වීඩියෝව තව එකක් පව්,Normal
පැනපු උන් දැන් ලංකාවට වැඩක් නෑ,Bad
සුපිරි character එකක්,Happy
මාලිනී බුලත්සිංහලයන් මතක් උනා හරිම සංවේදී සින්දුවක් කසුන්ගේ දරාගැනීම ඇස් දෙකට කඳුලක් එකතු කරා ඔබට ජය මෙවැනි ගීයක් ඉදිරිපත් කළට,Happy
මම මුළුටිකම අහුවා විතරයි ගීතය මාර ලස්සනයි love this ගීතය and music වීඩියෝව,Happy
පිස්සු වෙලා හදලා මට සරින් සරේ ආවිත් මේ සින්දුව බලනවා මම,Happy
sirගේ වැඩසටහන් කොච්චර බලුවත් එපා වෙන්නේ නැහැ,Happy
මෙයාලා රඟපනවා අපි බලන් ඉන්නවා අතල් නේ අපේ සල්ලි වලින් ජීවත් වෙන මිනිස්සුනේ මේ ඉන්නේ,Bad
අනේ ලංකාවට මොකක් වෙයිද මේ ජරාවල් නිසා,Bad
කසුන් වගේ කෙනෙක් නැවත හදන්න පුළුවන් කෙනෙක් ඉන්නවා,Normal
ලංකාවේ music වීඩියෝව හදන්නේ රසවින්දනයක් නැති montessori මොලයක්වත් නැති උන් මේකත් ඒ වගේ,Bad
මේ අහන්නේ තුන්වැනි පාර,Happy
ඇයි ප්‍රිහන්ව ගත්තේ නැත්තේ ඔයා වෙන උන් එක්ක නටනවා ප්‍රිහන්ව අයින් කරලා ඔයා වෙන girl කෙනෙක් ගන්න තිබ්බේ,Normal
ඉතින් night club යන එක අපහාසයක් නෙවෙයි නම් ඇයි තෝ එක උඩ පන පන parliament එකේ කිව්වේ අනේ පලයන් යන්නේ බං දැන් shape වෙන්න නැතුව,Bad
සුපිරියටම කියුවා මචං good luck,Happy
අනේ පව් අහිංසක චරිතයක් ඇත්ත කතා කරන නියම ගැහැණියක් බුදු සරණයි ඔයාට,Happy
පට්ටම build එක අයියේ thanks,Happy
අම්මෝ කෙල්ල ගැන අයි දියන්නේ ඔහොම හිතන්නේ ශික්,Bad
මොක අවත් උගා සක්කුව පුරවගන්න එක තමයි වන්න,Bad
හහ් හහ් එයාට මොකුත් කියන්න එපා බලන්න හැඩය ඇඟ වහන්න ඇඳන් ඉන්න ලස්සන මුනුත් කුණු ගොඩවල් අරන් එනවා මිනිස්සුන්ගේ දේට කන්න,Bad
හැමදාම එකම ඇඳුම නේ,Bad
ඥානසාර හමුදුරුවන්ට බනින එක නවත්තන්න යකෝ උන් වහන්සේ කියපු දේවල් අද සිද්ධ වෙලා නේ බලපියව් ඇස් ඇරලා,Bad
ඔයා මේක දිනනවා,Happy
තෙරුවන් සරණයි පුතේ ඔයාලා හැමෝටම,Happy
එක නම් පට්ටම අසාධාරණයි,Bad
නිකන් club වසන්ත වගේ,Bad
comments දැක්කම හිතෙන්නේ සමහරක්ට වහල්ලු සේ ජීවත් වෙන්න ආසාවක් ඇති බවයි,Bad
වැඩ්ඩෝ කොහොමත් තෝරන්නේ කසුන්ව තමයි,Happy
කියන මෙලෝ දෙයක් තේරෙන්නේ නැහැ ඒත් මාරම ලස්සනයි හිතට ගොඩක් දැනුනා මේ tamil ගීතය,Happy
pc එක නම් super ගන්න ගියානම් පිස්සු වගේ,Happy
ඔයා දන්නවද රනිල් කළාද කියලා පුළුවන්නම් කවුද කියලා හරියට කියන්න,Normal
ඇත්ත sir ඔයාගේ කටහඬ අහලා නැති කෙනෙක් ඉන්නවා නම් ඒ තමා ඉපදිලා නැති කිරි දරුවෙක් පමණයි,Happy
හරිම නිහතමානි කෙල්ලෙක්,Happy
steal අවස්ථාව ලැබෙන විදිහ කාට හරි කියන්න පුළුවන්ද හැම කෙනාටම ලැබෙන්නේ නැද්ද,Normal
එල එල එලමයි ඔහොම යන්න sir බුදුසරණයි දෙවි පිහිටයි,Happy
ඇත්ත වශයෙන්ම මම හිතුවට වඩා උගත් බුද්ධිමත් කෙලින් කතා කරනවා,Happy
පව් බං මිනිහා උඹේ උ ඉන්න තත්වේ දැන් තේරෙනවා dope එක දාගෙන ඉන්නවා ඇති උඹ කරලා තියෙන වැඩ ගැන හිත හිත,Bad
මමත් කැමති කටක්,Happy
මට මේයාගේ මුහුණ කටහඬට ගලපගන්න බැහැ,Normal
මිහින්දු අයියාත් අදහස කරලා,Normal
ඔබ හරි bro ඔයාගේ මනස හරිම දියුණුයි ඒ ඇයි කියුවොත් ඔයා mix කෙනෙක් ඔයාට හොඳ experience තියෙනවා ඒක තමයි ඔයාට ලැබුණු ලොකුම gift එක blessings go ahead bro,Happy
අපේ හමුදුරුවන්ට තෙරුවන් සරණයි ඔබ වහන්සේ වෙනුවෙන් මමත් ඉන්නවා,Happy
ලෝකය පිළිගත් මගේ බුදු දහම ගැන ආඩම්බරයි විදේශිකයෙක් ආඩම්බරෙන් කියනවා මගේ මව් භාෂාව ලස්සනට කතා කරනවා,Happy
අනේ හරි පව් ඔයා ඔයා මොකුත් දන්නේ නෑ හරි බබා,Bad
බෞද්ධයන්ට වෙසක් කතෝලිකයන්ට නත්තල් මේ දෙකම උත්සව කරන් අපි ඒහි තියෙන ධාර්මිකත්වය නැති කරගෙන ඇත්තම කතාව මේක තමයි ඒ නිසා මේ වසර වෙසක් නෑ නෙමෙයි මේ වසර තමයි වෙසක් තියෙන්නේ,Normal
feel වෙන ගීතය එකක් කො බලන්න coach කසුන්ව තෝරගත්ත එකට කැමති අය,Happy
වගේ මතකක් ගල්කිස්ස bus එකේ නැග්ග මට මතකයි,Normal
පට්ට එල කිරි වගේ දීලා තියෙනවා වීඩියෝව නම්,Happy
congratulations bro ජය වේවා,Happy
හරි සංකීර්ණයි තේරුම් ගන්න අමාරුයි,Bad
ඌ සිරා බුවෙක් බං,Happy
ඇත්තටම හදවතින්ම අහුවා බලුවා මං මගේ ජීවිතේට ලොකු ආදර්ශ ගත්තා මිස්ගේ කතාවෙන්,Happy
මේ සින්දුව මේ තරම් දැනෙන female කටහඬ එකක් මම තාම අහලා නෑ,Happy
මම එයාගේ කතා විලාසයට හරිම ආසයි,Happy
හොඳ වචනයක් ඉවසීම වටිනවා,Happy
ඇත්තටම මට අරගේ මුහුණ දිහා බලගෙන ඒ කටහඬ අහන්න බැහැ හරිම uncomfortable බැරිම තැන handfree දෙක දාගෙන ඒක පැත්තකින් තියලා අහුවා ඒ තරමටම ඒ කටහඬ එකට අපි addict වෙලා,Happy
එක නම් කැත වැඩක්,Bad
phone එකෙන් gameplay කරන්න අමාරුයි නේ වීඩියෝව මරු,Happy
ඔයාගේ කටහඬ මාරම ලස්සනයි අක්කි කොච්චර අහුවත් එපා වෙන්නේ නෑ,Happy
කවුශි පිවුමි මේ උබලගෙත් අවධානය පිණිසයි,Normal
අයියා ඔයා ජනාධිපතිවරණයට ඉල්ලන්න බැරිද අපි ඔයා එක්ක ඉන්නවා,Happy
අයියේ තියෙන pc එක update කරගන්න ඕන,Normal
දුලජ් තාම පරිණත වෙලා නෑ වගේ කියලා හිතුනේ මට නමනුෂ්කගේ වීඩියෝව පාරකට වැඩිය බලුවා දුලජ්ට මොකුත් කියනවා නෙවෙයි ඒ උනත් ටිකක් බොළඳයි වගේ කතා කරනේ,Normal
beautiful all the best ආදරයි හැමෝටම ලස්සන සින්දුව,Happy
අද ගොඩ හින්දා බලන්න එක අප්පිරියයි,Bad
අපෝ මහ බෞද්ධ ආගමට ගරු කරන්න මොක උනත් කමක් නෑ අපේ දළදා වහන්සේට ඔය වගේ කැත සින්දු හදන එකට කොන්ද පණ නැද්ද වෙන එකක් හදන්න තිබුණේ නැද්ද,Bad
මම හිතුවේ ප්‍රියදර්ශන අයියට අවුරුදු වෙතාර කියලා,Normal
අමිත වෙරසිංහ කොච්චර දැනුම් සම්භාරයක් තියෙන කෙනෙක්ද ආයෙමාව කපුවා,Happy
redmi note pro එකේ review එකක් ගෙනන්න,Normal
නියමයි build එක,Happy
මම ඉස්සර මේවා mtv එකේ දැක්කේ හෙන සල්ලි තියෙන posh ලොකුකම තියෙන කොල්ලෙක් කියලා හැබැයි ඇත්තටම දැන් තමයි හිතෙන්නේ එහෙම නෑ කියලා,Normal
bass ගහන මල්ලි අච්චි වහලා,Normal
රූප ඕන නෑ කතාව අහන්න,Happy
ගොඩක් මිනිස්සු බලන් ඉන්නේ අනුවන්ට හිනා වෙන්න විතරයි,Bad
අම්මෝ මොනවද මේ පමණ කල කාලේ මාර මැටරයක්නී politics වලට මාර shot එකක්,Happy
වැල්ගම එරිකියාකරයා තුක් නොදකින්,Bad
කියන එක වගේම එක practice කරන එකත් වැරදි ඒ නිසා අශේන් කියන ngo කාරයාගේ youtube channel එක report කරන්න හැමෝම,Bad
ඇත්තටම බොහෝම හොඳ වැඩසටහනක් ඒ වගේම මම කැමති හොඳ ලස්සන ගැහැණියක් ඇත්ත කතා කරන කෙනෙක් ඔයාට jesu පිහිටයි,Happy
මොන දේ කළත් තිබෙන තුරු ජීවිතේ ඔබ නැතුව මට ඉන්න බෑ වස්තුවේ,Normal
අනේ තොබි උකීව ඇත්ත උඩ තියන්න එපා යකෝ,Bad
පොඩි බස්සනේ අයියාට කලින්ම වැඩ අල්ලලා වගේ,Happy
නියම චරිතයක් ඇත්තටම ගන්න දේවල් ගොඩක් තියෙන කතාබහක්,Happy
ජයවේවා හරිම සතුටුයි,Happy
උන් ස්වභාවයෙන් ගෙනියනවා අපායට,Bad
ගොන් අතල් ගොන් රංජා,Bad
නියමයි brother එකයි වෙන්න ඕන,Happy
music band එකත් play කරනවා පෙන්නනකෝ ඉස්සරහට,Happy
වැඩසටහන හොඳයි අද වැඩි නිසා බලන්න එපා වෙනවා,Normal
පුදුම නිහතමානි ආදරණීය චරිතයක් නෙහාරා අක්කි ඔයාට අපි හැමදාම ආදරෙයි කවදාවත් වෙනස් වෙන්න නැති චරිතයක් ඔයා,Happy
රිදෙන්න ඕන මචං හදෙන්න අපි කාටත් පොදුයි මචෝ බුදුසරණයි,Bad
ලස්සනයි නවීෂා favorite කටහඬ එකක්,Happy
පොර ගැන ලැජ්ජ හිතුනා sure,Normal
superb නංගි ඔයා මාරම දක්ෂයි,Happy
ඔයාගේ සාරිය ගලවලා ගෙදර යන්න,Bad
සුපිරිම සුපිරි කියන්න වචන නෑ අයියා good luck,Happy
මගේ අම්මත් අක්කා වගේමයි මටත් ඉන්නවා මදුමදාවට වඩා අන්ත පියෙක්,Bad
නංගි ආදරෙයි ඔයාට සැලෙන්න එපා ජේසු පිහිටයි,Happy
අපේ ජොලිය Siyatha morning show එක අතල් එක කඩන්න එපා,Happy
මං ආසයි ඔයා කතා කරන විදිහට හරිම sweet,Happy
අප්පෝ වැඩක් නෑ මේක,Bad
වැදගත් සාකච්ඡාවක් අද නෙහාරගේ ආකල්ප ගැන හොඳට දැනගත්තා,Happy
අඩුපාඩු නොතිබෙන දවියෙක් නම් ඔයා මට අමතකද,Normal
හරිම ලස්සනයි ගොඩක් ලස්සනයි කියන්න වචන නෑ,Happy
ආදරෙයි ආඩම්බරයි පට්ට සතුටුයි මේ අපේ උන් නේද කියලා,Happy
nice sis ගොඩක් ලස්සනයි ඔයාව film එකකින් දැකින ආසයි,Happy
අම්මෝ thank you මේ කටහඬ එකට හරිම ආදරෙයි,Happy
එක පට්ට අයියේ මටත් එකක් ගන්න ඕන හැබැයි අඩු ගානට,Happy
ඒ කොල්ලව තෝරගන්න තිබ්බේ අවුලක් නෑ අපි brand එකක් කරමු,Happy
ඔයා තමයි මං දැක්ක best කෙනා open heart කතා කරන,Happy
Nanotek එකේ තියෙනවද,Normal
වීඩියෝව එන්න කලින් කට්ටිය දුන්න talk එක දැන් කොහොමද,Normal
අඩේ කොණ්ඩේ කටහඬ නම් මරු,Happy
හොඳ නිහතමානී කොල්ලෙක් සරලව කතා කරනවා,Happy
ආස හිතුනේ නෑ කෙනෙක්වත් ගන්න කියපු එකට,Happy
දැන් ජනපති උනාට බලතල වැඩියෙන් තියෙන්නේ අගමැතිට නේද,Normal
මිනිස්සුන්ට වැඩිච්ච එක මදි ආයෙත් එල්ලගෙන යන්න,Bad
මේ හමුදුරුවා contact කරගන්න ක්‍රමයක් තියෙනවද,Normal
අපේ හමුදුරුවනේ මේ වගේ අය පව්,Bad
අනේ අහපු හඬවල් වලින් හිතට දැනෙන හඬ,Happy
මුලින්ම මේක බය වෙලා නේ,Bad
මහින්දගේ පුතාට වෙන ආගමක් තියෙනවද,Normal
නෙහාරා ඔයා තමයි මං කැමතිම නිළිය,Happy
නියමයි කෙලින් කතා කරනවා,Happy
අඩෝ පෝන්න හමුදුරුවෝ,Bad
ඇත්තටම මෙතුමා vesak ගැන කියපු දේ ඇත්ත,Happy
ඇත්තටම මුලට වඩා දැන් ආසාවෙන් අහනවා,Happy
කරන්න දේ හොඳට හිතලා කරන්න good luck,Happy
මං ආසම සිංදුවක්,Happy
ජනපති වෙන්න මට විතරද කැමති,Happy
අර අයියාට ආදරෙයි,Happy
කසුන් තමයි dial එක,Normal
හරිම ලස්සනයි අශ්කා අක්කි,Happy
මාර හිත හොඳ මනුස්සයෙක්,Happy
ගෝටාබය හරියන්නේ නෑ,Bad
එහෙමයි වෙන්න ඕන brother,Normal
වැරළියද්දව මැදින් අහුණේ කාටද,Happy
ඒ හිනා හරි ලස්සනයි,Happy
උබ පට්ට පොරක් උබේ ජීවිතේ උදාහරණ ගොඩයි,Happy
ගෝටාට බැහැ උබට පුළුවන්,Bad
චතුර අල්විස් අයියාව ගෙනන්න,Normal
k valata තව subs ගමු,Happy
ඕන කෙනෙක්ට හමුවලා කතා කරන්න පුළුවන් මනුස්සයෙක්,Happy
වැඩක් නෑ බන් කතා කරලා මුහුදේ ඉන්න එක,Normal
ඇත්තටම අයිය ගොඩක් ශක්තිමත් ගැහැණියක්,Happy
ඉරිසියා අය කැමතියි කරන්නේ නෑ,Bad
ඇයි බන් පිරිමි ගෑණු වෙනේ,Normal
අහිංසක චරිතයක් thank you අයියේ,Happy
අහිංසක Muslim ජනතාව තමයි පව්,Happy
පව් බන් උබේ සිංදුව original වගේමයි,Normal
මෙයා අසහනයකින් ඉන්නවා වගේ,Bad
ඔයාගේ කතාව මගේ කතාවට සමානයි,Normal
ඔබ අපට ගෞරවයක්,Happy
මගේ ජීවිතේ දැකපු හොඳම ගැහැණු චරිතයක්,Happy
දපන්කෝ බන් ඉක්මනට මඟුල,Bad
වාව් අදිත්‍ය මතක් උනා,Happy
ඔයා මාරයි අක්කා ආදරේ කියන්නේ වෙනස්,Normal
ඇත්තම කතා කරන මනුස්සයෙක් respect,Happy
ඔයාලගේ page එකට message දාලා reply නෑ,Bad
සුපිරි බන් සුපිරි ගමනක් යන්න ඕන,Happy
ඔබ වගේ අය අගය කරන්න ඕන,Happy
මං හිතන විදිහට ඔයා පොතක් වගේ,Happy
කසුන් ඔයා මාර අතල්,Happy
පොර වෙන්න method එක backstory එකක් කියනවා,Bad
ඒ කාලේ ඉඳන් Wasthi බලනවා,Happy
උබ නිසා නුවර ගිනි ගත්තේ නෑ,Bad
gaming build නම් PC Guide තමයි,Happy
එක්කෝ දිනිති හිටියා නම් හොඳයි,Bad
ඔයාලා සමාජගත විය යුතුයි,Normal
අනේ ඒ අම්මාගේ සතුට,Happy
නිකං හල්ල කලි වලට හැරෙනවා,Bad
එක ඇත්ත මමත් Negombo කතෝලිකයෙක්,Normal
අදිත්‍ය වගේ දැක්කේ,Normal
මීට වඩා දුක් විඳින ගැහැණු නෑද,Bad
ඔයා කවුද කියලා අද දැනගත්තේ,Happy
unlike කරන්නේ මොකටද,Bad
ඔකිගේ දේවල් විශ්වාස කරන්න බෑ,Bad
වීඩියෝව ඉවර වෙනකම් බලන්න ගේමක් දුන්නා,Bad
වෙන instruments ඕන නෑ මේ කටහඬ එකට,Happy
සිංදුව සුපිරියටම කිව්වා,Happy
අයියේ lionshare trx ගැන වීඩියෝව එකක් කරන්න,Normal
හරිම ලස්සනයි දුව ඉදිරියට යන්න ශක්තිය ලැබේවා,Happy
මට මල්ලි දීලා තියෙනවා,Normal
ගීතය හොඳයි visual එක නරකයි,Normal
අනේ මල්ලි ඉල්ලපන් චන්දෙ දෙන්නම්,Happy
mining කරන්න tools ගන්න හොඳ තැනක් දන්නවද,Normal
ගොඩක් මහන්සි වෙලා කියලා දුන්නට thanks,Happy
කියන්න දෙයක් නෑ YouTube එක වෙනස් කරපු කෙනෙක්,Happy
ඔයාට මොනද කිව්ව අයටත් මොන දේවල් කරනවා කිව්ව අයටත් මිත්‍රි දයාව කරුණාව ඇයි කරගන්න,Normal
පිටතින් බලුවම unlike කරන්න හිතෙනවා මමත් එහෙම කළා ඇත්තේ ඇතුළතින් බලන්න උතුම් හිමි නමක්,Normal
හරි නිහතමානි කොල්ලෙක් හරි වටිනවා,Happy
හරිම ලස්සනට ගායනා කළා හරිම නිදහස්,Happy
අනේ අයියේ ddr ගැනත් වීඩියෝව එකක් ඔහොමම දාන්නකෝ,Normal
final යන්න ඕන කටහඬ එකක්,Happy
මරු අයියේ පට්ට,Happy
මේක ගැන එකෙන් photo දාලා තිබ්බ දවසේ ඉඳන් බලන් හිටියේ වීඩියෝව දානකන් පට්ට,Happy
අපරාදේ දැන් නම් judgesලා වැරදි තීරණ ගන්නේ හරි දුකයි,Bad
ලස්සනයි ගොඩක් මගේ ආසම සින්දුව,Happy
thank you ඔයාලා හැමෝටම අඩුපාඩු දැක්කා අයට,Happy
ගොඩක් ලස්සනට සින්දු කියනවා නතාෂා අක්කි ඔයා ඒ music එකට අනේ මන්ද හිතට ලොකු අමුත්තක් දැනෙනවා ලස්සනයි කියන්න බැරි තරම් ගොඩක් මගේ ආසම ගීතය එකත් මේක ආසයි මේ වගේ songs ගොඩක් බලන්න ඉදිරියට,Happy
කුණුහරුප එනවා coach කටට මේකට වඩා අන්සබග ගීතය ටිකට වඩා මේක තෝරන්න තිබ්බ,Bad
කලාකරුවෙක් හැටියට කැමතිම කෙනෙක්,Happy
කසුන්ගේ කටහඬ නම් පට්ට,Happy
මරු මරු ඕනම එකක්,Happy
සියුමි තමයි මේ සින්දුව ලස්සනටම කිව්වේ season එකේ,Happy
ආසම චරිතයක් ගෙහන් අයියා මේකට ඇවිල්ල සන්වර වෙයි කියලා හිතපු උන් කො,Happy
ඔයාට තව තවත් ඉස්සරහට යන්න හැම ශක්තියක්ම ධෛර්යයක්ම ලැබේවා පට්ට කටහඬ හදවතින්ම සතුටුයි,Happy
රංජන් පරිස්සමින් හිටපන්,Bad
අනුෂ්ක උබ නියම පොරක් බං,Happy
ජනතාව බුද්ධිමත් වෙන්න මේ සැරේ උගත් සහ ප්‍රධාන වශයෙන් වැදගත් අය ටිකදෙනෙක් පත්කරගන්න,Happy
නියමයි මටත් ඒ වගේමයි ශෂිකා,Happy
කොච්චර හොඳ ආදර්ශමත් අම්මා කෙනෙක්ද ඔබ ගොඩක් දේවල් තියෙනවා ඔබගෙන් සමාජයට ගන්න,Happy
ගොඩක් කැමති ජනප්‍රියම නිවේදකයෝ දෙන්නාටම,Happy
මොකක්ද මල්ලි මේ scene එක,Normal
අම්බෝ අදහස බලන එකත් පිස්සුවක් සින්දු,Normal
මෙතනදි nervous උනත් battle එකේ දුන්න ගැම්ම කොහොමද,Normal
කසුන් උබේ අක්ක නිසාද හහහහහ හෝ,Normal
metro game එකේ හැටියට gtx ti card එක හින්දා bottle neck වෙනවද නැද්ද,Normal
මත් ගොඩක් ආදර කරන කෙනෙක් අක්කා,Happy
පිස්සෙක් එක්ක මොන interview ද බං,Bad
අපිට live බලන්න බැරිද youtube එක,Normal
hiru එකේ ඉද්දි මීට වඩා හොඳට කිව්වා මෙයා,Bad
chanux bro දවසකට කන්නම රුපියල් ලක්ෂයක් වියදම් කරනවද,Normal
හැරුණා නම් මේකට හැරෙන්න නැතුව ඉන්න හේතුවක් නෑ,Normal
බඩුවක් කතා කරයි,Bad
ප්‍රියදර්ශන අයියේ එල,Normal
තෙරුවන්ගේ සරණයි අපේ හමුදුරුවනේ,Happy
පොඩි කාලේ ඉඳන් මම අයියාගේ වීඩියෝව download කරලා save කරගෙන බලනවා,Happy
මං දැකපු නිහතමානිම කෙනා,Happy
උමාරියා වඳුරු පැටිකියෙක් වගේ,Happy
මොන උනත් එල කොල්ලෙක්,Happy
දීර්ඝායු වේවා අපේ හමුදුරුවන්ට,Happy
මම muslim කෙනෙක් මේ වහන්සේ එදා පටන් අද වෙනකම් මම ගොඩක් ආදර කරන ගෞරව කරන හිමි නමක් කියන දේවල් ඔක්කොම හරියටම හරි,Happy
no one කසුන් කල්හාර මං මොකුත් කියන්නේ නෑ,Normal
පොඩි එකෙන් ලොකු වෙද්දි machine කයි,Happy
අනුෂ්ක අයියාගේ එක බලලා ඉවර කරපු ගමන් මේක දැම්මා,Normal
නිවේදක පෙන් බස්සුවා නම් හොඳ මිනිහෙක්,Bad
unlike දාපු උන්ගේ අවුල මොකද්ද කියලා තේරෙන්නේ නෑ,Normal
මතු දිනෙක මම පොළවේ වළලෙන තුරු නුඹේ අත මට අයිති නැතුව ඇති සුදු,Normal
ජීවිතය මොනතරම් නම් වෙනස්ද නේද යාලුවනේ,Normal
අයියේ මට මේ build එකම කරලා ඕන පට්ට,Happy
මාරම ලස්සනයි අනිවාර්යෙන් final ඉන්න ඕන කෙනෙක්,Happy
ඉවර වෙනකන්ම බලුවා very interesting,Happy
මෙන්න තවත් විහිලු සපයන්නෙක් අන්තිමට ඡන්දේ ඉල්ලන්නත් බැරි උනා මූ හරිට කතා කරනේ මූ clean වගේ,Bad
මම ඉස්සර බලපු cartoon එකක මේ වගේ dial එකක් හිටියා මතකයි,Normal
මම කතෝලික ඒත් ඔබ වහන්සේ කියන දේ සහතික ඇත්ත බුදු සරණයි,Happy
චෙති අක්කි ඔයාට අපේ school එකේ හැමෝගේම ආශීර්වාදය,Happy
ඔයා හමුදුරු වගේ කතා කරන්න ඉගෙනගන්න අපිට තම්බි කියලා මෙතන කියන්න එපා,Bad
චාමර හිටියා නම් හැරෙනවා superb,Happy
මෙලෝ රහක් නෑ,Bad
අක්කායි නංගි වගේ පේන්නේ මට විතරද බං,Normal
වීඩියෝව එකක් එනකන් බලන් ඉන්නේ,Happy
ආදර්ශමත් girl කෙනෙක් අනේ මේක දැන් ඉන්න girlsලා දැක්කනම්,Happy
harry potter සිංහලෙන් හදාගලා පෙන්නන්න පුළුවන්ද sirasa tv,Normal
ඇයි බං ලියත්බර කිව්වේ නැත්තේ මුලින්ම කිව්වනම් කට්ටිය පොර කනවා,Happy
රංජන් sir ආදරෙයි හැමදාමත්,Happy
ඔබගේ චරිතය අපි අගය කරනවා,Happy
මං නේ කෙලව මර්ඩ් කරන්න ආසයි,Normal
තෙරුවන් සරණයි ඔබ වහන්සේගේ මෑණියන්ට,Happy
මත් එහෙමයි මං චෞර රජිනි කියුවේ මට වසරේදී,Normal
නියමයි අපේ හමුදුරුවනේ ඔබ වහන්සේට නිදුක් නිරෝගී සුවය ලැබේවා,Happy
මේ ඉන්නේ ඉලඟ බන්ධු සමරසිංහ,Happy
අඩෝ උදයා එක පහරක් බං,Happy
මං දැක්කා පට්ටම චරිතයක් තමයි ඔයා මං පළවෙනි පාර මුහුණට ඔයා ලඟට දැක්කේ holy party එකක එදා ඉඳන් මං ඔයාගේ වීඩියෝව බලනවා ආදරෙයි හැමදාම,Happy
අනේ ගොබ්බ මෝඩ ජෝක් කරයෝ නිදහස හින්දා තමයි මිනිමරුවෝ කුඩ්ඩෝ හොරු ඉන්න තොපේ රාජපක්ෂ නාඩේ බලයට ආවේ,Bad
මේ කියන්නේ ඇත්තමද කියලා මේක බලුවම සැක හිතෙනවා නේ,Bad
ඇත්තමයි superb වචන නෑ කියන්න පුදුම ලස්සනයි,Happy
තරගකරුවන්ට සාධාරණයක් වෙන්න නම් විනිශ්චය කරන පිරිස බුද්ධිමත් වෙන්න ඕන,Happy
interviews ඔක්කොම ආසාවෙන් බලුවා,Happy
රත්තරන් අම්මා කෙනෙක් මගේ අම්මා වගේ,Happy
පට්ට කවුරු කිව්වත් විරේෂ්ගේ වගේ feeling එක නෑ අප්පේ,Happy
අප්පිරියයි එහෙම උනාම,Bad
දැන් නම් අත කියවෙනවා,Happy
network carrier aggregation එකත් මේකට බලපානවද,Normal
ඔබතුමා කෙලින් කතා කරන කෙනෙක් ඔබතුමාට හදවතින්ම ස්තුතියි නමුත් මම jvp,Happy
වෙනස්ම build එකක් superb අයියේ,Happy
මෙයා hiru star එකේ sing කරා මතක කාටද,Normal
නියම පුතෙක් හරි දේ කතා කරනවා අපි සුභ පතනවා,Happy
සහංගිව මතක් උනා,Normal
පට්ටටම කියුවා කොල්ලෝ හැරුණත් නැතත් උඹ වැඩ්ඩෙක්,Happy
චන්ද්‍රිකා මහජන පක්ෂයට ගියේ උබට කොන්ද පණ තිබුණාද,Bad
ඇත්ත කරා එකම දේශපාලකයා ජය,Happy
මුට සල්ලි තියෙනවා නේ,Normal
මෙහෙම මෝඩ ගෑණියක්,Bad
මගේ ආසම කටහඬ,Happy
හිත නිවන කටහඬක් තියෙනවා හරිම ලස්සනයි,Happy
ඇයි වීඩියෝව දාන්න පරක්කු උනේ,Bad
මේකට wifi connect කරන්න බැරිද,Normal
හිතට වැදුන interview එකක් සුපිරි අයියේ,Happy
හ්ම් good talk එකක් නේද මල්ලි,Happy
හඬට ආදරෙයි අදත් හෙටත් සුභ පැතුම් ඔබතුමාට බුදුසරණයි,Happy
හමුදුරුවෝ මෙහෙම කරනවද Muslim කට්ටියට රංජන් බනිනකොට,Happy
ලහිරු ඔබට බොහොම ස්තුතියි,Happy
ඇකි නිකං මොංගල් වගේ,Bad
මෙයා බයිලා ගහලා දේශපාලුවෝ කඩේ යන කෙනෙක්,Bad
ඇයි මෙච්චර පරක්කු උනේ admin,Bad
කසුන් කියද්දි ඇඟ හිරිගඩු පිපුනා වගේ,Happy
දෙවනි එක ඔබේ නෙවෙයි අනිත් ඒවා ඔබේ ගොන් part එපා,Bad
ඒ කුණු ගොඩ ආයෙත් ගන්න එපා,Bad
සනාථයි ඇත්ත ගෑනු ලඟට සල්ලි දීලා මිනිස්සු ගිහින් පස්සේ හන්වඩු ගහනවා,Happy
අනේ වාසනාවන්තයි සෙන්කඩගලට මේ වගේ හදවත පිරිසිදු මහත්තයෙක්,Happy
සෙරමන්ලා කඩේ යන අය තමයි,Bad
ඔයාගේ ගීතය නම් පට්ට bro,Happy
ලස්සනයි අයියා කොහොමත් ඔයාගේ singing වලට ආසයි,Happy
මේ වගේ කෙනෙක් කියලා හිතුවේ නෑ,Normal
වෙලාවට අනුෂ්කා අයියා නැත්තේ නැත්නම් දුලජ්ට කතා කරන්න වෙන්නේ නෑ,Normal
ලංකාවේ හැටියට PC ගැන දැනුම දෙන අයට thanks,Happy
phone එකේ user experience එක වැදගත්,Happy
නියමයි මල්ලි සුපිරි,Happy
ආඩම්බරයි මචං උබ ගැන,Happy
වාව් ලස්සන interview එකක්,Happy
unlike කරපු උන්ට අම්මලා නැතුව ඇති,Bad
නිරෝධා අක්කේ නියමයි ඔයා,Happy
රංජන්ට බනින හැමෝටම හොඳක් නෑ,Bad
සඳුන් අයියා පට්ට වීඩියෝව එකක්,Happy
මේ pain එක අහන්න බෑ,Happy
band එකට සුපිරි ගහන කොල්ලෝ,Happy
PC build එකක් කරලා දෙන්න අයියා කීය ගන්නවද,Normal
පට්ටයි සහෝදරයෝ දෙන්නෙක් වගේ පේන්නේ මට විතරද,Happy
මේ programme එකේ හොඳම කටහඬ මේ නංගි,Happy
පව් කාට හරි රැකියාවක් දෙන එක හොඳයි,Normal
ගෝටාබය ආවහම ආයෙත් වහල පාලනයක්,Normal
මොකද්ද බන් ඔයා කියන වීඩියෝව,Normal
ලැජ්ජ නැතුව media වලට එන හැටි,Bad
හරි ආසාවෙන් බැලුවා,Happy
unlike කරපු අය රංජාගේ අගමිකයෝ,Bad
එහෙත් අපි සිංහලයන්ට ආදරෙයි,Happy
ඇත්තටම කියන්න වචන නෑ හරිම සතුටුයි,Happy
ඔයාගේ කටහඬෙන් මේකට ලස්සනක් add කරලා තියෙනවා,Normal
මේ සුන්දර මනුස්සයාට මහත්තම ගතියෙන් කතා කළානම් හොඳයි,Happy
අයියා අපේ ගමේ කොල්ලෙක් අපේ ආදරෙයි,Happy
අපෝ දැන් unsubscribe කරා,Bad
නන්දා මාලිනී මහත්මියගේ සිංදුවත් අහන්න,Happy
සිරිසේනගේ මල්ලි වගේ බයිලා ගහනවා,Bad
එක අම්මට ආදරේ තරම්ම වැදගත්,Happy
mic balance කරන්නේ නැද්ද,Normal
ඇයි මේයාව ගෙනාවේ clean කරන්න එපා,Bad
අර කෙල්ලගේ අම්මා over acting නේද,Bad
මේ කාලකන්නියා තරම් අවජාතිකයෙක් නැහැ,Bad
නියම programme එකක්,Happy
මගේ ගෙදර රකින්න හමුදුරුවනේ,Bad
බුදුසරණයි ඔබ වහන්සේට,Happy
ඔබට හඬින් මිනිස්සු නැටවන්න පුළුවන්,Happy
සිංදුවේ ලස්සනයි කවුරු මොන කියුවත්,Happy
මෙයාව හරි යන්නේ නෑ,Bad
පට්ට චරිතයක් හිතුවට වඩා වෙනස්,Happy
මට හිතුනා මුලින්ම ශෂිකාව තෝරයි කියලා,Normal
කෙලව ගත්තා ශෂිකාගේ team එකට ගිහින්,Bad
ගොඩක් දුක හිතෙන ලස්සන ගීතය එකක්,Happy
ලහිරු උබට අපේ හමුදුරුවෝ ගැන ගරු කරන්න කියපන්,Bad
අපි හදමු සිංහල පක්ෂයක්,Happy
පෝන්න සිවුරු කාරයෙක් ලැජ්ජයි,Bad
කටහඬ Teen Pathum මතක් උනා,Normal
බති‍ය ලොකු fan කෙනෙක් නේද,Happy
මග දම්පියන් මග ආස දකින්න,Happy
ලහිරු ඔයා ඒ මහත්තයාට නමින් කතා කරනවා පව්,Bad
YouTube live එකක් ඕන,Happy
මගේ අත්දැකීමෙන් තේරුණා හොඳ මිනිස්සුන්ට තැනක් නෑ,Normal
හොඳට හිටපු PC Guide අයියාත් වෙනස් වෙලා,Bad
හරි බන් එල අපි උබේ පැත්තේ,Happy
අනේ මන්ද අරගෙන් තියෙන්නේ පුදුම හැකියාවක්,Happy
හර්ෂ අයියා ජය වේවා,Happy
කසුන්ත් හැරුණා දැන් දැනගත්තා,Normal
උබ කෙල්ලෙක් උනා නම් select,Bad
අම්මෝ එක super,Happy
ඉයා බන් මේව සිංදුද,Bad
දරුවන් දෙන්නා අපි දෙන්නා නීතියක් වෙන්න ඕන,Normal
ඇත්තටම මාර හැඟීමක් එනවා කටහඬ එකට,Happy
filter කියන්නේ ගොනෙක්,Bad
හරිම ලස්සන හිත නිවන කටහඬක්,Happy
ගෙහන්ගේ WhatsApp number එක දෙන්න පුළුවන්ද,Normal
ඔබ අද සමාජයේ දකින්න දුර්ලභ මවක්,Happy
අනේ හුටෝ තො දන්න music,Bad
සුපිරි කෙල්ලෙක් මේක බලලා fan කෙනෙක් උනා,Happy
මේ සිංහයාව ජනපති කරමු,Happy
මට විතරද මෙයාට crush එකක් තියෙන්නේ,Happy
ගැහැණියට අපහාස කරන පිරිමි බල්ලෝ වෙන්න ඕන,Bad
Australia වචන පට්ට අදහස,Happy
මේ ගෙහන් බ්ලොක්ගේ මල්ලි කියලා දැනගන්නකොට වයස කීයද,Normal
comments කියවන්න ආවෙ මම විතරද අතල් ගන්නෙ,Happy
සිංහල බෞද්ධ සංස්කෘතියේ නරක දේවල් නෑ bro,Bad
අඩුම තරමේ පොඩි graphic card එකක් ගන්න තිබ්බානම් ඇති මට මේවා හීන මට,Bad
යනවා හිතේ දුක දරා nice ගීතය,Happy
අක්කා එක්ක කතා කරන්න ඕන,Happy
සනුක වික්‍රමසිංහ එක්ක program එකක් කරන්නකෝ,Normal
මේ දවස්වල අහන සින්දුව,Normal
hiru star හර්ෂ super star හර්ෂ දැන් the කටහඬ හර්ෂ සුභ පැතුම්,Happy
අනේ පට්ට ගොනා,Bad
කසුන්ගේ අම්මා කියලා දැන්ගත්තේ අද කියපන්කෝ,Normal
ඔයා සින්දුව එක්ක ජීවත් වෙනවා මට නිකන් තොටිල්ලක් පද්දනවා වගේ මට දැනෙන්නේ,Happy
මේ මගේ ජනප්‍රියම එක මේ songs එකේ වෙනවට කවුද කැමති,Happy
එදාත් අදත් කැමතියි,Happy
hiru star මතක් උනා,Normal
උබ marry කරන්න යන්නේ muslim බැල්ලියක් මොකෙක් උනත් උබ ගැන කනගාටුයි,Bad
filtyත් එක්ක බලුවම උබ එල පොරක් filty කියන්නේ මහ මුඩුක්කු පුතෙක්,Normal
කවදාවත් වැරදින්න එපා ඔයාට,Happy
අද ශෂිකා අක්කි ලස්සනයි ගොඩක් ආදරෙයි,Happy
අයියේ සින්දු නම් ගැම්ම,Happy
ලහිරු අයියා නියමයි හරි open කතා කරනවා,Happy
band එකේ නම කියන්නකෝ අයියේ,Normal
හැමදාම එකම ඇඳුම මොකද දන්නේ,Normal
muslim මිනිස්සුන්ගේ කඩවලට බඩු දන්නේ muslim මිනිස්සුම තමයි උන් සිංහල මිනිස්සුන්ගේ බඩු ගන්නේ,Normal
මේ වගේ වැදගත් programme එකක් කළට thank you brotherට තියෙන ජීවිත අවබෝධය හැමෝටම තේරුම් ගන්න පුළුවන් නම් ජීවත් වෙන්න ප්‍රශ්න වලට මුහුණ දෙන්න ලේසි thank you and god bless you brother,Happy
මේක සම්පූර්ණයෙන්ම බලුවානම් තේරෙනවා මේ මනුස්සයා සමාජයට දෙන්න යන්නේ වැදගත් message එකක් කියලා ඇත්තටම වැදගත් person කෙනෙක් best of luck අයියා,Happy
ආයෙ සුපිරි කොල්ලෙක්,Happy
chanux broටවත් බෑ මෙච්චර හොඳට explain කරන්න,Happy
අන්තිම ටිකට නම් දුක හිතුනා එයාව miss උනා එහෙනම්,Normal
මහින්දටද කාටද වැරදුනා කියලා දැනගන්න පුළුවන් ඡන්දෙන් පස්සේ,Normal
මල්ලි කියනවා වෙබ් නේද එපා වෙනවා,Bad
නියමයි bro ආදරෙයි,Happy
නියමයි තව අලුත් දෙයක් කරන්න සුභ පැතුම්,Happy
පට්ට වැඩ්ඩෙක් තමයි අර අයියා,Happy
ඔබ වහන්සේට බුද්ධ සරණයි පිහිටයි,Happy
සින්දුවට වීඩියෝව කිසිම ගැලපීමක් නෑ,Bad
ගෝටට මහින්දගේ මල්ලි කියලා අපිට අමතක උනා ඒක ලොකුම වැරද්ද අද,Bad
ගම්පොල කොල්ලෙක් සුපිරි,Happy
සුද්දෙක් උනත් හොඳ මිනිහෙක්,Happy
කසුන්ටයි මේ කෙල්ලටයි කතා කතා කියන්න නැතුව පොඩ්ඩක් මානුෂීය විදිහට හිතපල්ල ඔය ඔස්ට්‍රල්ලාට පුළුවන්ද මේ stage එක නගලා සරිගමවත් හරියට කියන්න,Normal
මේ සින්දුවේ තේරුම හරිම ලස්සනයි,Happy
සින්දුවෙන් කියවෙන්නේ එකක් වීඩියෝවෙන් කියවෙන්නේ එකක් ලංකාවේ ඇයි අප්පා සින්දුවට ගැලපෙන visual එක කරගන්න බැරි,Bad
සුද්දෙක් අපේ සිංහල කතා කරනකොට ආපු ගැම්ම,Happy
එල කතාව බුද්ධිමත් කොල්ලෙක්,Happy
දිනාගෙන යන යන තැන ඔබ හින්දයි,Happy
මතුම කෙලින් කතා කරන කෙනෙක් බල තණ්හාව නෑ,Happy
කාගෙවත් බණ අහන්න ඕන නෑ තනියෙන් ගමක් ගහපන් උදාර මොනත් ඕන නෑ නංගියේ ඒ ආදරේ අති පුදුම දෙයක් දැක්කේ ඒ ඇස් දෙකෙන් ඇඳුනා මටහ,Normal
ගොබ්බන්ට මෙයත් වීරයෙක් නටපු නාඩගම මතක නෑ නුවර වැව වටේ,Bad
පක්ෂ භේදයකින් තොරව ඇත්ත කියනවා මගේ ගෞරවය,Happy
අයියේ iq option trade කරන හැටි deep talk වීඩියෝව එකක් ගෙනන්නකෝ,Normal
තරුණ කාලේ අපේ role model එක,Happy
හරිම වටිනවා මෙහෙම මිනිස්සු දැකින් ආසයි ඉස්සරහටත් සුදු බණ්ඩා,Happy
මිනිස්සුන්ගේ ජීවිත ගැන අහුම්කම් දෙන්න ඕන තේරුම් ගන්න ඔයාත් දෙවි පිහිටයි,Normal
තිබ්බ machine එකත් පිච්චුනා දැන් මොනවත් නෑ,Bad
bns steal එක මරු,Happy
පට්ටම ලස්සනයි අක්කේ හිතාගන්නවත් බැහැ good luck,Happy
wow ඔයා නම් brand එකක් sis,Happy
මං ආසම talented කොල්ලෙක් අයියා ආදරෙයි,Happy
ඔබට සම්බුදු සරණයි,Happy
අම්මෝ එක පට්ට අහ්,Happy
කටහඬෙන් රාවණා වගේ,Normal
පරාද කොහෙද අහන එක මරු,Happy
පට්ටයි හොඳේ මාරයි,Happy
thank you අයියා මේ චරිතය මෙහෙම interview එකේ කළට නමුත් අයියා කියුව විදිහට අය radio එක ඇතුළේ ඉන්න තුරු අයගේ demand එක ගොඩක් වැඩි වචන නෑ ලංකාවේ ඇති දක්ෂ number one නිවේදකයා,Happy
භූමි ඇත්තටම ඔයා සමාජයේ ඉන්න ඕන කෙනෙක් නංගියෝ මිනිස්සුන්ට හොඳ ආදර්ශයක් ගැහැණියක් විදිහට ඇත්තටම ගරු කරනවා නංගි ඔයාට බුදු සරණයි,Happy
අපේ අප්පෝ මේකි මේ මොනවාද කියන්නේ ඔහොම තමයි වයසින් බලලා මිනිහෙක් බැඳලා පවුල් කඩගෙන දැන් රඟනවා මේකත් පතිනි අම්මා වෙන්න යන චරිතයක් හොඳ නම් කොහොමද පවුල කඩන්නේ,Bad
හමුදුරුවගේ අම්මා දැකගැනීම හරිම සතුටක් බුදුසරණයි,Happy
අනේ නිලු ඔයා උතුම් අම්මා කෙනෙක් ඔයාට හැමදාම ජය,Happy
හා හා හා තුන් පාරක් බලුවා එතන විතරක්,Happy
මම හිතුවේ build කරන එක අමතක වෙලා කියලා,Normal
කතාව හැසිරීම අඳුම කොයි තරම් වැදගත්ද උපතින්ම ගැහැණුන් උනා ගොඩක් දෙනෙක්ට ලොකු ආදර්ශයක් සුභ අනාගතයක් භූමි,Happy
හොරක්ව market කරන්න නෑලු අහනම් ගෝටාව අයියා market කරනවා ඉරාජ්,Bad
මම ආසම නිවේදකයෙක් සුපිරි,Happy
කොහොමත් යථාර්ථය ඔහොම තමයි හමුදුරුවනේ,Normal
බුද්ධගමේ හතුරෝ අපේ උන් හැමදාම මුන්ට රවටෙනවා,Normal
හැමදේටම බුද්ධිමත් විදිහට පිළිතුරු දෙනවා,Happy
ඒගේ හිරි කඩු පිපුනා මාරම ලස්සනයි කියන්න වචන නෑ,Happy
උමාරියගේ හිනා මුව මුව,Happy
අපි උබලත් එක්ක දිගටම තම්බි එලවන්නයි ඕන මෙහෙන්,Happy
මොනද මේ පූකේ වීඩියෝව සින්දු වලට වඩා හොඳයි තත්තම band නන්දෝ නොදකින්,Bad
සිරාවටම එල ඉරාජ් bro ලංකාවේ මිනිස්සු දැන් වෙනස් වෙන්න කාලේ හරි,Happy
මේ ගගන ගමියා නේද මූ තාත්තා ජනාධිපති කාලේ colombo university එකේ phd එකක් කළා දැන් බලය නැති හින්දා මූ මෙහෙම කතා කරනවා,Bad
ඇත්තම පොට්ට සුදු ඒවට ලොකු තැනක් කසුන් වැඩක් නෑ ශෂිකා වැඩක් නෑ,Bad
අද අර කෙල්ලට හැරුණ එක උබට chance එකක් දෙන්න තිබ්බ කොල්ලෝ මාරම අසාධාරණයි ඔයගේ ගමන නවත්තන්න එපා ඔයා හැමෝටම රිදෙන්න ගමනක් යන්න අද හැරුණ ඔනෙලිද කවුද කියන කෙල්ලට වඩා උබ මාර දක්ෂයි මාර අසාධාරණ දෙයක් උනේ,Normal
අපි සිංහල බෞද්ධ මනුස්සකම තියගෙන ජීවත් වෙන්න බැඳින්න මුන්ට උන් හිටපු තැන නැතිවෙයි,Normal
ජනාධිපති වරෙන්ට ඉල්ලපන් එකෙන්ම දෙනවා මේ වගේ නායකයෙක් තමයි ඕන සිංහලයාට,Happy
මේ අයියා hiru star season එකේ හිටියා නේද,Normal
කෝ බලන්න අපේ උන් ටික මට නම් පට්ටම පට්ට,Happy
මං නම් කවදත් නෙහාරා අක්කට ආදරෙයි එයාගේ dancing පොඩි කාලේ follow කරපු නිසා තමයි අද මං මෙච්චර දක්ෂයෙක් උනේ ආදරෙයි එයාට හැමදාමත්,Happy
මේ pcට කියා යන්න අඩ්ඩ,Normal
අනේ ඇයි අප්පා මේ කුමාරි කියන්නේ තනි කර මෝඩ කාන්තාවක්,Bad
මේක පෞද්ගලික ප්‍රශ්න නිසා ගෝටාට ගහනවා,Bad
වීඩියෝව සින්දුවට ගැලපෙන්නේ නෑ,Bad
නියමයි අපේ හමුදුරුවන් ඔකට ගහලා එලවන්න ඕන,Happy
ප්‍රිය අයියා නියමයි,Happy
එක අමුතු කටහඬ එකක්,Happy
ඇත්තටම මම tele drama එකක act කළා මට ගොඩක් හොඳින් සැලකුවා කිසිම වෙනසක් කළේ නෑ,Happy
අම්මේ ඔයාට බුදුසරණයි මේ වගේ හමුදුරුවෝ සමාජයට දායාද කළාට පින්,Happy
ඔබ වහන්සේගේ කතාව ඇත්ත අපේ හමුදුරුවනේ,Happy
ඒ ගෑණි මාර බයට එහෙම කියන්නේ,Bad
කියන්න වචන නෑ මං stunned උනා good luck,Happy
නියමයි හමුදුරුවනේ ඉතාමත් හොඳින් කතා කරනවා,Happy
සිංදුව ලස්සනයි වීඩියෝව එකත් ලස්සනයි මේ වගේ ගීතය කරන්න හොඳයි,Normal
අන්න අපිට හොඳ බයිලා ටිකක් අහගන්න පුළුවන්,Happy
චාමරි අතපත්තු මගේ මල්ලිට cricket බඩු ගොඩක් දුන්නා අදත් thanks,Happy
කතා කරන style එක භූමි වගේ මේ අදහස් වටිනවා,Happy
කලින් plan කරලා වගේ super කටහඬ,Happy
කෙලින් කතා කරන මගේ ආසම දේශපාලකයා,Happy
මං පළවෙනි වතාවට episode එක ඉවර වෙනකම් බැලුවා,Happy
පට්ට store එකක් good job,Happy
සුද්දන්ට ගියාම අපිට තමයි කෙලවෙන්නේ,Bad
කුමාරිට කිසිදා වාර දිනන්නේ නෑ දුකයි,Happy
ආදරෙයි හැමදාම සහෝදරයා,Happy
Lionel Richie Hello ගීතය ඔයාගේ කටහඬ එකට යයි කියලා හිතෙනවා,Normal
මේ පෝන්නයා වැඩක් නෑ,Bad
හරිම ආදර්ශමත් කාන්තාවක් ඔබට ආදරෙයි,Happy
බලන්න මේයාගේ හැසිරීම,Bad
ඔයාගේ කටහඬ කියන්න බැරි තරම් මිහිරි,Happy
ඔයා හරිම ලස්සනයි මං ආසයි ඔයාට,Happy
කප් එක ගන්නෙ මෙයාම තමයි,Normal
හරිම වැදගත් නිවේදකයෙක්,Happy
පල පට්ට බල්ලී යන්න,Bad
රත්තරන් අම්මා කෙනෙක්,Happy
සිංදුව හොඳයි visual එක අවුල්,Normal
උස්සන්න නෙවෙයි තල්ලු කරන්න ඕන,Normal
අදහස් හොඳයි නමුත් තව හොඳ කරන්න ඕන,Normal
Hiru Star එකේ හිටපු ගොඩක් අය,Bad
හමුදුරුවනේ මේක වැරදි,Bad
අන්තිම එක මුලින් කිව්ව නම් පට්ට,Happy
මාර කතා මාරම relax,Happy
මේ සතියේ කටහඬ global යයි,Happy
සිංදුව ගොඩක් ලස්සනයි,Happy
වැඩිය කල් දාපු නිසා upset උනා වගේ,Bad
කුමාරි අක්කේ හොඳින් ඉදිරියට යන්න,Normal
බුදු අම්මෝ ශෂිකා ඉන්දියාවත් අඩනවා,Happy
අපෝ ඇයි මේයාව කපුවේ,Bad
යකූත් පිටියට ආව දැන් තරඟය පටන් ගත්තා,Happy
නිකන් English බැරි කියනවා spelling වැරදි,Bad
sound එක නියමයි,Happy
ලහිරු උබට ගරු කරන්න දන්න නෑ,Bad
අයියෝ තව පැයක් තිබුණානම්,Happy
සමහර දේවල් නම් බොරු,Bad
අයියේ මටත් build එකක් හදන්න උදව් කරන්න පුළුවන්ද,Normal
මං දැක්කා ලස්සනම performance එක,Happy
මු නළුවෙක් වගේ රඟපානවා,Bad
දැනටමත් ඔක්කොම වීඩියෝව බලලා,Happy
එහෙම නම් මහින්ද හොඳද,Bad
තව කාලයක් තිබුණානම් පට්ට,Happy
කොච්චර හැරුණත් නෙමෙයි feeling එක හොඳයි,Happy
මම ඔයා ගැන වැරදියට හිතුවා sorry,Happy
සිංදු හොඳට රස විඳින්න දැන් බැහැ,Bad
කොහොමත් තම්බියගේ ගින්න තියෙනවා,Bad
මෙයා නේද Hiru Star එකේ හිටියේ,Happy
යකෝ මගේ ඇඟ හිරිගඩු පිපුනා,Happy
මගේ laptop එකේ bluetooth වැඩ නෑ,Normal
thank you අයියා ගොඩක් කාලෙකින් බලපු වීඩියෝව එකක්,Happy
පට්ට කතාව respect sis,Happy
කවදාද ලංකාවේ මත්ද්‍රව්‍ය නැති වෙන්නේ,Normal
නියම අවංක මවක්,Happy
සිංදුව පට්ට but වීඩියෝව හොඳ නෑ,Normal
අම්මගේ චරිතය හොඳට කරලා,Happy
බුද්ධාගමට කැමති නම් එය අනුගමනය කරන්න,Bad
campus එකේ හොඳ අය තෝරලා ගෙනාවා,Normal
අනේ ජරා ගෑණි යන්න,Bad
Allah ගැන ඔබගේ අදහස වැරදි,Bad
මගේ සිහින කුමාරි අක්කි ඔයාට ආදරෙයි,Happy
කෙලින් කතා කරනවා අක්කි ජය වේවා,Happy
දෙයියෝ මොකද කිව්වේ,Normal
කුමාරිට දක්ෂතාව ගොඩක් තියෙනවා good luck,Happy
මෙයාට සිංහල හරියට කතා කරන්න බෑ,Normal
අනිවා අපි ඔබ සමඟ,Happy
අනේ ඒ අහිංසක හිනා පව්,Happy
දැන්වත් තේරුම් ගන්න,Bad
අයියා ඉස්සර ඉඳන් කියපු දේවල් මතකයි අපි එකතු වෙමු,Happy
ඇත්තටම Wasthi videos වලින් ගොඩක් දේවල් ඉගෙන ගන්න පුළුවන්,Happy
melody එක හොඳයි mix එකත් හොඳයි,Happy
නාගා sirට ජය වේවා,Happy
කසුන්ව තෝරගන්න එපා,Bad
සමන් ලෙනින් sirගේ අදහස එකක් ඕන,Normal
හොයා හොයා හිටපු වීඩියෝව එකක් thank you,Happy
තුන් පාරක් බැලුවේ මම විතරද,Happy
Redmi phone එකෙන් බලන අය කැමතියි කරන්න,Happy
මිනිස්සු කියන දේවල් ඇත්තක් තියෙනවා,Happy
ඔයා වගේ දෙපැත්තට වැඩ කරන්න එපා,Bad
MIUI සහ Android වෙනස කියන්න බැරි උනා,Bad
හමුදුරුවනේ අපි ඔබ සමඟයි,Happy
සුපිරි bro ඔයාගේ channel එක මං ආසයි,Happy
ජීවිතේ දිනපු චරිතයක්,Happy
බල වලාපෙමි නෙලා ගනු බැරි හන්තාන සිහිනේ,Bad
හරිම වැරදි hiru star වගේ මේකත් නිකම්,Normal
මේකේ signal අවුලක් තියෙනවා කියලා ගොඩක් අය කියනවානේ එහෙම නැද්ද,Normal
wow super කොල්ලෙක් වගේ fashionable කෙල්ලෙක්,Happy
cash ශෂිකාගේ කටහඬ මෙච්චර ලස්සනට අහලා තිබ්බේ නෑනේ wow congratulations දෙන්නටම super,Happy
අනේ උබ පත්තිනි අම්මනේ,Bad
ඇත්තටම ලස්සනයි හදවතට දැනෙන දේ කියාගන්න බැ,Happy
මේකේ ඉන්න විශාරදලා වැලලුණට ඒ කෙල්ලව තෝරනවා ඉවරයි උබලා නැතුව කියලා වැඩක් නෑ,Bad
පොඩ්ඩක් විතර අවුල්,Bad
ම කඳුරේ මධුෂ්ව දැක්කා අය කෝ,Normal
මහ ලොකු සිංහල ශ්‍රීලංකීය කියලා කියාගන්න මිනිස්සුන්ගේ ප්‍රතික්‍රියාව තමයි ඔය කියන්නේ,Bad
මට පෙන්න බැරි අප්පිරියම හිරිගිති චරිතයක් මේක,Bad
මෙහෙම නම් කාටවත් වෙන්න එපා,Bad
savee අයියා superb performance අහ්,Happy
ඔයාට අපි නම් බනිනේ නෑ හැබැයි හිනා උනා අක්කා ඔයාට ඉස්සරහට යන්න ලැබේවා,Normal
ආඩම්බරයි ඔබ ගැන මත් හිත ශක්තිමත් කරගත්ත ඔබ වගේ,Happy
මේ hindi ගීතය දන්න කෙනෙක් ඉන්නවනම් කියන්නකෝ,Happy
ඇත්ත කතාකරන බිම ඉඳගන්න බයවෙන්න ඕන නෑ,Happy
කතාවයි වැඩේයි හැබැයි මොකද මේට වඩා හොඳට සින්දු කියපු උන්ව ගෙදර යැව්වා,Bad
ආදරණීය මනුෂ්‍යත්වය කිසි දිනක නොමියාවි,Happy
අනේ ඇයි මෙච්චර හිතට දැනෙන කටහඬ එකක් අයින් කළේ අප්පා,Bad
හම්මේ අයියලා නංගිලා final හොඳ සෙල්ලම් බලගන්න පුළුවන්,Happy
super vini ලගේ build එකේ ඕන,Happy
ලස්සනයි කටහඬ sri lanka බලන්නේ මේ නිසායි,Happy
ඔබ බෞද්ධ දර්ශනය හරි ලෙස තේරුම්ගෙන නෑ සම්ම කම්මන්ත යනු ධාර්මික කර්මාන්ත වල නියැලීම කතා ආ පලියට මුසාවා නොදොඩන්න,Bad
අනේ ඔයාට ආස හිතෙනවා,Happy
තමන්ගේ අම්මා ගැණියක් බව දන්න සහ ඇයට ගරු කරන මහත්තුරු කවදාවත් වැරද්දක් කළත් ගැණියකට ගරු නොකර ඉන්නෙ නෑ,Normal
චිචි අයියා එල කොල්ලෙක් වැනේ දැම්මේ,Happy
කොන්ද පණ නැති දේශපාලකයන්ට පාඩමක් උගන්නන්න පුළුවන් කොල්ලෙක්,Happy
මොංගොල්ද මේ මනුස්සයාට මේ මිනිහට වෙන වැඩ නෑද නොදකින් කාලකන්නියා,Bad
හිතට දැනුන ලොකු කතාවක් wish you all the best your bright future,Happy
ඔබ වහන්සේට බුදු සරණයි,Happy
ඔයාට ගොඩක් ආදරෙයි අක්කේ තෙරුවන් සරණයි,Happy
දුලිකා මාරපන ගෙන්වන්න,Normal
නිර්මාණ වැඩිය කියන්නේ මු වගේ හල්පරුවන්ටද,Bad
අර කියන්නේ නම් නිවේදකයෙක් නෙවෙයි legend කෙනෙක් මම හැමදාම අහනවා මට මාව දැනෙනවා අරගේ කතා වලින් තවත් ඉදිරි ගමන සාර්ථක වෙන්න සුභ පැතුම්,Happy
පුලා පුලා බලා සිටි ඒ සොඳුරු මොහොත,Happy
සුභ පැතුම් film එකට,Happy
අයියා වගේම පොඩි එකා සුපිරිය,Happy
ඔක අලෝවටත් නෑ මෙලෝවටත් නෑ කටට ආපු එකක් ඔහේ කියනවා,Bad
මේට වඩා හොඳ අයව හැලුණා හැබැයි ඒත් singing හොඳයි දේයක් තේරෙන නිසානේ හැරෙන්නේ අනේ මන්ද ඉතින්,Normal
nice කටහඬ feelings songs අහන්න අය එන්න ලස්සනයි halo,Happy
වැඩක් නැති අය තේරුවා ඔයාට ඉස්සරහට ගමනක් තියෙනවා ලස්සන කටහඬ එකක්,Normal
මේ setup එකට කීයද ගියද,Normal
ඒ දවස්වල ඉඳන්ම වීඩියෝව බලපු අය තාමත් ඒ විදිහටම වීඩියෝව බලනවා,Happy
මුගේ අම්මට සිරිපාලට හපාන් වෙයි අයියෝ සල්ලි ලග නමලා කොටි කතායි පුකයි වහගෙන ඉදි උබ ධර්මශෝකද රාජපක්ෂ කෙනෙක් එනවා ලොක්කා නී කයිද රෝස් පන්,Bad
මහින්දලට වෙන්නේ හන්දි ගානේ කිරිබත් උය උය එන්න,Bad
bitcoin mining කරන්න හදපු එකක්,Normal
සින්දුව එකක් වීඩියෝව අනේ මන්ද මහත්තයෝ,Bad
දැක්කම පිස්සු හැදෙනවානේ,Happy
බුදු සරණයි ඔබතුමාට,Happy
දෙක ලස්සනම battle එක කොල්ලෝ දෙන්නා,Happy
අර hiru fm ආව දවසේ ඉඳලාම අහනවා දැන් hiru අහන්නේ නම් නෑ,Happy
බැංකුවක්වත් කඩන්න වෙයි,Bad
පලයන් බං යන්න,Bad
අලුත් ගීතය එකක් ඕන,Normal
ලස්සන හොඳ සංවාදයක් අවංක මිනිහෙක් අයියා,Happy
මගේ ඇස් වලට කඳුළු ආවා රත්තරන් අම්මා කෙනෙක් මටත් ඔයා වගේ අම්මා කෙනෙක් ලබන අත්මෙන් හම්බ වෙන්න කියලා මං ප්‍රාර්ථනා කරනවා ආදරෙයි ගොඩක් ඔබතුමියට,Happy
ම ගොන්නන්ව පොම් කරන්න එපා,Bad
සින්දුවක් අහනවා කියලා දැනුනා sis දැන් අපිට අහන්න තියෙන්නේ මොනවද කියලා හිතුනා ඔයා ඔයාවම පරිස්සම් කරගන්න congratulations,Happy
ඔයා වගේම ගීතය එකත් පට්ට ලස්සනයි අක්කියෝ,Happy
wow පිටින් පෙනෙන අක්කට වඩා ඇතුළේ ඉන්න අක්කාගේ හයිය දැක්කේ අද thank you,Happy
අයියේ මටත් ඒ computer course එක කරන්න ඕන විසඳුමක් නැද්ද please reply,Normal
මේ වගේ තව එකක් ඕන,Happy
අනික් මිනිස්සු මිනිස්සු නෙවෙයිද රංජද මිනියා,Normal
නියම චරිතයක් අයියා,Happy
වීඩියෝව පට්ට අප්පා,Happy
අනේ අයියේ පොඩ්ඩක් කියන්නකෝ ryzen x එකද හොඳ නැත්නම් ryzen x එකද cores අඩු වැඩි උනාට performance එකට අවුලක් වෙන්නේ නැද්ද,Normal
සුපිරි ගීතය coach තෝරගැනීමත් නියමයි,Happy
muslim උන් පිස්සෝ කියන අය කැමතියි කරන්න යන්න,Normal
හිතට ලොකු හයියක් එනවා මේ කතාව අහනකොට,Happy
ලහිරු ඔයාට thanks කුමාරි අක්කා ගෙනාවට අපිත් බලාපොරොත්තුවෙන් හිටියේ කුමාරි අක්කා දැකන්න කුමාරි අක්කට ඉදිරියට යන්න අත දෙන්න ඔයාලා බස්,Happy
දරුවෙක් ගැහැණියක් ගැන නොහිතන දේශයට හිතති දේශපාලුවෙක්,Bad
මේ වගේ දෙයක් කරපු එක නම් සුපිරි,Happy
කසුන් අස් න කොහොමද අහන විදිහ නම් පට්ට,Happy
වීඩියෝව not matching නෙහ් සින්දුවට,Bad
bass ගහන dial එකට දම්මික පැණිය දුන්නේ කවුද,Normal
ආදරෙයි ඔබතුමාට බුදුසරණයි,Happy
පට්ටයි අන්තිම ටික ගොඩක්,Happy
මට පුදුම තවම chanux bro ඔකේ වීඩියෝව එකක් දාලා නෑ නේ බං,Normal
ඇත්තටම ලහිරුගේ වැඩසටහන් වලින් මම දැකපු අහපු වැදගත්ම කතාබහ,Happy
මීඩියා වලට කොයි කවුරුත් වැඩ්ඩෝ,Bad
මොන උනත් ඇත්තම කියනවා පොර,Happy
පරණ හැමුවට වඩා මූට හොඳට කතා කරන්න පුළුවන්නේ නේද,Normal
දෙන්නම එක පාර ගෙනාවනම් මේට වඩා වටිනවා,Happy
ඇඳෙනවා ඔයි තනි ඇහැට,Happy
දිලුකා අයියාගේ මාලිද,Normal
ශ්‍රී ලංකාවේ asus laptop ගන්න පුළුවන් තැනක් කියන්න පුළුවන්ද i model එක,Normal
ගොඩක් කැමති program එකක් ලහිරු හොඳට කරනවා segment එක,Happy
උන්ට මිනිස්සුන්ගේ කතා අහන්න උන්ට පුළුවන්ද උන් අපේ සේවකයෝත් ඒත් උන් කරන සේවයක් නෑ,Bad
පට්ට ලොකුවට edit කරාට අපි ඕන එකෙක් බලන්නේ low quality බං,Bad
ප්‍රසිද්ධ නොවුනත් ඉස්සර රාජ කාලවල රාජවරුත් සමලිංගික සම්බන්ධතා තිබිලා තියෙනවාලු මම හිතන්නේ මේක ඒයාලගේ පව් පිං අනුවයි වෙන්නේ,Normal
මටත් ඔයාට වඩා අන්තා ප්‍රශ්න තියෙනවා ඔයාත් එක්ක කතා කරලා හිත හදාගන්න ඕන ආසයි කතා කරන්න,Normal
මුන් මේහෙම තමයි කොහෙවත් නැති දේවල් පදම් කරගෙන බොරුව අදහස් දීගෙන මිනිස්සුන්ව රවට්ටනවා,Bad
හෙන ගහනවා මුන්ට පව් බ්ස් රංජන් ඔබට,Bad
අන්තිමේදී හරි කරපු වැරදි වලට පසුතැවුණොත් හොඳයි,Normal
පව් අනේ මොන උනත් ගොඩක් දුක් විඳපු කෙනෙක් ඔයා,Normal
අයියේ අර ITN එකේ scene එක මොකද්ද,Normal
කලා ලෝකය කොහෙද නිදාගෙන ඉන්නවා,Bad
පලයන් ගෑණියේ යන්න බලන් හිටපන්,Bad
නංගි ඔයාට සුභ අනාගතයක් ඔබගේ හැකියාවට පින්,Happy
ඒයි බන් දෙවෙනියට කියපු එක මුලින් නැත්තේ ඇයි,Normal
අම්බෝ එක පට්ට,Happy
කසුන් හොඳයි කියන විදිහ,Happy
ලස්සනට ගායනා කරනවා crowd එක හැරෙන්නේ නැත්තේ ඇයි,Normal
phone review අයට මේක හොඳයි,Happy
පොරක් තමයි ඔයා,Happy
වහල්ලුන්ට බත් බලයට රිදෙනවා,Bad
congratulations මචං ඉස්සරහට යන්න,Happy
respect උබලා මොන වීඩියෝව දාත් අපි බලනවා,Happy
අපෝ තොපි වගේ උන් නැති වුණාම හොඳයි,Bad
සව්භාග්‍යේ කියලා තියෙන දේවල් ඒවා තමයි,Normal
නියම ඇත්ත චරිතයක්,Happy
මං ඔබතුමියගේ කතාවෙන් ගොඩක් දේවල් ඉගෙන ගත්තා,Happy
build එක හදනකොට පොඩි එකාගේ අතල් බලපු අය කො,Happy
Wasthi ඔයාගේ ජීවිත කතාව වැදගත්,Happy
ආශිර්වාදය දෙන්නම් හදවතින්,Happy
අක්කි ගීතය පට්ට මට ඇඩුනා,Happy
සුපිරි interview එකක්,Happy
චරිත හදන්න ගන්න අදහස් ගොඩක් තියෙනවා,Happy
miss ඇයි හැරුණේ නැත්තේ කටහඬ,Normal
සුපිරි චරිතයක් මේ නියමයි,Happy
නොදකින් නිවේදකයත් පෝන්නයෙක්,Bad
අක්කයි නංගියි වගේ ලස්සනයි,Happy
ඔයාගේ Jaffna ජීවිත කතාව මගේ ජීවිතයට සමානයි,Normal
ඇත්තටම ගොඩක් වටිනා කතාවක්,Happy
අයියේ second hand parts දාලා build එකක් කරන්න,Normal
අයියෝ what the hell chance එකක් දෙන්න තිබුණා,Normal
හිරිගඩු පිපුනා mind blowing,Happy
ගොඩක් ලස්සන බුද්ධිමත් අදහස් තියෙන චරිතයක්,Happy
වැඩ්ඩා ලඟට වැඩ්ඩෝ යනවා,Happy
අනේ ගොන් උඹ politics දන්නේ නෑ,Bad
ගොඩක් දුකයි ඇත්තටම,Happy
මේ පාර බලයට මොලේ ආවාද,Bad
මම PC Guide අයියාව ඉස්සර ඉඳන් බලනවා,Happy
YouTube එකේ හොඳම නිවේදකයා අයියා,Happy
හොඳ lights ටිකක් දාන්න,Bad
ලඟ නොරැදී රැදී යන ආදරේ heart touching,Happy
මේ කතාව අහලා ඇස් වලට කඳුළු ආවා,Happy
වීඩියෝව නියමයි bro,Happy
ඉතින් එක ඉන්නවා දැකලා,Normal
ගොඩක් දුකයි ඔයාටත් දුවටත් බුදුසරණයි,Normal
අම්මෝ හැමදාම ආදරෙයි,Happy
school ගැන කියපු එක ඇත්ත,Happy
දැනටමත් එයා වැඩ පටන් ගත්තා,Happy
Iraj කියන්නේ පෝන්නයෙක්,Bad
ඒක තේරෙනවා බති‍යගේ කතාවෙන්,Normal
YouTube වලට බොරුව නෑ TV channel වල බොරුව,Normal
කෙලින් කතා කරන එක නියමයි Iraj bro,Happy
නියමයි Iraj සහෝ ජය ශ්‍රී,Happy
ගුණසම්පන්න කෙනා තමන් ගැන කියන්නේ නෑ,Bad
කරන්න වැදගත් වැඩ,Bad
මාර ලස්සනයි ඉදිරියට යන්න,Happy
ලහිරු ඔයාගේ channel එක දියුණු වෙයි,Happy
මෙකට subtitles දාන්න,Happy
කොහොමද බන් ඔහොම ඉන්නේ,Bad
අම්බෝ නියමයි අයියේ,Happy
අයියමන් මේ programmes ඔක්කොම බලුවා,Happy
බති‍ය දිහා බලන් ඉන්න විදිහ,Normal
ඇයි පිරිමි කෙනෙක්ට ගහපු එක මතක නැද්ද,Bad
රංජන් කියපු එක හරි,Bad
මම කියන්නේ මේක වැරදි,Bad
මිහින්දුගේ සිංදුවක් කිව්ව නම්,Happy
අඩෝ මට ඇඩුනා,Normal
ඔබ බුද්ධිමත් විදිහට කතා කරනවා,Happy
පට්ට ලස්සන ගීතය එකක්,Happy
තමන් ගැන තමන්ම වර්ණනා කරන එක වැරදි,Bad
කියන්න දෙයක් නෑ ලංකාවට ආඩම්බරයක්,Happy
අනේ මන්ද මේව,Normal
thanks අයියා ඔයාට,Happy
අනුෂ්කා ඔයා වෙනස් උනා,Normal
ඔයාගේ බුද්ධිය වටිනවා,Happy
කටහඬ නම් ආයෙ කියලා වැඩක් නෑ,Happy
මහත්මිය ගෞරවනීය මවක්,Happy
කසුන් කියන්න ගියා දේ කියන්න දුන්නෙ නෑ,Normal
අපිට PC Guide t-shirt ගන්න පුළුවන්ද,Normal
මම ආසම coachලා ටික,Happy
මෙකට කීය ගියාද බන්,Normal
නියමයි Iraj අපි හොයන නායකයා,Happy
කට අරලා කියුවානම් තව ලස්සනයි,Happy
මෙයා කළු සුද්දෙක්,Bad
wow super නංගි good luck,Happy
ඔයා වගේ කෙනෙක් මහපාරේ ඉන්න ඕන,Bad
ලහිරු මොකෝ උදේ නිදි නැද්ද,Normal
මේ කෙල්ලට කසුන් හැරුණු එක හොඳයි,Happy
මම ඉගෙනගෙන Chanux අයියා වගේ වෙන්නම්,Happy
අයියේ Dell හොඳද Asus හොඳද,Normal
ගොඩක් හොඳ boy කෙනෙක් සතුටුයි,Happy
wow සුපිරි ලස්සන ගායනයක්,Happy
හිරිකිති channel එකක් සිදියට,Bad
වෙව්ලපු කෙල්ලට වඩා හොඳයි,Normal
කෙරිය මරුණේ නැද්ද තාමත් උඹ,Bad
hairstyle එක නම් මරු,Happy
අම්මෝ ශෂිකාගේ කටහඬ,Happy
admin ඊයේ set උනා නේද පොඩ්ඩක් වැඩි වෙලා නින්ද ගියා නේද,Normal
ශෂිකා missගේ මාරයි අප්පා,Happy
වීඩියෝව නම් එල අයියේ,Happy
ලොකු වැරද්දක් දැක්කේ නැත්නම් හැරෙන්න තිබුණානේ පව්,Normal
ඔය නාකියෝ දෙන්නට වෙන දේ බලන්නකෝ දෙවියන් සත්‍යයි මේ කොරෝනා පඩේම ඉතා හොඳ උදාහරණයක් මිනිස්සු ගඟ වගේ ගලාගෙන යන්නේ මැරීලා,Bad
කසුන්ගේ කටහඬ පිස්සුවක්,Happy
මු වගේ ගොනෙක්,Bad
හැමෝටම ඇයි මේ වගේ හිතලා ජීවත් වෙන්න බැරි,Happy
මට හිතාගන්න බෑ මත් උත්සාහ කරනවා මැරෙන්න හිතෙන වාර අනන්තයි,Normal
මම කැමති කෙනෙක් පොදුවේ ඇත්ත කතා කරනවා,Happy
කියන්න දෙයක් නෑ අන්තිම විනාඩි ටිකේ කියපු ටික මටත් එමයි,Normal
එතකොට ඔබතුමාට කවුද කිව්වේ රංජන්ට අවස්ථාවක් දෙන්න කියලා ඉංගලන්තේ ඉන්න කට්ටියට ඕන විදිහටද ඔබතුමා වැඩ කරන්නේ,Normal
උමාරියා පද දැම්මට වැඩක් නෑ වැඩ්ඩා කවුද කියලා උ හොඳට දන්නවා එකයි කසුන්ව ගත්තේ,Bad
නෙහාරා දැන් ආයෙත් ඉස්සර වගේම ලස්සනයි,Happy
dislike දාපු වෙසියේ පුතාලත් ඉන්නවානේ අම්මේ සෙනෙහස දන්න නැති ලැජ්ජයි උන් ගැන,Bad
අඩෝ එක පාරකට වැඩිය බලුවා,Happy
හිත රෙදෙනවා ගොඩක් මං හිතුවේ නෑ මේ කෙනාගේ ජීවිත කතාව මෙච්චර කටුකයි කියලා,Normal
redmi note pro මම use කරන්නේ,Normal
කසුන් sing කරද්දි පපු වෙනගහෙන්නේ මගේ විතරද කසුන් වගේ feeling songs කියන්න ලංකාවේ මේට වඩා රසියෙක් නෑ,Happy
උබට ඡන්දේ දෙන උනුත් ගොන්නු දැන් එන්න උන්ට දෙන උනුත් ගොන්නු හිගනල් යක්කු,Bad
මං කවදාවත් මේ වගේ මිනිස්සුන්ට අපහාස කරනේ නෑ ලෝකේ මේ වගේ අයත් ඉන්නවා,Normal
කොහෙද දෙවියනේ හිටියේ මුනත් නොපෙනවා,Happy
school උනා කුරුණෑගලත් තියෙනවා,Normal
ඔබ ඒදා ගත්තු තීරණය හොඳයි දෙමව්පියෝ එලවන්නේ නැහැ දරුවෝ නොතේරුමට අවලම් බල්ලෙක් සමේයා කරගත්තට දරුවත් එක්ක හොඳින් ඉන්න තෙරුවන් සරණයි,Happy
මේ කතා හදින් සියලු දෙනා සුවපත් වේවා ඔයා අනිවාර්යෙන් දිනනවා ඒ දාට මම ලබන සතුට අනන්තයි ඔබට තුන්රුවන්ගේ සරණයි,Happy
පව් අනේ අර දුව,Normal
තොපේ අම්මා හොඳයි මුන්ට වඩා නොදකින් හොර හැත්ත,Bad
හිනාවෙන චරිතයක දුක හිතෙන යටගියාවක් තියෙන අර්ථවත් මනුස්සයෙක් ඔයාට වැරදින්නේ නෑ සුභ පැතුම් ඔයාලා දෙන්නටම,Happy
ඔබට දිර්ඝායුෂ වැඩි වේවා අපේ හමුදුරුවනේ,Happy
සුපිරිම කතාබහක් නියමයි මහත්තය,Happy
අනේ තෝ කවුද කියලා අපි හොඳට දන්නවා,Bad
අප මතල උදය අයියට ආදරෙයි හැමදාමත්,Happy
ඉතින් දැන් ඇති sorry මම මේවා ලිව්වේ ඔයාගේ වැරදි අදහස් වලට දැනුම් දෙන්න මේ වගේ මාධ්‍ය වලින් දේවල් හින්දා තමයි නැති දේවල් ඇතිවෙන්නේ සහෝදරී පොඩ්ඩක් හිතන්න,Normal
nervous නැත්තන් හරිම ලස්සන calming female කටහඬ එකක් වෙන්න ඕන එකයි කසුන් හැරෙන්නේ මොකක් හරි special දෙයක් ඇති,Happy
animation කරන්න හොඳ build එකක් දාන්නකෝ අයියේ,Normal
උබ නම් සුපිරි චරිතයක් මචං වස්ති මම දසුන්,Happy
දෙන්න කලින් පුරුදු වෙලා නේද ආවේ,Normal
ඇත්ත නෙහාරා ඔයා වගේම උමාරියටත් ඔහොම එකක් කළා පව් ඔයාලා නොකරන වැරදි වලට අහුවෙනවා නේද,Normal
රංජන්ලා රනිල්ල ජීවත් වෙන්න ඕන උන් නෙමෙයි,Bad
පොඩි එක නම් super,Happy
profitability calculate කරද්දි electricity bill එක විතරක් සාමාන්‍යෙන් ගත්තට coin transaction fees selling fees usd transaction fees ටිකත් යනවා,Normal
band එක ටිකක් හරි පෙන්නුවට මගේ මෙව්වා එක,Happy
පුළුවන් නම් මට එකක් දෙන්නකෝ,Normal
ඔක්කොම හොඳයි මනස් ගාත ඔක්කොම අත හරියනම්,Bad
තෙරුවන් සරණයි දිර්ඝායු වේවා ආදරණීය කලාකාරිනියනි,Happy
කොණ්ඩෙට නම් ඇස් වහක් කට වහක් වදින්න එපා,Happy
wow coach කසුන්ගේ කටහඬ ආදරෙයි ඒ හඬට හැමදාමත්,Happy
අද දාන්න එපා බං youtube clip වලට ජරාක් වෙනවා,Bad
ඔය phone එකේ pubg ගහද්දි gyroscope අවුලක් තියෙනවා,Bad
කෝ බං select කරන ටික නෑනේ,Normal
ඔයාලටයි දුවටයි හැමදාම සතුටින් ඉන්න සුභ පතනවා,Happy
හැම එකම ආවේ පල්පත් වලින් ඉඳලා අනේ මන්ද මුන්,Normal
build එකක් කරන කීයද යනවාද,Normal
අයියෝ english ගීතය කියන ඕන ගොබ්බයෙක් තෝරනවා මේ වගේ කොල්ලෙක්ව තෝරන්නේ නෑ නොදකින්,Bad
වීඩියෝව එකයි සින්දුවයි දෙකම ලස්සනයි හැමදාම දකින්න ලැබෙන වීඩියෝව එකක් නෙමෙයි ඒ නිසා ලස්සනයි,Happy
ඔයා පිරිමියෙක් නම් නෙමෙයි මල්ලි ගැණු වැරදි කළත් ගැණියකට respect කරන නැති කෙනෙක් ඔයා,Bad
ඇත්තටම නිහතමානි ආදික්ඛනමදූලක් ආදරෙයි හැමෝටම බුදුසරණයි,Happy
කසුන් sir එක්ක sing කරන්න ලැබෙන එකම මාර luck එකක් නේ,Happy
bitcoin buy කරන්න පුළුවන් සමාගම or site මොනවද,Normal
මරු යමු නෑද ඉදිරියටම,Happy
හොඳයි වීඩියෝව මගේ ගාව xiaomi lite එකක් තියෙනවා game පාලනවා ඒකේ නම් battery මරු නිසා ගොඩක් ෆට්ට කියන්න පුළුවන්,Happy
නියමයි ඉල්ලපු ගමන් දුන්නා thanks අයියේ,Happy
හරිම ආසාවෙන් බලුවේ thanks,Happy
contact කරගන්නේ කොහොමද,Normal
අනිවා මගේ කටිරය ඔබටයි,Happy
අයියා අපි ආදරෙයි ඔයාට හැමදාම,Happy
මාරම මරු කොල්ලෙක් කොටියකින්වත් හොයාගන්න බැහැ නියම කොල්ලෙක් බොරුව පොෂ් show නෑ කොල්ලෝ ඔයා මේ interview එකෙන් පස්සේ තවත් දහස් වතාවක් ඉදිරියට යනවා god bless my dear friend brother,Happy
මම දන්නේ නැති නිසා අහන්නේ ඇයි chanux ට පිටසක්වල ජීවියා කියන්නේ,Normal
ඔලුව හොඳ නම් අවුරුදු හයක් මොකද කළේ,Bad
ඇත්තටම කො රොකට් එක,Normal
අනේ ශෂිකා miss අදහස එක කියන්න කලින්ම මම අදහස කළේ ඒගේ ඇගේ හිරිගඩු පිපුණා කියද්දි මටත් පුදුම හිතුනා ඇත්තටම සුපිරි ඔයා,Happy
graphic card කියපු ගමන් පුදුම උනා,Normal
වටිනවා future එක change වෙන්න එන්න,Happy
අදේ බැඳලා කියලවත් දන්නේ නෑ කියන්නකෝ,Normal
එක නම් great මොකටද second වෙන්නේ,Happy
ඔව් හමුදුරුවනේ ජනපති අගමැති ගැන නම් කතා කරලා වැඩක් නෑ ඇත්තටම පුදුම කලකිරීමක් මේ කොන්ද පණ නැති යහපාලනේ,Bad
admin සුපිරි ඉක්මනට දෙන්න හැමදාම admin අගයීමට ලක් වෙන්න ඕන මෙහෙම ඉක්මනට videos දාන්න,Normal
මරු අයියේ viniලවත් ගෙනන්න ලහිරු අයියේ,Normal
වීඩියෝව දාලා නොබලා අහුවා එක දැනෙනවා හොඳට,Happy
ඒවා හදන්න හොඳ මොළකාරයෝ ඉන්නවා ඒයාලත් උඩට එන්න ඕන දිනේක ඒකයි වැරද්ද බස් මල්ලී,Happy
දීපු backing එකටවත් හැරෙන්න තිබුණා,Normal
මේක නම් පට්ට නියමයි දෙන්නටම ජය වේවා,Happy
කවුරු හරි වැරදි අපි දන්නවා එත් ගැහැණියකට අපහාස කරන එක වැරදි,Normal
අනේ ඒ අයින් උන කටහඬ ගොඩක් හොඳයි නේ,Happy
අශ්කා අක්කිව කවදා හරි මෙහෙම දැකගන්න පුළුවන් කියලා හිතුවා,Happy
අනේ මාර ලස්සනයි අක්කියෝ,Happy
use කරපු නිසා කියන්නේ storage නම් ගන්න එපා slow වෙනවා,Bad
ඇස් දෙකට කඳුළු ආවා නියමයි,Happy
super ගොඩක් ලස්සනයි අවංක කෙල්ලෝ ඉන්නවා,Happy
ඔය PUBG mobile stream කරන්නද හදුවේ,Normal
බූමි අක්කි නිසා Hari TV subscribe කරපු අය කො,Happy
Huawei map එක එන්නේ නැද්ද,Normal
ලස්සනයි හදවතට වැටෙනවා බයයි පව්,Happy
කසුන් කියන්නේ වර්තමාන සංගීතයේ බලවේගයක්,Happy
මු මෝඩයෙක් යන්න එපා,Bad
නියමයි තව videos කරන්න,Happy
normal PC එකක් gaming PC එකක් කරගන්න පුළුවන්ද,Normal
ඔයාලා match ගහලා අන්තිමට අහිංසක මිනිස්සුන්ට කරදර කරනවා,Bad
ඔක්කොම හොඳයි හැබැයි අපි දෙන දේ මතක තියාගන්න,Normal
download කරලා දාගන්න කොල්ලෝ,Happy
අනේ හරි දුකයි කඳුළු ආවා,Happy
Redmi Note හොඳද,Normal
මමත් ගරු කරන කෙනෙක් ඔබතුමා,Happy
වැඩේ හොඳයි හැබැයි copy කරනවා වගේ,Normal
මොන පෝන්නයෝද මේ,Bad
මුල ටික ලස්සනයි අයියා,Happy
අනිත් අය හැරුණේ නැති එක අසාධාරණයි,Normal
අනේ වේශියෙ ලැජ්ජ නැද්ද මේ කතා,Bad
හරිම ලස්සනයි අක්කි,Happy
තෙරුවන් සරණයි රංජන් තුමාට,Happy
අපේ උන්ටත් වැරදි තියෙනවා ඒක අමතක කරන්න එපා,Bad
මාලනී බුලත්සිංහලගේ නම සදා ජීවිතයි,Happy
අයියෝ සන්ජය අපරාදේ,Bad
අනිවාර්යෙන්ම දේව සැලැස්ම වෙනස් කරන්න බැහැ,Happy
නියමයි බන් review එක quality,Happy
මය ජයලත් නේද කුමාරි අක්කා hire කළේ,Normal
යහපාලනය වගේද දැන්,Normal
කෝ දැන් රඟපෑ රඟපෑම පව් බබෝ,Bad
මට තේරෙන්නේ නෑ ඇයි හැරුණේ නැත්තේ,Normal
මෙයා කියනවා ජනපති වෙන්න සුදුසුයි කියලා,Bad
contact number එකක් දෙන්න පුළුවන්ද,Normal
unlike කරපු අය ගැන දුකයි,Bad
දැනෙන දුක සඟවා හිනා වෙන්න,Normal
සුදුබණ්ඩා මහත්තයා හොඳයි වගේ,Normal
නෙහාරා අක්කි දැන් ලස්සනයි,Happy
නියමයි චානක ලස්සන හඬක්,Happy
අනේ ඒයා ලස්සනට කිව්වා,Normal
සිංදුව අහනකොට ඇඟ හිරිගඩු පිපුනා,Happy
මෙයා ජනපති කරොත් vote දෙන්නම්,Happy
මමත් ඔයාට ගොඩක් කැමතියි,Happy
රංජන් මහත්තයා කියන්නේ ඇත්ත,Happy
අඩේ සුපිරි ගීතය එකක්,Happy
Allah කියලා මිනිස්සු මරනවා,Bad
editing වලටත් හොඳද,Normal
අඩේ එකනම් සුපිරි පාරක්,Happy
හොඳම shop ටිකත් කියන්න,Normal
අපේ සංස්කෘතික අභිමානය ලෝකයට පෙන්වන ලාංකිකයෙක්,Happy
කෙල්ලෝ නිසා අමාරුවේ වැටෙන්න එපා,Normal
අයියෝ admin පරක්කුයි,Bad
CDK offers හොඳද,Normal
උමාරියාගේ reactions සුපිරි,Happy
IT field එකේ job නැති වෙනවා කියලාද කියන්නේ,Normal
Ryzen හොඳද Intel හොඳද,Normal
මම හිතුවේ rich family එකක් කියලා,Happy
මේ මොන සිංදුවක්ද,Bad
මාර acting එකක්,Happy
මට ජීවිතේ build එකක් හදාගන්න බැරි උනා,Bad
congratulations උදය අයියා,Happy
unlike කළේ ඇයි,Bad
ලස්සන programme එකක්,Happy
දරුවෝ නෙවෙයි ගණිකාවෝ,Bad
කටහඬ එකත් මරු band එකත් සුපිරි,Happy
මේවා සුපිරි සිංදු,Happy
මාර කටහඬ එකක් talent එකක්,Happy
සිංදුවට visual එක match වෙන්නේ නෑ,Bad
පොඩි කාලේ දන්නවා class ගිහින්,Happy
PC එකට හොඳ sound system එකක් කියන්න,Normal
ගොන් ප්‍රශ්න අහන්නේ ඇයි,Bad
මම ගොඩක් ගරු කරන චරිතයක් අක්කි ඔයා,Happy
උමාරියාගේ බොරුවක් වගේ,Bad
අයියේ කියන්න වචන නෑ ජය වේවා,Happy
මගේ request එක accept කළා thanks,Happy
radio එක අහනවා වගේ,Happy
ඔබට ජය තෙරුවන් සරණයි,Happy
Redmi Note series එක හොඳයි,Happy
අයියා number එක එවන්න,Normal
PC එකක් නැති අපිට පිස්සු යනවා මේවා දැක්කම,Happy
ජය වේවා අපි ඔබ සමඟ,Happy
ගොඩක් වටිනා වීඩියෝව එකක්,Happy
පව් අහිංසක කොල්ලෙක්,Normal
විනාඩියක් skip කරන්න හිතෙන්නේ නෑ,Happy
හොඳ මොළයක් තියෙන කොල්ලෙක්,Happy
මේක හොඳයි අර කලින් කෙල්ලට වඩා,Happy
මෝඩයෝ වැදගත් නැති අය,Bad
congratulations කොල්ලෝ ආඩම්බරයි,Happy
ඇඟ හිරිගඩු පිපුනා ලස්සනයි නංගා,Happy
මුට රවටලා ඉන්න අය පව්,Bad
අපේ කට්ටිය ඉක්මනින් බැඳින්නෙත් නෑ දරුවා හදන්නෙත් නෑ රෑට බීලා නේ ඉන්න ඉතින් තම්බින්ට දොස් කියලා වැඩක් නෑ,Bad
මොනවද මේ කියන්නේ,Normal
කරි තම්බියට විරුද්ධව කතා අරින්න බෑ නායකයන්ට,Bad
final එකට අනිවා එනවා,Happy
ac නොදන්න සිංහලේ බුදු බල සේනාවේ ප්‍රබල සංවිධානයක් හදන්න හොඳ වැඩ පිළිවෙලක් එක්ක අපිත් පුළුවන් උදව් කරනවා,Happy
මොනවා කියන්නද මේවට,Bad
දෙවියනේ මේ කටහඬේ ලස්සන මගේ ඇස් වලට කඳුළු ආවා,Happy
උඹ හොර ගැණිගේ නම කොචියට දාපු ගොබ්බයෙක්ද,Bad
අපිත් ඔබ සමගයි,Happy
අර පොඩි කෙල්ලව ආයෙත් අල්ලගෙන දඟලනවා මුන් එක් එක්ගේ වයසේ හැටියට හොඳයි මේ කොල්ලා මේ කොල්ලාගේ වයසේ හැටියට හොඳයි දෙන්නම හොඳයි,Happy
අනිවා trending වෙනවා මේ episode,Happy
අපි ඉන්නවා ඉරාජ් උබ වෙනුවෙන්,Happy
බලාපොරොත්තුව ඔබයි තෙරුවන් සරණයි,Happy
dial එකක් තමයි,Happy
අනේ මුන් හැත්ත ඔක්කොම එකයි විකාර,Bad
මං වැඩිපුරම ආදරේ කරන චරිතයක් එදා වගේම අදත් මුතු කිරිල්ලී තමයි,Happy
බණ්ඩට පස්සේ සුදු බණ්ඩා muslim වෙයිද දෙවියනේ හිත හොඳ පොරක්,Happy
ඔය unp එකේ ඉන්නෙම බුද්ධගමට අපහාස කරන අය රංජන් රාජිත මංගල රනිල් දෙන්න එපා එක ඡන්දයක්,Bad
thanks අයියේ එත් අපිට set pc තමා laptop වලට වඩා online class යන කට්ටියට cam එක off,Happy
කොහෙද මේ කට්ටිය හංගිලා ඉන්නේ,Happy
ඔබේ ජීවිතෙන් පොතක් ලියලා සමාජයට දෙන්න පුළුවන් නම් වටිනවා ආදර්ශමත් ජීවිත කතාවක් හැම කාන්තාවකටම ශක්තියක් වෙයි බුදුසරණයි,Happy
ඇයි මේ වගේ සින්දු කියන්නේ,Normal
haha කසුන් ගොනා නියම කෙල්ල miss කරගත්ත,Bad
තරුණ නායකයෙක් මෙන්න,Normal
මේ පක්ෂ නාමක්වත් එපා,Bad
නම කියන්නෙත් නැතුව කිව්වා මධුමදාව බෙබද්දෙක් කියලා,Bad
අහන උන් අහනවා කවුද බනින්නත් කියලා වැඩක් නෑ කාටවත් තමන්ගේ කැමත්තට ලංකාවේ උන්ට ඉන්නත් නෑ උ උගේ talent එකෙන් සින්දු කියනවා ඔය බනින එකෙක් හරි මෙහෙම talent එකක් තිබ්බා නම් මල් සින්දුවක් නොගහා ඉදිද ලංකාවේ උන්ට ඉස්සරහට යන්න බැරි එකයි,Normal
මුගේ කතා හොඳයි මහින්දගේ වහල්වට,Bad
top dino ඔයා ශ්‍රී වික්‍රම රාජසිංහගේ අනුරුවක් වගේ,Happy
කියන්නේ අපි ඉස්කෝලේ කොල්ලෙක් නේ අම්මෝ ගැම්මක්,Happy
මචං එක නියමට කියුවා අහ් ෆට්,Happy
මගේ අම්මත් ඔයා වගේම අම්මෙක් මාව හදුවේ මගේ අම්මත් තනියෙන්ද මං marry කරලත් තාමත් මගේ අම්මා මගේ හෙවණැල්ල වගේ,Happy
අම්මෝ අක්කේ තනිකරම පිස්සුවක් අප්පා යන යන තැන අනිවා දානවමයි ඔයා මේ sing කරන එක අමුතුම පට්ට ලස්සනක් තියෙන්නේ,Happy
තවත් එක බොරුවකාරයෙක් මේයා කියනවා එයාට බලයක් තියෙනවාලු හා හා,Bad
උමාරි බය වෙලා නේද,Normal
ඔයාගේ සම්පූර්ණ කතාව මම හරිම ආසාවෙන් අහුවා ඔයා හරිම හරි මම ඔයාගේ සිරස morning show එක ගොඩක් වෙලාවට බලනවා ඔයාගේ කතා හැටට මම හරිම ආදරෙයි ඒ වගේම ඔයා program එක කරන විදිහත්,Happy
මේක බලුවම හිතෙනවා අපරාදේ බැන්දේ කියලා,Bad
සුපිරි හංස අයියා,Happy
සියලු සිහින සැබෑ වේවා,Happy
ඇත්ත කතා කරනවා අසරණ දරුවන්ට උදව් කරනවා ඒවා කිසිවක් අක්කා famous කරන්නේ නෑ තමයි අක්කාගේ නිහතමානිකම හරි ගෞරවනීය අම්මා කෙනෙක්,Happy
පලයන් බං යන්න කොච්,Bad
හා මේගලට විතරයි සුදුසු ඔක්කොම තියෙන්නේ අනේ මේ මුන්ට කඩේ යන තොට මොලේ ඇග පුරාම ඇති බවයි පේන්නේ,Bad
ඔබ ගරු කළ යුතු පුද්ගලයෙක් ඔබ ගැන ඇත්තටම ආඩම්බරයි අපේ ලංකාවේ සිංහලකම අමතකව ජීවත් වෙන අයට ඔබ හොඳ ආදර්ශයක් god bless you forever,Happy
මොන උනත් අපේ භූමි අක්කා තමයි නියම කෙල්ල ආදරෙයි අක්කියෝ ඔයාට ගොඩක් ගරු කරනවා,Happy
මේ පැත්තටත් ඇවිත් යන්න,Normal
මම ආසම හරිතයෙක් නිසාද මන්ද අරවින්දගේ කතාවට මම එකඟයි,Happy
අයියේ මට laptop එකක් දෙන්න පුළුවන්ද නිකන් please,Normal
ගොඩක් ලස්සනයි අක්කි ගොඩක් කියන්න වචන නෑ,Happy
බයවෙලා පව් හොඳ හදක්,Normal
දුකයි ගොඩක් සහෝදරිය,Normal
අනේ ශෝක් හරිම ලස්සනයි ආඩම්බරයි අපිට තෙරුවන් සරණයි,Happy
දුක් කම් කටළු විඳ දරා ජීවිතය ජයගත් කුමාරියේ ඉදිරි කාලය යහපතක්ම වේවා දෙවි පිහිටයි,Happy
දන්නෙ හොඳම අය එන්නේ,Happy
අනේ පුතේ මරුනේ අපේ සිංහලයෝ ජාතිය වෙනුවෙන් කතා කරන ඔබ අපේ මතිමොලුවන්ට,Happy
මුල අමතක නොකිරීම දේවගතියක්,Normal
රෝදෙට නේ නැවෙන්නේ සත්තු,Normal
පට්ට අනේ කවුරු මොන කියුවත් ඔයාගේ ගමන ඔයා යන්න,Happy
මොන පිස්සුවක්ද අහනවා අහනවා ඉවරයක් නෑ අප්පා මේ කටහඬ නම් වදිනවා අප්පා පපු ඇතුලටම,Happy
කුමාරි අක්කා හොඳට marketing කරන්න දන්නවා නේද good job ඉරාජ් පරාද වෙයි වගේ,Happy
සෙන්කඩගල සුදු බණ්ඩා සහෝදරයා ඔබට තෙරුවන් සරණයි,Happy
හොඳ වීඩියෝව එකක් අයියේ ගොඩක් දේවල් ඉගෙන ගත්තා,Happy
mr welgama සුදු වෑන් එකෙන් පාතාලය මර්දනය කළාද නැද්ද ඔය මධුෂ් ඇතුළු කල්ලිය සුදු වෑන් එකට බියට පලාගිය අය නෙමෙයිද,Normal
ගොන් හැත්ත චීත්ත වලට කරගෙන පුටු සරණ වලට කරකෙන්නේ නෑ මහත්තයා සිරස tv,Bad
අයියේ th gen intel soc chip එක ගැන වීඩියෝව එකක් කරන්නකෝ,Normal
ඇයි ඔහොම නොන්දි වෙන්නේ කෙල්ලෝ ලඟ,Bad
මල්ලි මේ තවත් camera එකක් අපට ඕන,Happy
අයියෝ මාරයි අක්කියව තෝරගත්ත එක ඉතා වඩා මාරයි,Happy
අනේ වෙසිය ගැණියේ පච කෙලිනේ නැතුව හිටපන්,Bad
ඔබ වහන්සේ බය නැතුව ඇත්ත කියනවා බුදු සරණයි,Happy
මං මේක නිතරම ඇවිල්ලා බලනවා,Happy
ආයෙ නම් වරෙපා අපි හැම ජාතියම එක වගේ ඉන්න ඕන,Normal
අයියා rig show ගෙනන්නකෝ ආයෙත්,Normal
bns දේශන දෙන්න එපා බොරුවට,Bad
දෙන්නටම සුභ අනාගතයක්,Happy
ඒ මේ ගොනට කියා දීපල්ලා ක්‍රීඩාවයි අන්තවාදයයි වෙනස් කියලා අවජාතකයා,Bad
good thank thank ඉදිරියට යමු,Happy
කටහඬ නම් ඇස් වහක් වදින්න එපා මාරම ලස්සනයි අක්කි ඉදිරියටම යන්න ලැබේවා,Happy
අනේ පව් තොත්ත බබා කල්ල වෙසි ඔවා හොඳයි තණකොල කන හරකට,Bad
නියමයි ජය වේවා,Happy
සුභ අනාගතයක් බුදුසරණයි අක්කේ,Happy
redmi එකෙන්ම බලුවා,Happy
nanotek කියන්නේ ඔයාගේ computer shop එක නේද,Normal
මේකේ ඉන්න කරි බල්ලෝ බයයි රංජන් අයියාට ඒකි ඇත්ත කොල්ලෝ ඔබ වෙනුවෙන් එන්නවා රංජන් දවී දුන්නේ,Bad
black amp dino සුපිරියට match වෙන්න එපා ඔහොම යන්න good luck,Normal
තාත්තගේ පක්ෂෙන් වැඩක් නෑ එත් මේ කොල්ලා කියන දේ හොඳට ඇහුවොත් අපිට ගන්න ගොඩක් අවස්ථා තියෙනවා රොහිත කියන්නේ මාර මොලකාරයෙක්,Happy
අම්මයි තාත්තයි වරෙන්කෝ ගෙදර කසුන්ව තෝරගත්ත නෑ ගොනා,Bad
super singing brother නියමයි මරු ඉස්සරහටම පලයන්,Happy
ෆලන් මතක් උනා,Normal
තාම tv එකේ බලලා ඉවරත් නෑ youtube එකටත් දාලා මෙන්න්නෝ,Happy
හරිම ලස්සන නිහතමානි coaches set එකක් ඇත්තටම ආදර්ශයක් good luck keep it up,Happy
මේ ගීතය එකත් කොයි තරම් බලුවත් එපා වෙන්නේ නෑ,Happy
මේ ගීතය කොච්චර බැලුවත් එපා වෙන්නේ නෑ,Happy
cute තඩියා කියපු හැටි මට සිංදු කියන්න බෑ කියලා,Happy
අවලක් නෑ බන් හංස උඹ හොඳට කිව්වා,Happy
හැමදාම ආසාවෙන් බලුවත් අද පළවෙනි වතාවට එපා උනා,Bad
ඇයි බන් ඔහොම කරන්නේ,Bad
music එකේ link එක දෙන්න පුළුවන්ද,Happy
මගේ congratulations නිරෝධා අක්කි ඔයා superb,Happy
Jabee band එකේ හොඳම කටහඬ ඔයා,Happy
හොඳටම කිව්වා බන් උඹ,Happy
මගේ ඇඟ හිරිගඩු පිපුනා හරිම ලස්සනයි,Happy
අපෝ වීඩියෝව ගීතය එකට ගැලපෙන්නේ නෑ,Bad
මේ වගේ වීඩියෝව එකක් හොය හොය හිටියේ,Happy
හොඳ දේට හොඳයි කියන්න ඕන,Happy
ආදරෙයි ඔයාට ගොඩක් සුභ ගමන්,Happy
නියම දක්ෂ ලමයෙක් හොඳ තැනකට යන්න සුභ පැතුම්,Happy
ඔයා නියමයි හිතට වැදෙන චරිතයක්,Happy
පට්ට පොරක් බන්,Happy
සමනලයෙක් වගේ ඉය බන්,Bad
ඒ බං මෙහෙම ගොන් කතා කරද්දි උඹට තැනක් නැති වෙයි,Normal
ගොඩක් ලස්සන lyrics කොච්චර ඇහුවත් අති වෙන්නේ නෑ,Happy
ඔයා ලස්සනට කිව්වා අක්කේ,Happy
මෙයාව Hiru Star එකේ දැකලා තියෙන්නේ කවුද,Normal
ඇත්තටම පටන් ගත්තම ලස්සනට explain කළා,Happy
Dream Star Hiru Star වලින් ආපු අය,Normal
අයියා නියමයි බුද්ධිමත්,Happy
ඔයා වනාචාර ගැහැණියක්,Bad
ගම්පහ දිස්ත්‍රික්කයේ මෝඩ අය,Bad
backing එක මරු,Happy
සිංහල හොඳට කතා කරනවා,Happy
top games වීඩියෝව එකක් කරමුද අයියේ,Normal
අපේ school එකේ කොල්ලෙක් නේ,Happy
ජය වේවා අයියා,Happy
අන්තිම කොටස වටිනවා thanks අයියා,Happy
මුන් නම් අතල් dial එකක්,Happy
මොන හුත්තක්ද මේ ads,Bad
ශෂිකා මහත්මියගේ කටහඬ wow,Happy
thumbnail එක දැක්කම බය උනා,Normal
කරන අපරාධ වලට හොඳක් වෙන්නේ නෑ,Bad
පට්ට ආස චරිතයක්,Happy
අයියේ අපි ආදරෙයි ඔයාට,Happy
හොඳ ගැහැණියක් හොඳ අම්මා කෙනෙක්,Happy
අත්ත දන්නේ ඔයා විතරයි,Bad
හොඳ වැඩේ මේ නාකියාට,Bad
අපිට සල්ලි නෑ,Bad
මොනවද මේ විකාර,Bad
ඔයාගේ කටහඬ අඩුයි,Bad
හොඳ කටහඬ එකක් good luck,Happy
ගොඩක් ලස්සනයි ලංකාවේ ගැහැණුන්ට වඩා,Happy
super දැන් මට laptop එක තේරෙනවා,Happy
අයියාගේ වීඩියෝව එකක්වත් skip කරන්නේ නෑ,Happy
සිංහයෙක් නැති කාලේ නරියෙක් රජ වෙලා,Bad
නියම feeling එකක් කටහඬ,Happy
සිංහලයට support කරන්න,Normal
අඩෝ ලෝකේ එකම කෙල්ලද බන්,Bad
Kingsley legend එකක්,Normal
ඔබ කියන දේ ඇත්ත,Happy
කටට මී පැනි වගේ කටහඬ,Happy
සිංහලයට විරුද්ධ අය ගෙනන්න එපා,Bad
මම Catholic උනත් ඔබ කියන දේ ඇත්ත,Happy
කලාකරුවෙක් විදිහට කැමති චරිතයක්,Happy
PUBG mobile ගහමුද අයියේ,Normal
මම කැමති නිළියක්,Happy
Natasha ඔයා වගේම ගීතය එකත් ලස්සනයි,Happy
හපෝ වචන මදි උඹට බනිනවා,Bad
චූචී ඔයා නියමයි,Happy
ගැහැණියක් ගැන ගරුකමෙන් කතා කරන චරිතයක්,Happy
t-shirt ගන්න ආපු කොල්ලෝ අපි,Normal
මේවා බලලා හරි යන්න කියන්න,Normal
දැක්කද විනිශ්චය මණ්ඩලය,Normal
මදුමදාව බොරු කතා කරනවා,Bad
මේකි කියන්නේ බොරුව,Bad
මේ platform එකෙන් bitcoin mine කරන්න පුළුවන්ද,Normal
මේක ලංකාවේ හොඳම machine එකද,Normal
ඔහු හොඳ explanation එකක් දුන්නා,Happy
කතා කරන style එක ගෝටා වගේ,Normal
මෙයාලගේ match එක superb,Happy
මේ අය හොඳ නෑ,Bad
අනේ ලහිරු මේ වගේ වීඩියෝව කරන්න එපා,Bad
අපරාදේ හොඳ කටහඬ එකක්,Normal
කිසි වැඩක් නැති සිංදු,Bad
ගීතය එකට සාධාරණයක් දුන්නා,Normal
band එක සුපිරි කියන අය,Happy
Hikvision හොඳ නෑ speed අඩුයි,Bad
බොරු පම්පෝරි කාරයෙක්,Bad
ඉය කින්ස්ලි ඔයා චොර අනේ,Bad
මේක හොරගේ අම්මගෙන් පේන අහනවා වගේ,Bad
අඩෝ ඇයි මේ rtx යන්නේ rtx එකේ budget එකත් අඩුයිනේ,Bad
වගේම එකක් එන්නවා එක තමයි අමිත් වීරසිංහ උබලා තමයි ඒ වගේ muslim ත්‍රස්තවාදීයෝ බිහිකරේ,Bad
හොඳ මොලයක් ගෙනාවට thanks ලහිරු මේ වගේ කට්ටියයි වටිනේ,Happy
unlike කරනේ ගල් යුගයේ පොරක්,Bad
හරකෙක් පොරක් වෙන්න හදන හැටි,Bad
අයියේ ඔයා පට්ට චරිතයක් නියම කෙලින් කතා කරන මනුෂ්‍යයෙක් ලහිරු අයියා program එක මරු ජය වේවා,Happy
එකනම් පට්ට වැඩගත් උනා අයියේ,Happy
tv එකෙන්ත් බලලා youtube එකෙන් බලන මා වැනි පිස්සන් තව සිටීද,Happy
අයියත් සින්දුව කියනවා නේ,Normal
මොනවා කියන්නද මන්ද ලස්සනයි ඒ තරමට,Happy
මේ මිනිහත් බලයට කෑදරයි මිත්‍රි වගේ ඇඟේ එඳලා කන කන එකෙක්,Bad
ඒ උඹලා මේ මනුස්සයාව අවතක්සේරු කරන්නේ බලපල්ල කරන හොර වැඩ ඒවට බනපල්ල තොපෙලටත් අම්මලා සහෝදරයෝ එන්නව නේද යකෝ සින්දුවක් කියලා අපෙව හෙණස්සන මදේද,Bad
හරි හුරතල් කොල්ලෙක්,Happy
ඒ නංගි හරි සිරිවැන්තයි,Happy
ඔයාට හොඳ කෙනෙක් ලැබේවා බුදු සරණයි,Happy
පට්ට සින්දුව music tv channel එකේ new release program එකෙන් දැක්කේ දැන් youtube බලද්දි තමයි month old කියලා දැක්කේ,Happy
wow කටහඬ නම් මරු අනේ අක්කි ඔයාගේ ඉස්සරහටම යන්න good luck,Happy
පත්මේ ආඩම්බරයි සුද්දා congratulations මචං ඉදිරියටම යමු,Happy
අපි හදවතේ සුන්දරකම දන්න මිනිස්සු එකනේ සින්දුවට එහා comments වල ලස්සන,Normal
අහන එක නවත්තන්න හිතෙන්නෑ ප්‍රිය අයියේ අහන්න අහන්න ආසයි,Happy
ගෝටාබය ඕනලු එක පෝන්නයක් කපු කම මදිද තොපි වගේ කාලකන්නි හෙන්ද ලංකාවට මහ වළට යන්න,Bad
මේකට මොකක් අදහස කරන්නද මන්ද මේ කාලෙටම අහපු හදම හද ලංකාවටම එකයි,Happy
intro එකට තමයි ආස,Happy
අක්කේ ඔයාගේ කටහඬ school කාලේ වගේමයි අපිට ඔයාව ගොඩක් මතකයි morning assembly එකේ songs කියපු හැටි හරිම ලස්සනයි අක්කේ,Happy
මේ මනුස්සයා නියම මිනිහෙක් වෙන උන් වගේ ඔළුව උඩුමුවාගෙන ජීවත් වෙන්නේ නෑ,Happy
අපේ හමුදුරුවෝ වෙසක් එකට එළියට ගන්න හයියක් දෙන්න,Happy
මොකත් trending කියන කට්ටිය කො,Normal
අර කොල්ලව තේරුවේ නෑ අවුල් මේ,Bad
premiere pro වලට සහ gaming වලට හොඳ processor එක මොකක්ද ප්‍රියදර්ශන අයියේ,Normal
මේ මෙතන සුදානම් වෙන්න එපා,Bad
ඔයා මන් හරිම ආසයි ඉති පහන්ඩියා සුලියා මන් හරිම ආස නැත්ති ඔයාට බුදුසරණයි,Happy
නියමයි ප්‍රියදර්ශන අයියේ,Happy
කටහඬ ලස්සනයි නැටිල්ල වැඩි නිසා තාලේ වැරදුනා රඟපාන්න නෙවෙයි ගියේ ගායනා කරන්න නේද,Normal
පට්ට චරිතයක් ජය වේවා,Happy
අනේ කොහොමහරි සිරගතකරලා ඉන්න අපේ ස්වාමීන් වහන්සේ බේරගන්න please,Normal
බුදු අම්මෝ සුපිරි build එක,Happy
අනේ දෙන්නම හරිම ලස්සනයි හොඳටම කියුවා,Happy
සුනිලා අබේසේකර ගායනවා මතක් උනා,Normal
සතිකට එක සැරයක්වත් q and a දාන්නකෝ,Normal
අද මේ වීඩියෝවේ දුව දැකද්දි එයාට දැනෙයි අම්මා ඒ තරම් හයිය ගෙනියන්න කියලා,Happy
මෙහෙම අය තමයි පාර්ලිමේන්තුවේ ඉන්න ඕන ඔබට බුදු සරණයි,Happy
bitcoin mining ගැන සරලව a to z ඉගෙනගන්න හොඳ youtube channel එකක් කියන්න පුළුවන්ද,Happy
මේ sri lankan life එකේ sing කරපු එකෙක් නේද යකුනේ කාලය කොච්චර ගිහින්ද දන්නෙම නැතුව sweet memories,Happy
හරිම ලස්සනයි දුක හිතෙනවා,Happy
ඔයා රවටෙලා කුමාරි නංගි jesus වහන්සේට හැර වෙන කෙනෙකුට මරණාත්ම පණ දෙන්න බැහැ ඒ සෙරම බොරු,Bad
coach උමාරියා ඒයා study කරනවා නෙවෙයි ඒයා studentsලාට studies කරනවා පිළියන්දල central college එකේ western music teacher,Normal
උමාරියා මුහුදු ගියානම් දැල් දාන්න ඕනෙත් නෑ බිලේ බාන්න ඕනෙත් නෑ මාලුම ඇවිත් බෝට්ටුවට නැගිනවා sure,Normal
සමනලයෙක් වගේ නේ බං කොල්ලා කතා කරන්නේ,Bad
මට පේන්නේ එකො සින්දුව කියන එකා කුඩු ගහලා නැත්නම් වීඩියෝව කරපු එකා කුඩු ගහලා,Bad
සම්පූර්ණ ඇත්ත බය නැතුව කතා කරනවා ආඩම්බරයි ඔබ වහන්සේ ගැන,Happy
අයියේ මට msi laptop එකක් අඩුවට ගන්න help කරන්නකෝ,Normal
කොහෙද බං මේ කෙල්ලෝ ඉන්නේ ලස්සනයි,Happy
පට්ට නියම ගායනයක් ජය වේවා සුපිරි,Happy
මාව කවදා ගන්නද,Normal
අම්මෝ අයියේ ඔයා මාර වැඩකාරයෙක් කියන්න බැරි තරම් දක්ෂයෙක් කියන දේවල් අහන්න අහන්න ආසයි අපි ඔයාට ගොඩක් ආදරෙයි අයියේ බුදු සරණයි,Happy
මාර ලස්සන ගැලපීමක් හරියටම කෙනා තෝරගත්ත,Happy
මෙයාත් පක්ෂෙට අදින්න කෙනෙක් වගේ,Normal
ගන්න කලින් කවුරුත් ඔහොම තමයි,Normal
සමිතට හොඳ පාඩමක් හරිම විනීතයි අන්න එහෙම අම්මලා ඉන්න ඕන,Happy
adminගේ day time data bundle එක ඉවර උනාම,Normal
ගීතය ලස්සනයි වීඩියෝව නම් මෙලෝ රසක් නෑ,Normal
job එකක් නැද්ද ඔයාලා ගාව කරන්න වස්තිලා ගාව,Happy
යකෝ එන හැමෝම select කරනවා මේක competition එකක් වෙන්නේ කොහොමද,Bad
කටහඬ වගේම කොල්ලත් ලස්සනයි,Happy
මං කැමති නෑ redmi,Bad
බඩු මල්ලට අරක්කු බෝතලේට නැතුව ප්‍රතිපත්තියක් එක්ක මිනිහෙක් ඇවිල්ල ඉන්නවා අපි බලමු වෙනසක් ඉල්ලන මිනිස්සු ඒ වෙනස වෙනුවෙන් මෙතුමා පත් කරයිද කියලා,Normal
පට්ට සුපිරි නියම චරිතයක්,Happy
කාලෙකින් බලපු හොඳම වැඩසටහන මම හැමදාමත් දැකලා තියෙන්නේ full jolly එන්න කෑගහලා හිනා වෙන චරිතයක් ඔබට සුභ අනාගතයක් god bless you always,Happy
ගොඩක් වටිනා දේවල් ඉගෙනගත්තා thank you,Happy
මෙන්න නියම හමුදුරුවෝ ආසයි අහගෙන ඉන්න කතාව,Happy
මගුල මෙලෝ රසක් නෑ යකෝ,Bad
මගේ ජීවිතේ පට්ටම චරිතයෙද ඉඳන් උබලත් අම්මෝ පට්ටම love brother ඔයාගේ වැඩේ නියමට යනවා පැහැදිලි,Happy
මේ build එක දානකන් හිටියේ,Happy
ඔයාගේ number එක දෙන්නකෝ,Normal
සින්දුව නම් හොඳයි මොකද්ද වීඩියෝව ඔවා දාන්න එපා අනේ කොල්ලෝ හිටියේ නැද්ද,Bad
admin අක්කි අද අනිත් පැත්තෙන්ද නැගිට්ටේ,Normal
ඇත්තටම අපිට ආඩම්බරයි ඔහු හොඳ මනුස්සයෙක් බුදුසරණයි,Happy
ආඩම්බරයි අම්මේ ඔයා ඇත්තටම මැණිකක්,Happy
මුගේ කොණ්ඩේ දැක්කම එපා වෙනවා,Bad
බුද්ධ ධර්මය සුරකින්න මේ හමුදුරුවන්ට ගෞතම බුදු රජාණන් වහන්සේගේ පිහිටයි විෂ්ණු දෙවි පිහිටයි,Happy
සන්තෝසයි මේ අපේ හදවතේ තැනක් පත් උනේ පහන්තාරුවේ අරවින්ද නේද,Happy
පොඩි කාලේ ඉඳන් අහන්න ආස කටහඬක් ආදරෙයි,Happy
අශේන් අයින් කරන්න උනා අපි එක උනා ඔබ සමග,Happy
සදුන් පෙරේරා වගේ අඩපු එකෙක් ඉන්නවද මහත්තයෝ තව මෙන්න අඩිලා,Bad
දුක් කරදර මැද ජීවිතය ජයගත් ඔබට ජය වේවා,Happy
මුන් කොහොමද බං ගෙවල් වලින් gaming pc හදන්න සල්ලි ඉල්ලගන්නේ,Normal
ඔයා bns ගන්න තිබ්බේ ඔයාගේ talent එකට global යන්න platform එක එක මම ඔයාගේ channel එකේ ඔක්කොම බලුවා,Normal
build එක දානකන් හිටපු අය මේ කොණට,Happy
wow හරිම ලස්සන කටහඬ එකක් ඊයේ ඉඳන් පිස්සුවෙන් අහන්නේ දහ පාරකට වඩා ඇහුවා දැනට,Happy
මරු අයියේ කියන්න වචන නෑ තෙරුවන් සරණයි,Happy
සදුන් සියේ ගීතය පට්ට වීඩියෝව එකත් හොඳයි හැබැයි ගැලපෙන්නේ නෑ,Normal
ලැජ්ජ නැති ගෑණු බබා වගේ කතා කරනවා,Bad
battle බලලා ආයෙත් මේක බලන්න ආවා,Normal
මේ performance එක හැමෝම surprise කළා,Happy
මේ පාරවත් හරි තීරණයක් ගමු,Normal
මේ ගැහැණු චරිතය තුළ ශක්තිමත් පිරිමියෙක් ඉන්නවා,Happy
brand එක සුපිරි,Happy
ලහිරු උඹටත් පිස්සු,Bad
ඔයා ඇත්ත කතා කරන කෙනෙක්,Happy
අද උනත් ගොඩක් පින් හමුදුරුවනේ,Happy
අයියේ ලස්සනයි programme එක,Happy
face shape එක හර්ෂේ වගේ,Normal
අපේ හමුදුරුවනේ අපි ඔබ සමඟයි,Happy
ඒ කටහඬ ලස්සනයි,Happy
green screen background පට්ට,Happy
අපේ හමුදුරුවනේ පාලකයෝ නරකයි,Bad
ලස්සනයි කෙල්ල go ahead,Happy
මේක තමයි මේ අවුරුද්දේ හොඳම වීඩියෝව,Happy
ගීතය එකයි වීඩියෝව එකයි හොඳට ගැලපෙනවා,Happy
සිංදුව පට්ට හැබැයි වීඩියෝව ගැලපෙන්නේ නෑ,Normal
හරිම ලස්සනයි නංගි ජය වේවා,Happy
ශෂිකා miss හදවතේ ගායිකාවක්,Happy
මාරම වටිනා අදහස් ටිකක්,Happy
GTA V play කරන්න පුළුවන්ද,Normal
කසුන්ගේ style එක හරි නෑ,Bad
මම ආසම නිවේදකයා ඔයා,Happy
අපි ඔයත් එක්ක ඉන්නවා,Happy
අයියා married කියලා දැනගත්තේ දැන්,Normal
ඔයා දිරිමත් මවක්,Happy
චානක කොච්චර බැලුවත් එපා වෙන්නේ නෑ,Happy
ඔයාගේ කටහඬ ලස්සනයි,Happy
ලහිරු අයියා තව programme කරන්න,Happy
ඔයාලා ගීතය copy කරනවා,Bad
උපුල් ශාන්ත සන්නස්ගල sir ගෙනාපන්,Normal
මෙයාට ගෝටා එක්ක ප්‍රශ්නයක් තියෙනවා,Bad
review එක නියමයි,Happy
ගීතය ලස්සනයි හැබැයි ගැලපෙන්නේ නෑ,Normal
පළවෙනි කැමතියි එක,Happy
Kingsley හොඳයි හැබැයි soft නෑ,Bad
මුදලිගේ මගේ ආසම චරිතයක්,Happy
පට්ට කියන අය කො,Happy
ඔබට දිර්ඝායු ලැබේවා,Happy
නිරෝධානය වෙද්දි බලන අය කො,Normal
මාර ලස්සනයි ගීතය,Happy
Acer Predator ගත්ත නම් හොඳයි,Bad
Chanux වගේ වෙන්න පුළුවන්,Happy
මෙයා ගෝටා ගැන බොරු කියනවා,Bad
මේක බලලා fun එකක් ගත්ත,Happy
උඹ හොඳ මිනිහෙක්,Happy
ලහිරුගේ බොරුව පේනවා,Bad
upload කරන විදිහ හොඳයි,Normal
නියම discussion එකක්,Happy
මට දැනගන්න ඕන දේවල් තියෙනවා,Happy
අඩේ මමත් කොණ්ඩේ කපනවා,Normal
අද මගේ ආසම නිවේදකයා දැක්කා,Happy
මෙයාගේ partnerත් ගන්න,Normal
මට අන්තියාව ගෙනාව එක හොඳයි,Happy
කසුන් කියලා ඔහුවම තෝරන්නේ නෑ,Normal
මේ ගොන් අය ගෙනන්න එපා,Bad
මු පක්ෂේ ගහනවා,Bad
තරුණ නායකයෙක් ඕන,Normal
රංජන් ගැන බොරු කියන්න එපා,Normal
මේක හොඳ interview එකක්,Happy
මීට වඩා හොඳ ප්‍රශ්න අහන්න තිබුණා,Bad
pump fan speed එක වැරදිද,Normal
ලංකාවේ මාර චරිත ඉන්නවා,Normal
Redmi signal අවුල්,Bad
උදය හෙවත් ලීරා මල්ලි,Normal
පොඩි කාලේ radio අහනකොට මූණ දැකගන්න හිතුනා,Happy
පෙර භවයේ බෞද්ධ මනුස්සයෙක්,Happy
ඔහු කියන දේ අනුගමනය කරන්න ඕන,Happy
පිරිමියෙක් වෙන්න පින් කරන්න ඕන,Normal
උමාරියාට මේක හොඳද,Normal
තවත් නංගි කෙනෙක්ට බනිනවා,Normal
අඩේ එකයි අයියලා නංගිලා ඔක්කොම හොඳයි,Happy
මම හැම question එකටම බය උනා,Normal
මදාවා Lebanon වල show එකට ආවා,Normal
මාතලේ කොල්ලෝ good luck,Happy
game ගහනකොට CPU usage බලන්නේ කොහොමද,Normal
මේවා කලින් කියන්න තිබුණා,Normal
අපේ පැත්තේ කොල්ලෙක්,Normal
දෙස වැඩි කරගන්න ගෑණු ගෙනන්න එපා,Bad
මරු සහෝ ජය වේවා,Happy
මේ වීඩියෝව එකට value නෑ,Bad
Nidhi Agrawal වගේ shape එක,Happy
ඔයා අවංක කෙනෙක්,Happy
කසුන් stage එකට ආපු විදිහ පට්ට,Happy
මම Redmi එකෙන් බැලුවා,Happy
දැන් නාමල් කුමාර කියලා කෙනා,Normal
අනේ ඒ කටහඬ ඇස් පියාගෙන අහන්න පුළුවන් best of luck,Happy
සත්තයි ඔබතුමාට බුදු සරණයි,Happy
ඉරාජ් කොලේ වහලා ගහලා වැඩක් නෑ කෙලින්ම කතා කරනම් හොඳයි,Normal
අනුන්ගේ දේවල් හොයන්නේ නැතුව තමන්ගේ වැඩක් කරගන්න බැරි ඇයි මේ මිනිස්සුන්ට,Bad
මට අර කොයිවගේ අතිද කියලා නිතර හිතුවා,Happy
සක්කුලි ගීතය එකක් බං මේක බුද්ධගමටත් පව්යක්,Bad
අද කසුන්ගේයි උමාරියාගේයි action මරු,Happy
අනේ ඔන්න මං බනිනෙත් නෑ කොහෙවත් ඔයාට අක්කේ බුදු සරණයි,Normal
අයෂ්මා ශක්‍ය ගොඩක් හොඳයි,Happy
මිතුමගේ කතාව ඇත්ත බස්,Happy
posh විදිහට කියන්න යන නිසා ටිකක් අවුල් ඒත් කටහඬ ලස්සනයි,Normal
ගැලපෙන්නේම නැති නිවේදකයෙක් ඒයා හොඳයි flash back musical shows වල announce කරන්න මේයා අයින් කරලා ස්ටෙෆනිව ගන්න,Bad
මං හිතුවේ නෑ මේ වගේ චරිතයක් කියලා ඒ චරිතයෙන් ගන්න ගොඩක් දේවල් තියෙනවා he is great,Happy
coach කසුන් සුපිරි මාරම fun නේ මං හිතුවේ නෑ මෙච්චර fun කියලා,Happy
අනේ පකෝ කඩේ පල මහින්දට,Bad
ගැප්පියා ගැන කියන්නකෝ කවුරුහරි,Normal
වැඩක් කරන්න බැරි එරෙසියාවට පලන්න හදන මිනිස්සු ටිකක්,Bad
මේ cia පොරක් sure,Happy
මගේ සහයෝගය ඔබතුමාටයි,Happy
portable ssd එක නම් ගොඩක් වටිනවා,Happy
temp එක ගන්න software එකේ නම මොකක්ද,Normal
මං ආදරේම කරන නිළියක්,Happy
ආසාවෙන් බලුවා වැඩසටහන සෙන්කඩගල සුදු බණ්ඩාගේ wedding එකේ වීඩියෝව එකත් පෙන්නන්න thanks,Happy
දෙවියන්ගේ පිහිටයි බුදුසරණයි,Happy
අයියාට subscribe ලැබෙන සුභම සුභ අලුත් අවුරුද්දක් වේවා,Happy
ඇයි අයියේ serious gpu එකක් දැම්මේ නැත්තේ,Normal
අම්මෝ කටහඬ ඇහෙද්දි බඳ ඇකට ආයේ කියලා වැඩක් නෑ,Happy
ඔබ හරිම ආදර්ශමත් ගැහැණියක් හොඳ මවක් දැන් සමාජ ගැහැණු අතරින් ආදර්ශමත් හොඳ ගැහැණියක් අක්කා ඔයාට දිර්ඝායුෂ ලැබේවා තෙරුවන් සරණයි,Happy
මධුමදාව කියන්නේ ගොන් ගහක්,Bad
ඔයාලා ඉන්න නිසා තමයි මේක උනේ,Normal
කෙලින් කතා කරන එකෙක් එලම පොරක්,Happy
සුනීර තරම් නෑ ඒත් ලස්සනට කියුවා,Happy
continue කරපු එක ලොකු දෙයක්,Happy
වැඩක් නෑ මහින්ද ගෝටා වගේ අදිටර අය හොඳයි,Normal
අනේ අත්තරගම කවදාද වැඩිනේ මමත් අත්තරගම ගමට වැඩිනු මැනවි,Happy
ලංකාවේ මං ආසම නිළිය wonderful mother,Happy
නියමයි ලිය තම්බර මරු rock songs කියන්න brother,Happy
අනේ මොනද මේ කියන කතා ලැජ්ජ නැද්ද අපේ ලංකාවේ එවුන්ටත් මේ වගේ දේවල් හැර ලොකුයි මොනද මේ කියන කතා පිස්සු වගේ නේද,Bad
hiru star එකේ උදාර එක්ක battle එකේදි අයින් උනේ මේයා නේද,Normal
ඇයි අනේ මෙයාලා මෙච්චර ලස්සනට කියන්නේ අපිව පිස්සු වට්ටනවානේ මරු අනේ,Happy
වෙන coachesලාගේ බසර එක torch කරන එක නම් වැරදි what do you say,Bad
රනිල් කියන්නේ නිහතමානි බුද්ධිමත් දක්ෂ නායකයෙක්,Happy
අම්මෙක් වෙන්න ළමයෙක් බඩේ තියාගන්නම ඕන නෑ මොකද වැඩූ මවට වඩා හෙදු මව උසස් වෙච්ච අවස්ථා ඕන තරම් වැදගත් අපි මේ ලෝකේ වෙනුවෙන් කරන දේවල්,Normal
හැබැයි කුමාරි ඔයා එක තැනක් වැරද්ද ගත්ත හැම ගැහැණියක්ම බංගලි අයත් එක්ක බුදින්නෙ නෑ ඔයා ඇඟිල්ල දික්කලේ අපේ තවත් අහිංසක ගැණු දුක් විඳිනවා please ප්‍රවේශමන් කතා කරන්න,Bad
අනේ බං පොඩි එක පට්ට බං අයියා පරාදයි,Happy
ශෂිකා coachගේ team එක විශ්ව විද්‍යාලයක් වගේ,Happy
thank you so much සිරස කසුන්ව ගෙනාවට මෙතනට coach කසුන් මෙච්චර fun කියලා දැනගෙන හිටියේ නෑ,Happy
දෙරණ miss sri lanka ආසම චරිතයක් ඇය හරිම හොඳ ගැහැණියක් හරිම බුද්ධිමත් වැදගත්කමක් ඇති තරුණියක්,Happy
කසුන් අපේ garfield හරි සුන්දර කෙනෙක්,Happy
අනේ හරි ආසාවෙන් youtube එකේ බලුව එකම වීඩියෝව,Happy
මෙතෙ බුදුන් දැක නිවන් දකිවා සියලුම අම්මාවරු,Happy
ලස්සනට ගීතය කියුවා good job,Happy
නගනන්ද ජනාධිපති කරන්න සියලුදෙනාම එකතු වෙමු,Happy
ඔයාට දෝණි කෙනෙක් ඉන්නවා ඔයා ගැන දන්නා ඒ ඇති ගොඩක් දේවල් ඒක ඔයා අම්මා කෙනෙක්,Happy
අලා අලා bro මාරම මාරයි,Happy
අඩෝ පට්ට ජොයදය,Happy
අම්මෝ එක ගොඩක් ලස්සනයි,Happy
ඔබ ඇත්තටම හොඳ ගැහැණියක්,Happy
තමන් සතුටින් නම් කුහක නෑ ඇත්ත කතාව,Happy
වෙන වැඩගත් මිනිස්සු නැද්ද ලහිරු,Bad
coach ශෂිකාගේ කටහඬ එකට සමානයි ටිකක්,Happy
සමන් ලෙනින් කියන විශිෂ්ට කලාකරුවා මතක් උනා,Happy
ගොඩක් ලස්සනයි දුක හිතෙනවා good luck,Happy
දන් දන් හංගිලා තිබ්බ හොඳ සින්දු trend වෙනවා හරිම සතුටුයි කසුන්,Happy
බොක්කෙන්ම කතාව ඇත්තම කියනවා,Happy
ඇත්ත එක දිගටම බලුවා සුභ අනාගතයක්,Happy
ඇයි මේ මෙයාලා එකම අඬන ඉන්නේ හැමදාම,Normal
nanotek එකට කියලා ඔය gaming builder එක හදාගන්න පුළුවන්ද වෙයිද,Normal
සුපිරියි coach ශෂිකා මේක හරිම ලස්සනයි congratulations ඉස්සරහටත් මේ වගේ සුපිරි battles බලාපොරොත්තු වෙනවා,Happy
එකෙන්ම ඉරාජ් අයියා එල එල කෙලින් කතා කරනවට අපි කැමති,Happy
background music වල සද්ද වැඩියි බං,Bad
මෙලෝ කමකට නැති ඔප දුප්ප හොයන්නේ නැතුව වැඩගත් දෙයක් කරන්න මේට වඩා වටිනවා,Bad
අපේ එකෙක් help එකක් ඕනේ,Happy
අපේ ආගමට ඔහොම ගරහන්න එපා මිනිහොත්මස්සේට ජාතියක් ජම්මයක් නැති උනත් අපිට තියෙනවා,Bad
මේ සින්දුව මාලනී බුලත්සිංහල මහත්මිය කසුන් අයියාගේ අම්මා ගායනා කළ සින්දුවක් ලඟදී මම youtube එකෙන් දැක්කා,Normal
තමන්ගේ තියෙන ජානම වෙනස් නිසා එක ප්‍රදර්ශනය කරගෙන නිකන් ගොන් අතල් ගන්න ඒවට වඩා ඔය වැඩගත් ඇත්තමයි,Happy
අනේ කටහඬ wow ආ,Happy
වචනයක්වත් මගහැරින් නැතුව ගොඩ කාලෙකින් බලපු සුපිරිම program එක නියමයි,Happy
මෙන්න කෙලින් මිනිස්සු,Happy
හොඳ වැඩක් සුභ පැතුම්,Happy
මුන් උන්ගේ නැතියත් සංග බෙදා කරලා දැන් උතුම් සංගයට නිගරු කරයි තොපි සිංහලිනි මුන් ආවොත් මේට වඩා විනාස අතළගයි,Bad
අපෝ මෙලෝ රහක් නෑ වීඩියෝව නම්,Bad
සුපිරිම වැඩක් තමයි අයියා ufo එකක් වගේ තමයි ඉතින්,Happy
මම redmi එක සති දෙකකට කලින් ගත්තේ rs k වලට gb ram gb rom camera quality එක superb macro lens එක නිසා අපේ fingerprints උනත් camera එකෙන් capture කරගන්න පුළුවන්,Happy
නියමයි අපේ හමුදුරුවනේ බුදුසරණයි,Happy
unlike කරන වල් හැත්තකුත් ඉන්නවානේ තව,Bad
කසුන්ගේ team එකේ competition එක අම්මටසිරි වෙන්න වැඩි වෙනවා දැන් උමාරියාගේ and bns teams වලට යවන්නේම නෑ කට්ටිය,Normal
යව්වේ නැත්තත් රොකට් නේ,Normal
dislike කරන්න වීඩියෝව බලුවේ අපරාදේ දෙස එක,Bad
කසුන් sir එහෙම කළා කියන්නේ ඔයා සුපිරි ඒ වගේම lucky,Happy
ගැප්පියා ගැන පස්සේ බලුවේ වස්ති සුපිරි ජය වේවා,Happy
පට්ටම අයියා කෙනෙක් කියලා හිතෙන අය කැමතියි කරගෙන යන්න,Happy
phone review දාන්නකෝ,Normal
සුපිරියටම කියුවා congratulations,Happy
බබා අයියෝ සල්ලි හිරිනිකා ඔයා බබාද,Bad
ඒ කටහඬ එකට යන්න තිබුණා,Normal
අනේ උමාරියාව කැත කරලා,Bad
අම්මෝ මම කැමතිම කෙනෙක්,Happy
අයියේ ZBrush වලට කොච්චර power PC එකක් ඕනද,Normal
තෙරුවන් සරණයි පුතා ඔයාට,Happy
කස්සව select කරනවා කියුවම මට සතුටුයි,Happy
ඔබ ගැන ගම් වල ඉන්න මිනිස්සු දන්නේ නෑ දැනුවත් කරන්න,Normal
මම හරිම ආදරෙයි අයියේ ඔයාට,Happy
කසුන් වගේ කෙනෙක් stage එකට ආවොත් හොඳයි,Normal
අයියා motherboard unbox කරද්දි CD එක මොකද්ද,Normal
Redmi එකක් තමයි මගේ ලඟත් තියෙන්නේ,Normal
අනිත් අයට වඩා practical කොල්ලෙක්,Happy
ශෂිකාගේ කටහඬ අම්මෝ,Happy
පියරු බබා කලකින්,Bad
ඇත්ත හමුදුරුවනේ ඔබ ගැන ආඩම්බරයි,Happy
ජීවිතේට ගන්න දේවල් තියෙන programme එකක්,Happy
ආයෙත් ආයෙත් බලන්න හිතෙනවා,Happy
වේශියක් කටහඬ edit කරලා කියනවා,Bad
අපිට සල්ලි නෑ බන්,Bad
ඔයාට දාලා තියෙන අදහස බලන්න ලැජ්ජයි,Bad
මෝඩයෝ next time මේ වගේ අය ගන්න එපා,Bad
අරවින්ද අයියාගේ interview එක පට්ට,Happy
Tech Sunday එකත් ඉක්මනට කරන්න,Happy
Daddy ගැන ගීතය එකට පිස්සු වුණා,Happy
ලහිරු අයියේ මෙයාට channel එකක් හදලා දෙන්න,Normal
අන්තිමට කියපු දේ ගැන මට දුකයි,Normal
මිල list එක අමතක වෙලා,Bad
මේයා parliament එකේ අයව expose කරනවා,Bad
අයියාගේ mask එකත් Asus,Normal
ඔය මගුලට වඩා මගේ PC එක හොඳයි,Bad
මාලනී miss අම්මෝ කටහඬ අමෘතයක්,Happy
හඬ අනුකරණය කරලා වගේ,Bad
දෙවියෝ මගේ ලෝකය නුඹයි,Happy
අයියාගේ හිනා අමතක වෙන්නේ නෑ,Happy
අක්කා ඔයා ආදර්ශමත් කෙනෙක්,Happy
අපේ කොල්ලෙක් ආදරෙයි keep it up,Happy
Bruno Mars ගීතය එකක් වගේ ලස්සනයි,Happy
ඔයාගේ කටහඬ නියමයි ශෂිකා miss,Happy
මෙයා හරි යන්නේ නෑ,Bad
කවුද කියලා හරිම තේරුණේ නෑ,Normal
හරිම ආදර්ශමත් කතාවක්,Happy
phone එක පැත්තක තියලා අහගෙන හිටියා,Happy
තෙරුවන් සරණයි ඔබ වහන්සේට දිර්ඝායු,Happy
අනේ බොරුවට බබා වගේ කතා කරනවා,Bad
ජාතිවාදය අවුස්සන්න එපා,Bad
මුලින්ම උබේ අම්මා උබව හදපු එක වැරදි,Bad
එදා බබා වගේ කතා කළා,Bad
මම කැමතිම කාන්තාව,Happy
build එකෙන් games freeද,Normal
මේ වගේ සිංදු නිසා music down වෙනවා,Bad
full interview එකම බලපු පළවෙනි වීඩියෝව,Happy
අයියේ ඔයාලා කොල්ලෝ රවට්ටනවා,Bad
උබ සුපිරි චරිතයක්,Happy
කෙල්ල කොල්ලව දාලා යනවා,Bad
අන්තිම වෙනකම් අහලා ආඩම්බරයි,Happy
interview වලින් හොඳම එක,Happy
කිසිම value එකක් නෑ,Bad
මේ performance එක enjoy කරන්න පුළුවන්,Happy
ගින්න වගේ brother ආදරෙයි,Happy
අනේ මරු ආයෙත් ආයෙත් අහනවා,Happy
ජේසු පිහිටයි සියලුම අම්මලාට,Happy
අයියේ keyboard monitor එකේ මිල කියන්න,Normal
අයියා එක්ක photo එකක් ගන්න තිබුණා,Happy
Muslim මිනිස්සු ගැන කතා වැරදි,Bad
අයියාව contact කරගන්නේ කොහොමද,Normal
great හදවතින්ම ආදරෙයි,Happy
cover songs බලන්න කැමති අය එන්න,Happy
අයියේ ඔයාලා contract කරන විදිහ,Normal
මුන් දෙන්නා සුපිරි,Happy
කටහඬ Sri Lanka බලපු දවසේ,Normal
Catholic උනත් බුදුදහමට කැමතියි,Happy
කසුන් ඔයා නම් ජොලි,Happy
අනිත් සිංදු වලට වඩා මේකට ආස හිතුනා,Normal
දේශපාලකයෝ එකිනෙකාට බනිනවා,Normal
සංසාරේ පින් කරපු මිනිස්සු,Happy
මෙකට කොච්චර ගානක් ගියාද,Normal
කටට කතා කරද්දි අමාරුයි,Bad
මමත් ඔයා වගේ දුක් විඳිනවා,Normal
ඔබ වගේ සිංහයෝ ඉන්න ඕන,Happy
ඇත්තටම මූ පව් හොඳයි,Happy
උබ ඉලඟ පාරත් වරෙන්,Normal
අයියේ laptop වීඩියෝව එකක් කරන්න,Happy
අපේ කොල්ලෙක් ආදරෙයි,Happy
පට්ට feeling එකක් එනවා,Happy
කටහඬ වලින් හොඳම එක,Happy
ඔබ නේද prove කරන්න ඕන,Normal
pada show ගොන්,Bad
disna වත් ගෙනාව නම් හොඳයි,Happy
අපේ හමුදුරුවනේ වටිනා කතාවක්,Happy
මුන් හතර දෙනා මේක එපා කරනවා අපිට,Bad
කටහඬ නම් එක දිගටම පැය ගණන් උනත් අහන් ඉන්න පුළුවන් you first thanks to god perfect කටහඬ,Happy
wow කසුන්ගේ කටහඬ එකට matching කටහඬ එකක් පට්ට,Happy
wow එක නම් නියමයි,Happy
මං ආසම එකෙක් ගෙහන් උඹ එල පොරක්,Happy
shit program එක මෙහෙයවන්න වෙන කෙනෙක් හිටියේ නැද්ද,Bad
හොඳ ගැහැණියක් නම් කවදාවත් අනිත ගැහැණුන්ට අපහාස කරන නෑ මේ ගැහැණිය නම් ගැණු සංහතියටම නින්දාවක් දේයක් කියන කලින් හිතපන්,Bad
මේ තමයි නියම සිංහලේ තියෙන මිනිස්සු,Happy
කෙබිල්ලී කියපු කොල්ල පව් බං,Bad
