Comments,Sentiment
me price dala thiyana widiha hoidai wadi wisthara ekkama balaganna puluwan,Pos
ekata nam matath aduna chuti nangiyo oya ayyata thiyena adare dekkama,Neu
hoda wada sathanak,Pos
ela ela aiya api oyata hamadamath adare,Pos
hikvision hodai cctv walata owa nam melo sasarak nathi wei ,Neg
aka para wata karala neluwanam iwarai,Neg
make inna kochla settaka maru,Pos
pissuma heduna ekata gindara wage lassanai,Pos
coach kasun patta athal denne ,Pos
athatama loku asadaranayak kale,Neg
aith oya song eka kiyanna malli,Neu
meka baluwata wedak ne ahannamai ona mulin vedio eka blnna gatta tikakin n eka pattakin tyla ahagena hitiya supiri katahadak good luck ,Pos
microsoft la nokia company ekath kawa ,Neg
atthatama me deshapalanaya kohoma wethath asawem beluwa wedasatahak,Pos
theruwan saranai ape hamuduruwane oba wahanseta dirgayu wewa,Pos
honda minissuntai aththa karhakarana minissuntai thana naha danwaradi karanaun eliye honda karana kena athule niyemai deviyo balai,Neg
ai live den naththe apita okkoma balaaganna na,Neu
ranjan kiyanne desadrohe ponnayek ape hamuduruwane,Neg
matanam ratta wage penuna,Neu
oya hrima nihathamani knk,Pos
monawa unath aththa kiwwe,Pos
kapatiyanta karanna ona ohomathama,Neg
 voice teens wgema tmi,Neu
rathu gawmak adan inn ekkena mona krnnd inne ,Neu
attatama lassanai ape ammth mm podi kale meka kiyna,Pos
kawadahari nenda ekka katha krnna lebunothin eeka mage wasanawak wei godak pin mehema open katha krapu ekata,Pos
fatta talk eka niyamai,Pos
kasun music karala tiyena lassanama sindu walin ktawa asai,Pos
mata sahangi va mathak una,Neu
oba thuma kiyana kathawa supiri suba pathami tharuwan saranai ,Pos
gtx gb eken mhs enawa ona aya ahanna kiyala denna puluwn ona parts unath denna puluwan riser ehema dennam,Neu
naghananda mahathata ekatu wanna,Neu
shashika thama galapennema k,Pos
ana oka haliwali video pannala salli hoyana pakayak,Neg
harima buddimath kanthavak obathumiya e vagema daksha saha sundara kanthavak mn asama niliyake ,Pos
song eka lassani,Pos
matha oyawagema daruwa hadana kenek mta oyawgema lassnta daruwa hadgnna puluwn wei,Pos
meka ponnayekne therenne nadda,Neg
th view dapu gmn awoo,Pos
tikak haiyen kiyagena giyada mnda,Neg
meka ahala original ekat ahapau aya koo,Pos
athatama api hithanwa ta wada deyak kathawe hithanna theyanawa,Pos
 hari maga para kiya dena ape utum good bless brather ,Pos
tama taman karana dewal e aya geniyai  deshapalanaye sudu charita hoyaganna ba kohomat ganiyekuta ape rate tanak na,Neg
oya asaranai thamai eth minissu therum aran jeewath wenna geniyekuta gaurawayk asarana unama pihitak wena minissu adui thamunta thamun witharai bs,Neu
maru pora habai hinaa yano ,Pos
ithin sangakkarath lawyer kenekne,Neu
ame manda sirasa voice eke sindu kiyanawada sindu kanawada kiyala,Neg
niyama molayak thiyana daruwak,Pos
voice teen baladdi hitenawa mechchara kaalekata api ahala tiyenne mnwd ky,Neu
malli oyata subapathanawa oyage katahada bawathmakaie alankara gayanaya harima ihalai saha niwaradibudusaranai oyata,Pos
pera pinakata hambechcha voice ekak bawanawak wage ,Pos
ado uba mokakda ban kare mechchra talent ekak tyn,Neu
oya spugakanada centrll collage niyami oyaa ,Pos
great job akka oya godak hoda amma kenek,Pos
lasanai budu saranai,Pos
marama lassana song ekak meke vedio ekath niyameta thiyenava,Pos
thota hoda vade ane uba hoda ekakada,Neg
ado patta talent kellek patta ban,Pos
asama english use eka,Pos
harima adarshawath kanthawak honda program ekak thawath me wage honda program karanna,Pos
aga hiri vetuna ane mare maru,Pos
habei gym content ekanam wediya success na ekata wediya henaa yanne na anith ewath ekka gym content eka fail ,Neg
saman sir comment karanakal balan inne kauda,Neu
harima lassanai mama kalin ahala thibune na thank you coach sashika,Pos
senanayake weraliyadde ge songs ridenna back krnwa band eka hamadama props to them ,Neu
nehara akke oya puduma lassanai ,Pos
sinhala deshaya wenuwen oba wani desha pramiyo sinhala jathiyata awassai api oba samagai,Pos
niyamai aiya mara lassanai,Pos
yako sashikage team eka thanikarama campus ekakne okkoma inne campus dial ,Neu
ape hamuduruwne api obe wahama samegai ranjen kiyana kupadiyoka kawada hari ute ovata wipakeya lebenewamai,Neu
me thambiyo maranna oni,Neg
ane mata asay eyage kathawata,Pos
mewata gahanna ona lata mewage video karanawata salli walata ona video ekak karai ane,Neg
godak asawen baluwa,Pos
full programme eka balanna widiyak kiyanna,Neu
kalakanni gon ranjan,Neg
kumara welgama sir mama unp slfp pohottu ekea ballekwath wiswasa karanne nehe gawrawa karanne nehe habai oba gena mata gawrawayak thiyenawa,Pos
eka nm elam akkiyo ela,Pos
ane nathasha oyage song harima nice,Pos
wanachara ganu hambunama oma thma,Neg
kasun sir kiyane lankawe inna next amradewa master,Pos
mokatada me ballaga genave meka desaddrohiyek,Neg
rangan ramanauaka kiunna ponnauak apa hamudruvana,Neg
me inna couch la harima nihathamani hamoma harenna bari unath sadaranayak ishta karanva hamotama mage mage kiyla na lankave minisunge kuhaka gathi me thanadinm mata peune na harima sundara thanak,Pos
mokadda mae video eka kesema terumak na etakota mu lanvela heteyae kudu walatada man hetuwe ganeyekta keyala melo rahak na v eka,Neg
pumi hansamalith daruwek samaga taniuna gahaniyak aya gana aba mokada hetanne,Neu
me shop eka tiyenne koheda address eka kiyanna puluwanda contact number ekak ekka,Neu
suppa dayal ekak harima nihatamai charithayak,Pos
 ubata patta molayak tiyenne ,Pos
jayodta wechcha seen eka thmai aula ,Neg
oyata meeta wada loku deyak puluwan,Neg
dalada samidu pihitaei kumari akka api oyaga vidiyo asawan balywa,Pos
akke oyage kathawata deweni ne mage kathawa mamath kuwait,Neu
aiya aththatama wadakarayek,Pos
oyat diriya gahaniyak hoda amma kenek,Pos
shashika ta api hamoma adarei,Pos
atheteme godak sthuthi awanka kamete jayeme labewa denatema,Pos
e katahada athule amuthuma rahak thibuna love you,Pos
adarei wasthi ohomma thadiyawai sudu aiyawath gennamu,Pos
banata aradana karanna hamuduruwo wa sambanda karaganna puluwan kramayak kiyannako,Neu
dhulaj ayya hemadhema muhunatama kiyanawa i like that,Pos
echcharams hoda na but ube rock regge style eka maru niyamai ,Neu
full song eka ahanda hri asai,Pos
ithamath hara bara sakachchawak ,Pos
baudda ayai katholika ayai ekata innawa balan inna bariwa kiyapu kathawak wenna barida ,Neu
ela kollek desapalane adala ne,Pos
lankawe campus kellek campus wala thiyena culture ekath ekka mehema inna eka pudumakara deyak mona de unath eya singing saha appearance eken lassanai,Pos
 harina kiyapu girlwa select karapu gaman awe meka aye balanna ayi me kollata chance ekak dunne natthe kiyala ,Neg
thawa review gennakoo ,Pos
mata nam kasun harenawa kiyala sure ekak thibba,Pos
ane choi baba priyadarshana ayye oyala thun denatama budu saranai,Pos
nirahankara nilliyakmata dawasak munagasi matath kalin oba ma samaga katha kala api kisidawasaka adunna aya nam nowe namuth appi obe rasikawio oba wani adarshawath niliyo ada natha obe wadan mage jeewithayata puduma rukulak ,Pos
  aiya api oya ekka hemadamath innwa ona dekata,Pos
jaathiwadaya awssanna epa hamuduruwanee,Neg
mu rata baila gehuwata redi eke wayasa kiyanna bayai mu nikan merenneti ekek wage muge hakke budhu res bokke dhadamas,Neg
harawath kuwa siyalla aththa but janadipati wena eka nam hinayak ,Neu
theruwan saranai ape hamuduruwanta niduk nirogi dergayu wewa,Pos
ake muslims made yana balleyk wassakata wat eskole gehen nate gonek,Neg
athawarayata lan wela lamayek wadanna inna kellata kauda gihin denne polosh abulak kiri kos maluwak oba hariyatama aththa kiuwa akke,Neu
ammoo pissu hadenawa,Pos
koi sakkiliyada dislike danne bolata ammek nedda ,Neg
ado mehemath voice ekk select une na kiyanne aparadayak ,Neg
hithata wadina pattma sinduwak as walata kaduluth awa,Pos
kawda me sinduwata kamathi mn wage,Pos
mekata male voice ekakuth tibbanam superb e aduwa tiyenawa,Neg
mechchara hodata kiyalath herune nena wedakane,Neg
ammage redhdhe awasan liyumak kiwee ai yakoo liyathambara patta,Neu
araa oyage kathawa hari radio wa kawada wath marenne naa oyage wada satahana mn kawdawath waraddanne naa e taram supiri katahadak oyata tyenne budusaranay,Pos
jathiya sri lankan qwa ne maru waradinne na ouata,Pos
mu molayak newe mola genapu nawak yako suba pathanawa bro gehan,Pos
 watenna epa kohomath oya watenneth na hari de karanna likes walata unlikes walata oyawa wattanna ba api oyath ekka innawa ,Pos
the voice live oni kiyanne kauda ,Neu
godak adambarai akke math podi kale idan asai oyata ada eeta wada adarayakhoda upades godak labuna,Pos
patta mage eka,Pos
kumara walgama kiyana ratata adare akak namai,Neg
Posh seen eken natiwa kata arala sinduwa qwa nan tawa lassana wenna tibba,Neg
darshana kiyak thibbath ape un danne ekai linde inna gembone,Neg
bands la kattyawa ganne kalin hithane kiyanewa enna hithane unuth enna ne ,Neu
geethayata asadaranayak kala kiyala hithunema na katahadath lassanata thibuna eta wada kapenna one aya theruna anyway good luck malli atharinna epa kawada hari hoda thenakata enna ,Pos
kata kewath mu sira kathawa kiyannee machan,Pos
hotto to maka kiyala poltik karanawada hotto,Neg
aiye bitcoin mining krnna free barida,Neu
sinduwa lassanayi godak videyo ekanam anthimayi,Neu
vile lagegaha nathi video akak vayasata neve vada habai song akanam godak lassanai suba pathum,Neu
oba garu kala yutu pudgakayek oba gena ettatama adambarai ape lankawe singhala kama amataka kr jeewath wana ayata oba honda aadarshayak god bless you forever,Pos
akki oya hoda amma kenek,Pos
suba pathanava nangi oyat issarahat yanna oyage sindu mam kalin ahala thiyanava harim sathutuyi oyav mehem dakinna lebim,Pos
oba wahanse kiyanna sahathika atha hamuduruwe,Pos
 nam aththamai kiyanne sakshi nathi nisa kochchara nam niwaradikaruwan waradi karu karanawada usawi walin matath wela enne loku karadarayak usawi nisa wela thiyenne,Pos
ooka enakam thamai blan hitiyee,Pos
meka uk newi sinhalen kiyapan,Neg
woow superb danata haya parak ahuwa eth madi shuwer oya tamai voice sri lanka good luck shreya goshalge ekath ikmanata ahuwa ea song eketh live eke oyahati energy ekak na supeb ,Pos
mama ganna oda kara ayiye,Neu
mama me githaya wathawak pamana asuwa e tharamata lassanae epawaenne nathi gethayak,Pos
godak asawen balana channel eka thamai wasthi suba pathanawa aiya athulu samastha crew ekatamajayen jaya ,Pos
attatama lassana sinduwak lassana video ekak,Pos
niyamai parakku wanna ona nhani harenne nathuwa,Pos
dana hoo nodanna kaatawath naraka videyata kataakireemen walakunna mey kena gen aadarsayata ganna oona,Pos
meka niyanai meka adare wanthainata gelapenawa,Pos
oya kaiya gahana okkoma baleta awama thamange malla purawa gannawa vithari,Neg
ahan inna puluwan clear katahadahak ,Pos
koch shashikage mahansiya hoday best sing apita,Pos
molen wade kara kiyala hithenawa issarahata yana eka gana hithala,Pos
aththatama mn meaka beluwe nea man phone aka setup akata jak karala ahuwa hodata saddetaa tharam iyage hadada api washi welaaya ediripath karana vidiya dakinna oona neaasama niwedakayek iya niyamae program aka,Pos
oya sinduwa melo rahak nathi widiyata kiyapu aya therila thiyenawa ane manda,Neg
athatha katha krnv respect karanna one kenek,Pos
sudu banda obata suba mangalam ,Pos
naveen kiyanne kisima wadak karanna bari minihek me ratata kelawela thiyenne onna oyawage his minissunge goshawai buddimathunge nihadiyawai nisa aththatama ,Neg
hoda wede depiti gattuwata minissumge badu salli walin gaththa wahane vikunala loketa penna salli dedanawa,Neg
jeewithetawath hithuwe ne mechchara serious paththakuth athi kiyala ge aiyage respect bro,Pos
dan itn eka inawa elama,Pos
asus p hodai da koi wge hoda kyl kynko,Neu
yalu avankava hitanna a nakiyada a g girlda varadi kiyala anika adarata old aka adala nea neda,Neu
q and a eka patan gaththa eka hodai,Pos
mama asa karana patta charithayak suba anagathayak ayye ,Pos
ar corse ek gana kiw ekt aiyta godk sthuthi,Pos
ranjan ithin christian ne oita vadaa deyak balaaporothu venna baha oya degollonotama one buddhagama nathi karannane ,Neg
mage ammath oya wagemai akke oyage kathawa kiyanakota mata mage amma gana duka hithuna,Pos
aneyy chuti nanagya dukhai ane ,Neg
dipaniyoo hodata ahaganin ban vasak poyata sil ganin ganiye,Neu
nodakin vitarak ponnaya,Neg
wow hrim lssanata sing kla oy,Pos
paw yako balla ,Neu
meh sare presentation ekkanam patta aiyeh hama ekema cost ekka dala ghala tibba ekka nam supirih,Pos
ubatath pissu lahiru uba  views waddhi karanna on a huthathak karai gon haraka wadhak athi deyak karan ban,Neg
maarama lassani lassanama lassana voice ekak,Pos
 niyameta wadinna one tanata kiyannwa kantawak,Pos
sinduwa lassani ara podi keliwa aduwa paw gayanaya lassananam moko arun harune naththe ,Pos
me aparada meda nihada nowella tharunaine,Neg
true ape hamuduruwane,Pos
parli menthuwe inna awo kudu nogahuwoth thamai pudume lankawe inna pisso tika okkoma inne parlimenthuwe ne,Neg
api anawa obathuma wanuwen lankawata mee laga chandeta jayawewa,Pos
mama godak adaraii oyata mage asama nili rajina obai adaraniya mawak thunuruwan saransi donitah oyatah,Pos
oba thumage kathawa sahathika aththa ahana gaman cmt ekak karanna one kiyala hitila awe kathawa tawa dig unama tawat hodai kiyla hithuna ,Pos
aththatama hoda mawak thamunge ashawan pasekala daruwata mul thana dunna udaara mawak budu saranai,Pos
elzz but sinduwata video eka galapenna,Neg
supiri bn suba pathanawa saman lenin mahaththayage katahada enawa samahara than wala ,Pos
priya aiya yanthan kodura kodura hitiya ne koma unath mn ithaliye song eka nam thamath pissuwak,Neu
hirustar feeling ekak awe,Pos
kumari diriya geheniya,Pos
paw neda mahansiya igenagaththa ekata loku scene kiyawanna gihin umariya wa theruwa ammatasiri thamai ,Neu
 wasthi patan gatta kale idan danan hitiya well done brother,Pos
kasun chair eken bassuwa waddek,Pos
sampurna saha waradi adahasuth tiyanawa,Neu
thawa k wage ona milion gahanna jaya wewa,Pos
maha dawal heenyak meka ,Neu
yako meka yakage neethiyak mun okkoma ballo mara wedakne,Neg
 akka kiyanne charetayk mama godk like,Pos
suddek hari awilla hariyata bawana karana hati iganuwoth ape un pana gene korai habai mehe hamuduruwo banath wikunala deshapalaneth korala bath guliyata budu dhama wikunala kai,Neg
maru aye therene neti unata bokkatama wadinawa bend akat maruu aha aye itn kiyanna one ne ,Pos
lankawe degree gatthama cricket gahanna thama wenne ,Neu
godaka adare karan kenek,Pos
jathiwadee chanda wedak nehe sewoma ekwee rata diyunu karamu jathiwadin thamai awurudu ganakata ape podi rata aapassata geniyanne ,Neu
gon badu ganna epa ban uba ela,Neg
jayama wewa jesu pihitai,Pos
eya sinduwath ekkama adenawa ,Pos
jiwethe awasana bagaye pinak dahmak karagena paduwe innawa halo bere weda karanna dagalannthuwa,Neg
 harima fun program fun bamps shasika umariya ,Pos
me ape gon haraka ape lankawe ayawa pahath karalane prashna ahanne nil paata shirt eka andagena inna ekaage kana palanna oni lankaawa pahath karanawata gona ,Neg
me kolla voice sri lankan wenawa aniwa,Pos
as walin kadulu watuna math mage amma adaren reka bala gannawa hemadamath ape hamuduruwantath ammatath budu saranai,Pos
chanuka mora comment korai da balamu ,Neu
obata rata venuven kapavee janadipativarnaya jayaganna sakthiya dahiriya labeva siyalu deyange aarakshava labeva ,Pos
happy new year priyadarshana aiyest build eka nam super,Pos
ara ahinsaka ballata gahanakan uba puka dunnada ,Neg
jathi beda bala bala hitya hinda thama lankawa winasa wela tyenne agam jathi beda ballanathuwa ekta wada karla thibbanam singaporeuwa apita paradila,Neg
aiye compitition eka patan ganne nadda,Neu
hari tv kiyanne hoda program thiyana channel ekak dialog tv eke oyalage channel eka dammoth hodai,Pos
bomba gahanna tebune munta,Neg
puduma widihata adare karana charithayak thank you aiye,Pos
yko sinduwk ghl wela iddith mekat enw kiynn meyt niym music pissuwk tiynne,Pos
gehange interview taram hithata alluwe na mokakwath,Pos
e gamana me gamana ethkota sasara gamana what an inspirational and respectable women,Pos
me voice eka udeta ahune nathnam samahara welawata ude boring wage tks aiyya,Pos
godak duka hithuna kumari akke oyage jiivitha kathawa ahuwama mage ass walin kadulu wetuna kawama daakawath geheniyakage jiivithee athulanthaya nodeka apahasa karanna epaa ,Pos
aiye pc ekak hadaganna oni num eka dannako,Neu
shshika oyanam hari lassani hada ,Pos
cigarette bonna kawruth balapam karanna ona naha oyage hitha hari haiya kenek prekshakayek widiyata illimak karanne oya godak kal jeewath wenna ona ,Neu
oyanam supiri piyadarshana aiye,Pos
akki oyage voice eka godak lassani mama online ena hamawathawakma me song eka ahanawa ,Pos
yako reta dana aawa rata dipiyau udeta api weda,Neg
me tama chiwaradarin mataka tiyaganin ponna ranjo ,Neg
amboo eka shashikage sister wageniyama voice,Pos
atta hamuduruwane rate wasanawat tamai ape janatawa jeewita puja kare rata bera ganna tamai dan penawane,Pos
superi kisi kuhaka kamak nethi manusayek niyamai machan ela,Pos
hariyatama hari putha jathiya issarahin label gahagaththu ewaun adatath sri laankikyan bada binna karanna thawamath thiyenawa innawa api unwa parajaya karanna ona ekama ratak ekama nithiyak ekama jathiyak washayen jivath wenna ona ape daruwanta,Pos
dulaj patta porak bokkenma katha karanawa,Pos
samithage duwata mewa dakinna labewa,Neu
good moning admin oya sellan karanawane bane karanna ,Neu
ela ela aiya good luck awen baluwe okkama good luck lahiru aiya,Pos
hats off hitata loku haiyak ava thank you,Pos
api school yanakale idan godak adare karana niliyak ragapem ati visistai nirahankara nihatamani mavak semiyagen ven vela hitiyath itamath itamath vedagath vidiyata jevathvena gauravaya diya yutu sahodareyk ,Pos
gal gahanna mada ganna neme one thota guu baldiyak ganna one thota gon huththi,Neg
aiye mata full used parts walin hada ganna hoda shop ekak kiyannako,Pos
hoda ayata harenne,Neg
oba wahenseta theruwan saranai,Pos
methek voice eke ahapu mihirima song eka  ammo pissu hadenawa,Pos
apita kiyanko mokadda e hotel eka danna kawruth innwada me wage wenna inna kenek unnwa nam me hotel eka gana dnnwa nam apita kiyanna obata jaya,Neu
wasthi aapu mulma kaale idan idalath aiywa hariyatama danagatte ada go ahead,Pos
oba thumata ajaramara nirwana sampaththiya ath wewa ath wewa ,Pos
kalekin lassana song ekak,Pos
awoo dan nam hariyata name eka kiyawanna puluwan ,Pos
voice ekata wachana walata watinakamak saha audience eken jayagath radio hero kenek,Pos
kegalle ape kollek isrhtm palaya malli,Pos
mata hita ganna ba me okkoma eka dawase kiyapu ayada natnam cochla hamadama ekama aduma adan enawada kiyala,Neu
me okkotama sampoorna gana keeyada aiye,Neu
kasun courch ge hinawa,Neu
jayen jayama weva oba thumata theruwan saranai,Pos
wesa ganu thu nodakin,Neg
umariya kamthi nadda,Neu
 puluwannam mage channel ekatath enna,Neu
veula veula kiyanna amarui samanyayen ohoma hari thaleta hebei,Pos
aye unpi anna mama ira hada wage kiyanawa mesare apatna,Neu
dunna thiyan keta polen widapu dial ekak,Neu
paw yakou hodata kiwa ,Pos
sirasa tv broadcast eke audio me tharam hoda na eka hadanna ,Neg
ithinban aththane uba yannaththam bengali pakisthan gana ochchara hodata kiyanne hoda palapurudda nathuwa kiysnne kohomada,Neg
kolla hemal wage lassanai vidiyo eka,Pos
kumari akka gana danuwath kalata godak sthuthie kumari akka oyata suba dawasak jasu pihitai,Pos
lankawe hari deta hari ayata thenak nane iraj karanne wenas deyak,Pos
hamadma aluth wadak karana pc guide lk ela,Pos
oya wg hama knkm hithnawnm ada lankawe reap cases aduweii,Pos
amu amuwe waraddagattu tenak ma lamayawa toraganda tibba weradi tbba maita wada weradi tibba lamai etulata giya,Neg
warada piligannawa aye muu adanawa nodakin me wage gon athal,Neg
niyamai brother ada thama mata oyawa set una videyo okkoma balamawa mama ayya mata help akak wediyata kiyannako hoda hamadama cover wena it couse akak ,Pos
ubane yako digana gini thibbe den uba babada pala yako ayeth uba rata salli hoyanna plan karanne ubala okkama ekai jathiwadi ballo,Neg
duka hithuna ban man marama ada gayakayekge sinduwak niyamatama kiuwa ban ,Pos
aiyala nangila okkma lassanai sing krnwa,Pos
aiye phone eka anith pathata thiyan inne man thuma ape porage bodyguard eyath call karene phone eka ank pathen ne marai sandun aiye oya,Neu
dawasaka dinanawa brother jayawewa ubata,Pos
jaya wewa welgama pohottuwa kudukarala dapan ,Neg
niyamai kolloo aniwa final yamu practice karamuu oyata puluwan jayen jaya jayod,Pos
oyage kathawa eththa lankawe samajaya e wage ayata hariyata nigaru karanawa me widihata hari samajaya denuwath kireema wedagath,Pos
ganna boy kenek hitiyema nadda,Neu
samanal rana tawa wadi kalak natane ape hamuduruwane ranja kata hida illn kanawa,Neg
 ohoma karan yamu apith innawa oyala ekka me satanedi,Pos
chance ekak denna thibba mita wada out sing krapu aya gaththane aparade,Neg
monade unath daksha lesa katha karanawa bumi,Pos
magth thiyanawa hik vision ssd ekak eka sale karanawa ,Neu
chuti duwage dans aka maru aa,Pos
rata vinasa karana balana minisunta udau dena jana nayakaini asana me budu wadan budu owadan hitana danawat adaraniya lak maniyan gana,Neu
phon walin godak dewal wenawa apy game phon ekakata eyage kella gena apu weradi msg nisa tharuna kollek ellila meruna,Neg
kumari akkata banna ayama dan hoda kiyanawa lankawe minissunge hatine ,Neg
arage hada ahenakota aka radio programe ekak kiyala hithuna aya ko,Pos
mu natanne mata penne england unta ona wediyata,Neg
gon ranja gana katha karala wadak na ape hamuduruwane,Neu
singer ge voice colour ek patta dolkiya ,Pos
me wge hithana minissu thawa wadiyen inna ona hadenna ona ethakota me rata rate system hadanna puluwan respetfull greatfull n honest,Pos
rata deyata mahagu sawayak karana podi gamuduruwo uthum sawayak karana hamuduruwanta deergausa labawa budu saranai,Pos
kasunge voice anee pissu hadenawa,Pos
dumal wage hoda gayakayek wei anagathe shashika thamai hodama coach mokada kasunwa oya follow karala iwarai,Pos
ubawaga kanak komaht wedakne ban,Neg
gotabaya janapatitumani obatumagae awadanaya yomu karanna mae daruwa monawada kiyannae kiyala,Neu
gaburui hrima saralai ganiyak wenna onath ehema tamai kiyna charithe laga boruwak na eeka katha bahen hasirimen sanyamayen penenawa,Pos
mehem pc hadnn sali kohend ane asawe be,Neu
flamingo style eka nam amaranath ranathungage golayek wenna oni,Neu
admin poddak hemin sindu upload karannako thama anith ewa balala iwara kaleth na ,Neg
ranjan ta a karapu dayata hena gahapuwee,Neg
sihalayata adre kollek me api me weerayawa araksha kra gn na onii,Pos
budusarani aph hamuduwanh oba wahanseta athtmii deyak wenda oni deyak therum ynda,Pos
man wage maths karala fail un me konata,Neu
ara waight ekak thiyana ekata dunnata wadiya hodai me kollata dunnanan,Neu
hena ma gahapiya okunta,Neg
therum gatta ekama de dakshakama tibbatama vitharak ba,Neu
unlike karala thiyenne pakku wenna athi,Neg
season eke eka oita wada hodata kiwva wage ,Neu
alien kenekta mokatada owa,Neu
oya kyn ewwa wnw nm hodai ,Neu
bokkatama waduna supiri,Pos
anna niyama ammala samitha ekata niyama adarshwath amma,Pos
hiru star aken passe dakke lassanai nanga adare mn adare song akath lassanata sing kranwa,Pos
ane oya baduwak neweida ganikawata aluth hedinweemak sanskrutiya iwarai umbala lamai heduwoth kiyala wedak ne ,Neg
edath adath oba samagai muslim ayage neethiyama apith kriyathmaka kala uthui sihalayatath neethi ganna ona hodin or narakin,Neu
keriyo ,Neg
lassana sanwara kellek bs,Pos
api kemati aya toranne nehene pichin hodailu gayanaye adupadu nehelu toranna tibunane,Neu
math rata me wage kellek nam haa mokada bokka hodai,Pos
 lsnt kiwwa akki oya godak ,Pos
ammoo godaak lassani akkiyo,Pos
ayiye mama part aran oyalata oka hadanna dunnama kiyak withara gannawada,Neu
ape hamuduruwane kalawam wechcha ewunta desa mamakathwayak naha obawahanseta godak pin,Neu
hadawathinma suba patanawa malli oyata idiriyatama enna labenna kiyala budusaranai oyata,Pos
kasun hari hondai okata kiyanne manussa kama kiyala respect ,Pos
ballo biruwata kadu pahath wenne nane ape hamuduruwane oba wahanseta yodabala yodashakthiya labenawa ape budda sasanaya saha ape maubima rakinna,Pos
mama poco x use karanne supirima n ekak cam eka patta performance top,Pos
hamadama me rate wenne oka ihain gena oder eka karanna awith inne  ,Neu
balan hitapu video ekak,Pos
iraj janadipathi unoth hodai kiyana kattiya ko balamu,Neu
godak dukay akka oyage kathava good luck akke oya vage kenekta varadin naha,Pos
aawasaneta keayapu aka thami athatama niyamata kewa aka thamai ayata hariyanne style aka,Pos
kohomada  wa sambanda kara ganne contact nu ekak tiynwanm ewanna plz,Neu
attema tamai palle waleta gahepu nesa tamai hame dayakme hoyaganne puluwan une,Pos
ela ela adarei iraj oya ponna emathila kiyana ewa ganan ganna epa,Pos
ane manda me wage kollek mechchar kiyalath mehema wenawadha,Neg
stage eke hrima lssnata performe krnwa katahadath lssnai e nisa hrima lssnai blnna asa hiteno,Pos
mama nam gdak garu kranawa akka oyage kthawa kelinhrima pahadili ,Pos
athatama pattama patta supiri kiyanna wachana na ,Pos
duppathage duka uba danne ne naganndan manussykta lising uduwk nokarapu thamuse kohomada oi udin pahala wela duppth minihage duka dan ne yko uba,Neg
niyamai suri akki idiriyatama yamuu,Pos
 vathavak ahuvath epa venne naha,Pos
ranjanta bari una wade ape hamuduruwo kalane kristiyan palli walata ghin oka katolika walath giye nane,Pos
hamuduruwane budunwahanse igannuwe satha sipawatath karunawa dakwantane nala giri athawath samanya kare gahala newene karunawenne,Neu
pala pakaya yanna ai gota paradunanam umbawa maranawada kariya,Neg
nihatha mani kenek sathuta samaga adannath haki obata suba pathanawa ,Pos
ayye used part bawitha karana eka hoda nadda,Neu
sinhala chanda tika kadanna thawa magulak,Neg
oaba diriya kanthawak obata jaya,Pos
ilaga ekata chathura alvis gennakoo ,Neu
lanka kisima raje mathi amathi kisiwak kata arinne natha ,Neg
female version ekak ahuwa wage,Neu
trending enna nm aye retta gemu ,Neu
gampola kollek gemak gahapan vioce sri lanaka wala jaya wewa chamila,Pos
nagananda wena kauru harida bn me katha karane ehema ne aulak na awoth mama chande deno dn inna unta wada therunak thiyevi wage,Pos
 janadipati nagananda aka istirai aka katawat nawattanda ba,Pos
niyamai supiri pahadili kirimak,Pos
dawasakata eka parak ahanna puruduwela me voice eka super ,Pos
matumaga sanvada nitara nitara janathavata balanna rata diunuva balaporottu ohui,Pos
sahathika aththa ape hamuduruwane,Pos
sanniyak baluwada manda neyamii,Pos
aththatama oyala wage aya thama ona rata day arakshakara karaganna enna seshapalanayata ape kathire oyata,Pos
redmi eke gyro scope ekath aul redmi game gahanna ganna epoo,Neg
duwa oba ape ratata sampathak pahadili jawa sampanna handak ranganayak saha ruwak sarasaviyagen labila thiyenawa obata mama oba sahabhagi una chat n music program ekath baluwa kala lowe digu gamanakata obata asiri pathanawa ,Pos
ai ban me hamdam me wag kenke genala monwa hari ahanwa oyita wada hoda nedda sex movie ekk danama ethakaota oya rate wadi we ne ban,Neg
patta set ekak adarei ,Pos
gootabaya vitharai oona,Neu
dan e lagata thiyana mahamathiwaranayaadaiy khoma hari wadai pirisak sri lanka nidahaspasayen pathkaragamu,Neu
godak lassana song godak kemathi me song akata godak serayk ahuwa lassanai ,Pos
mokakda appa me,Neg
kauda ban me gon admin wa wedata gaththe,Neg
kiththanen passe e wge thala sindu godk aya kiynwa ,Neu
oya hackers la salli ganna kramayen apita egolonge details ganna barida,Neu
aniwa uba waddek bn,Pos
gtx super card eken puluwanda mine krnna,Neu
gamya obe adahas ita vatinawa obata jayawewa,Pos
 aiye mama hithan oya ai aiye fm une,Pos
gold ram blnna api un me konata,Neu
niyameta performance eka niyama sindune mewa hinawewi baluwa godak lassana mona unath parakatath wada baluwa,Pos
math oya wage thamai gym ekata gewanawa yanna bari wenawa,Neu
aloka asiri ravana song eke blind audition round ,Neu
hrima lssna voice ekk ane ,Pos
 umariya hitha illana tharu eketh innawa ,Neu
mila kala noheki katahadak saha hoda minis hadawatak,Pos
 hoda kenek labunoth aniwaryen marry kranna aiya budu saranai,Pos
boru kiyanna appa bang  ,Neg
kawda me ponnaya mun rata ta monawa karapu ewnda me mu karapu eka deyak tiyanawada mokekda me,Neg
wow dan mahathmaya eda kohomad kiyana apathaya,Neg
me pahasukam okkoma thiyana laptop eka mokakda,Neu
amuthu lassanak thiyenawa ne eii,Pos
niyama kollak budu saranai puta oyata,Pos
mekata ena ewun enne fashion show karannada koheda voice teensla lginwath tiyanna be,Neg
ranjan yanna one ladaru pesel mollaya ne alayak tharamawath ,Neg
anith pakshawalin mahindata support thiyenawa,Neu
aththa athi setiyen prakasha karana manusshayek aadarei ediri jivitheth sathutin enna shakthiya lebewa theruwan saranai ,Pos
lassai akke all the best,Pos
budusaranai ape hamuduruwane,Pos
danna wanam chanuxwa contact karagnn solution ekk dennkoo plzz priya ayyaa,Neu
mama jordan inne me manussaya aththa kiyanne lankawe genu rata avith balu jara weda karanne,Neg
samahara under pitch pitch out aya hadaganna puluwan kiyala select kara mewa ithin sirasema game thama,Neg
kawru mona comments dammath mamanam me song ekata harima asia,Pos
ado anuskaya uba dan Negambo inne kiyala loke talk denna epa harii,Neg
obatumata me serea thiyana manthri kamath nethi wenawa,Neg
ammo akki oyanam maru nihathamaniwa awankawama eththa kiyanwa garu karanwa obata mata adala na oya gehaniyak unath pirimiyek unath kathawa harijaya wewa bs dp obata,Pos
wasthi uba patta great video eke awasana tika deparak beluwa eka jivithayata marama motivation ekak,Pos
ai umaria herune naththe ,Neu
methana inna chanux fans la me paththata,Pos
yellow colour timeline ekak dakapu aya,Neu
lahiru ayya man dan oyage me program walata addict wela,Pos
budu hamuruduwo aakale gal uda thiyala minissunge kata teluwada buddhagamata benna kiyala buddgamata agaurwa karanna wena un nemai apimai,Neg
meeta wada aul euntat okkoma haruna music gana danne nati nisa mata nm meka supiri,Pos
niyamai me vage adahase thiyena aya bohe adui oyata theruvan saranai ,Pos
oya kiyana tharam meke signal aulak ne man gawath thiyenne mekath man samsung m phone ekay mekey dekama test kalaa wenasak ne e dekema ekama widiha ,Neg
pow ayyata kochara prasna tibelada appe mukuth danne nathuwa appe comments kara sorry akke,Neu
oba wahanseta aththa katha karanne godak pin hamuduruwane me minisunge kan arenna katha karanawata theruwan saranai ape hamuduruwane,Pos
good luck adithya apith italy walin ,Pos
 oya wage song ekak ehuwamai,Pos
ah niyama kollek tama,Pos
man magewath nawei kiya oba mata mathak kala,Neu
mama hithuwe anuska kiyanne hena oluwen inna hena lokukam thiyena kenek kiyala mama aththatama asama nathi kenek eth ada thamai danagaththe ohu gana,Pos
anee mtt adre hithuna sudu bandat ,Pos
akke harima lassani bawanawak wage song eka hadawathata danuna godak kochchara ahuwath epa wen na hadawathinma suba pathanawa,Pos
 akki umariya ep ai as deka amuthuwelo ,Pos
hinath yanawa paw ithin kumara ayyata,Neg
lankawa aunta hoda shot akak niyamae,Neg
ammo hitha gannath ba gahaniyaka mechchara haiyak enne konada kiya upathinma wenna one oyage kathawa mata loku adarshayak matsth th years duwsi puthai innawa towings thanks dunna adarshmath kathawak budu saranai,Pos
harima asawen balapu vidio aka budusaranai dennatama,Pos
supiri hansa jaya,Pos
aiyee nxt aka onee ikmanatama pleass,Pos
monada oi me sindu hotu peranawa im surprised umaria turned,Neu
ko balanna coach shashikata supirima set ekak innawa kiyana aya,Pos
nangi oya honda voice ekak thiyena honda singer kenek,Pos
ape school eke,Pos
hoda brand ekak mn pawichchi karanawa,Pos
hahaahaa lassanae ane sendu kella,Pos
wow pattama voice eka,Pos
aththatama hithuwe you tube eken salli hambawenawa athi kiyala hodin innadiyunu wenakota adumen sanwara wenna ethakota oyata hamogema adare labei,Neu
adatei wasthu nodana karunu love from sl,Pos
hoda ayawa kapala melo rahak nathi ewn athulata gannawa welawakata anna eka thama duka,Neg
hama sunday weddima balan inne weekly update eka ganna carry on brod ,Pos
meyath apekshaka wenta kela alamin itiye,Neu
nagananda kodithuwakku hara wena wikalpayak kiyapalla saha rajapakshala hara wikalpayak thiyenawada ,Neu
hamuduruwane neyamai api oba wahanse samagai,Pos
song eki visual eki dekama godaak lssnioyge voice eknm mra lssni nathasha akki,Pos
mage hero ara,Pos
meya daksha ieth me sinduwa kawru kiwath lassanai poddak hoyala balanna,Pos
kynna deyak na ape kama agema tyenawa best ,Pos
build with aime patta aiye aluth music ekakuth dala niyamai,Pos
ko bn admin thama nidhidha night time data iwarida mandha upload karapnko ikmanata,Neu
thawath janadipathi kenek apita wadak na thiyena palana kramya wadak na sinhala rajek bihi karann hamoma ekathu wenna,Neu
ado athatama mail kelin una ,Pos
yako milinda monawada me sindu,Neg
niyma gahanu kenek thank you lahiru mewage aya genawata lanakwe inna ayage olu tika hadanna meka marama watinawa ,Pos
lahiru mahathmayo obata pin kumarita sahaya denna,Pos
school kathawa nam sahathika aththa,Pos
mokakda mechchra add,Neg
anee pau goodak dukai bs akkae,Pos
oita wadiya darma tork dunna sirisena dunna,Neg
supiri brother adarei,Pos
ayeshma songe eken shakya mthk una ,Neu
adithaya loku wela ,Neu
  uba ekka api innawaape rata jathiya wenuwen api satan wadinna ona,Pos
oya hari lassanai thamath adarei adambarai oya gana deepthi charitheta mama thama adarei eth giya dewal gana katha karanawa wadi wage apita therenne ,Pos
danenawa oyage hada thawamath hadawathata ,Pos
adithya ta wada meya hodata qwa kiyala kiyapu un nadda comments wala,Pos
may ranil mahinda gota me okkoma tambiyage gu kawa,Neg
niroda puluwan nam game ekedi rab ne bandi jodi eke thujme rab diktha hai song eka kiyanna oyage voice ekata match wenawa lassana game ekak wei,Pos
awanka hadawatak tiyana ekama kaena amatituma budusaranai ,Pos
meke eka wachanayak ne ganna anunge kunu awssanna epa machan ubavath wenas weyan,Neg
aiya patta lassanai as dekata washi una mage kolla den meka dakkoth mn mala ,Pos
ekane nagananda hamadama kiyanne me rate nitheya na kiyala dan siyalloma naga ge visadumata ekatu veyalla,Neu
 me nuthana doily baibale athe tiyan budu bana kiyanawa ekko bibale kiyanna ona nattan budu bana kiyannone methana yati gemak yanawa ara thambiya wage deranata awe ape un ane apoi kiyala rawatenawa iwarayak na,Neg
 oba tumata bhomatama tanxx me wadasatahana apata balanna salasuwata nilimini mhatmiya watina adahs idiripat kara teruwan saranai hamadenatama,Pos
mage puthata rathnathare pihitai,Pos
respect bumi buddimath widihata hithata ekagawa katha kranawa,Pos
marama lassanayi akkiyoo oyage katahada best of luck you akkiyoo,Pos
wowharima watina katha bahak ,Pos
u hithanne meka thama lankawe thiyenna hodama build eka kiyala,Neg
oya cheththa adinne nedda,Neu
kassa harenekam kella balan hitiye,Neu
api innawa hamudurowo baya wennepa api innawa,Pos
redmi note pro eka india n wala official release wenawa neda march th,Neu
windows reset karala pen drive eken windows dana widiha video ekak one ,Neu
ape hamuduruwane api hoda sinhala bauddadayoo ranjata pissu,Neg
sarum aiye mama godak kemathi song akk ,Pos
godak veadagath deashanyak ape oba samagai oyata tearuvan sarnai ape ratta jatiyata adareeati aeati sinhalyek ,Pos
ammo kingsley good choice,Pos
ane oba wahansege kathawa aththama aththa ape hamuduruwane,Pos
niyama charithayak kanthawanta balannama one boomige kathawanm ,Pos
kasun sindu kali kiyanna epa bola apita madi kiyanawa nam okkoma oni sivatharshan good job kolla awesome performance ,Pos
ane miniho saga ruwanata niga nokara innaoya awat aya tika tamai mahinda mahattaya awot hari natnam oyalata nida gata haki,Neg
mata nam echchara lassana na podi lamayekge sadde ahenne sound eka eth ithin apita wada dannawane othana inna aya,Neg
beluwata epa wenne hemadama balanawa berima thena thama comment kare super nango,Pos
mama nam dakala na habai gal karayo natiwenna ba anit sapa sampat okkoma hamuduruwonta ona bawa apita pynawane kanna natiwa mahana unata hageem nati wen nane,Neg
ubalata kohamath lajjawak na den baba,Neg
program ekanam gon patai graphics ehema update na,Neg
mamanam meyata dos kiyala thiyenawa na kiyanne na meya kotata adan vikarakaraddi,Neg
ochchara game gahanne mokatada manda,Neg
ara ashen kiyanna atayatath denna one ellala,Neg
question mata loku prashnyak wela thibuna ekak thanks ,Pos
tanxx lahiru teruewan saranai adaraniya kumari akke oyage katawata tanxx mona mada pharawal awat taman yane hoda gamanakanam yannakiyapu eka,Pos
ko mata mic ekak denna ,Neu
aththama aththa jaya wewa boomi,Pos
kasun sadde wahala game eka athata gani wage,Neu
ada kalee geniyekta kellekta tani rathuu adumak tani kaluu adumak adan paree yannaa be mkda ahema adinna hemakenama ganikawo widihata salakannaa samajayak dn tiyennee,Neu
 parayata chande illanna nodunnata kohomada mekage kathawa,Neg
oyage patta kunuharupa apita ahila thiyenawa oyata ey chodanawa,Neg
arjunage paulane oya niyama waddo,Pos
ape paththe aiya kenk congratulations bs ,Pos
ara miniha nam epa dinithi hodi ,Neu
bohoma wadagat sakachchawak bohomath thanks,Pos
tharuwnsaranai harima adambarai ,Pos
aththatama mamath godak rasawinda lassanai,Pos
redmi nn epa wenw app ,Neg
ada horu aleea munta hena gahnwa munga duruwanth hena gahnawa,Neg
ane sathutin inna kohe hitiyath,Pos
ess geddi dekara hena gahilada sihalunge,Neg
mokakda unlocked seen eka,Neu
wow akki oya superb ekaparak deparak newei daha parakt wada baluwa,Pos
menna minissu rajpakshala ranilla mokkuda kisima dakmak nathi niwatayo ,Neu
mun katakarannema unge pudgalika tarahawal gana ehema natnam taman rajawenne kohomada kiyala minissunge rate saba prasna gana kisima katawak naha mediat ehemamai,Neg
priyadrashana ayya dn super charcter ekak wela congratulations,Pos
na ape podi hamuduruwane man nam hithanne pansalakata mona hari unoth dewiyo kopa wei sinhala ape tama dharmayata adare hoda pattak tiyenawa mukuth karanna ba katawathma hmm,Neu
oyage duwada ayye,Neu
aiya wadiya ad danna epa balanna hitannaha etakota,Neg
meyage apooru nama dala thyenne sujatha hamuduruwange appachi heenbanda mahaththya ethuma harima sundara charithayak,Pos
methek hondama battle eka,Pos
pc ekenma baluwa onna,Pos
meya hiru star hitiya,Neu
puduma mihirak petiyo mama wathawak ehuwa epa wennema ne puduma lassana theruwan saranai,Pos
ane me king set na appa eya sinhalen katha krnne stefani wage unanam shok international gathiyak nane,Neg
lap ekak ganna yana gaman magadi video eka beluwe aiye thanks a lot,Pos
bageta danna epa ban,Neu
band eka supiri supiriyatama play karanawa,Pos
rajapaksalata henama gahanawa,Neg
kasun hodayi global brand name eka thine bns eka tikk hithanna ona malit talant nisa kohoma unath global enna kiyala wish karanawa,Pos
mr nagananda api obathuba samaha aba pawasana de pehedili eya ratakata awashyai,Pos
power eka matha thama hama deyamakma thiranaya venne,Neu
 munagahila kathakaranna asai,Pos
appata dubai wala sampath ayyane thada thada,Neu
nehara akka ekk karapu programme eka release wenne kawadda kiyala balagena hitiye favorite actress kenek please puuja umashankarwa gennanna ,Pos
mama dakka ekama legend in srilanka,Pos
anee meya lassnata kiwane appa ara shelindata wada,Neu
coach kasun ngitta ekama loku deyak deiyanee,Pos
ketiyen kiyanawanam patta,Pos
cute voice ekak lassnai ,Pos
asama tharithayak thanks you ,Pos
kalakanni thirisana balapiya venida ratema minisun tho wage amana kalakanninta dena uththare ,Neg
mama kamathima radio niwedikaya,Pos
owa okkotama kiyak vithara ynvada,Neu
harima awanka manussayek polawe payagahala jiwath wena pudgalek,Pos
mama pora kiyala hithana my ta hapan,Neg
ado meka uba kiyawaida,Neu
deviyan vahansa ge file eka kiyala oya kiyanne api baudda ekata kiyanne karmaya kiyala kohoma kiwwath pina saha pawaehema nethnam daiwaya,Neu
gode Posh kattiya awl wei da danne,Neu
eththatama me aya hamuduruwoda,Neg
sinduwe theruma nam godaak lassani eth video aka chuttak vath gala penne ne milinda aiya,Neu
ape hamuduruwanee oya wahanse me loketa bihi wechcha budda puthrayek eating kathawak,Pos
yohaniwa dkke kwd,Neu
aiyo arvinda me wage show walata enna epa oyage muna peunth oya kata hadata adaraya karana ek apen ath wewi,Neg
 aiye gamme kathawa ,Pos
munata hinawak genna puluwan voice ekak eka good luck malli ,Pos
ugath kamak nathi me wage aya janadipathikama sudusu nahe itath meya hoda ganu parissam karanna,Neg
me harsha hiru star unna,Neu
 sira prak lahiru ayya thawa putu dekak lesthi karala thiyanna ,Pos
supiri ayye ayyath sinduvak kiyana videos ekak onee,Pos
ayye oya lip barm galada hee,Neu
video eka godk vedagat una,Pos
 ayemath asai balanna meka,Pos
muslim ewunta gidak ratawal thiyenewa kata parissamin netham punishment hamba wei,Neu
patta aiye apita okak gannawa kiyanne hinayak,Pos
redde sirasa mun okkoma katha wela harunna ekai une,Neg
eya hariyanne habai kasunta all the best,Pos
heta dinayedi maa manamaaliya wela yanawa hite duka daraa amazing akkiya niyamai anew,Pos
patta hoda kollek mara nihathamanimara asai mehema minissu dakinna mara sensitive porak respect for ur attitude and being a nice humble human being all the best brother god bless you,Pos
akka e song ek ft,Pos
acer nitro eka hodaida gaming and video editing walata,Neu
power full voice bachiwa mathak unaa ,Pos
meka enakan balan hitiye ai parakku,Pos
honda character i asama buwek man hee,Pos
mama sinhala mama man jathivadi,Neg
audience eke idan me para battles balanna denawa neda,Neu
pirimi ganikaawa ranjan unp kiyanne okkoma ponnayoo,Neg
ara oya supiri charithayak ay mekata pasbara genawe natte genawa nam meeta wada interest,Pos
godak youtubers la nokiyana deyak kiwwa,Pos
 api nohithana patta understanding kello innawa umba aniwaryen marry karanna onee,Neu
oyatawage palakainta mole ne aiyee,Neg
niyama program eka mr oya niyama gelapena minissu genawa keep it up,Pos
mam radme pon akan mae baluwa,Pos
mage amma keysnawa man oyaa wagemai key akka oyaa hari hoda kenek sakthimath kenek adarei godak,Pos
mukuth karan natuwa sudana wage enna aya thama serama karannee truth,Neu
woo sinhalenma kuwot mail kelin wena gayanayak pattaa jaya ,Pos
appe epa wedak ne dan inne epa wela,Neg
uba sira porak ,Pos
akki u sang very well and performance also lasannai godak niyamai dont worry all the best for your future ,Pos
ara oyage morning show eken ma winodaya apahaasa upahasa mdeem kuthuhalaya me hamadema tiyenawa obata deergausha,Pos
haryma sathutui ayya mage man podi kale idala asama niwedakayek ayya ,Pos
menna dan labunu puwathak asus rog samagama agaharuwalata gena yamata chanux namathi pitasakwala jeewiyeku katayuthu karamin sitina bawata jathiyanthara buddi unsha walata thorathuru labadi thibenawa,Neu
pada form karanna epa yako,Neg
waa aw asama kenek araa niyamai thank you ,Pos
godak lassanai dennama sinduwath godak lassanai,Pos
hadawathimma katha karana sri lankika porak ,Pos
mun unge daru param para kata mudal hoya iwarai ubala param para hakata naya vi iwarai hitapalla,Neg
vedeo ekath avulak na,Pos
admin name n akura hada piyaw,Neg
ada nam fatta oii ,Pos
mokakakda oi kare mun gaththe ne ne me kollawa pu wede ,Neg
chanux bro wa gennamu next,Neu
mekanam mara lassanai ,Pos
hoyala hoyala thama arage inna thena hoya gaththe ,Pos
 programme eke ahapu lassanama sinduwa ,Pos
niyamai hansayo supiriyak tama ,Pos
okkoma ekai neda kawuruth hoda aya newe nenkn baba wenna epa ithin,Neg
wihilu karanne nethuwa hitapan belli,Neg
dan bn lahiru aiye channel eke dakke,Neu
oba hari pakshaya araksha kala uthui ekan ihalata gihin eya winasa karana eka gunamaku kamak,Neg
hamomatama baninne nathuwa innaanika lajjai ohoma kunuharapa kiyana eka ganiyek neda oyath,Neg
lassnt hitiya uma ketha krlaa ,Neg
sudu kenai lankawe kenai athare wenasa konde theyena wenasa lankawa perihela theyena tharam,Neg
aththa apa hamudruwana ratata watana dasanawak,Pos
patta brother lanakwa thawa godak diyunu wenna onee mulu hamotama eka level ekakata salakanna onee respect brother,Pos
aththa ma kiuwoth program eka baluwe na ahuwa echcharatama voice ekatai respect super polawe payagahala inna charithayak ,Pos
budu saranai obe tumata ape kanawalta one obe waga rattarane adaraniye manusayo mama video sarama balanawa obega maga rattata obe adarai ake mama danawa ,Pos
 karapu hondama program eka ,Pos
samitha ekka baladdi hodama hoda amma kenek e duwa harima wasana wanthai,Pos
monawa unath pattata talk karanawa ahan inna asai respect ,Pos
shashika mis nam ithin mata nam dakkath athi,Pos
kiynna wachna na dennama pattama pattaii suba gaman denntama shashika madam niymaii,Pos
mu thawath maiitree kenek thamai anika dan mu gadarayanna one kale,Neu
 ee oba harima dieriya geheniyak obaweni aya wasanawan,Pos
kassata kattiya wadi nadda dan,Neu
budu saranai mahatthayo api pirisidu le katath me jathiya nathi karanna ba oyala thamai athithe idan jathiya wenuwen wada kale pana dunne apith kotas karayo wenawa bs,Pos
bns umaria ada silent moko dan na ,Neu
 goodak hoda lamayek oyata goodak adarey mage putha wage oya manage adara danna hoda puthak oyata budu saranay putha ,Pos
wow me song eka internationally jaya gattu song ekak niyamai bro,Pos
pinwath ammtath ape hamuduruwantath niduk neeroogi suwaya lebeewa theruwansaranai,Pos
keda haliyak sinduwa kewa kunu god bns la ta damma,Neg
oba janapathi satanata enna nathnam api samulla gathanaya wenawa,Neu
shashika tharaga karuwanta galapena hoda song thorala dila niyamai ,Pos
mava hiri vatuna hed set n ahanakota,Pos
admin welawata dannako,Neu
prashna ahana kena ahana vidiya kanata katora vadi sahalluven ahanna usaviyak vage sarala prashna ahanne,Neu
dahaparata  wada baluwa  lassni,Pos
kasunge hada thama hada mulu hithm perenawa e haden pattama voice eka,Pos
add dna epa ykoo mmechara kathwa ahna onii ,Neg
thanks aiiye mn lap ekak ganna yanne me video eka godak watinawa,Pos
mama me video eka enakan hitiye soppa priyadarshana ayyee,Pos
man asama charithe,Pos
dakina dakina welawata ahana githayak well done ,Pos
 obathuma api agaya karanawa jaywawa ,Pos
ape hamuduruwo athta kiyanawa ape ratata shakthyak,Pos
thava tiken sanduda,Neu
jpure kellek maarama lassanai ,Pos
okkoma kattiya harenna one ekak,Neu
denata hodama battle eka,Pos
ane tho mona pakekda,Neg
edat adat adare karanwa mahattayata jeshu phitai,Pos
budu saranae hamuduruwantat ammatat,Pos
jathi wade lokko inne parlimenthuwe mun tikawa allanakan visadumak nehe ,Neg
me naaki nathuwa tharuna nayakathwayak one ndda bn,Neu
aiye bit coin minning witharakma video ekak dannako poddak theruna adui ,Neg
kelin attama kathawa ada enna ape niliyanta kittu wenna wath be boru sho kapati kam ne,Pos
watti amma hoo hoo watti amma baba,Neg
oya thama iraj aiye charithe oya baya wenna epa aththa kiyanna hamadama,Pos
oya hirustar hari dream star hari danna anivarenma enna api balan innva oya enakan vindula anivaren api oyta vote krnva,Pos
ayye ochchara hoda akak hadala mini game akak pennane ay akoma asa nathiwey,Neu
me akka dream star hitiya wage mathakai ,Neu
eelanga video eka denna ati halennama,Neu
ane obe katahada pamanak hemadama apita athi oya roopeta wada obe katahadata loku balayak thiyenawaeka vashee vena handakobata sadaa jaya,Pos
vihiluwakata aran bn ,Neu
ada kiuwa kiyala liyala tiyaganna me video eka aniwaryenma trending wenawa,Pos
k walata thawa chuttai niyamai ayye ayyage build nan kochchara baluwath epa wenne nn na,Pos
anehh e katahada e wagema hinawa aththamai mata hirigadu pipuna ,Pos
wedagath yamak kiya dunna respect bhumi ,Pos
 shook ane hodin enne hamadaama ,Pos
apita thrusthawaadeen kiyanakota apita daraaganna baha aya ehema apiwa balanna epa ayye,Neg
vini kollo tika gendoo,Neu
ammo anthima tika,Pos
uba patta macan,Pos
oya kata handa thamai okkama,Neu
mage boss tamil looke hodama boss looke hodama tatta kenek eya apita deeiyo dena deeth ekka mage boss ta denna oni ,Pos
ai me methumata baninne wada nathi nathi kuhaka minissu hdenna balanna,Pos
  apita one oya wage nayakayek dan hodama welawa me obata jaya,Pos
anushaka supiri charithayak ,Pos
woow sashika miss ge voice eka lassanai,Pos
obatumiya ugath buddimat kenek mage adahasa budu saranay,Pos
boomi oya harima buddimath harima priya manapai mathu athamayakadi oba prarthana karana poorna sthree bawaya ho purusha bawaya lebewa adarei godaak,Pos
ammo aka fatta,Pos
kiyanna wachana naha aththatama harim lassanai good luck,Pos
ithuru tika ahanna balagena inna aya atha ussanna ,Neu
kalakanniya uu hithan enne u wage akek nea kiyala panditha wesihe putha,Neg
man nam hadawatenma adarambarai mokada lankawa raja paulak asha dakenma sakka dalada samedu pehetai,Pos
payama beluwa skip nokr mara asai katha krn widiha,Pos
aththatama aththa katahadath ekka araa wa pennapuwama mawath confused ,Pos
wooww marama nangi pissu hadenawa voice ekt congratulations ,Pos
kellege charithayata agaurawayak me wage aun nisa thuuh witharak,Neg
adee priyadarshana ayiya badalada,Neu
 kawadawath hithapu nathi paththak dana ganna hethu kaarana una me program ekata pathanawa jaya,Pos
oya hari wadagatha ugatha vidihata katha karanawa,Pos
adarei lankawe atta kiyana ekama politics man ,Pos
mn me vlog aka balan ne ath mula idala anthima wenkan balapu niyama episode aka me wage charitha genna,Pos
atthatama ahanna asa balanna asa hitha na kanak atthatama niyamai ayya ,Pos
siriya wantha pinkara amma obha wahansege amma ada kotiyakatath wada amma amme obha thumi nivan daka budun dakithva,Pos
mihidu warnakulasooriyage voice eka wage neda,Neu
acer laptop walata aulak wenne nedda,Neu
lahiru api wenasma samaja sewayak karagena yanawa eka gena podi pracharayak denna puluwanda ,Neu
bumi akke oyata budusaranaii akke oyage numbe eka plzz dennakoo,Pos
katada shemil aiyawa mathak une ,Pos
gani sinduwaa kawa kollanam hodai,Pos
aiye matath build ekak karaganna one,Neu
ape hamuduruwarunta theruwan saranai jatjiye pinata pahalauna abawahansela nositinna ada ratak jathiyak agamak nahe kalakanni deshapaluwo ratama vinasa karala ewarai,Pos
mama kamathi chirithayak,Pos
hitha ganna amarui eththamai marama asawen hemadama ahanawa issarahatama yanna onii good luck budusaranai,Pos
lankwe u tube wenas krpu prasidda karapu charithayk thama real waddek ikmnta video ekk dpnn ,Pos
me sindu mp eken download karanda barida meyalagema voice eken,Neu
meya england walata kade yana kenek rawatenna epa mamath kalin hithuwa hodai kiyla wijathika balawegayak suddata kade yana kenek,Neg
aththatama lassanai godak ahan inna asa hithena katahadak all the best ,Pos
moda choice ekk gtte bn ane mnda,Neg
 dino wat genna nxt interview ekata,Neu
guitar part eka ,Neu
nihatamani manussayek davi pihetayi,Pos
mn huthuwe eththatama me minissu kiyana porak kiyala eth awakawama hoda oluwak thiyana kollek,Pos
hama porama mic eka allapuwama mara dukak ne kiyanne nikan tharageta wade budu ammo,Neg
meka trending enna one ethakota loku motivate ekk okkotama hambenawa,Pos
ane shashika misge ada lassna,Pos
samahara vers wala end eke podi podi awl wagayak thiyanawa voice eka nam maru good luck ,Pos
sthuthii obata me vidiyata pehedili karanawata atthatama oba ape sinhala minisunta watina sampathak ,Pos
ay me sinduwata coach umariya harune natte kapei kiyl bayt harune natnm aduma gane comment ekk denna tibba ,Neg
benala comment danne kumari akkata anisi yojana dapu sakkiliyo,Neg
tharage gena hodatama stdy karala awa wagei mata hithenne ethkota ,Neu
oba hari apea hamaduruwane,Pos
gota ta help me mamai wife inne bahrain wala gotata chande danna lankawata evith yanawa god bless gota jayne jaya gota sir jaya,Pos
mulinma sirasa super star awilla passe hiru star ekatath gihilla ita passe voice ekatath apu gema athaarin nathi ela kollek ,Pos
mata sinduwa ahan iddi ninda giyaa marama ,Pos
hodat kalpana krla uththra denwa good,Pos
adarei kollo patta weddek ekenma ,Pos
me anduvan une bune vage kenk aleyata apu akama vetarai,Neu
harima aasawen baluwa hithata wadina hadak oba dedenatama suba patanawa,Pos
mun rata wenuwen monath karannee na muslim prasna enakotawath monadekakatawath mun na jathiyata aadarayak nathi gathi hiwallu mun,Neg
iraj kiyana ewa hari konda pana nathi harak kyna ewa ahanna muta pissu nathi ekama athiane ,Pos
me video ek dn dkke yko bby,Neu
meya honda niliyak meyata sahenna katha haduwa ane manda ewa aththada kiyala etha meya niliyak harima lassanata ragapanawa,Pos
perum puragana aa sansare ,Pos
aiye ekama varge gpu da oe,Neu
me song eka private karala thibbe dan thamai dala thiyenne,Neu
tho kade yana gota hitiyanam ada umba ne,Neg
umariya oya nam pissu ,Neg
maka kiyak wanawada,Neu
podieka maru ban aiye,Pos
kawruwat wishwasa karanna baha kawrut enne ohoma sihina loka mawagena,Neu
me kollata wada sangeethe bari ewun team walata gaththa haba mekata wenna a athi reality show kiyanne ,Neg
 oyata pissu baila ,Neg
me coachla maru pisu natanw mara atal ekk gane buzzer maru jrn presd krgnw hrim ekamutui umaria tmi oka ptn gatte ,Pos
hirushi hitiyanam niwedanaya karanna maru,Pos
hmm jiwitheta igana ganna deyak godak isthuti nosagawa katha karana ekata,Pos
kasun ta wada hodata kiwwa,Pos
thawa kochchara hari katha kalanam ahan inna puluwan kochchara welawak hari,Pos
shashika kiyanne kawuda kiyala loketama pennuwa voice nm voice,Pos
hithuwata wada etta minihek ,Pos
hamuduruvanta kunu harupa bana kiyanna salasvala teyanne anduva mate amatela gaha gannava pode daruvanta panna okunva hambayo panna damanna ona ape raten amma appa vadak naha,Neg
meke thamai wada karayo inne wena eka program ekakawath na me wage dakshayo  congratulations sirasa the voice ,Pos
mata hithenne mahinda mahaththayage me putha thamai deshapalanayata honda namal nove,Pos
danata dakapu hodama female singer patta,Pos
ayyawa contact karaganna widihak nadda,Pos
piyadarashan ayiye ayi sinduwa kiwuwe naththe,Neu
oya niyama sinhalayak ape hamuduruvo tama hero,Pos
kohoma hari supiri waddek una neda aiyya,Neu
ape hamuduruwane ranjan kiyanne pissu ballek uta pissu thada wela eththa me dawaswala kiyanna deyak nethi wenakuta kiyanna deyak hada ganna apei ,Neg
lankawe katholikayoo na man hitannee bombeta ahuna,Neu
hiru eken beri una de sirasen ganna namuth hindi walin yanna beri weyi,Neu
dn hom coach shashika select krnn gihin kttiy angnno vge dn bands select krnneth hdisiyen ,Neu
ane dan hareyi hareyi gaga hitiye oya dakshayi malli all the best,Neu
ape hamuduruwane rate janathawa moda neha me prasnayata hari visadumak nodi kara arina un diha mulu ratama balagena inne,Neu
oyage hoda adahas tikak eka watinawa hoda gamanak yanna d p god lake,Pos
meya godak hadiyawa neda paw appa,Neg
mechchara kalekata ahapu wadagathma kathawa jeewithayata marama wadagath wasthii,Pos
godak dhukai ane sindhuvakata vath ehama epa dharaaganna beha andenava,Neg
aiye gaming pc build ekak hadannako plss,Neu
super siyawathawsk withara ahuwaeth athi wen na super brother,Pos
godak watinwa hamoma ahana karanayak thanks aiya,Pos
suddek arapu gathiyak penawa arakita,Neu
theruwan saranai ape hamuduruwane,Pos
muu patta program muge baluwa but me interweave eken passe adahasa maara Positive unaa niyama ekek maru,Pos
kasun ta kochchra adambara athida eyage songs godak me tharagaye sing kara ohuge sindu kawadath ahan inna puluwan nihathamani kalakaruwa api obata hamadamath adarei ,Pos
sha sha kiya kiya inne umariya vote eka denne nethuwa ,Neu
ada ape samaje inn hama kanthawakma meya narabiya yuthumaithanks lahiru aiye ,Pos
hamudiruwange kathawa aththa parlementhuwe inna unge mole sudda karala inna onne okkotama kalen ,Pos
band eka patta supiri baking ekata adare aya ko,Pos
cover ekak gahapn malliya waasi ube voice eka ,Pos
 aiya aiya ekka katha kalla anagaththe naththe oya witharada manda,Pos
budu saranai sudu banda oba thumata lankawe horata suddanen lamai hadagaththa ape rate ipadichcha ashen ranjan as arala balapiyaw mea thama minissu,Pos
umaria sha gaanawa witharine affa,Neu
blok ampdino spoken english class ekak karanawata kawda kemathi,Neu
ammoo mage esdekata kaduluth awa oba nam mara kollek budusaranai god bless you jayawewa obata,Pos
redmi phone vala google contact nisa velavakata pissu hadenava,Neg
bro gadget mania program eka premiere krnne kwdda,Neu
okkotama kalin kiyapan me yaka kauda,Neg
anee umaria shooi ,Pos
meke athal denawanam ithin umariya and kasun thama ,Pos
  weerasinghe ballo tho paduwe hitiye naththam thota adanta wei balla,Neg
lassnai ayye suba pathum,Pos
ane puthey parissamin deyk unoth thamanta thaman witharai theruwan saranai numbata,Pos
ane gon gani uba wage moda ganiyek,Neg
eka digata balapu video ekak,Pos
mr welgama paksaya nemey rata araksa karagamu kalutara kollek hetiyata,Pos
dakapu hodama nihatamani gahaniyak obawa follow karanna watina kenek,Pos
oya kohomada aiye inne,Neu
desapaluwo kiyala kiuwoth hondai nayakayek inne mokatada itto tikata natanna ida harala inna ekada sadharanayak nadda mun serama panapitin apaye yanna ona,Neg
kasunta duka hithunwa anthimata da,Neu
dula aiya balako mara porakne,Pos
melo rahak ne oi,Neg
sinduwe wachana walata adahasata gelapenne neti video ekak,Neg
obetumata dirgaushe lebewa obetumage kathawe attea sajith dinuwanam ade lankaweta monewa weide,Pos
discreption eke thiyena de nemei ne video eke thiyenne,Neu
aiye hina vena ekath jathi dekak thiyenava sathutata hina venava irisiyavata hina venava bandu gen passe hina une kumari akka nisa eka eyata pinak,Neu
kasunge sindu gana kiyala wedak na mokada eka widinna danenna ona eke filing tiyana ayata 1lankawata awath shot ekak danna yanawa sirama hoyagena kiyak giyath ,Pos
dawase hodama idiripath kirima,Pos
lahiru obata pissude me wage gon ganu genna,Neg
eka wachanayak kiyannam patta,Pos
gotageth hora sin tika ivara karagena avanam hoda nadda,Neg
awhhs ekh nam maru ne st time sinduwa ahuwe,Pos
aiyaa oya hiru star awa neda oyata jaya wewa,Pos
may kaalakanni balla ratay sanskrutiya vinaasa karanawaa gota nidi,Neg
gindara wage maru ,Pos
hena una pana yanna,Pos
unlike kare buuru heththa,Neg
taruwan sarani ape hamudurwanta attha kathwa,Pos
bodubala senawa mahason balakaya ekata unanam supiri ela gemak dunnaki,Neu
ada lankawe tharuna ayata luku adarasayak oba thumiya laba dunna harima sathutui obata dirgau weva suba anagathayak parthana karanawa theruwan saranai,Pos
harmony ekakuth set unaa nam eka watinaakma ithin,Pos
maru niyamai nangy,Pos
mun hoyanne giriya kadagena kegahana unta pakai thuk nodakin thopiwage un,Neg
oba alokayak me loketa,Pos
maikal aiye apiwa mathakaida dannam issarata wada hodatama sinhala katha karanawane ,Pos
coch sashika ta gelapenawa betal waladi,Pos
man dekkamai vineetawa aiyah inna interview ekak ,Pos
chanasara hamuduruvan venuven oba ellanna chande,Neu
ape hamiduruwanwa hemoma ekathu wela nidahas kara gamu ekata weda karanne hode nayakayak inna oni oba thuma wage,Pos
aiya photo edit video edit karanna honda intel risen,Neu
godak watina kathawak hoda denumak thiyana sarthaka pilithuru,Pos
mama asama teli niliya goodak adarei oyage kathawa ahala aduna adarei,Pos
budu saranai hamuduruwane oba wahanse kiyapu dewal serama niyama sinhala blood tiyena apita terenawaapit dakka me ratata mehema wei kiyalaeth lebal sinhalaya dakke ne,Pos
song ekanam mara lassanai wena vishuwal ekak thibbanam godak lassanata thiyei,Pos
chanaka iya aeda wagema niyemata kiwwa elama,Pos
thanks aiyya godak patta ah eka well done bro,Pos
mama pavichchi karanne dell laptop ekak eke gb ramekak thiyanawa,Neu
waga kiyanna one goonp aanduwa hamuduruwane un hondata arakshawa dagena ahinsaka minissu merenna arinawa,Neg
ehenm onna me sathiye mage pissuwa meka ,Pos
aiye uba apita one ,Pos
pala yako yanna niyama ganiyek kiyanne daruvek malovata bihi karanna puluvan kenekuta thopivage ponnayantta neme,Neg
sampurna kathawa aththa ape hamuduruwane bs,Pos
mu janadipathi unoth my part two mut wennath ba,Neg
meka anthimata kelinma batahira yatathwijitha wei apitawenne thana thana kalligahila satankaranna paranakalewage nidahasa labanna,Neu
ane rate harak munge natya walata rewerenwa ne mun me salli hiyanna karana film,Neg
chanux wath gemu neda,Neu
menna niyama kondak thiyana pirimiyek pata paksa na ratata adare minissu el bn   aiye api innawa ekenma,Pos
dan oya inna naki haththa elawala tharuna nayakayek pathkaranna oni,Neu
thattayan eai helmetdaan nethuva yanna nubala merennedhda pisso,Neg
ammoo athi oka ikmanata ain kra gnna pluwan nan goda ikmanim oka sarthaka wewa,Pos
ayiya momakda me gta wal vsync kiyanne,Neu
ammboo eka nam pissuwak ,Pos
godk nihathamaniy adarsamath amma kenek good luck,Pos
ane moda ganu munta gaanna oni,Neg
meki boru kiyanne kiyana dewal parasparai,Neg
ahenne na ballo,Neg
ana kalakaneyo ubawa ona naha mahenda mahathayata ubala thamai ratakanna dan wesramayanna,Neg
voice eka lassanai maru,Pos
kasun hodai yatata adinna,Neg
yaakoo age mail okkoma kelin una kiyahanko ,Neu
microsoft lata loku storage area ekak wagema security eka ganath godak cear karala hadanna wei wage ,Neu
adambare kandulu wetenawa yako mata ,Pos
pera akusala karmayaka prathipalayak,Neu
ai kasun ta garfield kiyanne,Neu
ane thopita lajjavak na yako munva fom karanna apa malli oyalath savutthu venava meki vesiyek,Neg
  wage kollanta api garu karanawa nirbeetha gamanak yanna labewa api wenuwen,Pos
meya dan ai mee baba wenna api rawateii owata man methumiyage deshapalana charithe sambandayen loku kamathak thibuna kellek gahaniyak vidihata methumiya kochchara sakthimathda kiyala eth danne danne niliyak kiyala hoda ,Neg
godak lassnai akkiya alla the best,Pos
godaak lassanai nangiyoo budusaranai,Pos
ammoo thama kolla wage ,Pos
mn aiyage build serama balanw eth me build eka baluwe aiyage pattama wedak nisa chanux bro hinda newei,Pos
me pc eke price eka kiiyada,Neu
oba wahansega kathawa attha suwamini budu saranai oba wahanasta,Pos
bahinna desa palanayata api ennava oba venuven,Pos
hirigadu pipunaa anthima tikta nm ,Pos
ape hamuduruwanta respect krn nethi ekekta aya nm chanda ne dekkane mypalaya path krn una de ,Neg
yako gahala thiyenne daruwanta balapan ada kale daruwo ge salli aran dempiynta salakanne na kiyana eka thiyenne,Neg
 parak vithara ahuwaa epa wenne mt mee akka grand final enakam bln innawa,Pos
ayiye oya pen eka button wada karanne kohomada battery nathuwa charge karannath ba battery dannath ba programme karanne kohomada ,Neu
mama adai dakke mohu danata mata loku pahadeemak thinawa waradinna hari kamk na ara thakkdi ain karanna mohuta demu balaya,Pos
hirusta awa oya jaya obata,Pos
ai umariya kamati ,Neu
kollage hadaa supirii,Pos
  aiye apita oyawa contact karaganna widihak nedda,Pos
aiya ge number eka dena ko,Neu
wenama angle ekaka weddek,Pos
malliyoo oyata digu gamanak tynwa ata arinna epa issrhtama yanna jaya,Pos
lassanai voice aka malli good luck,Pos
amd da intel da hoda aiye,Neu
ammo meka hoyaganna man kapu kattak mara amaruwen hoyagatte marama lassanai ekata hitha adila yanawa patta lassanai,Pos
ane sinduwa ftt akke oyath lassanaii aa ,Pos
hiru star eken ain una kollek good luck,Neu
sinduwa yanakan cimment kiyawala wechcha kisima deayak nodakka mn wage aya thawa innwd,Neu
woow thundenatama hoda gamanak yanhna labewa jayne yaya,Pos
ela kollek niyamai machan,Pos
polawe paya gahala jivathwana habama kanthawa adaraniyama amma kenek,Pos
marama lassanai aiye eka bawanawak,Pos
baya wenna epa kawruth me wage cartoon nam ayeth me pin bime pahala wenne na gotabayage campaign launch karapu gamanma loku balapaorotthuwak ei hama manussayektama,Neu
sudirima charithayak thamai apee dulaj broo,Pos
apith mazine ekk gift ekk htiyta denna brid,Neu
ambo danakam balam hitiye balana gaman,Pos
thanks aiye godak watinawa,Pos
 hithai katai ekama thenaka thiyena man dekka thunweniya ,Pos
theruwan saranai ape humdruwane obawasta ikmanata chathuaraya sathiya awabodha wewa sadu sadu sadu,Pos
boru kiyanna epa patta wesiye,Neg
amma kiyanne puduma nirmanayk deviyani,Pos
naluwek widiyata nam hodai eth politic nam meyage asama na,Neu
anushkta wda thadiye content eke gnna dewal tikak wedii eeka sahenna unique interview ekak,Pos
muge kathawenma therenawa mu boru karayek kiyala,Neg
oya nm ftt charithayak,Pos
ela chuti mallio uthsahaya ,Pos
athi ynthm qampa ptn aram ,Pos
oya apiwa surprised karaa neda ammauuiik eeii dinithi ,Pos
voice wala issrahatm yanna wish krnwa voice wala koi tram dura giyat dawasak lankawe film industry ekat loku wadak ganna puluwan voice ekak,Pos
wow a kata hada,Pos
programme eke skip klema ne good job ,Pos
oyage namber eka dannako ,Neu
kasun thama athalma pora,Pos
oya hari akke niyamai,Pos
lassnata kiyalath akkeni herune ai aa,Neu
apoi me miniha mona taram kuhakada ane lajjai appa rata gana hitapan miniha,Neg
vayase hatiyata vada karanna chatr venna apa,Neg
kawadda oka enne enakan balan innawa,Pos
thank u ada wadasatasana lassanai,Pos
thawa tikak pahuunanam tech monday e ,Neu
apaye hitiyat niwaduwak dala enawa naga ta chande dennawe love you nagaa,Pos
bathiya mona hari kiyala eyalage paththata ganna haduwe anthimata une wena deyak ,Neu
eba dekak kane gahn ine ai interview eke,Neu
dapu gaman awaa,Pos
respect aiyya kelin kata karanawa like u a speech,Pos
backing eka patta gyss ,Pos
panditha pakaya loku lien,Neg
ada meka gana hoyala denagnna ona kiyala hitha hitha awe gedra awilla baladdi video eka dala maru maru,Pos
owai gameplay ewa danna ayiya,Neu
okkmath hari me pakayage ponna hinawa iyaa ketai oii ohoma hina wenna epa oii,Neg
me bana nevei ne anunge deval ne hoyanne,Neg
marketing nam gehan thama,Neu
pay more for less kiyanne mewata thama sigh,Neu
mihinduge voice eka ,Neu
data nomile denawanam hodai,Pos
adee thimira marune ai kauruth eyawa gaththe naththe mekalu hodama ekath kiwwa,Pos
madam mtanm marennma hithenwa mge daruwa mathk weddi,Neg
sateeshawa dakke mulin muthuhara ekee lasanayii nangi,Pos
api nodanna vatina kathavak,Pos
bathiya monada e umariyata kiyanne pahadili nane,Neu
 lokkantat prashna enw ne ,Neu
godaariyk lassana song akak e wagma vedio akath,Pos
kumari akke oua harima hoda kenek oya digatama sindu kiyanda mama oyata harima kamati,Pos
monawa unat ma manussaya tikak hodai flti kiyana akata wada,Pos
lahiru hrima wadagath widiyta a ammata gawrawayak dila hrima anukampa hithin ktha krnwa wena announcersla wage newei ,Pos
mnnm hithuwe e boy kiyla eya shook ,Pos
ithama daksha genu,Pos
bumi mamath kanthawak habai oyata hoda budiyak thiyana kenek oya supiri kanthawak,Pos
giwath wenna sariraya vikunanna vima gena oba mokada kiyanne,Neu
winayagaruka awanka polawe paya gahala inna aadharshamath amma kenek mokakda pawakata jiwithe eka paththak aduru wela aeth bohoma Positive minded,Pos
umbata night club apahasayak nemei wenna ati eth ape rate kanthawan hugakata night club kiyanne samanya deyak nemei ane oya inna miss weskan karala eliwenakota anit unta mada gahanawa,Neg
aththatama genu weradi karannema nedda kauru harida kauru weradida kiyanna dewiyowath danne nethuwa athianee pissu lokayak,Neu
supiri porak katahada pattama huruy gedra ekek wage ,Pos
 ai oya daewani viwahaya kadunae eya hoda nadda thaiyama inna hodai,Neu
eka marama lassanai akkiyo ,Pos
mn hithuwa shashika nangiwa thoranawa kiyla,Neu
aththatama oba thuma da may woow,Pos
 me video eka balala hodanam subscribe karanna,Neu
eka nm maru sashikage creativity eka ape kamata hoda thanak dunna sashikata banapu ayata nm ridei ,Pos
 aiye oya gena dena gaththe ada dekapu mara charithayak oyata aiye ewagema lahiri aiye me program ekath niyamai aiye aiyatath ,Pos
mata mathakai nehara ammage bade iddi ape gedara hitiya neharage father a uncle apita godak adarai,Pos
meki form karana youtube karainta gahnna ona okige boru ahanne,Neg
athatama oya hoda thanakata ana one kinik oya ellanna chande api ennwa oyath akala budu saranai,Pos
obata mn garu karanwa akke,Pos
kasunge thanata ennanam gdk dura enna oni thawa nedaa,Neu
hoda wede bands ta shasika gaawata giya kasun supiri kohomath weddane,Pos
umbala janapriya une naluwo nisay umbala kelawa ganne mewata awoth thamay,Neg
asama charithayak,Pos
honda danuma thiyana manussayek,Pos
kingsly oya wedak na oyawa okata set wenna,Neg
kohomath voice sri lanka enne mage kasunge team ekeneka mata wiswasai ,Pos
hinenvath ganna ba oka apita,Neu
mekata kiyak vithara giyada aiye,Neu
kasun patta daksha kollonta wetenna denne neha,Pos
games build video oonee,Neu
oya kiyanne comadi nisama hondai,Neg
jaathi wathaya ussannethuwa ennawa,Neg
ai nanotec eke games dala denne nathe aiye,Neu
hammo adai therune hariyatama wahab vadaya kiyanne mokakda kiyala,Neu
iwara wenakan beluwa great ,Pos
band music patta ahh ,Pos
pc ekata wada laptop eka hodai neda ayye,Neu
akek benapudenko aya nam,Neu
ada nam hondata kiyapu keepa denekutama herune nehe ,Neg
ape rate gon minissunt nehera dn hoda wela gata yuthhak nm me ada programme eke ne,Neg
oya harima nerbithai ,Pos
niyama kathawaharima saralai jayawewa,Pos
katha karanne kohomada hamuduruwan ape inna methi amathilane thmbinta gotta allanne parlimenthuwe inme okkamala salliwalata gotu merikanawa,Neg
hita pirisidu nati nisa muna wahagena yanawa,Neg
eeya kumari oya nam,Neg
pissu haduna deiyane ,Pos
coach kasun dangaya welaa ,Neu
aparade mma me video eka bagayak hari baluwe mu wage deshapalanaya balagena talk karana ekekge video ekak bagayak hari balapu eka aparade,Neg
muslim ratawalwalata yanne rekiyawata muslimlata api aadare nethiwunata owun apta bohoma aadarei,Neu
ane matath mewage machine akak hadaganna thibunanam super a,Pos
dan corch sashika thoraganna eka trending wela aththatama sashika witharai danne sinduwe yatagiyawa theruma athulu hamadema lassanata pahadili karanawa good luck obata,Pos
penna be mata meyawa wenada sampoorna time ekama man balanawa adanam beluwe nw ettatama mitawada watina charitha onetaran innawa,Neg
ai ban me hamadama computer ekak hadana ekak pennane mona wikarayakda ban minihekta igana ganna deyak daapankoo ammapa me widihata game ga gaha inna me wagee diwunu wena rata wala minissunta wela thiyanawadaa ,Neg
ape iskole mis oyata suba patum,Pos
mechchara perfect sing karanawa me ahuwamai mekanam hithagannawath bari gayanayak kiyanna wachana ne,Pos
niyamai waradinne ne oyt good luck ,Pos
meka enakam kochchara kal balan hitiyada,Pos
api innawa obath ekka api enawa,Pos
aphe hamuduruwane ranjan kiyanne amu moda harakek munta cande den awunut modai naluwek kupadi naluwek kalakanni minihek ,Neg
aio aparade hodata kiuwane sinduwa ,Neg
wadka ne sirasa api yanw ballo,Neg
oba wahanse kiyana kathawa aeththa ape hamuduruwane parlimenthuwe inna ekayi rata palanya karanna konda thiyena ekek na api chanda dila rathu kola nil kiyala paksa wadakma na,Neu
ponnayanwa pumbanna epa ,Neg
kumari akke oya digatama sindu kiyanna eka oyata maanasikawa suwayak labei,Neu
buddi mathek oba thuma moda kalakanni un ekka happenna yanna epa api adarei obata bayi vije wage oyata anthurak wei kiyala,Pos
shashikage katahadata kittuvenna amarui shadhika mara katahadak,Pos
gota president wana aka katawath walak wanna baha wada karanna puluwan kenekata katha karanna bari unata kamak natha ,Pos
malle pol video ekak sinduwath epa una,Neg
anith awth time damu,Neu
me ranjan kiyana ballata cande dimen sadakal walaki hitapiyau,Neg
oba weni kenek ape ani wareyenma sitiya uthui,Pos
me naki mental pakayek ape salli vinasha karala dan upasaka wela keriya,Neg
niyamaii mn voice eke ahapu sanwedima voice eka noyamaii ,Pos
 paarakata wada balapu aya me paththta,Pos
sinduwa lassanata kiuwa ay thoragaththe neththe asadaranayak unada,Neu
budu saranai putha,Pos
mata mathakai methumiya thawath duwekta amma kenek una derana ekthara wadasatahanak thulin,Pos
mama ara eka gamnawa,Pos
gonnuntath me rate honda thanak thiyenava ne,Neg
padeta pade kiyanna nethuwa rokat eka kiyanna da bm ganan ganna epa bm me lankawa sinhala beri minissu inna rata ohoma pade wedilla karana ponsiyo innawa selanna epa ,Pos
moana de kalath thebena thuru jewethe oba nethuwa mata enna be wasthuwe,Neu
podi hamuduruwange parthanawa hari labana athme mage venna one na uthum vu niwana awaboda veva,Pos
nodakin madumadava gona,Neg
sinhala samahara sanwidana kattiya kadu polu aragena ewith gewal kadawal gini thiyenakota balangena hitiyanam oyalata hondai ne,Neg
boru sobbe na menna voice supiri akke,Pos
godak hoda wadasatanak thanks,Pos
elane priyadarshana aiye pc walata wageema phone walatath api balanawa,Pos
 amma wenuwen podi hamuduruwange prartanawa ista wenna kiyala apit prartana karanwa,Pos
oya niyamai parliament yanna,Pos
ayya poco x akath review akak one,Neu
 bro meke next part ekak balanna patta asai ,Pos
mama intv eka ehuwa balanne nethuwa ahapu aya me pethtata like ekk dagena yanna,Pos
me mokakda appee,Neu
niyameta song eka enjoy karalama kiuwa,Pos
 music cover chanal balala subscribe karanna ,Neu
mouse pawichchi karaddi aiya wireless ewada hoda anith ewada hoda,Neu
 elaa kirii niyamai pattaa,Pos
yako me manussaya sinhala katha karana hati balapannko ape sinhala unta english tikak atha gaapu gaman sinhala amathaka venava respect machan ubata,Pos
mama kamathima charithayak kasun kalhara bs,Pos
harima lassanai naveesaa kanata saneepa voice ekak lassanata sinduwa kiwwa ,Pos
harima lassanata kiwa,Pos
minisu occhara hinasuwath ada uba kathwa ahnakota aduna bn,Neu
shashikata harenna thibuna aparade,Neu
okkoma baluwa,Neu
oba weni budda putun me punchi ratata tawat oni ape hamuduruwane,Pos
ranjan ramyakyg atta karpu nisa tami ma rajapaksla gotlata hana hatma ghpanpn,Neg
hithagena hitiyata wadaa harima wenas kenek ni dhanugood nihathamani have a bright future god bless u,Pos
raththaran kiyala passe aththama raththaran neme kiwwma tibba gatiya giyane,Neu
balapnko bn kiyana hama wachenem hitanne dayak tynawa api monada bn rate wena dawal gana danne niyami aiya bs jayaweewa ,Pos
katha karaddi ahan inna asai wedagath widiyata onima prasnekata buddimath pilithuru denawa oba niyama charithayak,Pos
ochchara kuhaka wenna apa maththayoo paksa pata amathaka karala rata wenuwen akathuwenna,Neg
 akka harima hodai nirahan kara carithayak man godak adare dawas a ma akka katha kara aya a wagema adaraniya amma kenek b s,Pos
mn podi kale idanma aasama radio speaker me thathwe thama naha,Pos
b n s one heluwn udadagena natana ewunn ,Neg
koheda me bawana madyasthanaya thiyene,Neu
stefani akka oni affa eya nisa meka bluveth ,Neu
muslim un gana pawule mate okanam oyalata waradila mahattayo,Neg
oya shashika thora gaththa nan aniwaryen semi final yanawa,Neu
wera liyaddage kata hade ena vibration aka poddak ahenne mat witharada,Neu
niyamai swameenwahanse oba samagai jana prawahaya,Pos
me karanne rathana himige film akata rply akak ape sangarathnaya dan dan rate deshalana itho wela inne ,Neg
kasun putuwe awulk tiyenwa neththm miniha wena lokked mnda inne,Neg
oya denna witharak nemeii ma pannanna ona ranil maithree sajith mahinda gotabaya chamal besil jvp athulu okkoma kalakanni pannamu munn okkoma ,Neg
hoda gaming tab ekak kiyannako,Neu
ai me ape lankawe minissu ape ayathama mada gahanne kawadawat muslim thamil cristiyani agame aya me wage nhe sinhala minissu vitarai me mada gahanne,Neg
mama watakak baluwa,Pos
 sirata api adari,Pos
gehan asama charithayak jaya wewa,Pos
build eke cost eka keeyada,Neu
assistant patta aiye,Pos
podi kenage athal eka balahanko,Pos
ada umariyath shashikath kethai,Neg
jathith lankawenam noipadewaa bauddayek wela wena rataka ipadewaa,Neg
suba anagatayak duwa,Pos
ane jagath sirwa dakkama godak sathutu hithuna sirge duwa godaak lassanai nangi katahada idiriyatama yanna lebenna oona,Pos
as kadhulen themee giya ape hamudurwane,Pos
sashika uresha kiyanne ape supper singers,Pos
mama godak garu karanawa me waga sahodarinta atta kata karanajeevite hama abiyogakma jaya gannawa ada hoda adarsamath kenak nangi obata budu saranai,Pos
malli janadiapahiwarayata ellanna apu uba wage eun hodaie,Pos
dulaj ubata mn mara kematei bn patta adarei bn uba mn wge gati guna tiyena kenek matath thadiya kyala tamai kyanne,Pos
woow marama lasanayi shoyi ane ,Pos
attamai kumare akka mama hamadama oyata kami oyaga jivita hama dama satutin inna akka oyaga hita hodai waradenna na ,Pos
aththatama obanam supiri manussayek agamakma tamai,Pos
uba patta waddek me ratata sampathak uba gana kiyanna wachana na good luck,Pos
mage aseme song eke soo nice,Pos
aniwaren meka trending thamai ,Pos
jaya api oba samaga rallak hadal rata hadamu,Pos
me babawa thotillata yawanne maha mathi wereneyedi,Neg
ahthatama kamathi widihata thora ganna ba mokada ehema wunoth kattiya samanawa bedenne na ha ha ha,Neu
ape sri lankawe ahinsakavi nisansala supire me gayumat ,Pos
parliment eke gonnuma muta gon ranja kiyanawa ethakota mu kochchara loku gonekda ehema gona mole athi kathawak kiyaida muge kata newei mole thiyana thana hoyala ethana thalanna ona,Neg
kumari akka sindu kiyana nisa marichcha amma avith dorata gahaga kiyanne sindi kiyanna epa kiyala,Neg
shashika kolayak balan kiyawanne,Neg
voice ekata harima kemathie ,Pos
pichin prashna thibbe meyata witharada aparade hadala ganna thibuna hoda hadak,Neu
oba wahansela peramuna gathayuthu welawai ape  rata bara gamumeka ape sinhala rata,Pos
 ado eka athal bathiyage muna owl wuna ekaparatama coach shashika kiyanakota ,Neu
me sakkili jaathiwadeen bidala damme uba wani dariwange hadawathai,Pos
kalekata passe godaak lassana song ekak nathasha,Pos
gehan bloc ela kollek,Pos
me inna artisla serama niyamai kasun kalhara kale watina deyak ada waraduna kena next time hondata karawi hithanawa ketiyenma kiuwoth oyala niyama artisla ,Pos
digatama yamu onadeyak ape innawa,Pos
  api akatuwala me wahab wadayai antawadayai sri lankawen turan karanna one,Neu
sahallu lassana hinawa all the best,Pos
dhammika perera genalla vedio ekak karata wada muge chat eken sahenna ganna dewal thiyanwa suba pathum,Pos
hithe wairayen katha karanna apa papuwa palei,Neg
gehan aiya wage english katha karanna puluwan unoth echcharay,Pos
palakayo rata hadanne ne eyala hadanakam balan hitiyot apen passe param parawata sinhala ratak netiwei ,Neu
asadaranayak una wage danuna,Neg
ane manda me programme eka witharak video eka nobalaa ahuwa ara is the voice,Pos
anee aththamaii lasana song akak akkiyoo oya godaak lasanaaii good luck,Pos
mn asama niliyakane kawada hari selfi ekk ganna thibunanam a athi adarei akki godakk ,Pos
niyamai niyamai voice harima lassanai,Pos
anee gehan aiya,Neu
wow voice teens eke ayashma thathsarani wa mathak una aya ko ,Neu
ammo man goodk asama charithayak,Pos
 aiya program eka lassanata karanawa dino aiyawath intreview karanna,Pos
pasu thawenna epa aiye ek trgyk vitharai hadawathinma suba pathanw,Pos
aiye igena gana nam asai medewal mhm dakina kota e wageme oya wagee bild ekak matama hdanati hinayak tiye,Pos
hoda wada sathanak good,Pos
iyyaa mehamath sinduvak mona jaravakda mee,Neg
aiye matath build akak hadaganna one gaming aiye,Neu
 aiye ft hoda manussyek ,Pos
digatama phone rewiwe karamu aiye patt,Pos
lankawe godak aya uppannetane bauddagama me wage minissu thamai niyama baudda,Neg
oya thama charithaya aiye goodluck bro great mind,Pos
harima lassanai  u puduma hithenawa,Pos
uba kiyanna thiyana de kelinma kiuwa,Pos
 umaria menn wanda kasun kiynkm kata piya gena innako,Neg
supirii adaraniya shouriyage adahas teruwan saranai oba depalata,Pos
wasthi ekka kawda tharaha api tharaha na aiye respect ,Pos
ha haa boruwalin minissu rawattana maewagae moda jathiwadayoo lankawata aepa moda boru karaya,Neg
giriya kadagena kadden hari wedi basawen hari kiwwanan herey,Neg
piyatuma hari ape katolika aya marila hari inna minimaruwo ahuwenwa amen,Neu
oba wage aya tama me ratata awashyai,Pos
redmi eke balana set eka,Pos
sasangila godak innawane ,Neu
meka tamay jathi wadhi awussenna pora ,Neg
mage jivithe wetunu hema thenakadima methumage video beluwa godak godak mam respect karanawa jivithe therum aran goda anna oba loku pituwahalak unagodak pin kiyanna wachana ne respect wow supper ftta budu saranai,Pos
yako a manussaya amirican pp tibunata a manussayage ange duwanne sinha le anna aka hithanna,Neu
kasun kalhara ayye oya wenuwen voice balna klenek mn thank you your fan,Pos
hemadath reta oyage sinduwak balanawa obe hada hareema mihiriyi,Pos
ado mekath pattama performance ekak denama patta steal scene eka niyamai ,Pos
budu saranai ape bamuduruwane,Pos
mahindata nemei werdune obatai modaya,Neg
ay ayye gigabyte boards wala price eka asus walata wada adu wenne components wala quality eke wensak tiyeda,Neu
kohoma unath lankawe naruma desapaluwo balagena inne oya case aken hari badumila wedikaranna,Neg
pisso form karanna epa mewa balala me rate gonnu nomaga yanawa oya yaka thanikarama pissu yakek,Neg
mokata gannwada mnda minssunta witharak nami ubatai uth katha kara opadupne bn,Neg
wtf mun guli kaalada yako kollo sinduwak gahapan aniwa voice aka raththaran,Neg
ammoo shashika nisansala nam pissuwak e voice eka,Pos
amma demala thaatha sinhala wife muslim,Neu
meya shashikage kawru hari,Pos
godak sanutui akke ape sakkili minisu koyana de ganan ganna epa godak sanutui,Neu
man bayauna kauruth harennathi weido kiyla ane sathutui hodama couch la denna haruna congratulations malli ,Pos
patama lasnaii all the best ,Pos
coach kasunge set eke pattama bulet tikak inne supiri gemak dei issarahata,Pos
me coaches hitan inna munta witaral sindu kiywanna puluwan kiyala,Neg
harida kiynna dnne nha the sailor wa gennanna pluwannam hondai me wage wedagath interview ekakata,Pos
hoda amma kanak,Pos
math hadanwa dawasaka supiirii,Pos
adarei godak akke mamath cyprus vala inne oyata suba anagathayak veva,Pos
aiye royal bilud eka danna ko,Neu
youtubersla set eka ekathu wela hoda channel ekk hadala dennako me kumari akkata,Neu
niyamai irag oya unp ponnayanta ridei bs,Neu
kauru monw kiuwath me sinduwta mm asai godariyak lassanai ammo,Pos
theruwan saranai ape hamuduruwanta,Pos
mama asama kenek oyage hama video ekakma balanawa e wagema aiyata thanx,Pos
wadakata athi deyak karanna hamuduruwane ballo burana gane nawathi nawathi unta gal gahanna giyoth hamuduwange gamana yanna wenne naha,Neg
ane gamyawa bandinna tibunanam shork,Pos
api enawa bella giyat,Pos
oyage katahada ahaddi hamadema amathaka wenawa devduwakage katahada me wage wennathi manikak oyae tharam mata danunu voice ekak mama aththatama ahala na,Pos
waradila na wayi oya dinum niyam kantawak ,Pos
man godak garu karana hari nihatamani pudgalayak ,Pos
oyala denna dagena inna shapathtu denna maru kara grenada dagena inne eka dakke mama vitaradha,Neu
supiri stream build eka,Pos
anthimatama dipu wadana masuran yako,Pos
ranjan kata wahagena hitapiya,Neg
ko parliament ekedee sadde dan nane,Neg
aluth video ekk onamai,Neu
saranga danna thibbe kingliy wenuwata,Neu
obthuma dan wisrama eka thamai harma de gawrawayen nam atha teruwan saranai obata,Pos
ape kale niliyak gena aadambaray oya gena,Pos
oya rata gana hithanna bari un aniwa kalawam jathiyak,Neg
hiru star gobbayonta voice set wenne na ,Neg
dapugaman awafirst comment,Pos
mama mula edanna anshka gena dannawa oya tv chenal walata dennenna wedak karapu mulma charithayak,Pos
ekatanm comment ekk noda yanna lobai e taram lassani duat eka,Pos
mona magulak ahawwada manda udenma thuk nodekin mewea,Neg
uba wenuwen comm ekak daana mulna wathawa mea uba niyama manussayek wela wage penuna nisaaka arthanwitha karaganna eka ube deyakjaya wewa,Neu
jothi mahathaya hitiyanm,Neu
oya ilage para gedara,Neg
obawahanse kiyana dewal saththyai,Pos
man mata epa wenakan ahanawoo,Pos
singhala api medapara jathihithaisi palakayan parlimenthuwata yawanna sudanan karamu,Neu
voice akta hoda katahadak maga arunada mnda ,Neu
eththa oba kiuwe kaurutha mas kanne ne mama eka dannaw oba hari,Pos
supiri charithayak mama kamathi nivedakayek,Pos
man kalhara nisa voice aka thanks sirasa kasunwa thora gaththa tame cochlata kauruwath wachanayak kiyan ne lucky sirasa,Pos
allah hitiyoth bella kapanawa newei eyalata merunoth thiyanawa vidinda,Neu
ratata loketa hoda nirmanayak karanam uba ussanneth ne mehema gon athal denna oneth ne,Neg
meyata lankawe janadhipathi wenna qwanam hariyatama hari,Neu
redmi phones ganna epa signal wage thiyanawa,Neg
mihindu ariyarathna ge thawath athmayak bn,Neu
haria wadakgath katha bahakmata akkita katha karanna asai,Pos
wasthi idiriyatama yanna praththna karanawa budusaranai,Pos
ranja nisai baluwe wena ekekwath wedak na,Pos
podieka nm maru hema video ekakatama nangi baba wa ekkan enna,Pos
Neu weni paratath ahanawoo ,Pos
parliment ektnm gahnnm one thma,Neg
chanux bro ge mask eke depaththa video eke anthima tike sudu pata une khmd,Neu
 wenida koheda kothanada wade wenne danna kenek reply denna,Pos
kanthawak newei dewathawiyak mama oyage wadagath pawathum walata godak adarey,Pos
boru pada shoo danna giyama ohoma venava sinduvak kanna nemei ona kiyannai ona,Neg
sinduwa nam godak lassanai godaak therumak thiyana godaak duka hithena sinduwak good luck,Pos
yako sinduwak kiyapallako apit asai sinduwak ahanna,Neg
mage kamathi ma niliya oya gana harima adamabarai,Pos
ade ape gewal gawa ada mu hoda thanaka issara duppath nahutheta,Pos
aiye adobe softwares wada walatai video edit wage wada walata hoda pc build ek mokakd,Neu
shehange rupe penne mata withrda,Neu
sinhala chanda tika kadanne nathuwa hitang ,Neg
kiyana ratawa wenas unata aththa kiyana manussayeke wagema nihathamani kalakaruwek,Pos
maru aa oyawa sub kara ,Pos
kochchara ahuwath athi wenne na e tharam lassanai me blnne dahaweni paratath wadi athi blpu wara gana mathakath na ,Pos
ayyo eyata gelapenne shasikawa,Neg
lankawenuth illai bara ganak charger akak nehe ne aka nisa,Neu
ai oi aiye me gon genu form krne yko wedagth dyk hoyapanko dyk krhan mongal weda nokara,Neg
harima ahan inna puluwan voice akak ,Pos
gampola kollek adharei machoo,Pos
 karana mehewarata obawahanseta uthum dalada samidu pihitai,Pos
eddi hita satutu karanna bari ganu marunata passe mona dana manada,Neg
mamath pavichchi kara oya phone eka phone ake kisima aulak na signal poddak aul eka hoyaganna puluvan thava hoda phone akak ekka thiyana speedtestsbuy ookla app eken,Pos
man kiuwa witharai damma neda thanks hode,Pos
ape hamaduru oba wahanseta theruwan saranai,Pos
malani bilathsinhala kuliyapitiya gampala bus eka ena kota e bus eka unkal eka digata malaniyage sindu dala thibune ammo eda danuna filing eka namane adatath ethumiya unna nm ,Pos
mara lassana voice ekak niyamai,Pos
mun ekekwath epa me ratata oni aluth kenek,Neg
umaria akkata hoda gammak wey,Pos
niyama kata hada,Pos
balu wade harune nathi ekanm,Neg
lassana akkiyek lassanata sinduwa kiwwa lassana hinawak,Pos
me wage ratata adare rata gana kakkumak tiyana new generation eke kattiya parliament ekata yanawa nam niyamai,Pos
hamuduruwoi ranawiruwoi natthan me rata iwarai,Pos
pawul wadaya lajja nadda bang chamal rajapaksha kiyanne pambayek gotabha rajapaksha kiyanne mineemaruwek ,Neg
aluth adum adan coachla tika niyamai,Pos
mokkd bn me une ,Neu
machan bokka chanayaka ela hode supiri adrei bn,Pos
umaria turn une neththe ei kiyana prashne thiyenne mata witharada,Neu
patta interview eka iwara wena kanma beluwa ela kollek uba,Pos
pawichchi krpu processor ekak aluthen hadana pc ekakata danna puluwnda,Neu
minissu ohoma ma thama kenek success wenawa dakinne kamathi na haters la wadiwela boruwata bana bana athal gannewa,Neu
kinsly rathnayakagen passe man dakka lankawe brand voice eka ,Pos
ikmanta anith ep ekath danna aiya igenaganan godk dewal thyanwa ,Pos
koach shashikage nangi kenek wagee wgemai muna ,Pos
 ai hamotama femas aya vitharak genna ne ai samanya minissunge ada has walata edak nadda,Neg
api ekenma innawa maragana marenna harihadamu sinhala nayakayek ,Pos
mokada bn me adanne,Neg
maru manusayak appa mama hariyata garu karana kanak mama asama kanak obata jaya jaya sir,Pos
boru kiyanda epa hiru niker,Neg
godak watinawa macn me wsge ahinsaka jeewitha nawatha pana gannawata bs,Pos
samithala wage jara genu ekka baladdi kiynne uthum geheniyak amma kiyna wachne arthayenma amma kenek,Pos
guiter ghna sahodaryanm wedek ptta,Pos
me priyadarshana ayye video aka medda wena aya akk kath karanna apa halo,Neg
mu pissu hutthekmeka badu karayamuge thiyenne pudgalika tharahak gotabayath ekka,Neg
ane pala hutto yanna ubawath kauruda meheyawanne kiyala dannawa api ubawa dekkama lankawata kedawath hambawenna munak nemei tiyenne,Neg
steal karanneth buzzer eka gahala neda,Neu
nodakin akale me sellam thibbeth ne dekketh ne den thamai maru wenasa yako mewada dewena prashna lankawe,Neg
karapu gonma therimak neda meka ,Neg
pettha giyath aettha kiyana eka thamai hoda,Pos
ela kollek bn uba jaya wewa,Pos
ape hamuduruwo kiyapu katha tika satika athta,Pos
kasunge team eka thamai oyata galapenne e voice ekamai,Pos
meh wage hamburuwanla tmi ona apita api innwa ape agama beraganna,Pos
shoi ane podi eka adare hithenawa dekkama,Pos
mewa wisawasa karane unuth inawane ambo yako squad ekak nada muta mechara sali thiyane muta,Neg
ane ey me ape rate witharak me ayawa kon karanne mama europe wala jewath un ratawalwala me wage ayath ekama mattame weda karanne paw harima ugath kenek ,Neu
man dekapu supirima judje borde eka kuhaka kamak nethi ekinekata garu karana wachanaye parisamaptha arthayenma kalakaruwo,Pos
godak duka hithuna podi hamuduruwanee pinwantha dasunak,Pos
oya mage vayase nelmene mmth oya vagemai mata duvai puthala dannai thindanama hada gaththe thaneyam dan ayala hoda thathve ennava mm godak duk venda daru duka therenne ammata vetharai,Pos
ayyage intro eka nm patta padiri parippu,Pos
niliyo iganagana na naa hamuduruwana eyalagawa lassana na thiyanna,Neg
jivitayata hinawen prasna gana terum karala dena charitayak tension cooreta samanawa redio aken minissunwa hinssawana girawek jayawewa ara,Pos
redmi note pro eken balana mama ,Neu
sinhala ponnayonwa me vesak eke neti karanawa,Neg
e hada harima sanwedi ,Pos
teri diwani kiyanakan hitapu man wage aya innawada,Neu
hodai kathawa habai katinuth katha kara samahara welawata pukenuth katha kara,Neu
aiya oya odai aiiya,Pos
shashika harema ahinsakai man harema asai,Pos
ehema tama karnna oni ape haamuduruwane ohoma kiyana onema kenekuta,Pos
cntent eka hodai habai ads wadi,Neu
shaa mara lassanai anee ,Pos
ane muge ahawal eka,Neg
liyaara banchi aiyaa niyamai,Pos
hesara oita wada hodata sing kala,Neu
 aiyage program aka hemadama blnawa ath ada oya oya sit akta genala thiyenne mn jiwithe asama lassna sundara charithayak ayage kthawa athulen gnna thiyena advice godak thiye ,Pos
kasun karapu wade niyamai sirawatama talented ,Pos
video aka tikak awul at wada hodai,Neu
cover song ekk karapiya,Pos
aiye build eke price eka kiyannako plzz,Neu
perum puragen aa sansare ,Pos
katada mathak une couch dumal ge team eka,Pos
jathiya sri lankika kiyaddi patta mn dakka ekama miniha jathiya sri lankika kiwwa mona kalath naluwek vidihata patta waddek ,Pos
harima adambarai akke oba thumiya gana obe vachanaya hariyatama hari thatta kiyanne pissu natana kenek nemei ,Pos
harima lassanai nangi ,Pos
apoi wayasata nemii wada,Neg
ane ban ublata ekaparatama ratak karanna puluwandha pisso,Neg
niyami oya wagema lassna sindu karnna,Pos
oya horu star giyoth select wei,Neg
oka enakan kochchara balan hitiyada,Pos
bro oya me build ekata recommend hodama gpu eka mokda,Pos
patta oyage english accent ekata gahanna katawath baha,Pos
hesarawa mathak une katada,Neu
nedakin sakkili heththa,Neg
mama hama voice eke video balala thiyanawa namuth plamana coment eka oyata mama dakina widhita oyata thama meke niyama unic voice ekak thiuenne aniwaren me yharagen kapinath music video ekak karanna suba pathanawa,Pos
mehema wenna puluwanda,Neu
sha lassana song eka patta bro,Pos
kawruth honda naha,Neg
ft eya nevers una wewla wewla kiwwe anthimata hodata gatta ,Pos
 ara obata suba gaman adareii bokuu ,Pos
naddhiyaa pattha a wenas wela nee,Pos
harima harawath ahagana inna puluwan buddhimath tharuniyak obata jaya,Pos
ammo patta voice apiwa udeta hinassapu aiya,Pos
 kolan ,Neg
supiri ayye issarhta yanna suba pathanwa ,Pos
budu dahama taram balawath tawath aagamak me loke nehe,Pos
 waradda piliganna hamadeinma ain wenna thaniyama hoda widiyata jiwith wenna me welawe keranna thiyana hodama de ekai nihada wenna,Neg
machan gonnu hariyanne fillti wage gonnunta thama,Neg
idakin heti witharak waire nisa gu wela enne den,Neg
api ubath ekka ,Pos
umaria monahari hoda comment ekak dei kiyala man balagena hitiye ,Neu
mamath merate ipaduna kenek,Neu
sirasa oyalanm maruane me ekkenekvat kapanna epa anee okkoma aya maru anee,Pos
 apita million thibbananm gee vadath karathahaki,Neg
ane kumari akka oyata  hemadaamath oyaata adarei,Pos
lassanai ane sinduwa nathasha akki oyath marama lassanai katahadath lassanai thawa song ekk krnna bs,Pos
muna beluwt voice set ne wagee,Neg
pasbara wa gennako disna akkawa,Neu
rata gena jathiya gena boru kayiwaru nam ghanawa madumadawa kochchara hoda nona kenekda,Neg
kiyana awa borut newei,Pos
mey program eka dream ekak,Pos
amuwenma ktha krnawa respect ,Pos
welgama manussauyawa epama una jara mimihek dan,Neg
kasun kalhara kiyanne marama marama porak,Pos
mm godak asa godak garu karana manussayek,Pos
ada kale sanwara nathi sasanaya winasa karana sanghaya innawa ma daka thibenawa usawi wala waradi karuwan wela thibenawa ada kale sanghya gana thiyenne prehelikawak,Neg
thiththa aththa kiuwe kumari akka oyata jayawewa,Pos
me rata ta watina pudgalayek,Pos
alla hitiyanam munge bella kapanawa correct sadu kiyapu ewa okkama hari oyata bs dp sadu,Neu
ammai duwai wage,Neu
mun dennama epaa pal horu mininaruwoo,Neg
ane aiya babawa anith vedio waltath gennkoo,Pos
monada me mun kiyana katha ehenam song eka wenas karalada e kolla kiuwe,Neg
amuwen bath katak gilapan nangi next round eddi wachana ai basa basa gaalaa ,Neu
e voice eka nm tanikarma pissuwak ,Pos
maha loku wadak kara wage ahinsaka ballekta gassuwata thamnatath kawadahari oya dewal walata windawanna wei gonjo hari loku wadak karala wage kiyawanne,Neg
oba tumatath financial problemda eka dawase wihiluwada nattam apiwa wihiluwak welada ,Neg
obata budu sarnai suba gamnk,Pos
man asama song ekak ,Pos
hithapalla sinhalini mun tamai me siyalu aparada walata waga kiyanna one,Neu
ublata apita terena danena dewal ape rate pake palakaynta terenne nh,Neg
 niyama sri lankan kollek ,Pos
kawru kohoma kiwwath api adarei wasthi,Pos
gon ranja sakkiliya bawddayek newi,Neg
pich out yanawa godak ,Neg
perfect hoda amma knk knk ta ganna pulwn knk akki,Pos
wow voice ekai penumai dekama mihidu wage,Pos
huawei ya eke revive ekak ona,Neu
hiru star hitiya neda,Neu
atal eke inna porak tamai,Pos
ara kolla kapuwe aparadene rvous nervous kiyl meyta haruna,Neg
niyamai apee hamuduruwanw api obawahanse samaga,Pos
marama lassanai akkiyo mata oya oke kiyana kathawa mawila pewna akkiyo ,Pos
umariyaage akshan walata kemathi aya koo,Neu
ane glpen nane vedio eka orgnl vedio ekta wada klin tibba vedio lassani mehema giyot homama wardi krla samawa illai a nisa waradi nokrnna hithena sindwk krnna,Neu
ranjanla tawa teka kalayai natanne ape hamuduruwane,Neg
aadithyawa mathak wunaa adithyage song eka thamath ahanawaa adithya kiyanne godak daksha daruwek ,Pos
hamuduru warunta waradi kiyana ekek mu,Neg
ee biuld eka patta,Pos
meya ara hiru star ekta awa kena neda,Neu
hoya hoya hitiye,Pos
phone gana kiuwa hariyatama hari,Pos
ane deiyanee lankawata wechcha deyak,Neu
hoda dakmak sahaitha athal porak jayaweawa mithraya,Pos
uba hoda tama kiuwa,Pos
mekanam pissuwak ban arjuna ranil hiran and nangi wow maara pawulak,Pos
ane hodai me wage ayata thena dena aeka api godak kemathi god bless akke,Pos
puduma wedagath katha bahak,Pos
eththma kiwoth mn video eka baluwe na ahuwa witharay elama,Pos
kollawa band ekakata niyameta match wenawa,Pos
school eke meeting eke mulinma sinduwak qwa eun innawada,Neu
bumige no ak ndd,Neu
contac kara ganna oni,Neu
paw anee hri ahinsaki ,Pos
gotha keri amilaya,Neg
meke ayth ubalata ona huttawal karanna ba wadiy dagaluwoth unta wena de un danneth na hamoma sinhalayata sahayogayen inna,Neg
dn ubw thruna ubt chande na nakiyo thmnge agmt adare nthi eka mona ratata adrykda,Neg
akkige kathaw ahan inna taram maraii akki ,Pos
 oya oye ivesillen inne niyemay,Pos
maarai ma me ledy va dekala ne namuth ma kaalekin dekka hondama interview eka ma meka mage duvalatath send kala suba pathum dennata meyata gelapena nama sathya,Pos
ada davase supirima performance eka matanm ,Pos
chanux bro nama save karala thibbeth wasthi thadiya kiyala,Neu
kiyawanawa wadi ane walwataram,Neg
ado shshika oya mewa dane kohomada ,Pos
admin hoda welane ,Pos
diriya shakthiya thibenawannam thaniyen jeewitheta mmuhuna denna puluwan akke oyage wagakima duwata ehema nowenna jeewithe kiyala dena gaman jeewath wenna akke ,Pos
kohomada meka amathaka karanne ,Neu
ape hamuduruwane a niliya kohomat mongall neda oba wahansheta budu saranai,Neu
kasun ge team eke kattiya madi nee,Neg
ane pako ko thoge rokat ekka,Neg
kudu memada ghanna kudu me patada,Neu
 thennakon adarshamath mawak e wagema adarshamath kanthawak,Pos
madu madawa badu madawa uu karapu paw lagadima gewanawa,Neg
loku deyak kle lahiru aiye thadiyawa thaniyen gennala patta charithe thadiya athi ohoma hri ktha kalahour tibnm maru goodluck anushkaya hina wenwa athi thniyen,Pos
harima asa charithayak metram ugath buddimat kenek kiyala adai denagate harima satutuimetaka idan blnda gate me wedasatahana good job puluwanam yureni wa genanda,Pos
harema lasanai laheru koi tharangan watina adahasdaa ape sinhalainnta aadarshayak ,Pos
aththamai age hiri gadu pipuna superb,Pos
mepara janapati waraneta bodubala senawin eka nayakayek gennaa,Pos
waww umba patta bro ,Pos
kasun awida awidamai inne dn ,Neu
niyami thadiyoo thanks,Pos
oya waga palakayen me rata palanaya karanam,Pos
aiya meka aiyata pennanna jewitheta scientists kenek genwath ahuwe na anthima prashneta dunnu uththate ,Pos
 harima sathutui ada oya inna thana dakkama api hamoma oyage wadasatahan ahanne godak aasawen mna oyath ekka al class wala ekata igena gatta yaluwek ,Pos
coch la ubala apita paw purawanna nm lasthi wanna epaa mu hodata kiwwanee yakuu ,Neg
hari kenawa thora gaththa good luck bro,Pos
geri thambi okkoma maranna oni,Neg
thada broo onna ohoma thama inna one filti is bad man,Pos
meka nn apit hodaa,Pos
ane aperata wana dawal neda katakaranna me anwassa dawal,Neg
siravatama hithata danenawa aa,Pos
balanna mayaga hadiyawa patta wasi waran chanda illanna apith kolonnawa thamai dan maki hadila waga miniha ponnayak api dannawa,Neg
katahadanm hodata huruicmuna dakkee ada hariyatana ,Neu
yko kora wenna denawa,Pos
me tharan lasene katehade katawath harennahane,Neu
wena namak thibunema nadda appa,Neu
lankawe namak hada ganna puluwan voice ekak,Pos
ratei seba wenasak wenna oni,Neu
noddaking video ekak hada ganan bane ubalata song ekata setwena yako kalin thiba edit ewa hodi sirawata kanagatui man hithuwa,Neg
yako ay yako konde kapuweela ela jabe good luck mchan,Pos
oya nam niyamai oyata supirima awabodayak tiyenava man oyata respect karanava great think,Pos
rohithata hoda buddiyak thiyanawa watinawa sahodaraya oyage kathawa,Pos
umba niyama manussayek aiye wachana naha kiyanna ,Pos
oyata adara hitanawa maga manika,Pos
ynne kohed malle pol,Neg
oba tuma kata karana hama wachanayakma apata rattarn walatat wada watinawa,Pos
amuthu jiwith kathawak godak dewal igena ganna thienawa eke mokada api yudde kale dewal gana godak dannan passene api iwara wenakanma api baluwa harima honda adahas thiena kenek karana dewal sarthaka wewa bsa,Pos
hirustar apu isurika da me ,Neu
lahiru aiya mekata shihan mihirangawa gennako samaharu hina wei me comment ekata eth e charithen minissunta aluth jiwithe dakina kello kollonta ganna dewal godak tiyei,Pos
oya nam gini godak nangiyoo,Pos
hithata wadina sindu menna mewani ,Pos
 kasun sir ta ammawa matak wenna ati,Neu
arawinda aiya dakeema sathutak hoda manussayek aiyata godak sthuthi,Pos
ada nam gdk sathutui kiyaganna ba ekanam a tharam watina ugath manussayekwa genalla title eka dakka gmn hithata apu sathuta kiyaganna ba,Pos
supiri act eka jayawewa niyamai balanna asai one kenekta,Pos
mama rajapaksa paulata pana unath denda innawa mata desapala vedak ne ,Pos
dream star keshan shashindra wagene,Pos
man asama patta waddak,Pos
eelagata rattava gennanna kiyana aya ko,Neu
ade inuka malli wamen gahanne ai dakunen gahana kattiyage keyboard ekak aran dunne paw asaranaya,Neg
okata ohoma karala made rajakala wedeyata dadukada gahanna ona,Neg
 thopi katha karanne lankawe pisso horu ponnayo ganada,Neg
aparade sinduwa lassanai video eka nam ganna deyak na,Neu
mekita pissuda sinhala wachana kanawa ,Neg
wenna behe sri lankikayange rata moda sinhalayage rata nevei ranjan oba hari,Pos
 mamath oyage video godaak baluwa oyata thurunuwan saranai,Pos
aiye api ona dekata innwa oyala ekka ,Pos
ai me wage jara gniyaka ekka wadda satshana karane muna rattama sapayk,Neg
pissu hadunaeka hadata wow marai,Pos
dan rata baraganna kenek naha wage ,Neu
ane peathi paththi thiyanama ganime,Neg
athatama jeewithe jayagathu minisunge ithama katuka athdakeem tiyenawakath kaweuth udawak nathuwa jeewithe jayagana minissu,Neu
niyama dakmak thiye wage,Pos
mama kamathima kenek habai eya kiyapu de hari radio karana kenek thamange muna penvana eka galapimak na aiya oyage voice eka nisa thamai vadasatahane katha karana deval valin apita bannath eka hodata ahagena innava api passe thamai danne mu apita banalane thiyenne kiyala ,Pos
cngrtz banchi ayya lassanai ,Pos
priyadarshana aiyata wada hodata aime build hdnw,Neu
good luck nirodha akke ,Pos
hita haiya gahaniyak oba budusanai,Pos
lassanata kata karanawa obata dirgayusa,Pos
wedagth kathawak meken gdk dewal gatta mn thankuu oyta ,Pos
coach kasun ta supiri kollek hamba una certainly voice of the week,Pos
oya nisa huru eken siyathata maru una minussu api ,Pos
hemooma gobbeyekuta kadee duwana gaman wahalunge rata,Neg
bro uba monade karath me gatta tiranayanam siyat siyak hari,Pos
awanka wadi wunaama piriminta oya wade wenawamai,Pos
me moda chanel mona wada kare yako api enne toilet ,Neg
sashika miss stage ekata eddi stage ekata wanda ,Pos
aiye number eka ewanna oyage i am with you always,Pos
hamme ithim peddith mara sathutak enNeg phn eken nathuwa pc ekenma baluwa full screen dagena,Pos
eka maru ayyae,Pos
 lassanata sinhala katha karanawa,Pos
nago nago song eka kiyana kena wagemai ,Neu
methanam denama fail,Neg
coach shashikata patta amru wenwa team eke aya issrahat yddi patta set ekak inne,Pos
etta dewal godak kiwa mee manussaya aniwaren system change wennama one rata hadannanam tharunayo ennama one ,Pos
me dasaplanaya kiyanne kawadawath ratakata manussayanta wedakata athi deyak nowei ,Neg
amd thamai intel salli gasa kanawa,Neg
metropolitan eken gaththa aya podi review ekak denna puluwanda,Neu
mau guna geethai deshabimana geethai aheddi as dekata kadulu enne ai mnda ,Neu
geheniyek nam me wage wenna ona thanks lahiru,Pos
ane asama kenek ,Pos
anith ekath dhanna ikmata,Neu
fact ekak wage ekak lankwe wage ara wage newak hira unanm balanna tibba ape politikko tika wade dena widiha ,Neu
onna magen subs k,Pos
denna niyemata gelapenava budusaranay,Pos
aiye oyage lajja baya nathi unee gappiyage video balala unata magee lajja baya nathi unee oyaa nisaa thanks aiye oyata good luck issaraharat supiriyata wadatika krn yanna ,Pos
godak honda programe ekak lahiru wasthi mama patan gaththa kale indala balanne godak aadareie nihathamanikamata sarala kamata ,Pos
kasun kalhara ape legend ,Pos
ayeshma nemei neda meke mul gayanaya kare ,Neu
gon pakaya ratata adare nathi akak yako thiyanna ratak thiyanna one bath kana harakak gothaya,Neg
tawa satiyak atulata century gahanawa aniwaren good luck,Pos
sirawatama kisi deyk hangnnatuwa open kata kla respect bro rohita raja paksha ,Pos
 aiye mul video eke idanma balanwa adarei,Pos
sinduwa patta ath video aka nam wadak naa,Neu
ane manda hebei kumari akka ahensakai awankai budu saranai,Neu
thawa payak thibbath ahan innawa na na balan innawa ,Pos
iraj api ubath akka maragena maremu  ,Pos
pissu wasangatha uda danne nethuwa hitapan modayoo mun ratara pills thu witharak,Neg
lassana voice ekak wenas deyak karanna balanna nettam aparafe oyage voice eka mewa godak common,Neg
ayye me wage songs karanna epa ban uba talent api dannawa,Neu
ekanm patta thama gana thama aula,Neu
 aiya superb adarei nihathamanii kamata lahiru aiye wede lassanata karanawa ,Pos
buumi oba godak wiwurtai,Pos
man asaama song ekak oyaa bayawelaa needaa,Neu
 gamana vageda sasara gamana great,Pos
video eka gala penna appa,Neg
nidakn nodakin hadi gawvyan oya wade j karapu unt hodakanm wena epa panuwo galam mariya tu nodakin,Neg
meya hiru stat ekatat awa,Neu
budu saranai ape hamuduruwane baya nethiwa katha karanna ape ganasara hamuduruwo wage oba wahansetath api godaak adareii,Pos
adithya kiyanne kauda meyath ekka balanakota meya patta,Pos
mata anduna e tharam lassanata sing kara digu gamanakn yannata prarthana karanawa,Pos
deshana karapu hamadema sinahala jathi wadiyek vidiyata anumatha karanwa sanhidiyawa rakinna gihin rate una dewal hodatama athi,Neu
ane oneli oyata kochchara lassanta sindu kiynna puluwanda ,Pos
yakoo band eka balapalla kohomada eka,Pos
iraj ta rajayen nathi wecha fb page eka ganna sup ekak demu menna atha kathawa ,Neu
cricket walat nam karima nondiya damme ela ela,Pos
obawa agaya karanawa ath me tirisan minisu enna lankawa wage rataka enna aka tama mata duka ape lankawe pirimi tama wadima tirisan parisamin enna devi phitai,Neu
apita kiyaganda bari dewal oba thuma kewwa,Pos
shashikage voice eka ammoo maarama lassanai,Pos
sinhala nam vehicle petrol nethuwa polthel thaganna ei eaka muslim ratawalin ganna,Neg
meki saudi arabiye hoda gangbang ekk gatta supiri price ekkata thambilata kiyala dan e salliwalin saloon ekk open kala paw itin duwa,Neg
ranjage katai ashenge wachalakamai dan itin gatiyalla okathama keewe kata parissam kyala kenekwa ridawa kenek labana jayagrahanaya parajayakii kyala dan therenawada ,Neg
 mata wada putuwa sure da coach kasun ,Neu
ane mea ammanam hodata duka adunana amma kenek budu saranai,Pos
busu saranai oba wahanseta,Pos
pansal wlata dunna salli block krala ape pansale wahala glawala thaama themi themi tiyenwa,Neg
man oyg cover video ekk beluw fb eke kalekt klin harim lassanai ,Pos
itn gadjet mania ,Neu
nagaha nanda mahattayo api oba sama ai ,Pos
maru maru marui lassanatama kiuwa iidiriyatama yani,Pos
tranding enwa aniwa program eka balanna kain like karapu aya me peththata emu balanna ,Pos
sathutuyi hebeyi awasane duka hituna muslim ekiyak bedagannawa kiuwa Ne u labana masen passe bawana wedasathan karawayi ,Neu
ai kunu weda karanne lajja nati gani,Neg
 putha balla apiwa kewata api ballawa kanneha ,Neg
meka nm pissuwak ayya ,Pos
katahadath lssanai eyath lssanai ,Pos
wesiyo mula amathaka karanawa,Neg
mona sinhayaa vunath vedak ne praayogikava hithanna beri nam ,Neg
hari lassani duka hithenawa,Pos
hadawathimma adarei samarasinha mahathmayanani ,Pos
voice eka patta,Pos
anthima tikedi eheta kadulak awa wish you all the very best malli,Pos
e sinduwa ahana aya ko,Pos
hoha hadawathak thiyenawa anna desapalaneta hambantota api balan ennawa rohitha dear,Pos
 kocchara hina wela unnath eyat ahe story eka marama duk kathawak,Pos
announcer hena loku kama wage set na down to earth na kiyanna api ahanawa case,Neg
ammo e kata hada patta lassanay,Pos
samaharunta mun nikan a harenawa oita wada adupadu thiyana ayata mun harenawa ane manda,Neu
godak hodai awabodayak tiyanawa oyata,Pos
oya widihata hama ekema prices danna ela,Pos
meeka lankaave thiyana hodama band eka kiyana aya mee konata,Pos
kawda bola unlaik karapu keri kunu hambayo,Neg
e kolla karapu vade e tharam hoda deyak nemeyi kiyana kattiya,Neg
athathama kelin katha karanawa lamai hadanna ba kiyala kelinma kiyanawa wena un wage new supiri charithayak boru show na,Pos
e voice eka maru suba patanawa akke,Pos
aiye chande illapn api okkoma innwa ,Pos
niyamai aiya oya man maara kamathi oyage kathawata,Pos
eyi hamuduruwane anunge dewalma katha karanne,Neg
kasun kora una man hitanne shashikage performance walata,Pos
supiri supiri thanks aye patan gaththata,Pos
disna akkai arawinda aiyawai dennma ekata tiyala interview ekak kala nm superb ,Neu
welldone sweet baby jayawewa hodata channel eka karanwa,Pos
ane dewiyani oba wahanseta godak pin ahinsaka saththu diha baluwata,Pos
rajapaksha family eka godak hondai but venama me hera vena aluth kenek avanam lankavata hondai,Pos
chamal nakiya parlimenthuwe eka kathawak karala tiyenawada ratata chathiyata wadagath,Neg
pem badimi hadawathin,Pos
malti beral ekakda me ,Neu
shashikawa kapanna gehin bathiyage moona anthimata ,Neu
haamuduruwane api oya napunsaka ranjata honda punishment ekak dennam,Neg
mama hadawthinma adare karana havathe samada inna adarshamath sahodariyak oya hamadama mamanam oyata adarei amma yana aruthbara vachanaye saba sarupaya itukarana diriya gahaniyak ,Pos
sirawatama supiri porak,Pos
mewane battle mewane sindu ,Pos
lassanai sinduwai vidio ekai dekama ova kollanta kellanta hoda padam,Pos
 ayye ayya gena video akak interview akak karannako,Neu
coaches la dena moral eka hadanna try karana widiha maru,Pos
manussakama danna oba wani kanthawanta kawadawathma waradinne nh mn harima asa niliyak,Pos
schoole ape kenk ne mea,Neu
man kalekata kalin balaporoththu una video ekak,Pos
obata theruwan saranai,Pos
ape kollek dan ela,Pos
aththatama katahanden hithanda be penuma oya wage kiyala,Pos
inuka mallita apex legends tip ekak duwanakota weaspon eka ain karala duwanna speed eka wadi,Neu
patta aa niyamai issarahata hoda wedak keranna good luck,Pos
apea hamuduruvanea apea agama apea jathiya apea rata raka ganna pinata phalavunu yathivarayeak oba vhansea oba vhanseata thearuvan saranai,Pos
song ek wagema oyath harima lassanyi adarey godak,Pos
oyata hoda anagatayak teyanawa nange kawada hare henawey ayalata one melo rahak nete aya,Neg
theruwan saranai ape hamuduruwane hriyata hari oba wahansege mathayata api ekagai,Pos
stefani wage kenek niyamai,Pos
 mage asama gamak,Pos
ane mawath subscribet karanna plz,Neu
kumari oya hari dharyavanthai salenna epa oya dinala ivarai jesu pihitai oyata kalpanaven jeevath venna,Pos
sinhala unu ape ayagen wedi denek jathiwadiwe hitanne nethi eka gena satutui,Pos
pissu hadenawa oya ge kathawa kochara duk widalada ammo patta athal porak ,Pos
mn kawadawath oyata dos kewe neoya hare shakthimath hethak athi kenek oyata budusaranai,Pos
prashnayaknan tibba fb wala habay eka tibbe minute we are technicaly fixing,Neu
muta thama bomba danda one,Neg
 bro ewath ahann kollo ussapuwa ara geniyekge palu erapuwa ,Neg
wau mara voice ekak,Pos
harima lassanai ayya dont give up ,Pos
aiye man bada una kiuwe ubalai ammada,Neg
paw ane voice eka lassanai,Neu
iwaseemen yana gamanak mama a wachana tikata garu karanawa wasthi ,Pos
ape hamuduruwane ekata muge hakka painna gahannako monawada me karanne e siddiya hambakaragena kanawa,Neg
voice tone eka lassanai eth mage asama song ekak kaawa,Neg
ma kawda bn pissu h,Neg
wena eun thamange amma tattage sinduwak qwahama nadu daanna ynwaeth kasun thankz kala respect ,Pos
hamadamath sathutin parissamen inna aiyye wish you all the best,Pos
apex gaha ganna thibbann athi,Neu
mama asama manussayek kiyanade hodata therenava,Pos
oba nihathamani oba suhadashili oba wachane,Pos
ow ape hamuduruwane baya natuwa katha karana ai oba wahanselata akatu wela ape unta bala karanna bari muslim nayakayo aththadanguwata ganna kiyala,Pos
theruwan saranai ape podi hamuduruwanta,Pos
advertisements tikak wadiy wage,Neg
unlimited internet gana plwn nam video ekak krnna aiye lankawe gdk aya danne na mkdda e kyla khmada use krnna ona wage dewal,Neu
ara pattai obage kathawa pahadeliy mata husma gannath amathaka wu tharam asawen adaren saha gourawayen narambuwa obata jaya patta therimak oba ada genawe esema obath pattai,Pos
video eka lassanai,Pos
comment balapan chala uba dinala iwarai ,Pos
free games download karanne kohomada,Neu
pissuwen wage awoth meka blnwa ,Pos
eka husmata balapu youtube video ekk mama podi kale idalama adare karana character ek,Pos
adee mn hithuwe nangi kiyala,Neu
 walata gaming walataa pc ekak haduwoth monawageda parts set wenne plz answer,Neu
 loku adarshayak samajayata onna samitha wage kiri daruwanta waradi adarsha denne na,Pos
bass gahana ekage achchita,Neg
kassa ekka ashai poddak chutiyata set wenna ,Pos
ubalata mathakada vijaya kumarathungatath jr pakaya dipu dasawada thopi okkoma para deshapaluwo thopita ohoma wela madi ubala kiyala ali pukenda,Neg
dukai ayye ape rata gana,Neg
anthima wachana tika patta,Pos
very high play karannanam monawada ona,Neu
ayyath sinduwak karannako,Neu
meken onlin wada ahem krnna puluwnned,Neu
mata nm me kellage voice lassanay shashikata wadiya,Pos
madu wage gon harakekgen wen una ek hodai oka wahalek,Neg
hamadama aime ekkama vidios genna,Pos
meka ahaddi ange rooma kelin wuna ewun mea paththata ,Pos
thadiya tikak gahalath wagee,Neu
kaduluth awa ekatanm,Pos
ayye sinduva hody,Pos
patta sinduwa malli oya hodai melo sinduwak kiyanna bari aya theruwa,Neu
marama lassana gayanayak ,Pos
yohani wage kenek meke dakke mma vitharada ,Neu
 kiyanna seba chareithyak,Pos
sounds proof gana hamadema danaganna asai oyagen,Pos
song eka nam hodai but vedio eka chatar,Neu
ape minissunta ape de vatinnathi unath pitarata minissunta ape de godak vatinava akei ape ratata porakanne ,Neu
madakalapuwe police denawa amanushika vidihata marala tiyenne,Neg
aiye mn mining karane crptocurrency bitcoins eth mage use wene cpu eken kohomada eka gpu eken use wena wididhata hadaganne,Neu
unlimited dunnata aniwa fup add karai ape unge hati trcsl eka dannawane ,Neg
aiyee harima lassanaii katahadaa lassanata sing klaa,Pos
amen thank you jesus,Pos
aththa mokadda boruwa mokaddanam danna hebae ara filti kiyana ekanam mata peenna ba u thamae u hithana wedehata lankawe enna ekama piremiya ganu hora nodakin penna ba matanan naki hampadaya,Neg
okkomath hari umaariyaage boru sobaneta appiriyaa hithenawa aeyaa daksha unaata wachaala kamai nattuk karakamai harima apprasannai haadiyaawa tikaak hari thibunanam chikwitharak thiyena kulappuwak,Neg
hamuduruwanae arinna kata budusaranai,Pos
lassanata kiwa asai adarei,Pos
aiye contact number ekak nadda whatsapp inna,Neu
coach la huwak kiwwath lassanai joke ekak karath lassanai ,Pos
ai aiya pc ac carant wada karanna hadannaththe,Neu
godak buddimath kenek ape niliyek katha keruwanam wamane yanawa dena uththara walata,Neu
 karapu hodama program eka thama me respect,Pos
niyamai thimoo godak sathutui ,Pos
kolla maha pandithayek patai wooww kasun sirr ,Pos
niymai bn podi minissunge gana katha klata,Pos
anivaren ape hamuduru wane api ekagai kathavata bs,Pos
ewunata privacy ekata prashnayak weine,Neg
ane me song eka download karanna benee,Neg
onna dala vinadi deken baluwa,Pos
meka karana kota me full pc ekata keeyak giyada aiye,Neu
hari tv thumbnail eken christian aya buddhists la gana tharahak enna ida thiyenawa ithn mama kiyanne puluwannm eka wenas karanna kiyala thanks,Neg
man gihin na kawadawat eth jeewath wenna labenawa nam kiyla heena dakina nagaraya Negambo,Neu
sam purana aththa ape lankawe pireme rata inna ganunta sarama ussala pennanna deparak hithanne na jrama pirime inne ,Neg
kiyanna wachana na duwe oyata e tharam lassani mama hama welema balanawa oyage sinduwa god bless you duwa ,Pos
cl number akak denna puluwand mt loku prashnayak thiyawa bitcoin gana,Neu
supiriy priya ayye thanx,Pos
bandula wijewira rodni warnakula wagemai,Pos
aiye bitcoin withdrawal karna video ekk gannako,Pos
menna niyama geheniyak samitha wage koolamak nemei,Pos
hena hatama gahanwa ounge daruwantada sapama wewa pauwla pitinm hadi gawulama palayana eyata karadara karana hemotama hena pupurna one olu kata pupurlam yana,Neg
kasunge voice thamai voice wow ,Pos
me kinglsey mekata hari yanne na please change,Neg
ranjanta apith kamathi eth budda shashne ta mada gahilla nathara karanna,Neu
adarei mama asama niliyak kalekin dakke obata budusaranai,Pos
kiyanna wachana enne niyamai ,Pos
super subama suba anagathayak wevaa theruwan saranai jaya wevaa,Pos
coach kasun dinnada manda ,Pos
kiyanna wachana na wadak na kiyala puduma lassani ,Pos
maleesha ge nangi ne mekuchana kaho,Neu
mam lap eken minute vido ekak hedauwa minutes giya,Pos
kiyanna nm deyak naa,Neu
first time youtube interview ekk baluve,Neu
mn nam kiyanne me wage gon badu form karanna epa kiyla,Neg
million wath wenawa athi neh,Neu
aththatama adambarai aiye oya gena,Pos
hoda kenek genalla thanks,Pos
anushaka supiri budu saranayi jaya wewa lahiru ayye good programme keep doing ,Pos
me akka ekka awilla hitapu e ayya dihaa balan hitapu aya me paththata ,Pos
ai bn me sinhala apitama mehema wenne apita ai bn ekamuthu wenna bari,Neg
jiwitheta watina kathawak,Pos
aiyye meke full budget eka kiyada,Neu
hari tv eka dan niyama kattiyawa gennanawa programme ekata niyamai,Pos
aws ekata wada labada,Neu
mahinda rajapakshala gana tibba idea eka sampuranawenma wenas una,Neu
api me wisthara gamin gamata gihin minissunwa genuwath karamuda ,Neu
ranjange hamagalawiya yuthumaya amathikam ohuta galapenne nathiya ashenge kan adiya pupuranna neliya yuthuya ,Neg
dakkane hakiyawa kellage,Pos
aiya mm video edit karanava games gahanava school wada karanava mata okkotama hariyana acer aspier core i hodada,Neu
samitha wage ganun atharin oya raththaran amma kenek akka jesu pihitai oyata,Pos
hariyata hari sinhalaya eka eka jathinta kalwam una ekai awula apith ekkath innawa ehama un monawa kiwath muslim minissu kawadawath sahajeewanayen inna ewun newei unge kathawen eka terenawa,Neg
theruwan sarani sathya pawasana himiyani,Pos
bhumi gen igana ganna piumi hansamali sharmi kumar hashini samuel anith okkoma jara widihata katha karana ganu meyagen kohomada respect karanna kiyala,Pos
ganja gahana hamuduruwara gena mokada kiyanne,Neg
ambo mam marunaa yakoo thank you sir and thanks hari tv for this,Pos
mm asama adare karana niliyak mahathmiya kenek mea denna gdk adarshawath hamadamat,Pos
harima lassani duwa good luck,Pos
oyage babala lassana vei oyage pasu bima ha wife ge mix ekath ekka mama danna goda aya innawa ekai keewe oyata godak ya wela thiyenawane god bless u,Pos
ne meya hari yanne naha apy hariyanne ,Neg
bala hitya vedio ekk thank you,Neu
attata api me akka gena danne bohoma tikaiy paw bs akke jp,Neu
anna hari ape hamuduruwane mun den wedikana uro wage chanda laga nisa me sange rathnayatath ape bududahama apahasa karana munge katawala talala madi ,Neg
borukeyana keyana apa,Neg
man asama kala karuwek oba tumata busu saranaii,Pos
ranjan pissek hamuduruwaneena chandet sinhal bududayo hoda theranyak ganigon harak tika elawannaone,Neg
kollo chamara weerasinghege sinduwak cover ekk karanna,Pos
e kathawe mama thun parak ahapu kotasa vinadi thappara ta patan gannawa aththatama minsekuta sarthaka wennanam e wage hithanna purudu wenna ona anikage dakshathawaya agaima obata suba anagathayak,Pos
phone gana ahanawata wda meyagen ahanna wena hda dewal tbbe ndda,Neg
mona pakaya oka thama karanna,Neg
sihala demala muslim kiyala hithana kam ape rate janathawa ta athwenne wahal bawai rate palaka kalliye sapai sri lankikayo weyaw athakota ratata hoda palakayo tikak hadei,Neg
ane aiye budubawa labei me para janadipathi mathi waranayata tharaga karnna ape ratath sasanayth reka ganna meka ahinsaka illimak api obath ekka innwa,Pos
kasun aiya kasun  maru,Pos
me manushyata issara sinhala minissu kochchra bannda jathi wadaya ahussnwa kiyal naa ,Neu
pw anew tadiya,Neu
kiyanna oni de kelin therenna qwa,Pos
couda bola mea natawana rilava,Neg
me wesiynata one anduwa rata hena ghuwath,Neg
anee song ekanm mara lassanai oyath mara hansome ane hee indiyan naluwek wage ,Pos
jayawewa brother thawa thawath jaya labewaa,Pos
ane kata wahagena yanwa tamusege honda honda dewal api nodannawaya,Neg
ai bn earpods gahagena katha karanne thiyanawa kiyala pennannada,Neu
oyala wagema duk wedenawa api habai duka passe satutat tiyanawa akai yatartaya bs,Pos
 oyge hinawa tikak wedi,Neg
obe thumanam rajek wenne watiname kenek mama godak garu kerenewa obe thumage watina adahas welate,Pos
adalama welawata adalama de dela tiyenawa paati ayya bohoma wadagat dyak me kaleta,Pos
shashika akkee oya nam niyamaii ,Pos
video eka hoda nathi unata song eka hodai,Neu
me aiya hirus tar hitya ne ,Neu
  uba thaama nevethuwea nedda,Neu
shashikage katahada ammoo dawasame ahagena inda pulwuan,Pos
anthima weddi paramanu bomba ghai kyla sure machan superb ,Pos
ane kumari oyage katawa ahala mata aduna mama dubai inne mama lankawe nuwara,Neu
oya tmy dinanna one ,Pos
niyamai niyamai godakma lassanai kiyala wadak neha,Pos
harima asawen ewara wenakam baluwab s akke,Pos
lankawe inna padasowalata wada me gahaniya koitaram wadagathda,Neu
godak lassanai oyage voice eka wagema sinduwath,Pos
apith obe mathaye inne,Pos
apith mae aurudu ganan mewayae duk wedinnae ath kumarita tharam pissuwak nae,Neg
lokka api oya passen ona welawaka anawa sinhala bold natanawa mewa aehuwama,Pos
shashikata kamthi aya me patthata,Neu
bumi akki ela adarei godak oyata ,Pos
kathawa tibbata wadak na wada bari nam,Neg
kiyanna wadan wachan kiwwoth sartaka minihek,Pos
supiri ah kelin katha karanawa gammata,Pos
ilaga para goda yamu kollo,Pos
ayye puluwan nan phone eke price eka dannanmaseth ekka,Pos
okun niliyo newai hamuduruwane okun okkoma salli walata yatai,Neg
siya diwi nasa ganna eke ganu hitiye na me ganikawo hitiye,Neg
api obat akka aiyya good luck,Pos
ela bhuumi thiththa unath eththa kiwwa ,Pos
madumadawata hoda kane para miss kiuwa wage ekage wede boruwata kavi liyana eka thama eya hari kiyala kiyanna thama dagalanne,Neg
oba wahabseta sah oba wahasege ammatath deergausa pathami,Pos
kochchara baluvath epa venne nee ,Pos
den nm wasthi balu,Neg
 coach sashika kiyapu ekath supirii,Pos
ammo kochara ahuwath epa wenne,Pos
battles balala awe aye balanna ,Neu
kyne one okkme kelin q wa ubeta jaya ,Pos
kashsoo api pattama adarei sar oyata,Pos
mama kamathim desapalakaya paksa pata na,Pos
aga tebbata mole na okage,Neg
oba wahanseta bohoma pin me rata wenuwen godak duk wenawa,Pos
ane oyage kata hada lassanaii oyata asadaranayak una kiyala mama hithanawa ,Neu
ammo aiiya kaadath bedalada mn hithuwe thawama kollek kiyla,Neu
hodai awlak na,Neu
mu thoraganna ona eka passe kiwwe yanthan beruna,Neu
kelin kata karana charithayak politician kenek widihata puluwan wedak karapu knke deta garu karanawa,Pos
anith mee harak dennat uba wage una nm ada mahindata mulu rtama adarey,Pos
yako mun sindu anubawa karanawa,Pos
niyamai ayye video eka,Pos
ammo andenawa appa,Pos
ane oyala karapu wedasatahana godak hodai kumari akka pau akka oyata theruwan saranai ,Pos
youtube chanel eken oyage download karan tamat mp karan songs ahanawa,Pos
code duo prosser ekak pantiyam prosser ekakata maru karan puluwanda help,Neu
baluwada ara melorahak natiwa kiyapu kellekwa kasun teures eda pitching thiya patangattawele idan melorahak naha thamun la adunana unta mokek unath thana denawa kiyala terenawa hamatanama rate ththwe okai,Neg
dalada hamuduruwantath loku papayak bn meka monada me a ,Neg
adarema charithayak budusaranai akke oyage address akak ho pone no dennako,Pos
balanna meyage tiyena hadiyawa ,Neg
mata methumawa hambu wenn asaimethuma nuwara koheda inne ,Pos
maria godak lassanai,Pos
eya harima sadaranai,Pos
ane apitanm sadun ayye oyage songs lassanai hondai oyage hema songs ekakatama mn nm asai,Pos
podi akkenath akkama digatama program karannako aiye,Pos
ado aparade bn supirima kiwwa,Pos
dewiyane ai mge as wala kandulu ,Pos
obatumata niduk nirogi diergayusa labaewa daladahimi saranai,Pos
hoda tareema yamu na ediriyatama ok ,Pos
meke yukti gatukada ,Neu
mama godk kamathi kanak obatuma bs,Pos
galle aloysius eke hike ekaka sinduwak kiwwa mu wagema dial matake hari nam mu tamai a ,Neu
supirima charithayak thamai ithin ,Pos
jiwite lassanai telidrama eke nehara innawada mata mataka ne mn eka beluwa hari lassanai,Pos
 ekanam aul signal wala fault ekak awa phone ka gatta dekema oka kohomada danne,Neu
hamba trastawadi keriyo unlike karala,Neg
samahara minissu innawa loketa parakase gedarata maragathe wage kata eriyot jaathi aalaya biridatai daruwatai salakanna danne na,Neu
oyala hemotama thanx adu pennala support karanawata oyalage sahayogayaga issarahatath balaporoththu wenwaa ,Pos
adoo niyama eththa ban yakiu kelin kathakarana uba rata palakayek wenawa kawadahari,Pos
ape hamuduruwo mepara janadipathi karala   wa agamathi kalanum patta neda tambi hatta hadigavilayanna,Pos
sadu sadu sadu oba wahansata tharuwan saranae,Pos
obathumata janathavath samaga suba gamanak yanna labewaa,Pos
rokat aka yawanawa gedara eidan,Neu
anith tiketh user experience ekka review one,Neu
budusaranai mage age ekemai ,Pos
atta tittai ne moda minissu enna ratak,Neu
mm nam oyata hugak kemathiyi akkiyo,Pos
ada idan me miss wa flow karannawa,Pos
ane aiye vidio eka speedne,Neg
methumaa pera paasal nogiyath jeewithaya jaya gath pudhgalayek kiuwath niwaradhii maara charithayak ,Pos
aththtama godak hode ,Pos
mama oba thumage video hama akakma balanawa loku asawak thiyanawa as dekenma oba thumawa daka ganna oba thumage hama wachanayak ma ape jeevitha walata godak adarshamath oba thumata jesu pihitai,Pos
e unata me vidieo eka kuddonta nikan anukampa karanna ona deyak wage,Neg
rohitha hoda niyama bauddayek niyama nirahankara charithayak deshapalane wadak na manussaya hodai ,Pos
kingsley ain wenakan voice live balan ne,Pos
oya kana vidiyata thamai mamath kanne,Neu
sirasa ohoma yan hoda hoda sellam eliwena jameta niama piliwelata telecast karanawa ,Pos
pala gobbaya yanna sinhale dannethi buruwa,Neg
 hada agamak eknm,Pos
bedapan ayye duppath kellek kawadahari ammata thathata hari salakai ,Pos
api oba samagai malli tambingen ape rata beraganiw nath nam ed beli kapenava mun,Neu
oba vahanse itamath buddemath geasta suvamin vahanse nmak,Pos
aniwa machan kassa kiynne patta porak,Pos
alla kiyanne muslim ewonge deiyo witharak newei,Neu
jivite eththa dekapu kellek,Pos
malli wede digatama aragena yamu me wededa aniwaryen sarath fonseka nagananada kodituwakku awashamai ,Pos
mut kadeta giyta hoda wade,Neg
ovata padisan denava aththa katha karana manussayanta ai mun baya ochchara hoda veda karapiyauko athakota kauruth rajayata hoda kiyai,Neg
balu wada karamin pali ganna apa,Neg
sahodaraya oyage katawa ahan inna asai,Pos
dawasak hari ahann hitiyaki voice eka,Pos
methumage desana walata mama godak kemathi budu saranai,Pos
kasun athel dano ,Pos
kelin kata karana sinhala bauddainta lankawe kata karanna ba penawa neda ape hamuduruwo kenek tama hirabat kanawa,Neg
 ko alut video ekak ave na ne tama,Neu
sinduwe therumata adala nathi video ekak karala thiyenne  video eka nan hari na,Neg
supiri weddak tamai mui yaluwai,Pos
woww music pissu hadenwa ,Pos
buomi sarswa sampuorana aththa katha karanawa kanthawan sammbandawa,Pos
mu wayasata yanna kalinma mental wela,Neg
aiya kohomda oyata kiyala pc ekak build karaganne,Neu
okkomth hari music eka ,Neu
kasun ane manda ,Neu
editing quality eka hodai dan shadows tyenawa kalin wage newei uba paa wenawa wage na dan supiri,Pos
asata kadulu inuva hamuduruvane budu saranai e pinvantha ammata udhara putek loketa bihi kalata,Pos
ane mn ki paraknm meka ahuwda aparde ,Neu
dan thamai danagaththe ada irida kiyala,Neu
me wadasatahan walin jeewitge gana puduma awabodayak labagnna puluwan,Pos
video eka iwara wennath kalin like ekak damma ,Pos
oyanam respect akki nihathamani knk oya kelin katha karana knk oya super budu saranai akki oyata,Pos
ol witharai kiyanna walgama hodata kondak thibba pora nikan cha wenawa,Neg
theruvan saranai siyalu deviyange pihita arakshava lebeva,Pos
oya prasna tika wena manussayekgen ahuwanam dena uttarai me bumi dena pilithurui athara wenasa hodatama danenawa hugak hoda kenek buddimath charithayak ,Pos
ayoo ai ane admin mechchr parkku appa,Neg
sha hadavathata ekagava katha karanva,Pos
thamunta galapena geethayak thoragatta nam hodai onawata wada lokukam katha karata wadak nee thamunge talnt eka aduragnna beruwa,Neg
eka digata baluwa wrlawa giye newath na niyama nihathamani aththa kathakarana supirima vinodakami jeevithayak,Pos
acer veriton ng ekakata gb graphic card ekak daanna puluwnda ayye,Neu
lankawe mechara lassana voice tyana ayata tanak dena eka attatama watian deyak,Pos
adambarai mama godaak kal idan dannawa maya gana,Pos
malakolan naki wise yasai ohoma wennama oni wayasata nemei wada,Neg
mn harima asai api thungolloma sathutin jiwath wenawata lankawe ,Pos
kingslyge mune hati epa wenawa,Neg
oya den baba da oyath mewage aya interview karala oyage chanel eka chatar kara ganna epa,Neg
munge alla thamy me hemadetama mula,Neg
supiri kollek api ubata adarei bro niyamai,Pos
sashika ugath daksha kenek dangalnne nathi unata,Pos
umaria anit aya diha balanne oya harenna tinbunane ,Neu
hindi songs wlt poddakwath kamathi na habai shashika misge voice eka nisa song eka ahuwa ,Pos
siriyawaii oya amma dirgauu lebewaa,Pos
e hada patta mara widiyata hitha niwanawa ,Pos
ranja uba monaa kalath ubata minissu chande denawa bn jaya wewa ,Pos
phone walatath bahimu ayya,Pos
 ma horakan nokarapu ekek kiyapiyawu ballanna,Neu
kauru hari poddak arakiwa ganam gannako ,Neu
yako prabakaran hodai ape agamata agaurawa kale na me thambi ponna ranjan balla tho danaganin wesa balla,Neg
bumi hari buddimath kenek apith nodanna dewal kiyadenwa samajeta bs bumi,Pos
malli uba pina gobbaya pinage gobbaya,Neg
pen nadda konde hadala pata gala inne yko dekkama penawa,Neg
 adarei akki tc budusaranaei oyata th duwatath,Pos
deweni comment eka mu patta widihata kiwwa matanam supiri machan kasun oya me comments balanawa kiyala dannawa mu supiri dial ekak,Pos
  weerasinghe oya janadipathi wenna ko,Pos
voice sl anila wage gathiyak nedda ,Neg
select wenna one kenek mchn uba ,Pos
wooww e voice eka niyamaii aneehh congratulations ashka,Pos
 aiye oya patta aiye saralawa inna one kochchara loku thanaka hitiyath hadawathta ekagawa wada karanna one api wapurana dei api kapaganne,Pos
lassana voice ekak,Pos
ape aiya niyamai ,Pos
 kyanne attatama gdk simple knk mkda mn eyawa live dakala tyanawa eyage ammai akkai ekka eda dan awet oya kyana pol gaha slippers ma tamai,Pos
etta kata karana kantawage pette kaurut ne ammala nangila akkala neti jatiyak janmayak neti kama wikurti lankawane itin ,Neu
harima lassanai meyage aththa kathawa thwath me kathawa dig unanam kiyala hethenawa aththatama awankawa aththa katha karana kollek,Pos
me hada aparaade balu wedak une,Neg
man nikamata baluwe kathada ahuna gaman aduragatta,Pos
kata ai ban me taram lokuu,Neu
mayil kelin una yakoo,Pos
hithe sathutin balapu program eka budusaranai sudu banda ,Pos
parakku una nee ,Neg
yakoo u lithmbara kiuwa nm oya okkoma hernwa,Pos
eka athta ape hamuduruwane,Pos
ai bn aiye ghala atha ariye,Neu
maru nangi oyage sinduwa marama lassani ,Pos
meke comments karala tiyena raththran sinhala minisune api me sundara rata bera ganna pela gesemu budu saranai,Pos
aththatama mn hithuwa kasun malliwa thamai thoranne kiyala hariyatama hari ,Pos
mokada miniho meka list eken ain kare,Neg
me pc eka kiyada,Neu
me wage unanam okkoma deshapalanaya karana aya melahakatath rata hoda thanaka ,Pos
aiyoo change the announcer immediately appiriya una balanna voice,Neg
balanna appe hediyaawa ,Pos
niyama build ekk super chanux bro dan lokema hollalai oken,Pos
mage machine ekama ram eka tharamwath na,Neu
ada mama ahanne dahaweni parata ,Pos
mecchara kalayakata balapu perfect ma interview show eka eka miniththuvak ath arinne nathuva baluva really appreciated and proud to say you re the true srilankan dhanu ,Pos
hemadama interview bslanawa lahirugeeth me ka nm bara wedida mnda kiyana ewa katha karana ewa nmmage oluwata giye ne ane manda,Neg
me wage kollekta chance ekak denna thibba mage awanka adahasa,Neu
me pc eke onama game ekak gahanna puluwanda,Neu
jaya vewan oba thumage kathawa sathikai,Pos
hukana thambi ohoma thama new government ekak one ekama visaduma,Neg
amme adarei godak oyata matath ammek thattek hitiyanam ane,Pos
mokadda ban ara hair style eka ,Neg
supiriyatama kiuwane bn ado pahara,Pos
fiver site eken salli hoyana heti vidio ekak gennako aiye,Pos
kalekin dakka ithama hoda interview ekak,Pos
ayya samsung a review ekak genna puluwanda,Neu
niyamai akka oya hoda nihathamani kenek,Pos
mama kamatima nivedakaya aadari godak,Pos
mehema aya thawa ennawada,Neu
godak kalekin build ekak thanks priyadarstiona aiiye digatama karagena yanna,Pos
aluth dawasaka aluth video ekak niyamai,Pos
loku deyak thanks,Pos
no views likes mona vihiludamee ,Neg
lassana wadda satahanak budu saranai namuht apa tatama ipadeila inna ayat agayak naha,Pos
ade boru kiyanna epa bn udana,Neg
kiyapu katawa atta a kutuhalaya tamai rasawindanayat akka ekatu wela tiyenne ,Pos
meya paulak kadala damma kenekne,Neg
paulama hoda bauddhayolu hama poyatama sil ganna ayaa bauddhayo newei,Neu
muge papuwa hoda ne,Neg
nice song ekak ki wathawak ahuwath epa wenne na video ekath maarai ah,Pos
aiya hik vision cctv camara gana video akak karanako ,Neu
umba hediyang meh rateh inna samahara sinhala minissu tika modayo karanne mung umbalagen hedenne modayo,Neg
napunsakaya thoge pukata peyen hanaganig,Neg
aththa sahajeewana a gana apita kiyala denna oni na ape rate eka thibba issara idalama,Neu
ai raja santaka nokaranne,Neu
siitha niwana kata hadak harima lassanai jaya wewa,Pos
nice ayya dream ekak neme target ekak ayya genmai eke hadaganneth,Pos
 oya interview ekata face karana oyata hambawena thena gena dukai,Neu
hadawathatama danuna hema,Pos
patta porakhari hoda charithayak,Pos
thumbneile aka ohoma dana aka aul wage,Neg
ayiye mama redmi eken gamegahana kota slow wenawa,Neg
niyami aiye api oyath ekka samadatama,Pos
malli nest taem try kharananko nagiyawa sathutu kharananko ples ,Neu
hari watinawa nalli oyage nihathamani a bls u subba pathanawa,Pos
ubalata vana vada nadda,Neg
ape kasun malliyaa itim nihathamani kollane adarei hamadama ape e kalakaruwananta,Pos
a pawula dakkamath aadrey hithenawa jayawewa okkotooma,Pos
sindunam sasika sasikanam sinduu,Pos
aniwaren kumari gena salakaha balanna eyataha tenak denna ratak hinessuwa gotipala wage,Neu
gotaabaya thamai ona,Neu
  aiye merata api hadamu aiyeme horu ma elawala obawani aya athtyawashai please ,Pos
oba kanthawanta hoda boru sobana nathi puhu atopa nathi padamak kiya dunna pirimi siyata anuwak oya jathiya,Pos
haththa yathartha dan nethi minisu oyata hapasa karanwa hathi hanti oya howa gan ganna epa oyagan oya dan tharam wena kauruwath danne,Neu
man danna vidiyata deweni parata benda needa man harida weradida danne neh danna kenek keyanna,Neu
performance ekata wada coach shashikage lassana balan hitiye,Pos
meka balanakota kavindya adikarita nam monawa hitheida,Neu
oken game gahanna vitharadha karanna puluvan,Neu
wow niyamaimarama lassnai lovely voice ,Pos
loke kohewath nethi widihata mun wairaya wapurala arthikaya winasha karanawa ,Neg
you tube awith mea sinduwa balala yana wena kawruth innawada man wagee,Pos
miniha naluwak wage ,Pos
 aiyat als iwara unu gaman jobs kara kiuwahama mathak une mathakada thalahene malabe htya kalayak,Neu
kauwda unlike karana bath kana harak,Neg
aiye desctop genath ohoma video ekk krndoo,Neu
mama redmi eken free fire payak withara gahala thiyanawa,Neu
video editing walata pc ekak hadana video ekak,Neu
 oya godak buddimath ,Pos
pabodawa marry karanam hodai paww a denna wen une mara couple aka issara ,Neu
hirustarta wada meke cochla diha balan inna asai ,Pos
mama nn maeke dakinne mae katha karana kena thaman karana dae karanwa kiyala socia media walin kynw,Neu
kasun gaththa theeranaya harida waradida kiyala api balamu idiriyedi,Neu
sadun ayiyage katahadath lassanai siduwath lassanai,Pos
meyata salli loku ne,Neu
gas balli ubala vage un akka enna unta mongal akai kiyanna thiyenne mongal dayal akak uba,Neg
coach kasunge hada coach sashika ge hinawa ,Pos
kollo api obath akka ennawa,Pos
obata mana danumak thiyanwa lankawa gana man hithanne oba aniwarayen janadipathi wenna one buddimath pudgalayan withari aye ratata one api chande obata pawichi karannam oba lahasithi nam,Pos
aiye lap ekk sleep mode ekema thiyna eka hodaida,Neu
awankaya bn uba ,Pos
me githaya udani pabasarath kiuwa ahan inna asai wenama mano parak ghanwa wage lassanata kiuwa meyath lassanata kiuwa good luck ,Pos
oyata jayama wewa,Pos
hiru star eken labune natath me para nam ubata jaya bro ta genna one bokka ,Pos
anee harima lassanai voise eka harima clear oyata loku anagathyak thinawa issarahatama yanna good luck ,Pos
niymi irj attha kathkarnwata,Pos
voice teen adityawa matek unu aya ko,Pos
hithata vadena song ekk,Pos
amd da intel da hodama,Neu
hodata yali meka balala molayak kiyala deyak thiyenawa neh mokada ape lankawe unta nikan banda magic suddo sinhala katha karana kota methana yam kisi deyak tiyenawa obata apata therenne nathi,Pos
ou eya apuru minisa harima hodai theruwan saranai sudubanda malli tamamath senkadagala thama sathutui,Pos
godaak lassanai malli,Pos
record eka asse cameraman prashnayak ahanawa,Neu
english song ekk ahenakota kohmda umariyage reaction eka,Neu
hoda amma kenek wagema hoda niliyak theruwan saranai,Pos
hari giyoth hodai nathnam loku problem ekak wenawa,Neu
anik aya herune nethi eka gena nam kenthi,Neg
godak wadagath meka ssd ekak aluthin install karala ekata os eka transfer karana widiha ganath video ekak karanna ayye,Pos
komada hadiyaawa ghaniyek nisa newe baduwak wage asirena nisa ne,Neg
aduvata tina compeutar monavada kiyak vitara veida,Neu
ane aethtata harima adambarai harima sanwedi ape ratata adare karana kenek,Pos
obatuma wage rajek thama sinhala deseta hariyanne budusaranai,Pos
mahinda ranil may mun okkoma tambiyage gu kala,Neg
adare kumare akka athaa kathakaranawa,Pos
mama harima kamathi thennakon adambaraei akke obata kawadakwath waradin naha api oyata kawadath adarei akke all the best ,Pos
patta lose thiyena kellonwa thoragaththa,Neg
ayeshmawa mathak una ,Neu
mama muslim obathumata mama godak garu karanawa obagea programs mama aasavean balanawa obata deavi pihitai,Pos
ape gdr aya uda dan hiru star balanwae ,Neu
maha polawe gayakayek eka maru ,Pos
man hithuwe kasun siwe laba upan ekek kiyela,Neu
mata ada nidiya ganna kota aniwa mavila penawa build ekk,Pos
iwara wenakan baluwa video eka mekaman visthara ahanta balan hitiya ape podi kale idan oluwa athule hama dedima gawasuna manussayeksuba pathum aiye,Pos
mea voice ek mona theanakadi wunath aduraganna puluwan mama keamathi charithyak ,Pos
thota vena ekek hitiye nedda interview karanna subscribe karapu eka onna unsubscribe kara ponnaya,Neg
aththatama apata harima duken inne ape ratata bawdda sasanayata me laysan aragaththu chandi karana vinase dekala ,Neg
apita nam graphic card k thiya kwath gahanna salli naa,Neg
mekata g cam installed karana widiya vidio rkak danna,Neu
voice teens eke ayashma mathak una aya ko,Neu
api balan innawa wasthi film ei kiyala suba pathanawa ,Pos
pakshaya araksha karama athi ratata hena gahuwath kamak na,Neg
yako dislike karapu kalakannith innwa rate hithapanko lankawa gena mata anuwa ma dakka supirima aiyek thank u bro ,Neu
metharam watina bikshuwa wath apawath karidha danne ne,Neu
coach shashika ane meyawai ridmikawai battels wlata dnna nm epa knokouts wltat epa dennama oni final ,Pos
anagatha presenter aime ta suba pathum,Pos
mata nam aduna ekankuta hari harnna thibuna,Neu
mama asama charithayak adatath mama e wedasatahana ahanawa ,Pos
puluwan deyak karapan buddahagame mahason balaka neha bn aagamata gelapena namak daaganilla budu hamuduruwanta agaurawa karannethuwa ubala wage ponnayo nisa thamai ratata hena,Neg
jaya wewa malli ,Pos
dewiyan wahselu ewala thiyenneh ,Neu
ammoo ee gamma patta,Pos
umali thilakarathna akkawath gennko,Neu
 aiye ub real legend kenek ban adarei jayawewa ,Pos
api ubata saport eka denawa,Pos
me wage lip kiss scene ekak me video eke tiyene gemi kamata gelapenawada,Neg
pissu dodawanawa nikan inna kotath pissu wen dodawanawa dan gota ekka inne dan thawath pissu dodawanawa kauwda may jokerwa genawe ayyo ,Neg
timeline performance kohomada,Neu
kochchara baluvath epa venna godak lassanai sinduva vishuval ekath godak lasanai,Pos
 aiyata kauru monwa kiuwath apita aiyawa watinwa api hamdamath aiya ekka ,Pos
aiya nisa mechara kal danagena hitiye nathi godak dewal danagaththa aiya dena hema video ekakma godak vatinawa ,Pos
 aiye oya nam patta ,Pos
me wage aya digatama programme ekata gennanna samajeta adarshayak wena charitha pamanak,Pos
mhaththoyo me rate bada purawa ganda deshapalakayo pashse yana pimpyo innakan oya aththa kiyala wadak ne penawane rajapakshalage passa lewakana kattiyata ridila thiyana tharama,Neg
sathutui udana ada oya inna thana gana god bless you,Pos
eayage bashawenma niyamii,Pos
hondai meyagen gaththa de bohomai thnnk you so much,Pos
aiye rata wenuwen ape jathiya wenuwen uba karana me deta ubata godak pin man raksha gane ipadunath sinhala bauddayek methana gahenne ape un wenuwen ,Pos
dannema nh mulu video ekama balala ,Pos
samsung as phone review eka onnee,Neu
maru ban maru selennepa essarahatama palayan,Pos
 di daapu pic eka waradiy needa,Neg
danata thibba supirima battle ekak ,Pos
ana baba oya baya wela eliya kiyanna bhalu,Neg
lassana nam oni na performance tiyana ekk tinawa nm kawada ganna puluwan waida,Neu
ammoo mamaath adare karana yk athare ,Pos
kumari akka niliyak vage lassani adanam bs,Pos
mama kamathima aiyee oya hugak adarei oyata oyage wadasatahana ahanawa hamadamaadarei ,Pos
oaba thumata budusarani,Pos
ada mage upandine dawase video ekak dala mawa sathutu karata thanks,Pos
kigsely set wenne na mekata anith ewatanam supiri but not for commentating in this please bring back stepheni eya thamai vadeta kiyapu bande kingsley not satiz ,Neg
me clip eka balapu wara gana mathaka na ,Pos
jathiya sri lankika katha krna bashawa sinhala ,Neu
shashika okkoma sindu gana dannawa,Pos
anee pau hari dukai,Pos
mam oyage kth krna syle eka fatta,Pos
ammoo owwa heena tama,Neg
admin nidi da bn great performance and singing,Pos
ranjange kata neveii hamuduruvanta uge hama dema thalanna ona rata kana parayek,Neg
oba wahanse kiuanne sahathika aththa mewa balalawath minisun hadennthi ekai prasne ape hamuduruwane oba wahanseta theruwan sarani,Pos
meyata kale nada voice ekak,Neu
 podi kollekuth nemei nisa shashikaa akka baya wela hinaawenava btw athal harsha brother,Pos
  sahodaraya parata bahina ona dawasaka danuwath karapan aniwaryen issarahinma enawa,Pos
oba wahanseta theruwan saranai podi hamuduruwane,Pos
ohela hoda kalawata wirharai parliament ekata galapenne na,Neg
dennatama theruvan saranay devi pitay niduk nirogi dirgau suva labeva,Pos
godak adharei nehara ,Pos
me anduwata hodak nam wenna apa,Neg
wasthi nththn lankawa youtube na kiynn kohomd iraj la thma lankawe youtube ptngththe hri hamakta ochchr ud ynn ep,Neg
aiyea phone aka hit veana va daa,Neu
shreyata wada supiri sahshika madam ane mnda meka iwara weddi shshikagen honda sindu tikk aha gnna labunoth athi ,Pos
notifya enakam hitiye,Pos
hm ane katahada aul,Neg
mehema kelloth me loke innawa pana wage adare karanna puluwan,Pos
anee e ammai thaththai ,Pos
bitcoin gena adahasak thibbath pc guide ge video ekak nisa skip karannethuwa beluewa,Pos
me ganita surupi qwama surupi ayata mokadda kyanne,Neg
sinhala wathura wage katha karana hoda sudu jaathikayek aadamabarayi,Pos
mama muslim e unata oba wahanseta marama garuthwayak thiyenne,Pos
hoda thaththi kenek wage,Pos
jathiya lankawe kiyanawa ahuwamai,Neu
meyath sirisena wage kiyawana dial ekk,Neg
iguru deela miris gaththa weida ,Neu
meke adobe premier photoshop cubase wage install karala weda karanna puluwanda,Neu
ane canaka godak satutui api hoda yaluwone iskole yanakale oyata gl aiye bs,Pos
welawata nida gaththe naththe,Pos
video eka ahasata polawa wage bro,Neg
dan nam okkoma deshapremiyo ane palayan ban yanna thoth eh set ekema pakek thamai,Neg
kasun harila iddith pina nha,Neg
me manussaya hinen bayawelada kiyawanne nathinam kagen hari doler tikak ath lebilada made gahanna ma aya rata kewa madiwela igenagena thiyenne redi hodanna vitherada,Neg
maru ada program eka okkom eka digta bluwa aswen,Pos
godak useful interview ekak,Pos
mokekda ban mu gugahalandamu hethan athe mu hena porak keyala laheru dont west your time like this ideate,Neg
nodakin muusalaya marunata apee gamvalata nam anna apaa mee gon pawkaarayanava,Neg
godak adarei shashika madam,Pos
karii thambi marala danna oni paul pitin pakai,Neg
mama hoya hoya hitapu video eka,Pos
huga kaleka idan gehan ge interview ekk blnna asawen htye love you bro,Pos
ayiya editng pc ekaki hadanina kochichara yanwa da,Neu
ane pau akka oya dukai adarei api oyta,Pos
niwedakayanm wadak na appa ,Neg
thamodya athuraliyata vadiya kochra hodaida ,Pos
komahari m gahanna oyata suba pathanawa oyanam patta ayye,Pos
wachana pahadili naha wage,Neg
avanka kollo set eka all the best vasti,Pos
kumari akkae mamanam oyata godak kathamai mama godak asai oyagae sindu walata naha akkae oyagae waradak naha waradi mae apae moda minissu,Neu
thank you meyawa gennuwata payak hina una duk kata asse unat,Pos
monawa unatt hamuduruwo atta kiyanawa budu sarani sadu sadu,Pos
voice dekak thiyanawa yako me kellata patta yako,Pos
sinhalayanta jathiwadiyo kiyapu sawoma hira karanna ona,Neg
patta appa a eka,Pos
ammoo music patta,Pos
yako hama comment ekakma thiyenne sinduwa gana nemy admin ganane ,Neu
meyath deweni wiwahayak unane,Neu
 oyage jeewitha kathawa apith ekka share karata thanks hithuwena kattak kala goda awa kenek kiyala mula mathaka nisa kawadawath waradinnena hodin inna lahiru aiyatath thnks hodata interview karanawata,Pos
gal musala hatta kavadavat rata gana hitanna un nevei ,Neg
athithayata ynawa me songs eke voice eksta,Pos
ea song eka ekenma kawa chora hathai ,Neg
polawe paya gahapu kanthawak,Pos
hiru star final inna set ekata wada meke inna okoma waddo ,Pos
umariya hawek paninawa wagey adarey eyata ,Pos
mn asama manussayek dakshayek,Pos
thaniyama nagitapn mcn ubeta puluwan,Pos
pattama song ekakmara widihata widinna puluwan,Pos
liyathabarata hollala giya harenna nevi idiye mul ekanm aul godak ahenneth na kasuntath riduna anthima ekata ,Pos
 aiyye ane mata methumaws sambanda karaganna puluwan kramayak kiyala denna please,Pos
hindi sinduwakata mechchara sadharanayak karanawa lankawe reality tharangayaka dekkamay,Pos
wens deyak karapuu eka hodai me song eka lassani,Pos
ara ganita pissuda anith coachlage turning button eka obanne ai ehma obanawa nm e ganith obanna ona pissu huttiyekne,Neg
akki hondatama kiwwa harima lassanai,Pos
sinduwa hodai eth video eka galapenne na sinduwe therumata ekai mage adahasa,Neg
ape paththe pahugiya kale marunu amathi samalingakaye hari shok katha sakki thiyenawa,Neu
monade kalath thibena thuru jeewithe oba nethuwa mata inna behe wasthuwe,Neu
deep fake video eka ikmanata oone,Neu
dawasa tissema meka ahanwa ,Neu
matath build ekak karagana one bro oya pattai,Pos
morning sho eka ahnwa math okkoma akkitai aiyatai godariyak adrei,Pos
voice eke nam maru,Pos
hirustar eke hitya kiyala mathaka thiyenne mata witharada,Neu
admin akkiyo oya dan marune ,Pos
arakshaka hamudawe rahas eliyata denawa wadi aththa ape hamuduruwane news eliyata damma bomba loriyak awith kiyala anthimata loriye badu na un wena ekaka danna athiihmm,Neg
naganande itha hodai namuth minissu chande denne naha,Neu
battle eke theruwa hodama sinduwa,Pos
video aka baluwe na ahuwa a hada ,Pos
 munta padamak ugannanna oni camera ussan hama magulema ringana arutath pissu ashenta katata vachane dila ahanne ,Neg
mokadde benchmark karanawa kiyanne,Neu
dannenam na kokatath danan inna eka hondai,Pos
mei pnnayava koheda oi ltte eken badavaganne lol ,Neg
tho gas ponnaya views ganna interview karano mona huththakda ballo ponnaya maniya kiyapu kathawa aththa thogema content karala hamba karapan ,Neg
okak ganna tiya reload ekakwat daganna salli na mekat balanne loan ekak aran,Neg
me wage aya dgtm genna,Pos
bns team eketh st battle eka dennko,Neu
ai out una kena hold kragnna barida wena couch kenekta iye wage,Neu
oyage deshapane monawada mathugamata kale oyata badullata nodi inna puthawa kalutharin yawanna bariuna eke aula nada ,Neu
me wage ewa tv eke penanna one ane ethakota ape ammala thaththalatath balanna puluwan ne ,Neu
ranjan kiyanne ganiyekne u piriyek namei okaka kunu thakkali gahanna ona balla,Neg
shashika akka kiyanna marama hoda gaikawak adarei akke,Pos
sasada sasada kiyapu kena ekka battle watei wage,Pos
obe thimiyede adarsyemath jeevithreyeta garu kerenewa,Pos
hoda ayata herenne waduru kunuharapa kiyana unta herenawa,Neg
hithata danenna katha karanawa oba wahanse,Pos
uba maha jara yakek salliy hamba kranna tho ammawat vikunai,Neg
oba wahanseta dirgayu wewa,Pos
man hituwata wada me mahattaya atta kata karanna kelin kata karanawaattatama honda mahattayek,Pos
build ekata eha giya wenama athal ekak,Pos
shasika daksai denname eke wage daksai,Pos
adithya wageda balanna apu un ko,Neu
sinhalaya sinhalayata keliye nattan ada jivathwenawa,Neg
sakili ballo innakam attha kata karana minissunta ma wage dewal wena aka pudumayak newai godak dukai ate monawa karannada uda inna devio tama balanna one,Neg
me tikama kiyak wenawadha,Neu
hii harma katai mokadda ma kolam oyalaga chanal wal ma wihilu danna minussu pawala dana magul ai,Neg
bitcoin mining karanna kochchara kal yanawada,Neu
hema athakinma oya success akke matath gemmak oya mage life akath tikak oyata samaanai subha pethum oyatath duwatath bs,Pos
yako kumari akka janadipathi hambawennath yai wage,Neu
duminda niyama welawata nisithana hitagaththa,Pos
niyama manussaya aishwarya akkawath genna aiye aiyawa mehema dakinna labimath sathutak supiri manusayek,Pos
ane lassata kiyanawa ,Pos
ape paththakanam ahuwenna burkawa adagena gihilla redi galawala yawanne,Neg
hithata danena katahadak,Pos
bns un sindu ahanawadath kiyala hithenawa joke ekak wenawa dan,Neg
mage pana oya ara,Pos
samahara thirisann pirimii me manussayata karala thiyana dewal adin passewath me manussayawa vihiluwakata ganna epa pau,Neg
harima adarshamath niliyayak,Pos
ranjan kiyanne patta sakiliyek ekata budusasun arahan athi eka buddayek newey christian ekkek,Neg
apita me wage buld ekak ithim heena thama,Neg
hoda wadak gnna puluwan voice ekak jaya wewa bro,Pos
maru oya badu tikama dala oita wada thawa tikak aduwata hadanna puluwan habei,Neu
ko ara parliament ake thbba kata,Neg
hitha giye band ekatai deiyo echcharai ,Pos
gota aavama ehema venne ne,Neu
kadu thiyaganne sinha kodiye kaduwak thiyen nisa,Neu
adoo voice eka pattama bn ,Pos
walgamayo sudana wanna apa bala tanhawata okkotama janade pate kama ganna baha,Neg
oba hari yatama hari but obe politics walata aekaga ne,Neu
yako sinhalayo ponnayoda oi lamai hadane naththe mekata ko wisandumak ekathu wela hoyamu,Neu
me mona huttakda mun samajaya dushanaya karanawa,Neg
siya pawulatama deergayusa labewa,Pos
oyta loku accident ekk un neda mta adawge mthki e dws plastic surgary ekk kra munta eth oya lssni budusaranai akke druwth ekka adren sathutin inna hmdma,Pos
lahiru mhatata godak tanxx mewani hoda adahas jivitayata gatahaki adarasa charita walata aradana karala apa weta me wadasatahana narabimata ida salasa denawata,Pos
oya ragapawe waradi vidiyatane ekai pirimi oyawage yojana ganawr,Neg
godak lassanai akke ape scholetath oyava mara adambarayak ,Pos
athtama itha daksayek aiye disna akkwath genna,Pos
lahiru aiya eda idanma pattama adare karana charithayak nihathamani charithayak niwedakayek widihata wadagath widihata katha karanawa minissu amaruwe danne nathuwa,Pos
kawuru bannath api nam baninne na ape ratata inna one ithamath watina manussayek hamadamath api oya saagai malli oyata jayawewa,Pos
niyamai maara cute congratulations ,Pos
api oya ekka innava,Pos
honda banakata savan dunna vage lucky mother to have a such daughter,Pos
meka mageth hinayak,Pos
yako apith sri lanka nidahas pacshye namuth api ubata denny naha ,Neg
attatama niyama adahas thiyana gahaniyak godak buddimath,Pos
pahath thanen yae gala jale,Neu
aurudu kata withara kalin mata hithuna deyak thamai ai mehema karanne naththe kiyala dan eka wenna yanne ehenam,Neu
nodakin vitharak lajjavak gavilavath na mekita,Neg
akkai nangi wage a denna,Pos
wiswa kiyannee ratharan kollek joliyee hitan malliyee  hoda gamee pirisudu malak hamuwai oyata,Pos
obath desapalanayata enna rahitha bro,Neu
jathiya mokadda kiyala ahanawa ladjai hello obathuma sinhala aya ekka programme eka karana kota ungenuth ahala thiyenawada jathiya mokadda kiyala  ko maddaya sadacharaya ,Neg
sinduwa nam godak lassanay eth me naki wise thamay katha,Neu
ahh meya neda pad gana danne nathi thaththa ,Neg
sampoorna kathawa attha thawamath karanne paligeneemama vitharai nihathamani kathawak ahan inna asai siyalu weda sarthaka weawa ,Pos
essara edan mu yana yana tana gotabaya ta baninava dos kiyanava puduma trahak teyanna man dan na ai kiyala,Neg
shashika coachta kemathi godak,Pos
meyata hdata hindi songs kyn plwn ati kyl hitenawa,Pos
dennama genawanam hituna ,Pos
kathawa hari brother,Pos
program aka balanna thawath aka hethwak thama coch la denaa,Neu
shaa excellent oyage idea,Pos
ane shook mama asama lassana niliyak akki oyata mama podi kale idalama asawen balanwa oya inna katha adarei godak theruwan saranai obatath duwarath ,Pos
maru niyamai wade,Pos
like walata wada unlike wadi ayyo eeya,Neg
aka patta supiri,Pos
tho wage thuppahi rodi pakkek me loketa wisheshenma ape wage baudda ratakata pahala wela tiyenne jathiye awasanawata,Neg
ai ahema karee,Neg
wayasa ahuwama wayasa gana kiyana ekane karanne obathumta witarak nemei api hamotama thiyenne me rata oyalage nayakayantanam onatharam athi rata kiyanne pohottuwada,Neg
gehan ayya mama hithuwatath wada wenas mama hithuwe colombo hitapu Posh kollek kiyala eth maarai mekanam,Pos
anlike dala thiyena aun maha aki thambinta hukala ounwa wadala thiyenne,Neg
ubata wena wedak nethnam hanthane gihin wana saththu gena wedasatahanak karapan melo rahak nethi elowatath melowata wedak nethi ewa daala salli hamba karanawa,Neg
woow excellent shashika akki oyage voice eka hitha niwanawa ,Pos
etisalat ad eke sim eka misplaced karana magic scene eken thamai dakke first time good luck bro,Pos
ayye tron trx gana video ekak karannako,Neu
mokkada me ad kenek hoyanawai kiyanne kauda ad kenek kiyanne,Neu
yko eka paharak jothi kale ,Pos
yako ubawa maragena kanna epai parayo man dakke anthima tika tho pissek yako kasun kalhara ubata hariyanne ubawa mama reject kara gon paraya,Neg
ranjan ramanayakata hoda padamak,Neu
matanam mara lassanai,Pos
mama adare karana followkarana knek and channel wedee mruu good luck,Pos
mokkda a nama skin colour eka aththatama maru ,Pos
pissek kara mawa laga hitiyanam kiss akak denawa show nethii nihathamani nangiyek jaya wewa sri lankan sriya goshal,Pos
back ground music eka niyamai,Pos
pissu hedena singing ekak ,Pos
mun napunsakayo ape hamuduruwane,Neg
gaiya kodiththuwakku genwanna,Pos
station switch kara kara iddi oyage talk show eka set unoth aye ithin ethana thamai nawathinne naththan lankawe wena talk show ahanne na sinduwak hambenkm switch krnwa,Pos
build eka hodai gaming channle eke metro extudos gawwe nahane gahannako,Pos
 bmw aken thiyenne me tika hadunanam rata nikamma hadenawa,Neu
ammage rethda tama yako meunta ,Neg
couchesla super kiyana aya me peththata ,Pos
anh lssanai harima coash kasunge english song bttle eken psse dekka lssnama battle perfrmnce eka,Pos
ane umba dangalanawa vadi umba polisiyatath gahanna giya neda kariya anna balapan umbala wage evun podi hamuduruvanta karala thiyena aparada,Neg
kiyanna wachana ne jivithe gena loku kathawak vinadi kipayakin kiyala dunna,Pos
godak lassanai godak adarei,Pos
ammo band eka ,Pos
mmth ara me wage athi pasbara me wage athi kiyala hithin mawagena balanna asawen hitiya ayagen kenek ara ,Neu
adarsha math charitha genna kiyala karunawen illanawa oba thumagen,Neg
ada sunday nea,Neu
hadawathinma adarai me kathawa ahala witharak newai ube godak kataha ahala ubawa danne ,Pos
gana kiyad me dws walaa ,Neu
video eka enakam idan balagena hitiye mama witharada,Pos
uba nam kolla india wata thama hariyanne ape unta sufi songs dannene good luck,Pos
attatama gahan aiyaga charitan gatautu dawal godak tiyanawa,Pos
eyawa ganna mge team eke innawa kiyanne battles wlin dennama kapennathuwa thiyaganna,Pos
oya ayalata mittri wadanakota oyaga gamanata hamoma udaw karala bohoma sartaka wanawa,Neu
hane ddr sahenna watinawa niyamai ayye,Pos
kollage kathawa nam hondai hebei puthe tawath nam rajapakasha la me ratata epa,Neu
telegram group ekak hadanna please,Pos
harima lassanai akkiyoo good luck,Pos
me pc eke pubg pc eka gahanna puluwanda,Neu
aniwa sri lankawe miss shashika nisansala ,Pos
munta kiyanna one yatagiriyen ka gahana sindu,Neg
ape college eke porak niyama vaddek,Pos
ki parak beluwada danne na thama balanwa ,Pos
kokatath warayaknam thiththayatath warayak ewi at the kathakaranna minisage duke madonna kenk ranjaniowa desapalana paliganim thamai,Neg
aduma nam anthimaei,Neg
mokadda yako me,Neg
business pc build aka hadana puluwanda,Neu
perum puraagrna kiypu lassna hma tissema kne pirila teenne eka maarai ,Pos
 ayya patta kathawaa aththatama oysge kelin kathawa samaharu hada weda dala thanikara boruwa oya thamai ape janapprya ha hodama naluwaa wagema hitha hoda manussayek budu saranai,Pos
oyata godak dura ynn puluwan mt nm song eka lassanai,Pos
mita wada bari ayath theruna,Neg
ochara ganan dila hadapnko pc mn nm send hand adawnm hadanne mn nm owwa karanne nee,Neg
harima sundarai oba thumiya respect to you sister,Pos
mama meyawa dan ne but lahiru aiyage eka program ekakwath miss karan nathi nisa baluwa baluwata passe hithuna nobaluwanam aparade kiyal,Pos
asama karana nihathamani kalakaruwo dennek dennatama jaya hari tv eke program walin jiwitayata ganna de bohomai thanks lahiru,Pos
kalekin ahapu dakapu hodama interview aka saha hodama pudgalayo denna marai ,Pos
mokadda huththo me lat eka nodakin,Neg
sashika madam mekita first time buffer eka press kala e wisharadala unuth ehema karanawanam lankawata budungema pihitai,Neu
pwu ane kella a una ilaga para hodata sing karayi kiyala hitenawa congratulations ,Pos
mama idan vinodeta ekathu karanawa danata thiyenawa,Neu
ane ayye eka godak vatinawa e katha baha,Pos
taruna nayakayek ape ratata one kiyala hituna neda ekata ona kenath innawa rate janatawa niwaradi teeranayak araganna one ,Neu
monawa unath kasunwa thoraganna thibbe,Neu
pattama patta mona de kalatha thebena thuru jeewethe obama nathuwa mata enna ba wasthuwe,Pos
ai balanna ona hinda youtube eke hoyapu tharamak,Pos
aniwaryenma hamuduruwane owunwa pannala ma danna ona api me para ape chande pawichchi karanne hodata hithalai,Neu
stuti godak hodai obata jesu phitai,Pos
 million gahamu congratulations pcguide,Pos
waddo wadiyen katha karanne neha ,Neu
hada wathinma suba patanawa anuska idiri wada sarthaka wanna kiyala oyaga adara katawat maga adara katawat eka waga anthima wachana tika maga hitata godak tadin waduna mamat wayasa kollak ,Pos
ara wage manussayek labanna pera akusalak thibila nihatha mani niliyak lassana hadawath athi amma godak adarei thurunuwan saranayi,Pos
million build ekak karagnn oni ayye lagadima,Pos
harima lassanai malli,Pos
ayashma thama me song akata hodama performance aka dunne ,Neu
 mn ubt kiyanne ledgend kenek,Pos
ammo eka nam pissuuwak oii,Pos
obathuma adarshamath heruwan saranai,Pos
 akkage voice eka hariyata ahenne na ayyage voice ekanam kana palenna ahenawa,Neg
ada parakku unee ay ayye udee idan balan hitiye tech sunday enakm,Pos
ada ra wuna ne mama hithuwe nathi wei kiyala,Neu
aiya oylge gewana hadnna pluwnd pc ekk crd wlta,Neu
sadun oyage song eka nam niyamaihabai vedio eka song ekata match wenne nane,Neu
ane badda patta wesi nodakin ganikawo genaalla mekata pissu wesi meki suddawanthi baduwa wesi,Neg
oba anagatha jandipathi newe namuth mata ahuna oba ethumage nama kiyanawa,Neu
mn godak adare charithayak,Pos
monawa nathath gappiyawa amathaka kare na,Pos
kauruhari danna kenek aiyage num eka hoyala dennako plz,Neu
paraballa kohada etiya balla do aliyada avada,Neg
pau neda me akka ainshak minissu,Neu
 me dislike karala thiyenne kaud,Neg
wadiyenma inna kamathi thana jaffna da colombo da a pawla inna thana thama hodama thana ane manda pothaka pita kawaren potha maninna epa kiyala ahala tibbata aththatama ada thama terum gaththe santhosai dan oya inna thana gana hadawathinma ,Pos
hadapan sinduwak mata puluwan sup akak dannam,Pos
lahiru ubala dan tamai wadak karanne issara gon badu foom kara kara hitiyane,Pos
meh badu okkm hodaii da aiya mn aluth ek build krnnd inne oya video ek balagena,Pos
meyata salli gihilla thiyenneth thawhid akata salli gihilla thiyenneth akama account ekinlu ,Neg
anee shook hamadama podi ekkena ekka build karanna,Pos
mge age uba gana mn adai danagaththe jaya wewa bn bokka mth dingk thadi ela,Pos
wena song ekk select krganna thibba kamk na ilaga paara enna aiyee aniwren,Neu
voice teen eke ahapu lassanama sinduva sho nathi patta kollek ,Pos
 unlike karanne wadasatahanna nemei wadasatahanata ena kenawa nemei me wage ad,Neg
niyema video eka mea build eke games ghanna berida,Pos
unp kiyanne rata kapu kalakanni pakshayak sinhala baudayata kisima sahanayak na sinhala api hotata hithala chande pawichchi karanna ona,Neu
issara asama gayakaya aitha epa una dana ubata ai adarei mama,Pos
anith aya harenne naththe kattiya ganat set wela thiyenne a tim walata,Neu
kasun inna set eka madida ,Neu
me okkoma prasidiya laba ganna karana gon nadagam ban ape moda yakkuth ewata rawatenawa,Neg
mulu kathawema thiyenne rajapakshalaata gahana eka,Neu
indian wage nee baladdi srilankan ne bn patta ayye,Pos
shashika mis oya thamai mage hadawathe gaikawaa kata hada bawanawak wagee,Pos
sabbath nandasiri mahattayama hada,Pos
ammoo liyathabaraa jaya wewa bro ,Pos
weni voice teen eken passe hithata waduna hodama song eka,Pos
alla hitiyanam bella kapala walla athata denawa ,Neg
 kiyanne genunge heluwa vikunala video hadala salli hamba karana ballek u kohomath danne uge amma hari viknagena salli hoyanna u danne komada geniyekta garu karanna moosalaya,Neg
cochla kamathi aya thma thoraganne wada nowi ilaga wateta apuhama balaganilla,Neu
balayata athi kedera kamak misak mama me rajapaksha werungen wenayam deyak dakinne ne ,Neg
aththa  okata hena gahanawaa ,Neg
mara katta kala thiyana charithayak ,Neu
kasun kalhara kiyanne kiyanne e kale ape hero kenek ,Pos
satan karapalla koheta hari wela rata hadanna goda danna puluwan mahaththru tikak parlimenthuwata yawapaiyau minisune,Neg
oya me program eka hondata karanava harima lassanai,Pos
mee program eka okkoma live balanna dennako,Neu
nodakin ponna wesige putha,Neg
ai bn umbala sashikage comment eka edit karala bns eka witarak full danne kochchara honda comment ekak dunnada sashika sinduwe mulu background ekama kiwwa,Neu
 oya kalin minihak kawadawath waradin e na,Pos
ranja kiyanne gonja manda buddikayek anga thibunata mole ne aniwaryenma gonja samawa gatha yuthui,Neg
voice teen eke battle eka tharam set naa,Neg
anith okkoma hodai meka hamadama hari tv bala bala inne app eken kiyana eka ain karala dapallako chanel eken,Neu
sarthaka mawak wageama oba adarshamath kanthawak akkea obata siyalu deawi pihitai,Pos
adithyw mtk krpu comment ekk nane ai bn em,Neu
me paule arenne wene kawuruth nadde president wenne anede kiyanne ape rate tharam buruwo rate hadei ya ,Neg
mama kamethi oya sri lankan kiuva,Pos
madhu madawa hena boru rangapemak karanne kalayak jathiya wikka kalayak duka wikka duwa wikka ara malli dhananjaya wikuna ganna beri una ,Neg
boruwen jewath wena unta ada thana aththata thanak na,Neg
shashika nisansala niyamai,Pos
munta one balaya vitharae rata nemeakae ranilge puka passe yanne,Neg
niyama kathawa,Pos
anthimata dapu music eka mokakda danna kenek innawda ,Neu
mama pasparak baluwa tawath madi,Pos
 oya hari api kanata ahena kena api hithana mawa gaththa widiya nathi kota me oyada me araya neda kiyana deta heta dolanaya wenawa mage mathaya waradi nam sama wenna,Pos
mn asama charitha dekak ,Pos
warakapala kollek hirustar eke hodata kiwane ekkenek wath herei kiyala hithuwa arinda epa jayawewa,Pos
mama hithanne kasun harunata passe thaththata aduna ,Neu
oyage adahasata ape udenma kamathe ath loku awlak theyanaw ape hamuduruwane meka natharakaranna rajaksalage,Neu
 mallith godak hinauna neda harima adare hithenawa gena nam harima hodai budu saranai dennatama,Pos
hare yata hare ape hamududuwane may wage awajathaka sakkelentau ohoma thami katha karanna one ,Pos
klein kathawa openly kathakaranawa,Pos
ape hamuduruva rata ballata gihin niriyak na oba vahansela natnam budda sasanayat ma,Neu
palaweni view eka,Pos
niyamai putha kathawa niyamaii ,Pos
ahanavanam menna badu,Pos
anne matanam harrima dukai pau hode ohoma karanhna epa hode,Neg
busser ekata fingerprint damma nam hodada manda ,Neu
mechchara serious une kohomada hithuwe na me wage story ekak thiyanawa kiyala ,Pos
oya harima lassanata song kara harima lassanyi niyama wadak kare ayeth kiyanawa song ek harima lassanyi ,Pos
meke cochesla nm supiri harima ekathui ewagema nihathamani ,Pos
niwedakayek nadda ban sirasa ekata,Neu
iraj ela machan baya nathuwa umba umbe gamana yaman umba rate janathawage salli horakam karala na hora desha paluwo wage,Pos
matanam duka hituna issarahatama yanna saho,Neu
tirana dekama hodai bans la awasthawa dunna ekata hugak sathutui harshata eyage hada hari lassanai,Pos
loketa penna kata karanne ballata wage ammata kata karanne,Neg
meka nm harima asadaranai meka waradi,Neg
 hatweni paratat baluwa dannam pissuwk meka ,Pos
pitipala yana daaka mage watina kam adareii,Pos
alla nemei ape hamuduruwane inna thibbe,Neu
pera pinma mathuwewa,Pos
enakan balan hitiya video ekak,Pos
hekiyawai buddiyak dekama thiyana kollek,Pos
hirustar nathi kara gatta,Neu
wachana naha kiyanhna me balanhne tunweni parata,Pos
tho puka denne nethuwa gu kala mariyan kumara,Neg
ape hamuduruwange kathaawa ran ha samanai habai me video eke mathrukawa galapenne na wachanenwath dewikenekwa wihiluwata ganna honda na,Neu
ane akki oyage katahada ahan inna ahan inna asa hithenawa kanata meepani daanawa wagemai beautifull all the best oyatanam,Pos
aiyalaga shop eka kohada thiyanna,Neu
atta katha karana niyama ,Pos
subscribe karapu channels walin creativity learning quality content thiyena channel,Pos
lankaweme eke wage hithenewanam,Neu
nathasha oyage voice eka lassanai,Pos
mata vitharada hithenne dinithi stefaniwa follow krnawa kiyala,Neu
lassana awanka adithara gahaniyak ,Pos
niyamai aiya supiri bild aka,Pos
kiyala wadak na niliya gana akata niliyak kiyalawath kiyanna watinne na,Neg
hair style eka harima kathai ,Neg
kasun atal denawa,Pos
wimal gongwansa kiyaane ape parlimethuwe inna ekama ann nathi gona ,Neg
wau niyamai indiyawatath hoda talant akakk wennath puluwan lankaweth dakkasa aya innawa,Pos
me mona pissekda gotabayata banina gonnu mwchata deak welawat ape sinhala harakta mole na ,Neg
ane aiye baila nathuwa rata gana hithanna,Neg
adoo blockaa uba supiri,Pos
wasthi akka appi adath hitiya adath innawa,Pos
podi hamuduruvane oba wahansege ammata niduk nirogi suwayat dirgaushat labewa,Pos
hiriwatuna nangiyoo mawa oya manekakk lankawata,Pos
ranjan hoda manussayak ath kalan kaleta ranjan wedak nathi katha karala karala ouge charithaya gathane kara gannawa,Neu
chiware dagena me sakkili karana paahara wada lookema dannawa,Neg
marama nihatahmani kenek aththama kiyana boru show nathi marama character ekak respectand kathawa ahaddi godak duka hithuna e kiyana word ekak gane thibba wedanawa godak nathawath adare hithuna,Pos
congratulations janith yamu issarahatama ,Pos
hoda wade ranjan ballage kata thalala madi,Neg
man hithanne boru sho nathi nirahankara kamen pirinu hitha hoda charithayaka kathawa athulatha kiyapu sama deyakma niwaradi,Pos
ryzen eka dapu eka aparade,Neg
oya godaak buddimath subapathnawa oyata budhu sarani,Pos
paramparawatama sapa wewa hena hata gahapan musala hatta topita nodakin ranjan aiya obata jesupihitai,Neg
me wage ewatath unlike dana parayo awajatakoyo da yakoo,Neg
song eka wagema visual ekth lassani akki,Pos
please ayeshma shakya la gana katha kara athi neda,Neg
godak lassani good luck,Pos
appriya ube boru ahalama tho boru keyana pantheyakata geyada,Neg
harima mihiri lassana hadak,Pos
lahiru oyanam fatta aiye,Pos
ayagat kata wahuwa reman karala akai muga hati,Neg
me nangi recording ekka wage kiwa no any errars hodata music igena gena tiyenawa,Pos
battle eken wath coach la therum ganna ona steal ekath onawata wada mulinma use karala last ena ayata asadaranayak karanne nethuwa inda nam anyway god battle,Neu
jogi karata pora hama dema gana meter eken inna buddimath kollek jaya wewa ,Pos
daksayata koheth ekai elama aderei lankawa loketama osawana ekama kena wasthi ran sammanaya aduma videos elama kiyanna wachana naa,Pos
degatama mewage ayawa genna,Pos
oya thamai mam aasama niliya adatath bs obata,Pos
anne eya niyamai,Pos
sinduwa kaala meh wathura tika bonna,Neu
hamuduruwane oba wahansege kathawa aththa mama methodit namuth mama buddaganatath garu karanawa obawahanseta theruwan saranai,Pos
ane bn therumak na,Neg
eka mara molayak supiri bn supiri adharey hadhawathinma rallata newey ube dhanuta,Pos
november eke me sinduwa ahana kattiaya koo,Pos
man aduwa yako,Pos
okata ohoma wela madi,Neg
ek nm marau lassanii idiriyatama suba pathanawa bs,Pos
me song eka ekaparakata ahapu set eka ko,Pos
kochlata wena adum nadda,Neu
apo wadak na bro me vidiyata giyoth apith kohe idida danna mewa hodai jokarlata,Neg
pattama pattai supiriyatama kiwa gindara ,Pos
ela bro kiyana tika bokkenma kiyanawa ,Pos
me sinduwei video ekei kisi mach vimak nane yko,Neg
honda danumak tiyanawa athmay upathim kanthawak wage,Pos
mans tikak sasuke wagae neda ,Neu
matanam mara dukai meyawa theruwe nathi akata meta wada durwala kattiya theruwa aparade meyawa,Neg
kiyanna wachana ne wedasatahana marama wedagath lassana wedagath katha bahak jaya wewa,Pos
lankawe music industry eka baragana inna new commers la thamai me aya,Pos
advertisement wadi dala thiyanawa hari nh ne ehema,Neg
band ake un tika nam patta denna puluwan uparima sup aka denawa,Pos
sinduwa lassanai ban video eka galapanne ne,Neu
oba watenna apa hamadema wenne minisunta nihadawa kalayata eda denna obata jaya wewa ,Pos
 ayye pc ekaka hard drive eka detected unama mokada karanne,Neu
unlike kra mokkud ,Neu
unlike dapu gobbayo tikakuth innawa neda,Neg
mona magulak da oi mu kiwwe pudumai theruna,Neg
patta kollek uba ,Pos
me para inna set ekama supiri ekekta ekk deweni naa,Pos
game gahanta asaven eth pc akak nathuva duk verne mama vitharada,Neg
lap eka rath wenaekata mokakda karanna one,Neu
obe kathawa hamotama ardarshayak thank you very much for you,Pos
eka hoda deyak kiwwa tamil wath muslim wath nemei problem eka chineese un thama,Pos
garu karanawa kawuru unath attha kiyanawa respect,Pos
lassani ptta hithta wadinawa nathasha akke suiri dn thiyen nahen adana ewata wada hodaivoice super,Pos
mama kemathim piyathuma ,Pos
api obath ekka,Pos
admin nathuwath ba nh ,Neu
athatama godak duka hithuna,Pos
bawanawak wage app semi final wat ekkn ynna kasunn coach,Pos
ari ane lamaya podi kale wena karadayak karagathte mataka nawage,Neu
harima lassana kathawa mage jeevithetama ahuwa supirima kathawak,Pos
asama niwedakayek thanx gennuwata,Pos
oya minissunta dos kiyanna epa oyage jiwithaye anek ayata wihiluwak kale oyamai dan lankawata ewillath karanna hadanne ekamai ,Neg
ai pipenna parakku une ,Neu
 uba tibba love eka thwath wadi una bn much love,Pos
ubalata lamay gadanda beriunata api palida thopilata konda pana ne,Neg
ane harima lassani akki,Pos
ahanna ona hodama prashna tika hadala thiyanawa mahatmaya eka digata katha karan yaddi topic eken pita panapu awastawala nawatha track ekata ganna widiha nm ge talent eka skill eka niyama niwedaka gunaya penawa suba pathum jaya wewa,Pos
ponna gota ta hena gahpan,Neg
godak asa karana character ekak good luck dhanu,Pos
rata rakinna ratata adareinam janadhipathi ilagena dagalanna onna janathawath pelagassanna boruwata youtube channel wala raganne nathuwa,Neg
aiye shop eka koheda thiyenne,Neu
ahnna ahnna atiwenha harima lasani,Pos
adare hithenwa dub ekatanm ,Pos
apee kama hithata danenawa shashika miss ,Pos
bettal anakn balan inne chamila gampola kollek,Pos
fatta gathi hitha edila giya lt,Pos
obathimiyata theruwan saranai ,Pos
mm asawen balanawa meyla wage ayage interviews well done ,Pos
 bumioya thamai hariyeteme kiwe me samaje thiyene atteme tattwe oya hari,Pos
mewa pau wada ane deiyane ranjan aiyata nidahasa denna,Neg
meka puduma lankawak,Neu
 uu machan sathutui malliyo life is a rollar coaster ,Pos
me sinduwa voice teens eke chooti dennek kiwwa ne niyameta,Neu
yakkho antawadite antawadi nokiyawa topi tatta de kiyane,Neg
oyanama harima dahiriyai akki,Pos
kanthawak wshayen katha karanna dannethi jarawa den gelawenna hadanwa,Neg
ane mehem amudurwo mun darmaya kanawa munge siwra galawala pare yawanna one ane yko amuduruwo,Neg
oba jathiwadi desagdrohi kantawak,Neg
godak hina una hamotama budusaranai,Pos
oya godaak lassant sing kala athharinna epaa oya thawa hodata practice karanna next time yanna wada hoda singer kenek wela nice voice wish you old the very best ,Pos
ow meka witarai lokema loke ekama sinhala rata apita wena ratawal ne eka nisa rate ananyathawa sinhala nowena hama kenama piliganna wenawae aya araksha wela thiyenneth nidahasa thiyenneth sinhalayan nisa,Pos
aththa hamuduruwane theruwan saranai,Pos
ane machan hata panala hota bima anichcha un gennathuwa tharuna jawayak thiyana pana athi nayakayek gemu ban,Neu
bamps comment eka nisa wechchi deyak ,Neu
madumadawa loketema boru karayek kiyala penawa eyage aphasathmaka hinwenma,Neg
ane oyage minihage waradi kiyawa kiwa yanna epa akke oya witarak newei magula kadune oya pandara daruwa aragena apu katawa apita dan kata padam,Neg
balapn garadi piyabanawa wage sindu kiuwat a hinda kumarita giya kala tv frogrm wslatat inwait karanawa naluwakta wada prasiddai,Neg
ane aiye anith kenath ganna disna akkawath ganna,Pos
kawru monawa kewvaat sinduwa lassanai video eka galapenawa terena unta terai,Pos
kasun hariyata harenna,Neu
sir kasun oya nam marai ane,Pos
song eka nm ela ela ela,Pos
iraj aththa kiyanawa,Pos
dipani ta hodatama pissu yako ugat minissu mini maranawada,Neg
iwara wenakanma baluwa niyamai,Pos
dan maulawilagen kalin awasara ganna onalu palli check karanawa nam yako hora arakku alladdi kalin uta call karalada policiyen yanne yakage anduwak meka ayusha na mama nam me anduwata waira karanawa ,Neg
me akkawa nayakaya karamu plz,Neu
apitth sid sriram kenek innava kiyl hithune mta ,Pos
 uba mage ekaa bn ,Pos
radio eken ehuwa wage ,Pos
moktd me wage ekekwa gennuwee,Neg
nikamata baluwe attatama waasi kollek,Pos
me sinduwa kipaarak ahuwada eth athiwenne na pissuwen thamath ahanawa ,Pos
kelin kathava hugak age karanava habai ,Pos
kala karayek karanna oni meka thama githayakin ho videoka kin minissunta panividayak denna oni samprdaikath wayen midila wada karanawata kelin katha karanawata mn godak garu karanawa ,Pos
aga hiriwatenawa ahan iddi superb,Pos
dan santush ahala button eka obanne ,Neu
hamudruwane okagen ahanna uge agama mokkadda kiyala oka desapalanayata awama agamath pawala deepu ponnayek,Neg
lankawe pirimi porawal wenawa mokakhari kata kapena monawahari kellekta kiwwama ganunta hapan lankawe pirimi,Neg
metana weredda me singerge neme simple song eke haha aiyoo wedak ne bn,Neg
tho modayek hinda dewiyo tho kiyana de ahanne ne deiyek ne bn,Neg
meyata thiyena tharaha eyata janapathi wenna chance eka dunne nathi ekayi meya hamathissema kiwwa ilanga janapathi wenne reddai baniyamai andina ekkenek kiyala,Neu
nagananda ara t ekka baladdi ahasai polavai vage obage idiri vadakatayutu sartaka vevaa teruvan saranaii,Pos
dewiyan wahanse kiwoth mun ona aparadayak karai,Neg
me set akama superstar wela ewarai,Pos
dan parak withara baluawa harima lassanai,Pos
ara kellata wada me ya kochchara hodada pau ane,Neu
hena gahanawane aragena pissu natanawata,Neg
mu kalutaratawath wedak karapu ekekda ban ubata wenneth mahinda samarasinghata wechchdema thamai,Neg
oya math oyage vayasata kittui math israel inne rata jeewithe kochvhara dukbarada kiyala danne a aya vitharai,Neu
ape hamuduruwani oba wahanse kelin kiyanna thiyenade kiyana nisa me kuhaka minissu balan athi obawahansetath bombba gahannaoba wahanseta theruwansaranai,Neu
ammo akke oyata adrei palanna ara ponnayagena aina unu ek godaka hodai umma ,Pos
aparade kasun aey oya herunneththe mama balagena hitiye oya den herey den herey kiyala aparade oya ahimi kara gaththa watina kenekwa,Neg
ala viraj ala una attack kathakara,Pos
mu kollo jarayekda napunsakayekda,Neu
apith radio ahanna purudu une ara nisa good job ,Pos
ane tho kiyana hama kuppa kathawakma oppu kranna ta iththawo kiyala hthuwada tho kiyana ewa tho oppu krapan athkota ahema nathan na kiyala oppu krai gon athal denna epa ,Neg
laruru aiye jeewan kumarathunga sir wa genna puluwanda,Neu
kellage youtube channel eka mokkada bn,Neu
hariyata silwath hamuduruwaru kopa wanne ne,Neg
umaria kora thiyena irisiyawata haruneth na mokuth kiwweth na,Neg
ai sivathuran bro bns yanna epa kiyaddith kasunwa choose kare,Neu
jeesu pihitai oba tumata,Pos
lassanaii good luck akki ,Pos
thank you ayiye maya meka godak watinawaa,Pos
un like dapu serama kisima jatiyak nati kalawan unda ape hamuduruwane,Neg
oya music eka nama mokak da aiye,Pos
oya kiyana tharan widiyata deeshayata aadaraya karana kenek awoth hodayi nathnam pachachaa,Neu
atthatama meya harima hoda kenek kathwa harima wadagath,Pos
ee kale idnma wasthi video balanawa,Pos
oyata galapenne samaja wadi desapalanayai aiye,Pos
attemai mame sathutui oya gane jayewewaa,Pos
ayye discrip tion eke gain kiyala dala thiyenne,Neu
mhawani charita thamai ghanviya utu katikawanta shamatama hadarsawaht,Pos
me wes maru karala moko minissu sindu kiyanna enne ei wihiluwak,Pos
vedio eka sampurnayen balala banalath yana kuhaka haththak inne lankawane ,Neg
band ekta gahanna bari sinduwak genre ekak aththema nadda,Neu
rajan ikmanin ayeth enna lebewaa,Pos
ape aya sinhala kata karane wachana dekai english walin wachana witarai danawa okai wenasa,Pos
okkohma oya phone magula nisai,Neg
oba wanse harii attha katha karanawa ape rata api adareii,Pos
sinduwa wele koomada paddilla ayyage hkx,Neu
 mechchra views thyeddi hiru star labba trending unee kyna eka,Neu
damma gamn awa wenda wage,Pos
pena hatiyata brand eka hodai,Pos
harima aasawen mula indala agatama aka digatama beluwa harima fun aiya api godaak aasa charithayak godak awanka nihathamani charithayak,Pos
okkoma eka eka coment dala thiynwa eth meken terune me sing krna kattiyage dewal couchla kalinma dnnwa kiyala ,Neu
lassanai katawa obai desapalaneta enna tibune sampurana katawa baluwa ,Pos
apitath pc ekak hadaganna thibbanam,Neg
ekanan eththatama patta lassanai me boy hemal ayya wage neda podi hemal,Pos
 parakata wada ahuwa thamath ahanawa lassanama lassanaii,Pos
ekenma kelin katha karanawa,Pos
palaweni  wathwa sinduwa ahana ,Neu
siya parak withara baluwa oi,Pos
matha asama niwedakayek e unata me watina manussayawa gennala me gobbaya monawada me ahanne pissekne,Neu
mama godak adambara wenawa nehara ipadinna kalin ammage bade iddima ape gedara hitapu ekak gena,Pos
ranjan ramanayaka kiyane rate sampathak sasanayatha agaurawa karane kanek nm nawai,Pos
thopita hana gahanawa yakoo thope lamaintat akkaa,Neg
passe kiyana eka lassanai,Pos
ane palyan yanda,Neg
ane me pali ganim kawada iwaraweda aththa katha karana nisa hora mara rajapaksalata sapawewa,Neg
ayye giveaway ekak denna ba,Neu
apitat salli tibbanam ganna tibba,Neg
sanjiwane teacher oya lassni,Pos
maara lassanai nangi oyata hoda future ekak thiyenawa aththatama oya best,Pos
oyata waradinne ne akkiyo,Pos
meka nm niyamayi supiriyi kiyanna wachana na keeparak baluwada kiyala mama danneth na welldone coach sashika ,Pos
ma rata nithiyak ne hamduruwane mun okkoma gadar auwanna oni,Neg
niyama kathawa welgama oya nam niyamai,Pos
kage daruwoda huttha me,Neg
hari tv madin paninnathuwa inna ko kudu chnl ekata nelanna hadanakota ,Neg
godak hoda amma kenek,Pos
price eka kohomada aiye full build ekata,Neu
video ekak enakm thama balan hitiye ela priyadarshana aiye,Pos
amma niliyak wenna oni na usa mahatha wenna oni na mea amma hodatama duk vidala thiyena raththarag ammek ape amma wagemai,Neu
mu yanne nati tanak na,Neg
ada thama godaak dewal gana danagaththe ,Neu
amboo meke supiri ,Pos
sinduvata vada patta mulin giya add eka,Neg
review sri lanka gen kiwwe nane ada ,Neg
me vesak ekata mama tamay bomba gahanne,Neg
oya boru voice walata noya thaniyama idiriyata yanna oya superb sister kiyapu songs dekama lassanai unta pissu ,Neg
coach sashikage sampoorna comment ekama dala na,Neu
muslim un wadakarana demalu natawanne nathi nayakayek one gota thama ekata hodama,Pos
horu athare hodama horaeka thamai wachane paksha deshapalanen ainwenu,Neg
dan ubalata sapada thambi burkawa thahanam karapu akata thambi widihata inna one nam palayalla arabiyata,Neg
hair style ekata man asai,Pos
meya harima buddimath,Pos
sudu banda ayya puluvannam ape rate harakge olu hodala denna,Neg
microsoft mesh kiyanne mokakda,Neu
ekenmaa sira kathawaa,Pos
wadasatahana u tube eke dakka phone eka athata aran as dekin balagena ahuwe na phone eka paththakin thiyala ahan hitiya voice nam adahas nam ekenma arawinda,Pos
ohoma kiyana welgama gota dinnata passe gotalage passen en nadda kiyala balamu,Neu
 muwa penna ba mata loku dial ekak wage inne kiala ammo ,Neg
makanam viyayouthuma falls voice akkak maka athtanma asadaranai kasun kalhara oyath makane faall,Neg
skip nokara balapu ekama videoo eka jeevithayta gatha uthu daa thibuna saha man e deval mage jivithayata ekathu kara gaththaa budusaranai,Pos
jaya wewa ayiye k gamu jayen jaya,Pos
sudusu gotabaya rajapaksha pamanai kohevath inna minissu genath rata naththatama nathi karaganna ba me anthina avasthava,Neu
buddimath roomath ugath shakthimath charithayak,Pos
hoda danumak tiyanawa,Pos
good luck adithya puthe api italiyen,Pos
kwuda me sinduwa dapu eka,Neg
aththama kiuvoth patta,Pos
kisima gemak natiwama kiwwa ,Pos
alien seen eke inne set eka,Neu
 english song ekak kiwwanam ,Neu
man asai godak bumi akkita eya anik aya wage na aththa katha karana jiwath wena kenek,Pos
supiri charithayak blocks,Pos
me sathisha deweni inime aksha roshel wage nede who else agree with me ,Pos
patta anee dennama anr mnda dennama issarahata yanawanmm ,Pos
oba wahanse attha kata karanawa ape rata winasa wela ape hamduruwane oba wahanseta budu saranai,Neg
yohani mokada meke krne,Neu
ape rate innawa wage harak tikak me loke kohewath nea pi podi minissu mun salli passe herena herena peththata penala burana horikada ballo,Neg
mokada bn me niwedakaya kalknniyekne bn niwedanaya karanna danne nethi ekekne oi,Neg
sthuthi karanna one me gahaniyata gaanuama rakagena issarahata yana ekata patta charithayak ,Pos
asami niwedakayek boru Posh nathi pasta kttak kapu koller adare aravind oya hadata,Pos
kiweni parada danne na mama ballane ,Pos
visual eka tibbata audio eka witharak ahuwath aduwak na visual mawenawa,Pos
duwata thiyena adare amma ,Pos
me sinduwa hari lassanay anee,Pos
marama lassana voice ekak,Pos
aanee podi pc guiduth innawa hari sooi,Pos
tikak hambawela katha karanna thiyanawanam ara ekka patta life ekak,Pos
kochchara baluwath epa wenne na dahaparakata wada baluwa ,Pos
lahiru oyage wada satahana hoda a gana hitala genna ayawa gennaa plz,Neu
kasun innawada mea judge board eke ,Neu
mama asama charithayak,Pos
niyamai ayya thanks oya kiyala dena dewal walta,Pos
sasik wagema e lamayath maru woow harrima lassanai,Pos
police uniform ekata chatar karanda epa ube amma ganin okata thopi thamai lankawa kanne,Neg
supiri kollek jaya wewa,Pos
munge set akama aka wage gothayo tikak aka nisa apitanam ubala set akama pilikul,Neg
coach shashika harima vineethay anith ayata vada,Pos
aththatama harima lassanai kathawa ahan inna asai,Pos
  ayye hadak naganna rata venuven,Pos
redmi customers care eka nam anithimai colpetty wal thiyena,Neg
 aasama redio eka doo hituna satutui tamai ,Pos
saralava apita ape kama ha sanhidiyava gana hoda deyak kivva obata suba anagatayakk hita hoda kollek,Pos
dan oba thumawath hera damane ma anduwa aunta hana ma gahanawa ma manussayata karana wada henna thopeta panuwo gahala maranna balapeya,Neg
start aka karagana yanawa passea wadasatahana karanawa aulak na hodai monawa unath smart porak ,Pos
mechcha kalayakata ahapu lassanama intrviw eka mekat voice witarak tibbanam hodai kiyala hituna,Pos
meyath niyama naluwek thamai lankawe neethiya sewotama ekai samaharu karaa weda thamai ranja kiyanne,Neg
ubata wadiya kanthawo me lankawe desapalane karala thiyenwa ape sirimawo mathiniya koi tharam hoda ta desapalane karada ubala ape rata kawa nodakin thopi,Neg
eyatanam adareth hithuna ,Pos
minissuna danwath hithanna ape maha eun tika ape daruwanwa bili denawa sakkili heththa elawamu,Neg
interesting thawa tikak vedio eka balanna thibunanan kiyala hithuna ,Pos
pra gota para sakkeli rajapaksala hanama gahanawa ounta para hatha,Neg
thwa thawa lokaye oba wajabewa kawada hari mage as ideri pita oba thumiwa dakenna labunoth oyata mama kakul deka allala wadenawa amma pallai,Pos
maarama maarama supiri aiya all the best,Pos
hithapu tharam lassana madii ram ekatai cooling ekatai casing eka match wenne naa ochara ganak wiyadam karapu eka liquid cooling system ekak gahanna thibba apardaii,Neg
ara kothanada vocally or visually we are there ,Pos
oba thumage wada satahan mama balanawa ithamath agaya karami jivitha aththa washayenma wenas wenawa e wagema obata thawth deviyan wahansege shakthiya dahiriya labewa ewagema obatath thanks god bless you,Pos
pohottuwata giya nama mituma virayake nattan rata pawa dana akake,Neu
aiye  methana waradila rtx ekata gtx kiyala kiyanne oya,Neg
me karapu hena hathak gahana wadeta akathu unu balu hathikarema hadi gaawilama yanna one pau yako me dewal karanna hoda na,Neg
shathisha shashika niyaamai sathisa oyata subapathanawa aadarei godaak,Pos
pissuwen wage thawama ahanawa papuwatama wadinnawa eka patta hekiyawak ekanao ,Pos
dan oya rata hadanawa kiyala awa ewn hadala giye lassanata,Neg
mekata me dala thiyena miusik aka ain karanda kohomada ahagana inne,Neg
pennanna bari kenek ali oluwa eyata wada kenek ne wage inne husbandta kisi garuthwayak nethi kenek,Neg
pala pala ponnaya eka thamai palaveni anthavadiya,Neg
mu sirawata kalak ghla awilla theyenne dance eka ,Neu
kathawen therenawa samajaya gana hoda mak theyena puddgalayek bawa jaya wewa arabs,Pos
  aiya mahason balakaya thama tiyenawada apith onidekata enawa,Pos
onna st view eka magen,Pos
ammoh nd song eka ahuwama pissu hadenwa ,Pos
yakune lejja weyalla me gaNege vedeyo wekunagena kanawata,Neg
woow what a voice parana mathakayan godakat aran giya akki oyage voice eka,Pos
ammo kasunge manamala hinawa ,Pos
orlglnal song aken passe ahuwa lassanama aka meka,Pos
 pohottuwe unge keemata thamai me aanduwa awith awurudden ranjan awurudu ganakata hire damme ranjange kata wahanna me theerana dena unge daru paramparawala unta pawa patisan denta ona,Neg
aiya meke monitor kibord maws ahem akka kiyk vithar yid gnd puluwn weid,Neu
anee mee yakaa lankawee nemee wenna athi gota enna essellaa unnee,Neg
coach kasunge voice ekt gdk samanai ane hrim lssni ,Pos
mechchara add daanna epaa yakoo epawenawa,Neg
attha ape hamuduruwane u nalu battek wage hesirenne den unta agamak thiyenna apaye hamuduruwane awa sapawei unnta ,Neg
nihathamani nidahas adahas,Pos
adaraneeya mawak oba thumiya,Pos
mm asama e hinawata,Pos
ranjanta karapu aparadeta karapu unta henama gahanawa oba thumata sthuttee ranjan gana katha kalata pali ganeem mewa ranjan oba thumata budu saranai,Neg
umariya harenna kalin kasungen ahanne ,Neu
waddek no words to say,Pos
uththara nam maru ethatma gindara wage maru akki,Pos
harima sathuthui me wage dakshayo lankawe inna eka gena harima adambarai ,Pos
muhuney thiyenne thanahawaka tharama,Neg
ranjan puka nodi idapan keriya,Neg
ubaga charithaya hodaida ubagai ungai kishima wenasakne,Neg
gon manda buddika ratak  ,Neg
unlike karapu aun thamai apita kelavana aun,Neg
beautiful song eka gitar ek play karapu vidiyath niyamayii ,Pos
oayta pode hamuduruwo watenakamak dunna,Neu
ane palayan ban nehara akka uba baba ekenma enjection gahala thamai uba sudu wela inne,Neg
comment walata like danne aiyada ,Pos
kiparak nm baluwada apawennanee,Pos
ayeth wasthi ayeyawa gennanna,Pos
mage mac eka screen eka wada na contact karaganna widiyak ndda pc giude,Neu
harima lassanai well done ,Pos
pissek gonek pandithaek ahankara ballek,Neg
hamotama ekama comment eka dala kammalikama ethanath adminge ,Neg
 international yanna puluwn voice tikak tynne ,Pos
oba thumiyata saha duwata theruwan saranai ,Pos
mama balapu dewani video eka oya lankawe samajeta watina kamak dena kenek oyata suba pathanawa ,Pos
aiye mata gaming machine ekak hada ganna ona,Neu
kauda meh chee mehema aya ekka minissu yanawada appaa chee,Neg
muge ewa issarahata trending ena seen ekak thiyenne,Pos
bhoomi adarei api obata garu karanawa,Pos
sansaren sansareta geniyana dakshathawayak jaya wewa,Pos
oya kiyapu katha hari,Pos
band ekath chuttak pennandoo,Neu
harima mihiri katahadak thiyenne ,Pos
oba thuma ge kelin kathawata mama hari kamathi ,Pos
hi mick well done i am very happy and very proud of you bohoma pin thanks hari tv srilankanans should follow that,Pos
hiru star awa wage mathakai,Neu
ane bn hitan meta wada bana kiyal awe hama pakayama ekai,Neg
anthima tikatanam eduna kadulu awe neti eka vitrai,Pos
me gaanu hoda gaanu namei mokada ratayann okkoma gaanu wassakam karnnwa keyalla me keyanna mongall,Neg
pc ehema miladi ganna puluwanda oyalagen,Neu
mu pare wesige putha mu hadete rocket arela mahajanayage salli winase kela ,Neg
harenakotama buh kiyannalu thibbe ,Neu
adambarai atatatam adambri samahara loku loku english katakarana sihalaynta wada godak hodai,Pos
kisima therumak nathi kisima rasayak nathi harayak nathi mala jaraawa heluwa markt karala karanawa disgustingsad,Neg
man oyaga diya suliya baluwa eka lassana raga paymata man tamat adarai oya etama hoda poleward paya gahala enna kanak,Pos
meka video editing valata haridha,Neu
aya ubata hanganna deyak ne hangapu serama mulu lokema denagattha back side baba oya pawu,Neg
 ayya kiuwe hari tv channel awith youtube kawa mahansi wela goda enna hithan wada kaayata thanak nathiuna,Neu
kawda a ballata gahapu kari balla,Neg
patan ganmama godak uchcha swarayen unu nisai adupadu une mama hithanne saha thawa tikak soft unanam lassanai tikak amui wage voice eka eth honda uthsahayak,Neg
koach kasun nisa trending ei kiyana aya koi balanna,Pos
redmi ekata emui update eka awada,Neu
mekai meyage ewa witharai sanskaranaya kerala thiyenne ,Neg
jawa sampanna ko thama jawaya pennala na patta silachara gahaniyak meya kunu rasata asa nathuwa athithu,Neg
aththtam lassnii great pogrom,Pos
ani waryenma ape hamuduruwane,Neu
amd wala cores tred wedi ne ai intel thora gatte araya kiwwa vidiha terunneh,Neu
ane mehemath thirisan ganu shikk tho waha bilaa mariyan ape salli nasthi nokara ,Neg
mama school yana kale aniwaryen bomb blast ahala tamai school yanne thaththa baninwa hemadama eyala ahanne rajarata sewaya e kale arage muuna mona wageda balanna puduma asawak tibbe e kale asama voice eka ,Pos
liyathmbara song eka nam patta ,Pos
mn me hari tv eke program ekk baluwamayi ekath aiya innwa ahanben dakala athatama supiri mn asama charithayak,Pos
oya nm shok akki,Pos
ane baba dan thuu vitharak,Neg
kenekuta mada gahanne ersiyawata godak dukwedapu ahinsaka kanthawak kumari oya sindu kiyanna thawa egena ganna ,Pos
mama asa karana song akak wagana mama asa karana singer kenek oya hodata kiuwa good luck,Pos
oba wahanseta budusaranai,Pos
pissonge rata hemooma gobbek paalanayata geenna baratama kadee duwanawaa,Neg
me mona huththekda,Neg
adoo patta ne meka trending gemu,Pos
oba hari apuru manussayek mahathmaya ,Pos
aiyo aiya mokakda me visual aka ane oya mechchata lassanata sinduwa gahala wikara visual akak hadalanee,Neg
patta me wage build ekak karanna aasai,Pos
google map ekaki balanna be,Neg
arjuna rukantha ayyada mage asama gayakayek thamai thadane saho,Pos
ayage konde lassanai ,Pos
mee para enn jajlaa katiyn suupr ,Pos
seeya vage obath idiriyedi desapalanayata enna avankavama,Neu
iraj ela kollek kiyala hithenawa mu konda pana thiyena ekekanika irajge vision godak prayogikai but api kochchara me system e waradi dewal pennala dunnat api aththatama asaranai bro,Pos
supiri elaela hodiye,Pos
voice eka kasungen awe nattam oyaala hamoma apahu mata msg karalaa meka mathak karanna aniwaryen kasungen enne ,Pos
niyma hamdma happy eke inna oneemth cutta kapu kenkcut kala thmy thankta enna onnehodma ghin ayya,Pos
niyamai ahan inna asa hithuna godak asawen ,Pos
hiru star th awa ne meya lassanata qwa,Neu
coachlage hair style tika kohomada,Neu
ayye mata rog build eka ta karaganna puluwan parts wala price danaganna puluwanda,Neu
oba tumata pamanai ape maubima beraganna puluwan obata jaya,Pos
akki man godak asai oyata podi kale idalama adarei hamadama so oyage film ekak balnna asai,Pos
hamoma adaraya karana kenek wenna wasanawannatai ayye,Pos
mata katakarana kenage nambaree awsnna puluwanda,Neu
hodatama kiwa meeta wada out pitch sing karapu ayata harila tiyenwa meyata asadaranayak une paw podi eka,Neg
hari sinhala wachana tika katata huru ape sinhala wachana tika eliyata noda,Neu
jiwithet loku denumk hmb un thenk aiye ,Pos
meya hiru star eke kalin hitiya wage mathakai,Neu
aththa athi satiyen kta kala viwahaya gahaniyakta athyawashshai oba dirimath kaanthawak gaurawaneeya mawak kawadawat thanikama nodanewa oba dedenatma suba anagathayk ha devi rakawaranya prarthana karanwa,Pos
coach kasun anth coach lge buffer click kardii nirayasynma hinwak awaa ,Pos
ape rate thawath daksha niliyak ,Pos
 ape sriya goshal shashika miss tama ea hada bhawanawak wage man kemathima asama hada shashika nisansla ,Pos
janagahanaye winashaye arambaya adharmaya rajayana kalayata perawadanak meka,Neu
brother mata oyawa contact karaganna vidiyak kiyanna puluwan da,Pos
redmi eke signal aulkak thiyenawada aiye ,Neu
oya kisida padamak egana gannaa,Neg
anee niyamaii best shshika dennama thiya ganna dennama dakshaii,Pos
deng inna hamudurunta karunawath nehe kathakarandath danne nehe deng inna hamudurula eyalage wasiyata hema peththatama bera gahanawa,Neg
anik battel wala steal chance nedda,Neu
mung karane salli hoyana eka youtube vedios dala ape data kala mung jevath wenna mung maruwang maruwata vedios dai ape modya wage ape salli tika mung ta dena eka vitrai modyo ape mung Posath ape hemadama higanna wela,Neg
adambarai bn nuwara gena sinhala kama gena umbatawath mechra therunata budusrni ,Pos
pattama video eka niyamai,Pos
rohitha digu gamanak yanna suba patanawa oba paula siyalu danata nirantharayanma deergayusha parthana karanawa siyalu davi phitai,Pos
ape hamuduruvo kiyana kathava hari,Pos
lahiru niyamai wedea me akka kiyanne sahathika aththa paw eya akka hodin  oyath mara lassanai kata hada apiwa ada beda thiya gannawabs,Pos
lahiru oya raththaran kenek kumari akkawa gennuwata oyata pin,Pos
me channel eke dushynthegej stefanigei interview ekata passe iwara wenakanma balapu video eka adarei ,Pos
sinduwata set visual ekak dakke kalekin lassanai,Pos
nehara lahiruta salli dila program ekata awith wage ahanneth nthi ewa balen kiynwane nama ahuwama nama haduna hatith kiyanawane ,Neg
ganna hithuwa ganan wedi nisa atha arala damma,Neu
wasthi nathnam ada anith oya productions enna godak kal yanawa,Pos
oya oyage ammata adare nm sigarate bona eka nawathhana please,Neg
veda satahane namata thopita sinhala nam nedhdha dhanna,Neg
 gena mara adarayak hithenawa hodama inspiration ekak me video eka kenekta ,Pos
ane lassana nangi kenek ,Pos
garfield oya hora gediya ,Neu
aththatama lassana song ekak,Pos
good boy patta porak,Pos
meya katha krna dewal ahanna godak asai,Pos
aiye poco x eketh video ekak karannako plz,Neu
song lssanai aiye eth video nm awl aiye,Neu
chanux bro paw bn hithan inne lankawe hodama pc eka eyage kiyala,Neg
sadun aiya oya me mona huththkda kalee me video eka danuka aiyawa gaththanm ftta bn meeka mokekda mu mekta hari ynne naa danukaya ftta,Neg
ammiyoo meyage wachana wala thiyena gada hi hii,Neg
 vena kisima aulak nam na sipiri phone akak ,Pos
mama christian but kathekkawat taraha neh amthuruwane oyage kathawa aththa oyala wage minusu apita labenna api pinkarla teruwan saranai,Pos
medawaswala gedara nisa laptop eka plug karalama thiyanna honda da,Neu
wahalunge rata puduma kadee yeemak gobbeyo kiribath kaarayo,Neg
meki maha mudukku ammandi kenek nodakin,Neg
 aiya adarei godak ,Pos
anne boru nokiya inna anne mewa ahagen inna oyalat pissu d,Neg
ane thoge gon joke palayan bn yanne,Neg
dhawasaka man me wagema kathaawak magema audience ekakata kiyanawaeka mage jiivithe eththama kathaawa,Pos
balu weda karannepa oii shik muta wada chora un kidenek gattada meka nam hena gahana aparadyak,Neg
 ayye sinduwa ahla coments bluwe sinduwa patta nisa ane manda mewage dwl wlin watena epa ayye ,Pos
kasun ada gahald bn inne monw hari,Neu
a dawas wala benne mu sarame pihida ganna oni ekek mea loketa enna oni ekek newei kiyala den u hondai ape rate minissu danne mewwa thamai,Neg
kawadawath kathawata rawatenna epa sinhalaini ape waradda eka thamai hodata hithala balala thirana ganin,Neu
mona unath honda putha kenek jaya wewa,Pos
godak hoda mahatmayek bohoma hoda wadasataganak,Pos
man ma balala hari trending genawa,Pos
gmmk ekenma bulet ekk,Pos
kasun athal ekak gaththa wage mata penunenam,Neg
ambo mage hinekawath ne,Neu
hithenawa aparade kiyala meka baluwee,Neg
gaming build ekak hadanna kiyak vithara yaida,Neu
 gon ranja ranjan cheethayak anunge kunu hodala hondata purudui adu janma gathi,Neg
voice ekata mach wenawa song eka ,Pos
api i ekak ganna gemak denakota menna meya,Neg
koi dan toge kata ,Neg
wasthi patta good luck,Pos
saman aiyage e alakara tika hodatma thiyenawa lassanai thiwra backing pattaa,Pos
kohomath oyage antima desa palanaya thamai me gewenne babaa oyatath gedarata wela inna puluwan labana para metiwaranen passe ,Neg
kochchara lassana deyakda meka sinhala bashawa nathi wena ekak ba kiyala hithenawa,Pos
gonajata pissu hamuduruwana mayala yawana kala lagai,Neg
mekata mokak hari ikmanata ganna oniarambe hadaganna oni,Neu
yako admin kelle thama wedada ban awelawe mathak wenne video danna ,Neg
aiyye podi kale idalama tv eke dakka patta charithayak thamayi oya puluwannam aiyya ge jeewithe gena video ekak karanna kohomada tv ekata awe saha ada inna thenata enakal,Pos
rajapakse paule unta ayi kauda janadipatikam denne,Neg
ane hari lassanai e hinawa duk vidala udata apu manussayek adare hetenawa,Pos
bambuva tamai kataven kauruth veddoo krala pennanna kiyamukoo boradiye malu bnna kauruth dannavaa,Neg
muuwa kauru ussannada,Neg
api kohomada aiye oyalge weda walata sambanda wenne,Pos
phone ganath mehem vedio ekk krnn,Neu
ranja weduwata wediya hodai riwwanam kalakanniya,Neg
jeewithaya kiyanne anith katawath karadarayak nathuwa jeewath wena eka ,Neu
kchcra hda thanakata awth athal eken katha krnwa gdak aya diunu unama Posh wenwa english wlin  great respect bro,Pos
ahan inna asai siya parakata wadiye baluwa,Pos
lassana pada malavak ft video ekk akkige hadata mee okkoma mix vela godak lassana song ekk avith godak lassanai akki,Pos
meka dislike dala thiyenne amma la nethi saharan ge un amme ,Neg
hoda kollek raajspasa pawlemada kiyala hithena tharamatama,Pos
polisiyai hamudawai karana mehayum walata bada wennath puluwan anawasya widihata kiyawanakota,Neu
ada godak unta amathaka unata you tube ekata gammak dunne ubalai broo,Pos
aniwaryen sadu punchi paula raththaran kiyala thiyenne sinhalayata vitharada lankawe wadima lamayi karanam hodatama athi,Neu
good luck   malli api oya samagai budusaranai,Pos
ishadi akkiyh congratulations lassanai akki ,Pos
teruwan saranai oba wahanse kiyou katawanam bohoma hodai,Pos
shit me wadeta professional ma harima announcer stephanie akki ane eyawa dennkoo,Neu
okkamalla hodata katha karanawa hodata innawa hebei balaya gaththahama mandhabuddika wenawa ,Neu
meyage violin skill eka dkknmm,Pos
amita vayasa kiyada,Neu
apith podi kaale konde kepuveth deepthi cut,Pos
ai interview eka iwara une kiyala hituna niyamai,Pos
me manussayata sahaya denna one,Pos
kasun maara athal denne appa ,Pos
gahagana wage prashna ahane ai ban,Neg
me wage wihuluth karanawa lankawe bagekata wada tiyenna minisunge jeewitha wala kedantha a hema ekakma me wage wihiluwakata lak kala hakida walpal dodawana chanel thawath bihi nowewa,Neg
 mun biwwe mw kirida madu walwala kirida munge chandaya nisa rata jathiya pawala denawa ,Neg
ubatha okkoma dannawa wagene ubat eakane karhe,Neg
oya hari lassanai mn kamati caritayak,Pos
onna danaa kunu harapa wada karanawanee ,Neg
kasun oyanm maru aa,Pos
aye sindu karanna epa malli oya mala gewal wala kuliyata adanna yanna gihin oyge anagathaya sarthaka karaganna oya peyata rupiyal ta adanna patan gnna oyta kotipathiyek wenna pluwni me sindu wala adla hynwata wada ikmmta,Neu
mona wikarayakada rate samanya minisek wage gahaniyek mewata wediya dewal lankawe thiyanawa,Neg
ahthma nangi oya nam niyama knthawak obata idiri anagathaysta dhyirrya shakthiya labewa,Pos
 godak intelligent kollek,Pos
adarei aiye lankawe hodama jawasampanna handa,Pos
patta anthima tika hithat weduna ,Pos
suba suba subama pathanawa,Pos
ela okawa maranna oni ranjan balla,Neg
kasun kalhara tami super anith hama kenatama vada raha hodatama dannava,Pos
sitha niwana handak ,Pos
mata therune na,Neg
meyata chande uge genivath denna,Neg
lankavata thava meh vage aya ona jaya wewa ,Pos
ranjanta karadara karana samadanatama daduwam danna daviyana,Neg
hayoo lahiru kauda mee genawwee,Neg
athatama adune katada,Neu
patta mama oyawa dannawa oya mawa dianne ne mama hilton ake chef kanek oya nitharama anawa but mama hithuwa me its me wage hoda porak kiyala dan ,Pos
mama harima asa krna niliyak dan inna ayawage niwiy,Pos
mey kotu panina haamuduro neda muwath kanna denna vifiyak nethuwa mahana karapu ekek neda,Neg
ane ai meka ain karala thibbe,Neu
aiye pita ratin badu genalla hada ganna pulluvanda,Neu
ado ub hena thanpath wela d,Neu
udabalagena kela gasiwot muhunata watena bawa obatuma dannawada,Neg
mu mona karlada ratata mu mokeka,Neg
owu obatuma tharam kaurt daksa ne eka hamoma dannawa,Pos
 ada lassna program ekak,Pos
ane puduma lssnk hrima feel maarai all the best ,Pos
gavesanaya karanna ona jevitha kathavak,Pos
ehenam daduwam vidinna lesthi wenda,Neg
disana munaveera genna,Neu
mama singapore jiwath wenne mehe mp la rate janathawata thana denne,Pos
lahiru aiya oya me wade karanawata mn kamathi tv walin eliyata avilla youtube apu eka hodai habai ,Pos
oba thumiyata ena hama prasnayakatama muhuna denna sakthiya dahiriya labewa,Pos
mun hemadama raja wela inne ne ranjan mahathmaya awassya kaleta eleyata enawa,Neu
digree ekakuth aragena inna nisanam godak madi wage neh,Neg
oya kalakanni ballo habai ranjanta monawaharin unoth thoppitanam sapama wenawa,Neg
full cover ekak karanna mn asama sinduwak lassanama widiyakata,Pos
kasunta gedarin thamai genna wenne mehema giyoth,Neu
casing eke price eka mage lap eke price ekata samanai,Neg
uba waddek malliye rallata yanna epa ubema paraka palayan ubata jaya lt,Pos
ranjan ramanayakala kiyanne me sansare purawata akusal karanana menissu thamai ape hamuduruwane ,Neg
oba wahanseta thiyana paushathwaya rate palakayanta na bala lobeta rata kawa ape hamuduruwanwa thambi marannama oya hammba haththa,Neg
maara danumak tiyena ayya kenek okkoma explains supiriyata therenawa niyamai present karana widiya br pc guide,Pos
mn adara karapu niliyak oya budu saranai ,Pos
katawth udaharanayak kiyala hithanava apaa lankava epa dan aya mwu basava amathaka karanava tharuvan saranai,Neu
ayiya matath parana pc ekak hari dennaku,Neu
ayeth aimy ekka video ekak one,Pos
kasun hena athal denwne appa shok aa ,Pos
man ahapu lassanama intro music eka,Pos
me manussyth mahabrithannya kiynne,Neu
raththaran ammek ada kaale hoyagannama amaru,Pos
ane eya hari shok appa eya ekka kata kala ewa ahan hitiya payak giya nema na,Pos
mining karana software ekak mokakda aiye,Neu
supiri kelin katha karanawa tharunayek washayen,Pos
mama asama niliyak akkiyo oya,Pos
 brother asaei oyage katha ahanna bokkenma kathakaranawa oya ape ratata adambarayak,Pos
amuven kala sadda nativa hitapan bn,Neu
podi daruwa dakkama attatama matath aduna,Neu
thawa awuruddakin oyyta wada price wadi weuyda,Neu
hinayak thamayi mge,Neu
janadipathi thumani obage awadanayatai gen egena ganna thitenawa boho de oba thuma monawada danne,Neg
kollage thaathage face cut eka poddak coach kasun wage neda ehema hituna aya tawa innawada ,Pos
respect you mr michael,Pos
mewa balanna epa saho mala jarawak,Neg
lankawe culture eka gana kiwwa eka nam attha job culture eka,Neg
eka voice ekk nme thanikrm bawanawak,Pos
meaya nawtha wivaha una wage mathakay eakata mokada une,Neu
kadu pihi thiyaganna thanata thallu kara ubalamai muslim palli walata ginithiyala,Neg
wenasa patta podi ekkenath ekka ada vedeo eka supiri,Pos
wow ishadi nanga great job congratulations nangi,Pos
anee dennma maru appa,Pos
trending enawa mekanam,Pos
youtube walta palaweniyatama hitha gye wasthi nisa hadawathee charithyak ,Pos
ara kiyanne minissu ge hadawathe kotasak ,Pos
gon athal denna epa banbns moda wada karanna epa,Neg
minding karana heti video ek karanm khomda,Pos
ubala denata waradune ne banme rate minissuntai waradune,Neg
ada nam supiri set ekak,Pos
time eka yanawa denunewath na aiya patta good presenter ,Pos
salli nh nh kiyala marenna epa brothers owwa ganna unanndu wela wada karananna,Pos
oken stream karanna puluwanda,Neu
ranjan hetagana enna hare lassana naluwak keuala nalukam nama balu kama,Neg
ai walata apple mac pro pc akak use karanna netta ai,Neu
ai dinithi naththe,Neu
me sinduwa dreem star awa viraj bhathiyage eka mun danawa,Neg
godak hoda gahaniyak hoda amma kenek ganunta hoda wedagath wedasatahanak,Pos
api ennwa oya ekk malli,Pos
bro man ubage big fan kenek man aththata ma hithuwe nha uba oya wage dial akak kiayala,Pos
adminta ninda gihin ,Neu
wellgama galapenne chandrikatama tami walgama hrema chttayak rajapaksha family akata madagahana akami teyenne sajith ge talks,Neg
niyamaidetails godak thiyena review ekak ,Pos
 monawa unath patta charithayak ,Pos
munge thirana wenas wenne wachanen deken,Neg
wadakata athi deyak dapan bn dannam ubawa appiriyai,Neg
oya ayyawa aye aye genna api aye aye balanawa ,Pos
ayyee price range eka thama wadagthama super vedio,Pos
kumara welgama mhathmya ethama awanka mhathmyek teruwan sarany,Pos
 hoda hinda hodai naththam dela adee,Neg
menna niyama kantawoo niyamai,Pos
link ekata giyata models okkoma nane,Neg
umarriya ganthy hinawak danawa,Pos
amana ganaiyak ara kolla issaraha kiyana jara kata,Neg
ahankara deshapalakayonta wada mali kiya hadawathinkatha kireema wadagath,Pos
music eka maha karadarayak,Neg
munva ela vala ugath aya ewana obath wagakimak thiyenva ekata weda karapn,Neu
pau kiyalath hithenav mona unath ganiyek ne ,Pos
ayya daksha artist kenek neee,Pos
mama dekapu fawar fhula voice eka dura gamanak yanawa oya good luck ,Pos
 akke meka bala bala godaak eduwa oya mona unath eththa kiwwe budusaranai akke,Pos
hadawathatata katha karana minisek,Pos
 mama langadi oyawa flower book ekedi dakka katha karanna hithunath oya brochure ekak balagena hitiya nisa disturb kale nha oya hithana widiha godak mama wage me program eken oyawa godaak therum gaththa suba pathanawa ,Pos
samita karanna jara wada,Neg
ape hamuduruwane peramuna aragena katauthu karamuko,Pos
priya aiye oya prices dekak danawa aiy e hari price eka first price ekada second price ekada,Neu
katahada ahenakotat hina ynw asama charithayak ,Pos
anee eyage voice araa ,Pos
 eke sindu kiyapu satheesha neda,Neu
harima watina kathawak obata jaya bs,Pos
meka nisa subscribe kara,Pos
chmila nama tawath udin tiyanna oyata shktiya lebewa,Pos
asawen balanna youtube channel ekak thamai hari tv niyamai lahiru aiyye all the best and also wasthi prod too,Pos
theruwan sarenai ape hamuduruwene obewahansege kathawe nam sathike aththe,Pos
ammo athi yantham,Neu
ado aga hiriwetila giya yako,Pos
thopi wage jathiyakloke kohewath nathuwa athi,Neg
ammoo eka hadawathatama wadinawa eka danennam kiyanawa ,Pos
nexe year erande dapu end aka dammanam maru,Neu
ekapara danna baida okkoma ,Neu
janathawa buddhimath wanadata dinanna puluwan,Neu
ayyoo yanna giyapu welawe giyanm apita senasille inna thibuna,Neg
ayyo hiru star godak dura giya neda aprade,Neg
ane pau ara kolla,Neu
dan you tube morning show ahuwa withari ,Pos
mama use karanne redmi ,Pos
asherwadaya dennm hadawath pathulen oba allgena athkin yddi mn obata dlda samidnge piheti hmdaamth,Pos
shashika kwda kyla ahuwoth kanata dekak deela meka pennapn,Neu
 eliyata ganna ita passe anuwa wada karamu,Neu
waddek newe yako waddan geth waddan geth waddekgeth waddek,Pos
mata nam prasnayak subandage wife budagama adahanna deida eya buddagamata enavada ohugen eyath ahuvanam hodai neda buddagame ganulamayek hoyaganna bariunada prahelikavak,Neu
 bokkatma denuna eka nm much love,Pos
ane manda api kageth kathta ahanawa awasaneta kauruth kathtawen dassa passancha keruwawen balu notithtan ,Neg
methek dekapu hodama winisuru madulla e samagiyata thama mama kemathima,Pos
me walgamaya maha lokuwata hithanawa oota thamayi rajakama labenna ona kiyala issara katha baluwoth kiyannema manamaala katha niyama naaki manamaalayek ,Neg
oya thama voice srilanaka naththan vadakuth na congratulations nangiya,Pos
chamara w sir wage issarahata ynna thibba kollek heluwe anik un sinduwak dekak karai,Neg
 kiyapu nangi ta chance ekak dunna nam ai meyata dunne naththe lassana voice ekak aparade eka nam ithin e podi podi adupadu hadanna thamai oyala othana inne,Neu
akki athtatama oya godak ugath kenk,Pos
matath ohoama hetenawa wayasey weradda,Neu
thanks aiye oya lassanata kiyala denava,Pos
meyanm niyamai mn hituwe pattama salli karayek kiyalame wge english katha karanna tbbanm athi,Pos
voice eka witrak athi bn ,Pos
stage wala puluwan tharam gon joke daala dan ahanawa wihilukarayek da kyla aney paaduwe ragapaagena inna piis,Neg
ayye palaweni view eka magen,Pos
api dannawa bro we trust you,Pos
kumari akkata cartoons wala wage hodata hadakawanna puluwan voice ekath ekka wadak ganna puluwan ganiyek,Pos
okita antimata wenne aids hadaganna uba dinum malli,Neg
me duwa etha daksha lesa sinduwa gayana kala thawa sindu baladdi me sinduwa ta alankara wadiya nathiwa ahagena ,Pos
super thwa mea wage aya onne,Pos
priya ayyage babawa mathak wena aya ekak danna ,Neu
super sudu banda ayye,Pos
sira sinduwa vid script ekanam melo rahak netha,Neu
pc ekakin sinduwak record karanne kohomada,Neu
mekatath janadipathi wenna one wela,Neg
muta ona rata vinasa wenna mu thirisan balek mu mantalayak nemeida balloo thopita hena wadinna ona rata vinasa karanawata thopi marila giyata kamak na,Neg
babage muna rathu welane paw meyage hadiyawa,Neg
rasika prathichara ammoo eeka ,Neu
ballata karapu wade nan paw,Neg
ammo meknm kochchr baluwath epa wen na keeweni partd blnne kiylath mathak na ,Pos
samanera hamuduruwonta wenade kawruth dannawa,Neu
aiye mata oyawa contact karaganna baida mata pc ekak build karaganne,Neu
mona bambuwak da mee me lamaya kochchra lassanata qwada shik ekekt hari harenn thibba powerful voice ekk ,Neg
oba whanseta dalada samidu pithai ,Pos
hinawa pitipasse thiyena duk goda i respect you and dino,Neu
e sinduvata duka hithuna aya ko ,Neu
meka thama channel eka patta bro,Pos
mama asama kenek oya aiya oya mawa motivat kranwa godk dewl wlata ,Pos
danata battle round eke dakka lassanama battle eka meka,Pos
oyage katha harima kelin wadinnama kiyanawa niyamai minissunge as arenna katha karanawa,Pos
eka thapparayak skip kare na ,Pos
thank u aiya disna akkawath genna wish u all the best,Pos
athama ape rate english katha karane penana basavavath nodana,Neu
aiya kageda lamaya,Neu
samaja sewikawak meeta wada kate sanware rekagena katath adarsamarh nunoth bale hemadama tiyenne Neunp yata aba saranai metan sita,Neg
kaalekin ahapu voice ekak ,Neu
goddak hoda sinduvak,Pos
dancer kenek kiyala muladi dakiddima hithuna,Pos
anee mee kiyanaa ekaa kohomath samajetaa joke ekak tama,Neg
derana dream star awa kenek niyameta kiyanawa,Pos
marama lassana voice ekk akki oyata tiyenne wish your all the best ee wagema mee song eke wena widiyata kawadawath adare kara dennekta mehema wenna epa kiyala prarthana karanw,Pos
ai bns thora gaththe naththee ,Neu
siwra nathi karanne thopine hutto ,Neg
mechchara kalekata wena ayagen ahapu nathi deyak ahuwa wena talents mnwda kyla eka nam harima amuthui,Neu
sujatha hamuduruwange bwana madiyasthanya nuwar khoeda thyenne,Neu
sudu akke oya dinannama one ,Pos
warranty nathuwa wadak na,Neg
harima lassana sundara manussayek oba thumage siyaluma pathum itu wewa budu saranai,Pos
judgersla mru aa gedrd kohed inne ,Pos
redmi eknm mmth bluv,Pos
wishwa aiye oya sadaranai,Pos
ane munta piisu ow ubalata thama uruma,Neg
indrachapa liyanagetath invite karannko lahiru ,Neu
ranjan kiyanne ponnayek,Neg
boru kariya thoge content wala thiyana boru thota hena gahanawa ponnayo balapan thiyana add goda,Neg
demnatama pissu rata vikunai okkoma horu,Neg
 ape rate desa paluwo pali gani kiyala e nisa oyala nnam parissamen wada karanna good luck,Neu
ammoo eka kiparak ahuwt epa wenne,Pos
me pc eken steaming karanna puluwan da pubg play karanna puluwan da,Neu
kiyanna vachana na supirii vedasatahana ada math sabscraib karaa,Pos
respect couches harima nihathamani harima asawen balana program ekak ,Pos
e kiyana dee feel wenawa ekenm supiri ,Pos
muwa ussala wedak ne ,Neg
oya wade mai matath une aiye ol ai bi ci bio kal kelama una,Neu
 ayya oba ithamath nihathamani awanka guna yahapath manussayek a dewal sada raka ganna obata shakthiya labewa,Pos
umaria keghn epa sinduva ahnna wdhk nh,Neg
gonja genuth ekka gas wate netuwata oka ponnaya ponna anduwath ekka ekathuwela  dan oya vikaren pissek wage kiyawanna,Neg
ithin yako hama pawulema okkotama thiyenne ekama prathipaththida nangi unp wunata aiyata wena prathipaththi nadda oya gihin ta penna ganna ,Neg
podi eka kaduwot ema,Neu
kwda oi unlike krapu ubala sinhalayo nemeyida,Neg
me velave lakave kaantha sanvidaana yam kisi handak Neghiya yuthui selenna epa oba shakthimath venna,Pos
addee meyage myk eka mute karala kasun kiyanawa wage mta hithune,Neu
monawa unath kolla lassanata sing kla ,Neu
buddagama winasa karanneth mun thamai,Neg
ane coach shashikata me wage lassna sindu tynwanm shashikge samhara lagadi apu sinduwalata kmati na ayage dakshathawaya penne me wage sinduwalin,Pos
ane me kumara welgama mahattayo oyata api salakanawa eka nisa poddak kata wahgana plz,Neu
balan hitiya danakan ,Pos
malani bulathsinhalage sinduwak ahuwamada mnda voice ekedi ,Pos
mn godsk kemathi charithayakkelin katha karana,Pos
sallie walata munta karanna deyak ne itin mu weerayek kiyala piliganna unuth innawa,Neg
duppath rate salli keewa mun thun dena wenuwen kandy rugby team eka keewa perethayo,Neg
math battle ek balala meka beluwe oya battle ek perform krapu hetiyata penawa kochchara mahansi welada kila e courage eka gnna,Neu
mta pennanama baa madhawa ponsiya thuhh nodakin thatta musalaya,Neg
aru michael kiyanawa michael lahiru mahaththaya kiyanawa lahiruwa michael interview karanam hodai bn ,Neg
digatama oya wage lassanata song karanna ,Pos
kelin katha karana kenek ugath kenek,Pos
shashika ge team eka mara lassanata performance eka hdla thiyenawa shashika nm supiri talent coach kenek ona ekak ottui,Pos
illapan janadipathikama sinhalayo okkoma denawa sattai api innawa ekenma ,Pos
anthawadee jathiwadi madhyath madyawediyoth me wage aya interview karanne nehene rata jathiya ginithiyana ewun balala egena ganilla mekathama manussa kama,Neu
chamila malli wish you all the best lassanama lassanai godaak samma sam  budusaranai mallita,Pos
ape gnasara hamuduruwo eliyata gamu kohomahari,Pos
me thresdavathiya eliyatha,Neg
ranjanta padamak iganwiya yuthui oya palbuooruwa ponnayek,Neg
dan da miniho video eka hadanne,Neg
niyamai iraj aiye supiriy politicle tikakelin katha karana kollek,Pos
ane shok ane oyala dennama lassanai,Pos
dennage interviews deka legends,Pos
budusaranai ape hamuduruwani aththa keyanawa,Pos
konda pana nati my ponna ranil kohayda owaa karannay oba samagai call me,Pos
ane uba baba kudu belli tope tatta tamai lankavata kudu genave aha ganin toge ammagen belli,Neg
kassa kiyna aka nm mru ykoo pissu hadila ayeth haduna ykoo ,Pos
appith oyalathekka ekkavenna kale avilla,Pos
eketh amutu gatiyak tiyanawa ne,Pos
chanux bro ge parana pc eka mata dhennak,Neu
mona sinduda ban mee,Neg
duka hithuna hoda amma kenek,Pos
mona aka anneth apata adretada ratata adretada naha thamange parampara diunu karanna mahinda mahaththaya awuth wetharak chande denawa,Neg
supiri manussayek a wagema disnata th godak asayi,Pos
mehem vedios upload krn nisa thmi mewa ekkwth trending enne nththe ,Neg
mata nam me battle eka gena adaalama naha kasunta gdk adarei oya den lassanata innawa,Pos
kollata kata wade kere apoo,Neu
atta ape hamuduruwane oba wahanse kelin kata karanawa ,Pos
dan yavanna bane thambi me ratin,Neu
hengi hora ne kelin katha karana avanka manussayek,Pos
baila tikak kiyawala parshne maga ariyaa koo rocket eka,Neu
ashka nam super mewage ewata awath nawath oya nam maarama dakshai,Pos
mewage detath unlike karana modoyo innawa ne,Neg
kurunaga ganu thamai godak waradi karanne gongama kiyala kiyanne,Neg
mona wunath kasuna thamai athal dial eka,Pos
nodakin sakkile hetththa,Neg
hamuduruwane kathawa hodai awula thama rathran mahinda kiyana eka thama anthawadin liyapadinchi kale eka danne nadda danna a unata eka rathran neh,Neg
katoleka apetat lajjavai ma ranja nisa hamuduruvana okaga oluva edimela katata panuwo gahanava lagadima,Neg
mahinda mathi thumage chande kadanna apu kenek,Neg
adareii akke tnx akka gennuwata bs,Pos
aiyo hoda aya okkoma kasunge ekata giyama okkoma ikmnta kapenavane awl kattiya anthima venakan yanavane aparade,Neg
ane pako uba joker kenekne ubata deshapalanaya galapenne ne pako ou ube ganita leda hadenawa kiyala danne nathi ponna pakaya,Neg
me saban kapu dangaya ne,Pos
bainna newei kathawa mole ethuwa ahapalla hemadetama bainna epa bn kiyanne monawada kiyala mole thiyena manussayek widihata sihiyen ahapalla,Pos
harima lassanaii me song ikata mama hari adareii,Pos
oyata  honda wadagath kellek labevi bro,Pos
ane thopila rata jathiyata adaraya karanna puruduweyaw rata kanna epa yakoo ,Neg
meka balana kota therena de thamai forigner value karana de ape eka value karana deta wada buddhagamata kittui kiyala ai ee parissamen baluwoth therei,Pos
rata barai oba thumata ashirwada wewatheruwan saranai ,Pos
waaw godak adambari oba thumiyage katha vilashya gana ada samajaye waddo kiyagena harak vidihata kata arina eunta oba hoda adarshayak gaurawaniya obata magen suba pathum,Pos
amma ekkan madu palli giya kiwuwama munata enne amuthuma hinawak,Neu
baina un mokatada ahanne,Neg
hoda akalpa thiyana kollek great lt,Pos
coach shashika me dennage amma wage denuna,Pos
harima adharaniya tharuwak dhulaj aiya maru a adharei hamadhama,Pos
methek kalekata dakapu supirima video eka ,Pos
ape hamuduruwane okata mahattaya kiyanna epa,Neg
wow marama voice ekak,Pos
paw gaallen baagayak udalu gaawalu mea wage ahinsaka aya thawa kochchara adda ,Neu
danda terenne rajapaksala sakkili ,Neg
ai ane kasun harennaththe mokak hari aulak yanawa wage teem eka athule,Neg
tawa kochchara wela program thibunath ahagena inna puluwan a tharan aadare karana katahadak godaak wedagath kathaabahak a vinadi keepaya sehenna watinawa thanks also ,Pos
mama mukuth kiynnema nemai,Neu
kalin hithanna thibune rata gena den kal wedi,Neg
pc ekak kara ganna oona,Neu
aththa kiyala katha kathakaranawa,Pos
hina kala mala ,Pos
ambo meka enakam balan hitiye,Pos
aniwa loweth chamall awath gota awath api denawa wen eka wall parayekuta den na dila kelawagaththa api ,Neu
sashika niyathamani singer kenek ape queen sashika,Pos
mea vinaseta thowhith saha unlata udave karana palakayo thamai mevata vaga kiyanda onea,Neg
aththenma kenekta deyak ganna puluvan kenekva genna ada meyava genava vage,Pos
oya wage setup ekak hadanna balaaporuththu wena mama,Pos
sira talk eka,Pos
kiyanna wachana naa hodama kena thoragattu eka gana sathutui ethumiya witharai othanin matanam perfect,Pos
hoda katahadak lassanai ,Pos
hiru ayin wena dawaseth fattama sinduwak kiyala yanne ,Pos
neyamai ape hamuduruwanee budda saasane rakena oba wahanse wage nayakayo thamai one  naayakaye aniwaa okage kata wadee,Pos
mala geval magul geval yanne newei rata diunu karapiyaw boru wada epa minissunta thamange dewal lassanata karanna haiya athikarapiyaw,Neg
mchn ubala ekka api mula idanma hitiya ubala gahapu gema apita therenwa bn apith asai ohoma thanakata enna youtube eka wenas une ubala nisa ikmnta hoda video ekak gahapn jaya,Pos
ekata asa hithuna,Pos
tawa congratulations ayyiea mama ayyia subscribe karea di wagea,Pos
meyawa highlight wenne kasunta giyanm mokada kasun kamaththenma hitapu hinda,Neu
kasun aiya kynne legand knk kynna thwa monda one ,Pos
ape hamuduruwne udeta hawasata pasalwala pirith danna hadala denna pin aithi wei ,Pos
idiripath kireem nam maru priya ayyata ekane api kamathi,Pos
gahaniyak uname financially independent wenne one wageme eye niwarediwe bawitha kerannath dane ganna onee gahaniyekute ganna godak dewal me kathawe thiyenewa,Pos
ranjage pawule watha gotha ahapalla,Neu
wow ekanam mara lassani ,Pos
kasun kiyadi age mail kelin una,Pos
kohoma unath muslim un inna kisima ratak develop wela na okkoma inne uroo,Neg
 supiri kollek superb bro,Pos
eraj oba rata wenuwen kalen katha karanawa obata yoda saktheya kabewa,Pos
dannam minisu hitana wsiya wenas wemin pawatinawa demapiot daruwanta kemati de karana denawa wagee aduma peladuma pawa respect ,Pos
build with baby kiyala channel ekk genna aiya,Pos
aththatama harima agana kathawak oya hoda watina kathawak hada wathin katha karapu suba anagathayak,Pos
kiyl wadk na supiri machan,Pos
 oyage me wadasatahana hodi eth me wage uthum manussayekgen prashna ahana widiha kalin igenagena enna oyata e tharam danumak na e nisa oya loku miniha wage e kenekgen ahana prashna gana tikak hithala ahanna pandithakama nathiwa,Neg
apea hamudruwane mee tika permanent akak inna gahana onei,Neu
mn kamathima niwedakayek super kathawak ,Pos
sundarai oba sthuthi sok aney oya giya athmey baudda wela idala thibenawa,Pos
obathumata jaya deergayu,Pos
ane sihalune kuragalata unavage pansala palliyak veida anagathaya gana hithanna,Neu
aiye mata oyage phone number eka denawada,Neu
ubala mulu paulama eki tambiyanta kade yana eun,Neg
mita vada vedagath prasna tikak ahanna thibba kiyala hithenne mata vitharada,Neu
mun ekekta wath sinhala wachana hariyata kiyanna barida ada ,Neg
hitata wadina katawak full baladdi mara gammak tiyenne,Pos
man asama kena oya kata hadata thamai api godak adare karanne ,Pos
ahema karanna apa aya paw,Neg
bawanawak wage ahagene hytye thnks mr ,Pos
ahana tamath nomakena lassna sinduwak kochchara ahuwth epa wenne ne,Pos
maradane aluth vedio eka ,Neu
another quality content,Pos
ado why ban coachlama uwa halala coachlama uta hondai kiyanawa,Neu
program aeka ewara wenkmma beluwa very excellent,Pos
adarei ban ekata,Pos
apita oya t oder karanna beida,Neu
kadden kunuhrapa kiwma kohmda gmma ,Neg
lahiru moda prashna ahanna epa lankawe minissunta banina prashna ahanawata wada wedagath deyak ahannama barida oyata,Neg
podi dawas wala idanma godak kamathi charithayak th udeta aniwaryenma ahanawa siyatha morning show ekaratama danna supiri radio dabala godak adarei ara aiye me interview eka karata oyata godak sthuthi aiye ,Pos
lassna hadak aparadee gdk duka hthuna ,Pos
oya kiyapu godak dewal mage jeewithe wela thiyanawa samahara dewal oyata wada ,Neu
aththatama wasthila naththan dan inna godak you tube aya na,Pos
rathu nangith kasunge fan kenek kiyana eka penuna eyata inna thana amathaka una mama hithanne,Pos
langa norandi randii kasun kiyaddi godak lassanaii ,Pos
samitha wage genuu inna kalee me wage geniyek wasanawan respect ,Pos
chanaka ayyage katahade amuthuma feeling ekak thiyenawa ,Pos
shashika kiyanne kawda kiyala a danwath therum gaththanam loku deyak,Pos
paule nama set wela,Neu
ho hoo hore allagaththa khmd mechchara news taggval danaganne kiyl adne ahu une podi molakaraya,Pos
unam patta dial eka ,Pos
iraj obata jaya wewa oba weni kala karuwo ratata sampathak ona deyakata api oba samaga,Pos
ape rata unta nathi kakumk eh manusayata tynewa ,Pos
me wage pc ekak hadaganna keeyak wage yanawada,Neu
supiri mindset ekek raniduth awa nam supiri,Pos
ha ha lande delete kale ayi,Neu
wairen waire nosansidhe,Neu
man asama niwedakai depalak aiya godak asa kenek,Pos
patta porakne hoyan thiyenne ,Pos
niyamai yako kethuru muruga yako wete muruga,Pos
thanks aiya ara ekka karanna kiwa ikmanatama kala ,Pos
kauru kohoma kiuwath aiya tama mata nam supiri aiyata adare aya like karagena yanna hodada,Pos
kolla hodai kiyana un me pettata amuda,Pos
good tikak saund eka madi aiye,Neu
ammoo kollek maru dance ekak daanawa paththaka idan,Pos
balannama oona kathawak thanks lahiru ayya ,Pos
ane e podi kella ,Neu
kauda oi dislike karapu parayo ,Neg
ahinsaka akki yek ane hsrima lassani song eka,Pos
aiye hoda games kohenda download karaganne,Neu
mala painwa danm illapan aiye thawa kal gihilla illuwata sinhala okoma chande dunnth dinanna bary wei,Pos
supiri aiyee mama meka build karanawa,Pos
mahinda hodai gota hodai monawada me katha oya dan samuganna dena de kala wena de balan inna ,Neu
ane e yaluwange sathuta,Pos
aiya mer pc eka editing kerane puluvande,Neu
niyamai lahiru meka nam wadagathma program ekak kuwait akka gana waradiyta hithapu hamotama meka hodama ekama program eka ,Pos
yko voice teens wla sing krpu knk qwma baninwa song ekedi witrk epalu meke witrk newei kathawa na habai ,Neu
aiya mata gift akak one,Neu
mu hondai ban ,Pos
mevan pirisidu avanka pudgalayek mee ratee paalanayata ubalata epaada,Neu
ado patta ban pitin pena manussayata wada kochchra wenasda,Pos
couch shashika wenuwen couch oya nm maarama dhakshai,Pos
harima lassanai daruwoo,Pos
oyath akki mama wagema kenek hema deyakma sadharanayi sathyai waradinne nehe mage no actress rangapema wagema oyath saaryhakayi jayama wewa,Pos
man oyata garu karanawa oya aththatama hoda kenek kelin katha karana kenek anagatheta suba pathanawa ,Pos
mewa okkoma marketing kiyala hitenawa,Neg
iraj kiyana widiyata dawasak man amathi kenek ge squad ekak balen overtech karan giya man hithuwe wedi thiyay kiyala,Neg
pissuwak hodee good luck akka,Pos
okkoma meyage dan baila thami ge katahadata meya badath una nee,Neg
yako babekuth innawane mama hithuwe podi kollek kiyala,Neu
gotabayata banala obata dinanna ba,Neg
owa balanna puluwan bn eth anthimata price eka baluwata passe ganna hithenneth naa,Neg
nakiyo mewata gawa ganna epa naki wise getat ihe kynawane,Neg
hoda wadasatahanak akke oya deriya deyaniyak bs ,Pos
oyalata weraduna eka theenduwak meka podi kelle matath kandulu awa a adare dekala aiya dawasaka dinanawa jaya,Neu
niyamai aiye nagitapu gaman beluwa honde dawase mulinma balapu video eka,Pos
yako munta pissu,Neg
giman harina sinduwata haruna wewula wewula kiyalath metaram hodata kiyapu kenata harun na disappointing worst judgement ever,Neg
paypal gana video ekak oni account ekak hadana widiha eken sallihoyana widiha,Neu
kasunwa thoragannane thibune ,Neu
alien kenkut aiyata yata una build ekata ailen power eken pc ekkwat hadagnna bari chanux bro,Neg
pakse wadak na bn ratai bera gannai one dan thiyana thaththe anuwa kondak thiyana nayakeyek enna one pakse malawagena kapiyausinhalayata inna ratak thiyenna one,Neu
kata thalanna nemai ape weradi api hadagamu,Neg
lankawe minisuge hati mehemama thamai kiyala hitha ganna hiruninka ,Pos
ana maya kaiwaru karayak man nam viswasa karanne me hoda kaiwaru pappak ana minisuna ayat rewatanna apa,Neg
ammo eka pattama watinawa,Pos
papuwatama waduna ekanam,Pos
mokakda bn meke theruma,Neg
kasun sir ge sinduwak me wage kiyanna puluwn kiyanne uba waddek bro,Pos
oba deriya kanthawak oba gana satutui madam ,Pos
apoo jarawak meya nam,Neg
sinduwa hodai tikak adumak anda nam,Neu
 thank you aiye gidak dewal igenagatha enakan balan hitapu video ekk mge lap eka hp g gb ram ekk meka hodai da aiye coding walt,Pos
man adareii ayata,Pos
ane shashika oya hindi sinduth kiyannako hareema laasanai,Pos
ftt akki and ayya respect,Pos
sinduwnm tkk hdai mwa bala aparada aio kauda me visual hdws,Neg
eye oyata kiri thibune nedda,Neu
chanux bro onna magenuth subscribe ekak mawath subscribe karanna,Pos
niyama gahaniyak respect,Pos
patta lassanaii suba pathanawa idiriyatama yanna,Pos
api iyata kiyanne deepthi kiyala mathakaitha oyata dudaruwo eke,Neu
oya godak nirbeetha kenek,Pos
kasunge song ekak kiyala kasungen buzzer tika okkoma aragana kasungen hoda comment ekk aran wena ekkenek lagata giya ,Neu
aiyo sri lankan team kiyanna puluwan hodama widihen kiwwa niyamayi machan,Pos
amme budu wewa podi hamuduruwo godakh pin karala tiyanawa,Pos
mama asama sinduwak,Pos
meka ayye graphic desgning walata set wenwd,Neu
thawa tikak digata thibbanam niyamai,Pos
ammo meyage thiyena hadiyawa,Neg
 ayye oyanam maarai kiyala wedak ne,Pos
akki oyage voice aka marama lassanaii aththatama oya song akata oya lassanata kiyanava mata vada ape mama oyage voice aka ta kamathii wow akki oyage voice aka,Pos
time eka niyamai me welawata danna hamadama unlimited intenret gana update danna digatama,Pos
wow oya maray,Pos
mame mata oyata kiyala pc build ekak hada ganna puluwanda,Neu
meya duwa gana kiwa kathawa sampurna aththa e girl puduma ahinsaka nirahankara lamayek,Pos
aney magey sudu rattharang mahindhage sareerey rattharang killo koccharak beluwadha sudu,Neu
ranjan kiyanni miharekik h amuduruwani obawahansrta pin okata kana allenna gahanna,Neg
obatath obage pawulae samatath therunuvan saranaie dewi phitaie ,Pos
sirakaruwoda manussayoya ethakota me ranjan wani aththa katha karana ayawa penne mona wageda dannah ,Neu
muntanam ehema karapu eka hodai jayawewa,Pos
supiri video eka lap ekak ganna onne dana gatta tikama athi niyma video eka,Pos
kamathima nivedakaya pana unath dennam sirawatam aechchara asai,Pos
oya gdk hoda kenek,Pos
mokadda oya music eka,Neu
system eka wenas karamu,Neu
val parayek sajithta dunnoth lakmavata devi pihitai mulu lankavama vikunagena kai nidan hora,Neg
okata million giyada bn lankawe price gananam anemanda,Neu
apitanan meva hina thama,Neg
danwath bauddayo thrum ganiyau,Neu
aiyawa contact kara ganna widihak ndda,Neu
oya beruna welawata,Pos
ugath nam ova karaida,Neg
mama harima aderea chrithyk vadagth gahniyk mavak obta budusarnei ,Pos
akkiyo dahas parak vithra baluwa ane lassni akkiyo ,Pos
ade ai bn voice giye ,Neu
oba wahanseta samma sambudu saranai,Pos
godark watinw aiye digatama karagen ynna,Pos
kolla maru supiri,Pos
oya godak budimth hodatma therum kara,Pos
aiyee adarei patama aluth video eka ft aiyee,Pos
nagananda barak obama vavge,Neu
tron coin eka gana viedo ekk ona,Neu
hamadama youtube awama issallam ahanne mee sinduwaa arhthama hrim lassanii,Pos
hoda pora katha karanawa ,Pos
 ayyata pana wage adare kattiya me paththen enno ,Pos
me video eka dha dahaparakata wada balapu aya innawada ,Pos
awanka katha karana honda manussiyek ,Pos
obata isthuthiwatinawa obage kathawa adarshamath ta ma tu athi charithayak ,Pos
mewa gon athalne aiyoo ,Neg
hodata mathaka thiya ganna meyawa api danne ne meyatath british wala pura wasi bawaya thiyena kenek,Neu
oya kiyapu de hariyatema hari nagi oya aditara we kata karanawa,Pos
ado mamai  likes kale ,Pos
radio eke porak,Pos
obavahanseage kathava sampurna aththa ratea nayakayata kondak na aakamai mehema ratata hena gahunea,Neg
me kiyana hama dema karanava kiyala dena sahathikaya mokadda,Neu
mn dekka fun ma coach la set eka ,Pos
wachanaye parisamartha arthayenma aya niyama amma kenek ,Pos
umba ayye international level eke dial ekak umbe talent eka maarama patta umla dennama supirima waddo dennek aadarei,Pos
me sashikagema duwa kiyala danagannakota oyata wayasa keeyada,Neu
antima tika hithata waduna ,Pos
oba vahanseta deerghayu weva oba vahanselavatn me ape moda minisunge hadavath valata danenna kiyana eka vatinava,Pos
ranja nisa subscribed kara a,Pos
oba wahanse kiyana kathawa sampurna hettha ratay nithiya katath podui hekata jathiyak agamak awassha netha,Neu
yakoo hahahaha maara deyak une ,Neu
suwamin wahanse anith agam walata gary kerala katha karanna budu dahama owa kiyala na,Neu
me taran lassanata kiyala ai mun parakku wenne harenna,Neg
hadawathe sinduwak aasai ahenkotath ,Pos
me hirustar ekata apu kenek,Neu
ane ayyat good luk mama ddr pc ram ekak gatha eka mage anith ramuth e wagema thama habai ewa ekk thama thiyenne eka saport nahane ,Pos
mtath petluna athathtam deesapaluwoo passe yanne nee nee,Neu
niyama lamayek oyata loku gamanak yanna puluwan,Pos
samahara pirimi awasthawadi kohomath thamange geni gedara tiyagena anith genu ekka nidagannawa eka athi unama e gani jara geniyek e pirimiyata,Neg
attamai hamduruwane mun bomba ghla jiwita nati una eka gana dukai et e nisa jiwat kiyak ada berenawada ghpu nisa tamai ada baya natiwa ape wira seballu mussllim gewal hadema sodisi karanne atta ape hamduruwanta teruwan saranai,Neu
ane shoii amma hinawa siriyawai budusaranai ammata,Pos
eyata udaw karanna lahiru puthe niwedaka hakiyawak thiyenawa  channel ekak wage handai,Pos
lassnai digu gamanak yanna suba pathanawa ,Pos
wedapiliwelak ne baila vitharai anunta madagahanawa,Neg
sweet ane patta ahinsaka charithayak best of luck,Pos
aiya sinduwa lassanai,Pos
ahapu waragana wathawakata wadi ,Pos
 samarasinhata dan hoda kiuwata kattiya palu yanna banala thibba neda chandeta katha karaddi man nam asama charithayak,Pos
madhu kari ponna wesige putha lokey hadanna yanawa thamange lamayata wandi rs deegan beri pakenthuwa,Neg
ai   oya anne neththe mata sure oya awoth aniwa chanda okkoma oyata sure   anawata kauda kemathi,Pos
kiyanna thiyana de kelin kiyana polawe paya gahala inna superi charithayakanishka,Pos
lassani hinawa oyage adarei godak ,Pos
chetha akka lassanata song eka kiyanawa ,Pos
me para coaches la maru giya para nm mn beluwe ne wikarayak nisame para supirima set ekak inne ,Pos
aththama kiyanawa kiyala penawa ohoma yamu,Pos
niyami attatama hari asawan mama ahan hitiya mama godk estuti ,Pos
ammoo ekanam kiyala wadak na aiyeme kalata thanks godaak pin e taramma kamatii,Pos
wow hithagnnwath bha marama lassanai ,Pos
edaa wagema adarei akke thani una kiyala boru adare hoyan giye ne katha hedune ne wedagath widihata jiwath wenawa niyama genukama saha buddimath kama den inna niliyo kiya gaththa wal genunta mewa adarsha ,Pos
ps mawath subcribed karanna mama oyage video balanawa hemadamat good jaya wewa ,Pos
kohomat kata karanne tamunge vasiyata paw ane allosiyasva dakke nahalu okkoma attha kivve,Neg
mechchara knowledge ekak thiyena kenek me program ekata genapu eka nam godak honda deyak samaja gatalu diha amuthu konayakin balala katha karana kenek mahatha,Pos
oyage aiye wedasatan nm hondaii meewagee ekekta inna beruwa indapu anith kattiya oya ada balaagaththe inna thena hondaii aiyath oyita wadaa wedak karanna karana gaman nam eeketh videok ewanna,Pos
 mama sudanam ekathuwenna apiwage thawa dahasganak hari nayakathwayak enakam balan innawa,Pos
meka dapu eka nm hodai ,Pos
web site eka link eka danako aiya,Neu
ape hamuduruwnta katha karena dan ne wesa ballo,Neg
jathi namin pakksha thiiyna eka nethi karanna kiuwata nethi weida,Neu
umariya oya supar ane oyata me cammet eka ,Pos
 parakata wediya ahuwa hirigadu pipuna ahanakota mulu sinduwama ahanna asai sis,Pos
hiru star final ta wadiya hodata sing karanna aya innawa me program eke,Pos
mata ada wage mathakai doodaruwo eke deepthiwa kalaye oba ape paulwala kenek adath obata budu saranai sister,Pos
film akath aniwa balanwa apii,Pos
mokakhari podi awulak giya wagee needa they could have turned,Neg
ane huke hubatath thiyenne bala thanhawa thama gnana sara hamuruwanta gurawayen katha karanna danne nathi nathi sinhalayanta nawatha idak na meya janadipathita hariyanne na,Neg
oya itn eke vadasatahanak innava neda reply please,Neu
supiri iraj aiya apith ekenma oyata ekangai,Pos
akka oyanam super kelin uttara denava oya kiyana kathava etta oyanam marai ,Pos
tharage therum aragena shashikwa select karapu ek hodai,Neu
umaria dena athal,Neg
dhanu boru kiyanna eppa tho kanja gahanawa,Neg
onna ban sindu,Pos
dialog signalnm maru sinduwa kalla kalla ahanna puluwan,Neg
wow oya kelin katha karana kenek ,Pos
umariya oyage cmnt eka patta,Pos
record karapu eaka nemea prasnaya eaka pracharaya karapu gu hiru thamae warada karea,Neg
madu madawa wage gonek bande aparade,Neg
anaa para balli kiyapu kunuharapa para balli pala gadar radi galawala,Neg
wadagath katha karapu serama respected boomi ,Pos
sinduwa nam lassanai vishuwel eka aull,Neu
senkadagala sudu banda obata suba pathum oya bawana karala hada gatthu sisilwu hitha muslim kella bandata passe monawa gen monawa weida egana dukai,Neu
admin nidi oii meka ahala ,Neu
mage amma mata rajeenak ani warenma ape hamuduruwange kathawa aththai koti warayak ada dawase lassana loketa adarswath wada sathanam ,Pos
ponyo inna parliament aka inna mun okkoma alawnna,Neg
uba me gena mokakvath kivvea nea keriya uba kiuwea lamai hadana eka genai palli kadana eka genai nikan palayang hutho yanta ,Neg
 akke oyage kathawa ada aheuwe mata oyaa gana loku gaurawayak awa budu saranai akke math thani unu kenek mata inney mage amma witharai jivithata muna denna oyaa sakthiyak,Pos
apitath thibba nam,Neg
api inva marena unat satthai,Pos
song akath lassanai akka oath lssanaii,Pos
minussanwa rawatala jiwath wenna balana kisima ugathkamak nathi gona thamai wimal gongwansa oya ayaka kisima rassawak karranna baha bori kiyana eka arrena ,Neg
epa wenawa me stepsils ad eka nam maha karadarayak,Neg
ane ubalatath siwurak kasippu gahana me wage hamudurunwa thiyagena thama jaathivadin natanne,Neg
 veni comment eke mgen mula idla agatama bluva akki oya eda vgema adath hrima lassnai e vgema katahadath hrima lassnai gdk adarei api oyage nihatamanikamata hamadaamath adarei ,Pos
adeh sirawatama garfield wagene ,Neu
meyata nam hoda panismant ekak dennama ona amu pissek ,Neg
bumi mata katha karanna onepls phone number mea video krana oba unath kamak na mata aeyage number denna,Neu
eka thapparayak wath skip kale na gehan deno kiyanne patta kollo dennek,Pos
kasunge thamai hodama team eka balanna eyaa thamai voice eka denne eka sure mage kasun wiswasai ,Pos
a charithaya genavata thanxx ,Pos
 haduna lassana lamayek kiyala penawa,Pos
oba wahansela rata jathiya agama wenuwen karana meheya agaya karannemi,Pos
harima shok charithayak,Pos
video eka gela pen ne,Neg
adaraneeya amma kenek godak dewal egana ganna thiyena wedagath katha bahak budu saranai oyalata,Pos
lankaawe gobbonge me gobbonta meyath viirayek,Neg
balu wada ban mewa kochchara lassanada ban song eaka ,Neg
ayiya pavichchi karanneth xiaomi phone ekak neda ane ayiyage experience eken kiyanna plz oya hamoma kiyana xiaomi signal case eka aththakda,Neu
happoohh aiyya oya enna ennama tharuna wana rahasa mokakda api godak adarei oyata,Pos
menna voice hiru star monada,Pos
eye balan hitiya ra wenakandala thibbe nane,Neg
amma pin karala thiyanawa godak,Pos
chamila liyathabara song eke full song eka oni,Pos
fill t obe awadanya pinisai dn ethakota dennama gahala guti kawe man wenna athi,Neg
ada idan kiyapan mama sri lankan,Neu
liyathabara kiwwanam kenm goda meka buru wadak kala nulen beruna,Neg
theruwan saranin obata subha anagathayak ,Pos
samaharu adithyata irisiyada kohedo mathak karanawatath kamathi na me minissunta hena gahanna one,Neg
deheta penna beri ponnayek oka,Neg
aniwa voice yanwa e wagema trending anawa kiyanwa aya ko ,Pos
man ekak kiyanawa me comment eka mathaka thiyaganna mu thami mele star wenne nathi unoth mn wedit thiyagannawa,Pos
oba thumita man godak asi wage ma garu karanawa oba thumita ghanu apita oba guruthumi kenek adarei hamadama,Pos
voice eka nan weak wagema Posh widiyta wachana pronunce kranna giya wedi parties walata sing kranna wage nan hodai,Neg
man nam kisima dawasaka me ammata kisima deyak kiyala na mokada pau api thawa kenekta deyak kiyanna kalin ape waradi hadagena inna ona ,Neu
graphic design gaming kiyna dektma aulk ndd me build ek,Neu
wow konde thikaa lassani gdk,Pos
plz me song eka dannako instagram harima lassana kata hadak,Pos
ounta wenne ethin hemadama badu wela redda ussan enna thamai edama oka una eka hodai nethnam passe unana thamai eka duka good luck aiye,Neu
okkma lassanai ath me wage jiwitha tynwadaa ,Neu
oyage intaviws wala thibab superb ma eka ,Pos
kawru giraw kiwwath radio kalawa wenas kala supiri minihek respect,Pos
oyage gaming rgb keyboard mouse eka saha head set wala price danna,Neu
kiyanna wachana ne ape hamuduru wane siyalu dewathawan ape hamuduruwanwa raka dewa api pin kada,Pos
ada nam parakkui priya,Neg
uba goda yannama one ekek bn ,Pos
mona magulakda bn me ,Neg
suba pathum hamuduruwane,Pos
badar nubata niduk nirogi dirgausa,Pos
umariyage hinawa maru,Pos
ammoo niyamaii feeling eka ,Pos
ooka engineers lata plans wage ewa adinna use karanna puluwanda ayye,Neu
pattama kathawa attatama adambarai una gana moken gahuwath ubta janathawa innawa una akka viraj,Pos
ranja belle wala daaganinko dan wath ,Neg
mokada halo lajawak nathuwa anithi agama gana boru prachara karenna thamunga wada kara jiwathi una marala giya kiyalla inna thuwa ,Neg
eya hodat kiuwa munt pissu,Neg
api kemathi ellanna chande,Pos
waddek thama ithn ,Pos
me ayath anith aya wagema thanadiya yuthui iganaganna hoda rakiyawal kirimata idadeya yuthui obahari,Pos
muta pissu amarikawa daala me pissan kotuwata awe,Neg
oya mona de unath aththa katha karanwa,Pos
shashika mis wa thoragatta kiyaddi godakma sathutu wenna aththe mekedi good job bro ,Pos
voice yanawa kiyan aya koo ,Neu
mama use karana phone redmi eka superb phone ,Pos
maath rediyo eke minissu innawada kiyala balala thiyenawa,Pos
apiwath subscribe karanna oyawaa kalaa,Neu
ayye low budjet vga tikak gennako,Neu
ape school eke akki kenek all the best akki ,Pos
godaak welawata nangige target ek tiyenna atte coach kasunge team kt yanna eth kasun kiuwa hari mn paused una,Neu
sinduwa godak lassaniath vidiyo aka galapenne na me song akta,Neu
supiri gaming pc akak,Pos
watina adahas tikak anith ayata ganna deyak thiyana kathawak gehaniyak inna ona me wage edithara charithayak mama harima kemathi adamai mama dekke suba anagathyak,Pos
kawada bn lankawe deep learning karana customer ahannath asai,Neu
poddak inna langatheema thannam oyaga vedio eaka,Neg
apita heena thama mn laga thiyennet core duo ekk ,Neg
sirisena meya gana api kisima deyak dan na ratak kohoma karaida aru hawata wada hodata haai mun okkoma ekai,Neg
niyami machoo blok,Pos
adithya mathak une nadda,Pos
iraj ela aiyee ohm kelin kth krpan,Pos
chuti build aka aiiya supiri video aka,Pos
malli uba niyama kenawa thoragaththa ban,Pos
waws super talent hoda anagathayk bs,Pos
arawinda aiya supiri,Pos
chamarage voice eka patteta kiyanawa,Pos
mekami baln hitiye thanks ,Pos
 malli oya honda weda satahan karanawaa ath me wage belliyek genalla oya monawada bala poroththu wenne ,Neu
waradinna petiyo oya mare maru vetenna epa oyya puluvan,Pos
aiyye mn hikvision pen ekk gatta dawas dekai wda kale pen ma iwarai mokdda ekata krnne,Neu
kusal mendis mahath karala wage mu,Neu
anna welgama mahattayo katawathe namae oyata para waradunna janapathie kamma ganda oba sudusuda kaeyala apasu harela ballanda karuna karala ,Neg
harema vadagath charetayak,Pos
aththatam harima lassani hithata godak denenawa,Pos
kiyanna wachana nee best of luck sister ,Pos
godak pin oyata me manussya athtmma pauu,Pos
umariya supiriyatama sinduwa winda neda,Pos
sirasa meyawa dala sirasa movie ho drama ekk hadanna ,Neu
apith aiyata vote kale oyage thiyena nihathamani kama saha niwaradi weemai,Pos
katahdak karapu hariyk oya katahada aheddi velvakta adenwa hetuk danne sahodarya,Pos
katada wedima network speed enne mage mbps,Neu
 oba lassanata wedasatahana karanawaman godakma kematten balana wedasatahanak digatama ape jivitayata wedagat yamak ganna puluwan aya gennannaa wedasatahanat godak wedagat suba petum obata obatat suba petum,Pos
meka enakan balan hitiye man,Pos
molen gahapnlla gema kawadawath muslim kada walata yn na epa rupiyalakwath den na epaa,Neu
a kuda e unlike dana un mechara hoda deyakatath hullana kauru hari innawa,Neg
aththa godak sathuthuyi akki oya gena,Pos
oyata rate janadipati wenna barida oyawege kenek thamai one dan,Pos
hamuduruwanta garu kirimak na meyage kathawanam dolawen gamana kohoma weida agama jathiyata hodak wena patak na,Neu
obe gamana hodai kiyala apata pehedili unoth api obata chanda gdk hadala denawa,Neu
eathin oyath mantalayyakk nee nakee mala honthuwa,Neg
patta weddek thama ithin,Pos
aiyoo meya hare tarunai neda meyata balaya ate eth meyath wayasai ne,Neu
sinhala wachana hariyata kiyanna,Neu
yako paul prashna apita wadak na oita wada prashna tiyana minissu lankawe innawa nikan eka geniyekwa allagena dagalanna epa,Neg
aiye mata you tube chanal ekak hadaganna udaw karanna puluwanda,Pos
ranjan kiyanne gon badina kanuwak amu modayek,Neg
bathiyalata waha kanna wenwa,Neg
music niyamai neh patta,Pos
sinduth ekka maara lassanai,Pos
ahettha katha karana akatha man khemati,Pos
eka ptta watinwa,Pos
sinhala sinhala widiyata kiyapan nage mona lejjawakda me ,Neg
ane hamuduruwane kath karanna igena gaththoth hondayi mekage kathawa anthima apprasannayi pansalwala karana baluweda nathara karanna ona eka eththa oya cheeware dagena inna thakkadi elawala dannaona,Neg
hoyana comment eka tama na saman lenin sirge comment eka ko,Neu
kauda bn mee kingslii gtta ekaa,Neg
ei ane bathiya kiwwe apu gamamam yanawa kiyala,Neu
 ki paraka baluwath epa wenna nane,Pos
meken lumian wage weda karanna puluwanda,Neu
ranjan bauddhayek newei hamuduruwane srilankawa sinhala bauddha rata eka kisima anit aagamak piliganna kamati ne eka tamai atta ,Neu
harima sarala manussayek hodak dewal igena ganna puluwan me wage ayagen,Pos
oyalata lassana anagathayak labenna kila prarthana karanawa harima hangimbarai kathawa,Pos
mekath ahanna sukshamawa methuma karana bauddha minisunge manasa wenas karana hati,Neg
ai sirasa markatin ban,Neu
lankawe inne tik tok manasika pissone mewage sangite hakiyawe ati ganu lamai na,Neg
oyta ape gadak adare,Pos
umariyaa ane manda pissu wagee,Neu
lahiru bhomatama tanxx supirii sinhala kata karanawa,Pos
puken hina yanawa ban ,Neg
iraj uba mahindawa dala video ekak krapan anna edaata uba porak wei,Neu
uba patta porak bn best of luck,Pos
patta voice ekak machan atharinnepa uba gemak gahapan ,Pos
 thennakon mahathmiyata hariyannama oni kellekge niyama watinakama loketama adarshamath kathawak teruwan saranai,Pos
skip kr oka kalin beluwane,Neu
gonja ratata jathiyata garahana minihek,Neg
mm godak sathutu wenawa ape lankawe siyalu dakshawayak thiyana aya inna eka genadawsaka ape me punchi lakawa kaurun ho wenas karala jantharaya gihin mul thena ganna eka suwar,Pos
hamduruwane thawamath ei oya  ballo viwurthawa ellum gass yawanne netthe mung ape jathiyatath ape prajawatath sapayak,Neu
hangila inma supiri weddo eliyata ena supiri wedak sirasa voice,Pos
maa belli allala gahanna ona polawe ,Neg
sinduwa niyamai eth video ekata galapenne na,Neu
oya mara minihekne aiye,Pos
lahiru ayyage hinawa harima wagema hageem walata react karana widiha harima,Pos
rata viruwo wenuwen den kata karanna kawruth ne ape ammala corona nisa duk vedenawa paw ,Neg
podi eka pc guide ayya wagema wei wage kolla hondata ict gana dannawa,Pos
salli teyana ayawa tamay godak ten denne un,Neu
oya buddhimath gehaniyak mage jeewithe semiyagen mn wind wedana guti kapu ewa kuda kalaye dekapu duwa wiwahaya prathiksepa kala thawamath duwai mamai inne ,Pos
ane pala ponneya api mokadda then ganna iidias,Neg
ane balanna meyage hediyawa mn ehuwa okita yatin geniyekta benna widiya deiyo sakkii,Neg
okata ryzen ekak dammoth gana kiyak weida,Neu
godaak adreii akke ,Pos
e song eka ahaddi aga hiriwatila giye kageda ,Pos
palamu prashnaya malli wachanaya kee parak kiuwada hikizz,Neu
ane hackin valata pc ekak hadhanna one mona dha,Neu
koitaram daksha daruwo ape rare ennawada,Pos
oyata hodama anagathayak thiyenawa malli,Pos
oya uthum mawaki oyata api garu krnwa,Pos
mata payna baha muwa,Neg
ane methana inna visharadayo tika coaches la wela kasun gedarata wela hitiyanan ,Neg
pattata wade kala kella oyata kisima practice ekak nathuwa music gana kisima danumak na,Neg
mechara ugat kenk ai atanata wetune,Neu
patta atal porak hinawa patta,Pos
me mona ahawal sinduwakda buwaakks,Neg
voice ekt match wena niyma song akk godak lassanai,Pos
raddak adan avana meki lajja natuva munta lajjava kiyana eka ndda kohhda,Neg
kasunge muna dakkama matat adenawa ,Neu
niyamay hamuduruwanta athaharinna epa deerga ayusha labewa,Pos
shashika akkige kata hadanan hadawathata thadinma danenava kochchara ahuvath athi vennenam naha a kata hadin sinduwaknam ,Pos
kasun athal denwane affa ,Neg
piyathumani api godak adarai widawaphu jeewitha kothiyak witha jeewitha walata jeewitha widina hati kiyala dunna piyanani deergauhusha parthana karanawa thunuruwan saranai,Pos
lamaya lokuwenakota mota jathiye tech porak weid danna,Neu
oya build eka hadanna kiyak giyada aiye,Neu
me kalakanni aweechi maha narakaye kalpa ganan duk vindinawa me ranjanta karana kalakanni weda walata,Neg
kari rajapaksha athulu pohottuwe sahana rajapaksha horu saha unta wasiya puka dena ballonta hena hatha wadiyan,Neg
siini sindu kiyanna epa yakoo sir ta tharaha yai ,Neg
kate daruwoda mun ponna huththo,Neg
mata nam hiten na methuma sudusui kiyla,Neg
wish y aiya oyage hama vidiyo akkma mn balanawa,Pos
me rajapakshawarun deshapalenen samugatha yuthui ,Neu
mamanam mokuth keyannema nemai ammboo aka,Neu
udata api hamadamath adarei iraj oya deshapalana ballo kyana dewal walata salenna epa bro ubath ekka api hamadamath inno good luke,Neu
me pissu ballawa nathi karala danna ,Neg
original singer wagemaiee kiyanne rodni warnakula mahathmage woice ekamai pattaela ,Pos
ammage age danne neti aya thamaei unlike karala tiyenne,Neg
minig garanna yana ganata bitcoin miladi gatta nam loku labayak labanna puluwan,Pos
mama harima asa wadasatahanak lahiru supiriyata mhyawanawa wadasatahana supirii taruwak tanx godak,Pos
ogollanage boruwa witarai,Neg
niyamai dulaj aiyee adahas tika fatta jaya vevaa ,Pos
kochchara beluwath apa wenne na saththakinma me wedasatahanata ,Pos
ane akki bolee mn oyt aththtama adarei godak oya hrima nihathmani kenek hrima cham menaka aiya godak wasanawanthai oya wage kenek lbnna thrm,Pos
nangila gana hoyanne ita issalla uba amma vada karanne katada,Neu
anik janathawa karanna ooni,Neu
dittadamma karmea thaman wapurana deawal kapagannea mona kiuwath thaman dan paththini amma wenna dagalanawa,Neg
btc valin treding karan hatith video ekak danna aiya godak aya eka ganath danne na vadiya,Pos
deweni sinduwa adee ekaa best of luck bro ,Pos
kelin kta wa niyamaaii budu ammoo mehemath prekshaka prathichaara suba anagathayk god bless you,Pos
moka kiynne mokada kinne haa ,Neu
maaraii ane oyah ,Pos
ammo nangige kata,Neu
oba wani hamduruwo lankawata thwa thawa pahalawewa sadu sadu,Pos
hama ekama balen western wenna gihin sindu kanawa,Neg
video ekak ivara venakan baluva gedarin eleuve nathi eka vitharai ,Pos
voice teen ayeshma kiwwa oyita wadiya hodhata kohomatath ayeshma hodhata sing karaa,Pos
sinduwa lassanaine deiyanee,Pos
ane oy oya duwa natikaranna matakada kuwa annasi kalath harigiye naha ane kuwa,Neg
kauda mewata unlike karana para ballo thopi thambida sinhala thambith innawa me gode ballonta dawa upan ballo kiyanawatath lajjai ,Neg
api me sakkili rata kudukarala danva uba anna eka oluve tiyaganin,Neg
 kiyanne supiri manussayek ,Pos
bonne nathi minihek labenna pera pinak tiyenna ona,Neu
onna math ekathu una suba pathum,Pos
harima lassany akki oyage voice eka,Pos
vahallu vahi vahala mungen me ratata ganna puluvan labbak naha thopi vage harak dakkana hodai,Neg
oba wahanse kiyana de sampurana aeththa,Pos
ayye mekata giya total price kohomada,Neu
ammata hkn pakaya tho cocaine gahanawada meka mathaka thiaganin gota kiyana amerikan karaya kawadawath me rate janadipathi venne nae,Neg
porage rupeta voice eka galapenne na mta e kale idlma hituna deyak ,Neg
ubala wage minissu tamayi inna ona lanakawe,Pos
apage balaporothtuwa obatumawa,Pos
waradda waradii thama,Neg
munda bang dan lankawe inna gaayakayoo nodakin,Neg
video eka supiri eunata software ekanam wada na ,Pos
niyamai ape rate janathawage hadawathe janadipathige puthunuwan theruwan saranai,Pos
meweni cheewara dariyo nisa ratata hena gahanawa,Neg
superb adi issrhatma ynna suba pthnwa ,Pos
kalakanni ranjan balla ratinma panna demiya yuthui,Neg
wot nokarapu kattiyage awasanaawa marama lassanai patta,Pos
aparade mudukkuwa gu kakama inna thibbe mudukkuwata wela,Neg
asawen baluwa ada program eka man asama guwan viduli niwedakaya ,Pos
aiya itn eke show ekak karanna yanawada,Neu
sundara minisak harima satutuibudusaranai,Pos
yohanii da nattham cpy ekakada ,Neu
gennanna wena aya hitiyema nedda lankawe,Neg
obata thriwedarthnayae pihita siyalu deweyangae pihita arkshawai allaha daewiyangae pihitai mama innae saudi wala,Pos
api marenda unath enwa hamuduruwane me sakkiliyo elawamu th ekkama,Neg
ahinsaka kollak ammamalli kochara sathutu wenna athda idiriyata yanna shakthiya lebewa ,Pos
kasun malli mage adaraneeyama gaikawa thamai malani aunty mata oya meka gana kiyddi mata anduna eya honda lokeka athi mage malli,Pos
aththatama harima lassanai ,Pos
aasawe baa adarei ,Pos
oya nam marai akki aththatama oya kiuwa de aththa thamai,Pos
cinnu gahanna gatta data katakaranna hamba wenne naha,Neg
nangi patta magen unusum suba pathuma e wagema apage shashika mista hadawthinma suba pathanawa,Pos
lahiruth respect karala katha kara nan lassani,Neu
kochchara apahasa karath gotabaya janapathi wena eka nawathwanna be,Neu
etakota gnanasara swameenwahansewa hira karapu eka hari kiyalada kiyanne,Neu
radio ekema inna wathina kama wadi ethkt,Neu
mamath asama kenek adarei ara ,Pos
sinduwanam maru eth visual eka thama,Neu
ammo meyata au the deken wadikarlada boru epa appa meka adikale karapu video ekak nisa oyagana tiyana viswasaya adare tawama tiyanawa,Pos
nice video ayiye ayiye watercool build ekak krndko lankawe krnw deklm na,Pos
eka supiri gayanayak jayawewa,Pos
maru nangi oya hodata sing kra,Pos
mm dekapu patta weddiyak,Pos
punchi kelle oyge voice eka mara lassanay,Pos
hrima lassani hada mamanam hari kamati a hadata ,Pos
kasunnanam mara pora appa wachanen deken goda da gannawanea,Pos
anee aduna ape himiyane siyaluma ammawaru budun deka niwan dakithwa mage ammata wayasai den thamath api nisa weda karanawa,Pos
podi hamuduruwo den naluwec wela raga panawa utube eka charithayac wenna hadanawa den cam eka una hadila,Neg
adee rocket engineer awillaa,Neu
adithya m gahuwata mekata gahanna ba loweth boruna balanna ,Neu
 akke oya gena kiyanna wachana na oyata subha heta dawasak,Pos
meyawa genawa nam hodai kiyala hithaddi meyawa genalla thannx ,Pos
ada sinhala maha jathiya godak asarana wela api wenuwen kataha karanna kauruth na ape rate api anathayo wela,Neg
mokekda mu mun charethada,Neg
malli shirt eka diga wedii oyage see you next year ,Neg
patta aiyaa good luck oya million gahanawa langadima,Pos
idiriytma ynna coach shashikwa thoragnnekth athi hodatm,Pos
kumari akke catholica baibble eke thiyenawa kenek apasayata lak unoth e kena usas wanneyea oya hari nihathamani dupath kama kiyanawa oyata jayen jaya,Pos
pirimi lamaya lassanata kiuwa,Pos
moda wo hora deshapalakayanta kade yanne nathiwa tho thoge paduwe hitapan,Neg
eelega ekata chanux bro wa million ekka gennanna,Neu
oba katha karana wita mata sirisenaya janadipathi wenna dagalapu kale kiyapu katha tikama mathak una,Neg
ane manda hodai kianawa lassanai kianawa eth therune naha good luck brother,Neu
me balu channel eken ahanne koheda yako kakul kadenakan ghala thiyenne views ganda boru noda ghin higa kapan paraya,Neg
issara hitapu hamuduru hondai deng inna hamuduru ehema nehe,Neg
ohuge thoraganeme hariyete hari yande oni thanete aye ohuwe geniyai,Pos
gdk lssnai aiye oya apita abibanayak siwketha api,Pos
madhumadawa manasika ledek ,Neg
mama hethanne hodama coach kasun ohu wenasma charithayak wenasak kala haki kenek,Pos
umariya kamati na ewata sahika kamati umariyatai batiya santhushtai one batahira system ekata kasunta one eta wada ekak,Neu
woow mara lassnai lankawa gena adambara hithenwa meyalage talent eka dekkama,Pos
sinduwata adenawa vidio eka hari na,Neu
voice ake wadiyenma ahapu song eka lassanai nanga all the best,Pos
jaya wewa oba thumawath ape rata goda naganna,Pos
dananjayage aiya newei madumadawa jaana wenas apatayek madumadawaya,Neg
meh wage ponna wesige puthala gennanna pissuda oi ,Neg
mokakda bn e une,Neu
ane hamuduruwane tv chanel wala satiyakata wathawak hari darma deshanayak krnna,Pos
aney kollage hinawa paw ane ,Neu
meyaatath facebook eke inna un banala Post share krnawa dan,Neu
pal horu mun okkomamulu paulama ekai horu hena gahanna oni hora yakkunta,Neg
kiyanna wachanawa naa,Pos
mama kamathima puthgalayek sathutui obata jayaweva subapathanawa ,Pos
jatiya mokadda danna,Neu
 aken ahapu kemathima ara aiya weda karana gamn oya kiyana dewalin api mona tharam hinawnawada ,Pos
dream star hitiya kyla mataka katada,Neu
kasun obata dukai nada dukwanna apa jeveta api nosetana dawal kotarm nam wanawada attatam mata aduna mama har adara karpu gaikawak ana ada hetiyanm kotaram satutu waida ,Pos
api hemoma eka wage lassana sundara minissu proud of you bro ,Pos
kohe yana pissekda me,Neg
n eke kisima awulak na miui update eken passe battry bahinawa wadi tikak,Neu
man fattama asa sinduwak elataamaa kala kolla congratulations,Pos
ane godaak lassanai akkiyo good luck bs,Pos
lot of thanks hemotama hemadama sirasa tv ekath ekka inna ,Pos
great bro go ahead sundara dahamak awabodayen athwidinna,Pos
gampola kollek ne ela ela bro,Pos
mu hithuwata wada gathayuthhak athi minihek all the best,Pos
kolla upset ekenda manda select kale,Neu
patta math hadanna inne pc ekk ayiyata kiyala ryzen build ekak,Pos
kawadda ooka release wenne,Neu
wayasa kiyanna bari pissa koheda yanne malle pol wage kathawa pissu magulak,Neg
me doblea badapu alutha soyza pura hitiye polowata uding giye puw duwa,Neg
oyage deepthi charithe harima lassanai oyawa imitate karanna puluvani onama kenekuta ganna deyak thiyena wa,Pos
 phottuwe inna pradesiya mantry la okkoma inne kasippu karayo,Neg
mei kariya deshapalanaya karala pacha wenawa muu salli walata onama hutthak karai yako paw nodi haiyata wada karapan deshapalanana gathoo wenna epa,Neg
umariya pana pana yannaa,Neu
kan ahena guwan viduliya ahana hemoma adaraya karana waesa dekenuth kathakaranawa kathawa ahanna welawa thawath thibunanam theruwan sarana ijaya wewa prarthanawan sapalawewa malliye budu saranai nirogi wewa,Pos
radio ekn katahada gana kiwwa de aththama aththa,Pos
umariya poddak raganawa wedie,Neg
mkda moda gaaniye kasunge button eka press kle,Neg
shashika akkage team eken the voice winner unoth anith ayata godaak ridei ,Pos
patta broo,Pos
kauda puthe unlike kale balannako e msnussaya loke muranduma balagathuma rate manussayek welath e niwichcha kama anika sinhala katha karana hati maarai ,Pos
anivaren eka hari theruvan saranai oyata siyalu deviyange pihita arashshava lebeva,Pos
patta thawa chuttak pana dunna nam song ekata pattama pattama ,Pos
polise ponnaya ubalata wedi tiyanna ona,Neg
mechara lassana voice ekak labenna oya kochchara pin karalada ,Pos
oba apema kenek budusaranai,Pos
enawada yali maa soyaa,Neu
 ada kunu harpayak unath kiyannee ape siyala kalee apu ewa neewa mathaka thiyan hari kunu harpayak kiyana ekataapi pin karanna one ne ,Neu
 aiye oya niyamata percent karanawa ,Pos
me kathawa eka parakata wadaa balapu aya ko,Pos
tho kiyane dewalwelin kisime wedegath kamak nehe oya wage mande buddikeyo kunu katawal arinne epa kisime kenek abahi wenne epa modeyo katha kerene kota,Neg
ane pako umba kiyane dhe eththanam waranko apith ekka munata muna prasidhdha sanwadhayata sajeewi lesa ethakota balaganta puluwan kawdha jaathiwadhi thrasthawadhi kiyala ,Neg
system ekata vitharak neda me lakshayak yanne,Neu
patta vidio eka,Pos
oyage wadeta mamath aniwaryayen enawa,Pos
ane me sinduwa thawa diga una nam,Pos
mekata views tawa wadi wei coach kasun sing karana handa e voice eka nam bawanawak,Pos
pala pala lajjawak nathi hata,Neg
kollath lassanai voice ekath lassanai ,Pos
ape siyaluma amma waruta meya upaharayakma wewa ape amma warunta theruwan saranai,Pos
iraj uba oya unp para ballonwa ganan ganna epa mona ponna relak da mun para heththa,Neg
ape daruwo gana godak adambarai,Pos
aiya mata matakai oya,Neu
umba pakaya playan keri vesikaputha   pakaya,Neg
kumari akkata kawuri hari sindu uganna kenek ediripat unot hodai ,Neu
mokada me santhush bhathiya denna english walin kathawa danne yako meka sinhala ratak ,Neu
oba thumata pin me wage dewal eliyata dila minissu danuwath karanawata nidaha se katha karanna ida dena ekata thank s,Pos
mekanam super pissuwak,Pos
aiye oya hadana ewaya ganan ehema dammoth narakada,Neu
shashikage voice aka thani pissuwak,Pos
mahinda gota rajapaksala meva balanna,Neu
adarshamat kathawak eka winadiyakwat frwd nokara baluwa as walata kadulu awa oba thumiyata dirgayusha pathanawa,Pos
obata hamadamath adarei aththtama oba hondama honda amma kenek kawadawath kawruwath obata angilak dik karana ekak na niliyak mawak charithawath ganiyak adakaale oya wage gahanu harima adui daruwo,Pos
supub api dubai show ekakata aniwa invite karanawa poddak time denna,Pos
mokada ban un akekwat harun natte,Neu
sinduwe lassanath kala gon visual dala me visual hadapu ekage mole puke thiyenne,Neg
godak udin henawena minissu hithin hamadema ath arala iwarai respect udana,Pos
eka aththa matath demawpiyange wenweema lokuwata balapawe nae denna ekta hityanm samharawita eka lokuwata balapanna tibuna,Neu
bhumi oyanm patta srong and respectable women kenek ewagema buddiyen jiwath wena kenek,Pos
hirustra eke hitapu porakne ela,Pos
ubata pissuda bn munva thva samaja gatha karanna,Neg
patta interview ekak godak kathawa eka wage,Pos
aththatama me ganeta pissu munta kada yana mekatath pissu,Neg
pau anee mee podi kella eyaata harima duka hithila thatta wenna athi eyaage pauu ,Neu
thora ganna one waraddak dakka kena misa waradi hangapu ayawa name ,Neu
podi kale ohoma dewel unam onema deyak ottu macho,Neu
oba diriya duwak diriya kathak diriya biridak diriya mawak obata shada jaya,Pos
amho meka hdana slli vlin ps vithra gaththekinee,Neg
patta voice ekak,Pos
me deshapalane dn athi aluth knk enna onie ekaktwth nthi eth e kena meya newei buddiyen bluwoth ona knkta therenwa meya kawda kiyala,Neg
oya art da kale,Neu
ane mata aduna ape ammath single parent,Pos
boru kiyanda epa,Neg
werry werry nice song mona de kalath thibena thuru jeevithe oba nethiwa mata inna be wasthuwe,Pos
ranjan kiyanne auktiya noiwasana charitayak a passe elawa elawa ohuta pahara geseema nokalautu deyak,Pos
nice talk but kade yema okkoma kewa,Neg
mata nam adunaboru kiyanna one nane sirawata ass dekatama kadulu awa,Pos
meya niyama gahaniyake wagema harima buddimath,Pos
ranjan vitarak nemi duk vidinne gihlla balapan atulata,Neg
oba hariyatama hari iraj,Pos
 oya prefect programe eka karanawa maddata panin nathuwa lassnata kala,Pos
sinduwa ahan hitiya coachla harenewa dakketh nee,Pos
adambarai ape hamuduruvane,Pos
notification eka apu gaman baluwa,Pos
 malli ubanam mara thanpath nishshabdathawaya ratak watinawa obata jaya,Pos
aniwaryenma ape hamuduruwane,Neu
mata nam hodai sinduwa niyamai,Pos
prihan plz apita ona oyageth aluth song ekak,Neu
ela kollo api onama dekata umbath ekka,Pos
me okkoma putuwata yanakan witharai,Neg
mage puta wagemai ayata kiyaneth tadiya kiyala,Neu
fm radio legends in sri lanka adarei araa n pas oyal denn hinada dwsa hina wela ptn gnnwaa seeni tyn thanata koombi enwa ,Pos
voise eken dinanma oni na oya dantamath loku gayakayek wage,Pos
aiya pubg supiriyata pley karanna bild ekak kiyannakoo,Neu
katahada mara lassani,Pos
lassana voice ekak ,Pos
me shakthiya mage ammatath thibunanam eya thama mage laga ehenam eth adarei mawa me loketa genawa pinama athi,Pos
program eka iwara krana style ekata thama asama,Pos
kasunta vada shshikava toragaththanam vatinava,Neg
budu dahamin Poshanaya wechcha palakayekui apita oni aka rajek yatathe api aurudu dahas ganak shreshta wdyta jiwath una,Neu
ane me mune katahadata mee kiyala hetenawa hemadamath adarei e hadata,Pos
umariyata hodata onama kenekwa motivated karanna puluwan respect umaria ,Pos
kasun mara athal denne ,Pos
podi eki paw ,Neu
ane marama lassanai kanata mi pani vage harima mihiri katahadak,Pos
shihan mihiranga ta kamthi eyath ,Neu
nilmini thennakonge amma kiyagena kuruNegala pansalaka mahana wela innawa pathareka dapu vistharekuth pennawawa den hamuduru namak wayasata gihin lamai hadalayh ohoma wemawada,Neu
 sahan ranwala and sudewa ndena hiru eka rock karan hitiya mathakai sindu kamaraya ehema balanna gihin thiyenawa,Neu
me ayya iskole kale patta athal pora good luck singing walata wada acting patta ,Pos
kasun kiyk hanbu unada ,Neg
ana daiyana mu wala payai goda payai,Neg
 samarasinha asama karana charithayak hadawathinama oyawage kala karuwoo bohoma adui thawa kalayak oyata ape kalaketha aswaddanna yodabala yoda sakthiya lebewaa hebei desapalanayata yanna epaa wedala kiyannam,Pos
ane oya dakla theyenawa da ahema apahsa karana apa oyat ganiyak neda oya hodata idalada away,Neg
anee mn godaak aadarei meyata,Pos
me ayata bhethak denna aduma thi ye nawa wage haguna adina adillata,Neu
honda akalpa teyena honda manussayek,Pos
aparade me manussayagen mita wediya wedagath prasna ahanna thibuna aparade kale lesiyen allaganna beri charithayak mewage minissu awama mita wediya wedagath prasna ahanna,Neg
ape hamuduruwane oba wahanse kiyanade eththa thiyanawa,Neu
ai meyawa witharak promote karanne ,Neu
band eka amboo pissu hadeiy ,Pos
sinduw lassanai eth video ek aul,Neu
me coachesla sellam krnwne podi un wg ,Neu
deep talk video kiyana eka tiktok video widiyata ahune katada,Neu
kasun nihathamani kalakaruwa adarei ,Pos
meya saree walata redi ganne pamunuwen curtain material thamai e meya saree mahanne harima cheap material genall mahala ta wikunanawa harima balu wada,Neg
sashika wage kiala hitune mata wetarada,Pos
obege kathawe watinewa ade lankawe sinheleyata mule amateakai ,Neu
godaak lassana sinduwak mona de karath thibena thuru jiwithe oba nathiwa mata inna baha wasthuwee,Pos
ow ape hamuduruwane ranjan kiyanne bolada charithayak ganunta eha anita eka thamai video dapu kolugatta mun okkama eka walle pol ape sinhala modoyo hamadama munta rawatenawa,Neg
ape tattata pennanna ona me tech sunday ,Pos
paksaya mokada nagananda mahathtayage,Neu
supiri bro kollekta hedenna kiyana tikath athi ,Pos
aparade sinduwa lssnai,Neu
 mama st time mae channel eke video ekak full baluwe atthatama hoda program ekak mage role model eka tamai block hamotama hoda motivational video ekak,Pos
oyata duwata dennatama suba pathum akka swetha nanga all the besr for yr advanced level,Pos
lauru unath hoda danumak athuwa hodata kata karanna dannawa,Pos
api kasun gana hithan hitiye series character ekak kiyala but he is a so funny guy ,Pos
oba wage adaraniiya pinkarala mama adare,Pos
mage lap ekata aluthen add karapu ram ekath hikvision,Neu
mage kamathima phone tika,Pos
matanm kawawath shure na devi knkwath rata palanaya keranawanm hodai,Neu
ane lahiru putha munwage gon harak akka wada satahan karanna apa mu ratata karapu deyak naha kata witharai,Neg
apita t shirt ganna beridoo,Neu
yakoo e kolla hemal ranasinghe wagene woow nice,Pos
hiru eke aya unlike karala ,Neg
balanna meyage hadiyawa paw wessiyek,Neg
samasthayak lesa hodai samahara dewal walata ekaga wenna be,Neu
on time uba nikan jathiwadi awnwa kabbo bokaranna epa uba okkama jathiwadin bihikarala kanawo kanawo kiyala kagahapalla,Neg
hina thamai ithin ape,Neu
meya hiru star season eke hitiya neda,Neu
ai me tharam amaruwen amaruma sinduwak kiyanna thoragaththe,Neg
ane lamai dannak enna amma kanakda me,Neg
 kalhara voice nisame nisa kasunge song walata mara thenk enne,Pos
ara ayya adarei merilath peyak,Neu
oba ape rate sampath,Pos
 deweni wathawa ahanne,Pos
chanux oyage pc eka nam marai aiye,Pos
godak hithata duka denena lassanama lassana song ekak akki all the best for your future,Pos
 plz pakshayak hadala labana janadhipathi waranayata illanname dan inna kawruwathma wadak na,Pos
ada kale kello kollo wenna hadana eke loku deyak da geniyek wenna hadana me akka,Neu
ambo price pissu hadenawane,Neg
budu dahama kiyanne mole thiyena ewnge agamak eka sudu banda danagaththa,Pos
kasun ge set eke battle eka nam,Pos
build eke kcasing ekata dana eka patta aparadayak casing ekak damma nam athine ,Neg
eda ananthayata yana para dige kiyapu boyta monava hithenava adda ,Neu
oyage adaraneya diyaniya gena harema satutui brother thank you somuch,Pos
sinhala aun paksha beda nathiwa akatuwela rajayata bala karamu,Neu
api hamuduruwo ekka innawa,Pos
supiri hodee man godak asa song ekak kiuwe dennama ekathuwela dennatama adarei dura gamanak yanna labenna kiyala prarthana karanawa,Pos
api chde denna onee lankikayekuta budhdhagama ekka inna aya video ekak karanna katada denna onee kiyala,Pos
harima lassana kathawak aasawan baluwa obata budusaranai iidiri aanagathaya wasanawantha wawa rasika aadaraya gana kiyapu kathatika harima lassanai aa ,Pos
dennama ganna ain karannanam epaa,Pos
avilla avilla appo thawa minutes inta epai,Pos
rasikayaNege prathichara amuthu ewath thiyenawa ehenum,Neu
hama gahaniyakatama oyage kathawa loku adarshayak akke,Pos
apita owa gana hithanta wath baa us karapu ekak wath ganta baa,Neg
ape university ake girl kenek patta nanagi,Pos
kasun kiyanna wachana na ,Pos
oya katahadata godak adarei,Pos
  malli ape minissunge kadu hoyanawa wage hema sinhala geyakama gihin balanna keedenek wadha beheth pawichchi karanawada kiyala weradda thamn athe thiyagena anunta dos kiyanna epa ,Neu
umariya nikan yassani wge ada ,Neg
dasa palanayata anna kalen hamoma ma dawal kata karanwa man hetanna matuma nowai taruna ugatha buddemath akanak rata awasai,Neu
anne ikmanata nawa mudga ganeemata haki wewa,Pos
kiyanna wachana na harima lassanai akke,Pos
obe diyaniyagen obe jeevitheta alokaya labewa,Pos
oya shakthimath adarshamath hoda amma kenek,Pos
rata hadanna hadana madu madawa pulata mehema nam ratata mona karannada,Neg
ay janathawa nihada,Neg
kiyanna wachanan naha,Pos
ape inna kalakanni deshapalanayo nisai me rata vinasa wenneatta atatama ahuwelat unta kisima daduwamak neai deiyane munta teren nette ape ratata wena vinase,Neg
 personal dewal oluwe thiyagena ewa wisada wisada innawa hara munta khda jande dipu minissu gana hithanna welawak,Neg
meyawa awantha wage penne mata vitharada ,Neu
geheniyek ho pirimiyek wena eke arthya aluth paramparawk hadana ekama neweibhumi akka kiynne niyama me loketa eya hugak watinw,Pos
kasun oya illagena kewe,Neg
visual eka nm chill sinduwa nm balu,Neu
hodata hadala boru kiyana lassana balapallako,Neg
thawe phone review one poco x eka ekak gennako aiye ,Pos
meka screen off karala ahapan eka patta ,Pos
meyanam dakshai aparadr gatte nette meeta wada aulata sing karapau aya onetharam gatta mekanm aparadayak,Neg
kata thalanna puluwanda hamuduruwane api karanna puluwan deyak kiyamu neda hamuduruwane,Neg
umaria hamadama adinne ekama adumada,Neu
eda parliament eke kata kare api merila ipadila wage defender eken kollek ussala meyage henchaiyyo serama warada piligatta etakota meya nidahas baba watti amma wage kiyewwata etta hanganna be,Neg
anunge ewa obanna epa ayithiyak sora gannawa wage ne,Neu
tech sunday ep mn wama download karala baluwa tamat balanawa godak watenwa api ekmanta m gahmu tech sunday ep november ,Pos
mee kunuharapa vadalana hamuduruvo neda ranjan gei meyagei venasak nana dennama gon,Neg
video eka maru,Pos
patta boru kiyanne,Neg
mahindage goo kana ponna wesige puthaa,Pos
oba kiyana de hariyata hari malli api siyalu dena oba samaga ennawa obata deve pihetai,Pos
mn nm danne ne me aiya kawda kiyala dnne nee eeth mata denunu hodama lankikaya,Pos
interview karana ek boruwata moda joke mai danne,Neg
kumari aekke aethetama oyage me wacana tikata kiyanna deyak ne good good ekenma mama godak aedareyi suba aenagatheyk wewaa,Pos
video eke anthima time podi awlak thiyenawa neda,Neg
umariya bathiya kasun hakiyawa wagema mara athal eke inne ,Pos
gehan aapu st interview eka eekath me channel eke wadima views gaththa video eka niyamai aasama charithayak jaya wewaa,Pos
oya hodata kiwwa atarinna epa dear voice lassanai amuthui,Pos
meepani wage meka nam ,Pos
aiya kiwwa lassaama kathawa thamai youtuber kiynne youtube ekama target karala video karana aya kiyala ow eka aththa dan me inna kattiya viral wenne wena widiyata ,Pos
mama katolika oba wahanse aththa kathaa karanawa mama budhu dhahamata godak garu karanawa oba wahanseta budhun wahansegema pihitai,Pos
harima wadagath harima lassanai wadasatahanak obata theruwan sarnai,Pos
buddhagama koheda thiyenna singhala ubalage baila witharai apita penawane siwru andapu un okkotama hapan seramala newaii,Neg
budu saranai hamuduruwane,Pos
marama charitayak man hari adarei,Pos
monowa karana kenekda me ,Neu
tawath songs karanna akka oyala wage lassana sigers la dan naha mn balan hitiye oya ge songs balan thanks tawath lassana songs karanna plz podi kale idan mage favorite siger oyai,Neu
ltte eka years karapu winasayak nisa adathath kochchra minissu duk widinawa da,Neu
saman lenin mahathmayawa mathak una,Pos
ayye ub nm mara manussyek ,Pos
oba vahanseta godaak garu karanava aththa katha karanava,Pos
oba wahanse hariyatama hari,Pos
ara podi kellata inna deepan gaaniyee ,Neg
original sinduwa ahla thibuna ayta kawuru kohoma qwth saman lenin kiyna lankiiya hada mathk wenda ona nubatath jaya kollaa ,Pos
oya akka adahanna vatinava,Pos
ape hamuduruwane oba wahanseta adaraniya ammata siyaluma maniwaruta piyawarunnta deergayusha lebewa budu saranai,Pos
okkama kunu weda karala meh rateh inna tharunayanwa narak karala jaathi bheda awussala okkama karala deng prasna unata passe babawage katha karanawa mung rangapanda hondai,Neg
wayasa balanna awe ko yako ,Neg
meke comments kiyawala oluwa kakkuma hadunu ewun thawa innawada ,Pos
iraj api uba ekka innawa unp ponnayo ubage page ekata krapu wadeta balamuko,Neg
kasun kiyanne menikak ,Pos
godak lassana voice akak maru hanna asai oya sing karaddi,Pos
ubata voice record nisa amaruwa watila karaganna dayak nthwa paliment ekka katha kara kuwa ubala ls ekathuwala bru nadu dala kiyak hira damada a vipaka thmai may,Neg
mu mara porak oi raulai kadai dekama beragana gema gahanawane ela kollik,Pos
oyala hamuduru wage jewath wenna,Neu
sobana katha thattha dinuwama puthala hora kana heti balaganna puluwan mun katha karanne aka deyak karanne wena deyakkathawa wedak ne mun rata kewa kokath akai,Neg
asama charithayak good,Pos
lassanai ban idiriyatama yanna suba pathanawa,Pos
next time api meyata hoda denimak aran deela emu ne,Neu
man nam awoo,Neu
pessu gaaniyek balana apytath pessu,Neg
ayashma hodai kiyana aya ekai mekai aye ahuwoth narakada ,Neu
patta charitha thama ithin garu karanawa,Pos
patta katha tikka,Pos
ado ponnayaoo onba wagaya kalakanni nesa tami rata kunuwala tiyana onba lagadima kannawa aniwarang ponnayao,Neg
me mona pakekda,Neg
niyama kollek arawennda,Pos
matat again hirigadu pipuna,Pos
me kattiya ekama aduma adinavane,Neu
ai haruney nathey,Neg
comeonteri deewani walin patan gaththe aye hamathanama issrahata giya,Pos
val   borugothanna epa po,Neg
obawahansata dirgau parattana karanawa apa wanuwanut apagae rata wanuwan editarawa sitina obawansata budusaranai,Pos
amboo aiyath athal denawa ne,Neu
anudula dennama genne thibbe ,Neu
kadahada marama lassanay sinduwa patan ganiddi pudumay hariyata wena kenek wagey,Pos
kithula voice ekata awith kiyala hithuna aya ko,Neu
obata lokayama dinanna hakiyawa labewa e wahema obe nihathamani kamata adarei hamadama thanks lahuru obatath,Pos
igawata lahiru genne ratta mkd hithnne kttiya,Neu
gahanu apita oba adambarayak,Pos
budu saranai amme mathu athmeka me wagema daruwo bihikaranna mege ratema yali ipadila mathu newandakinna hethu wasana wewa,Pos
 mahatma gati pawtum ati taruwan ape oba adarsayak,Pos
channel karayo karanawa me manussaya allagena nondi hutto,Neg
kauru mona kiuwatt minissu panaunatt den minihek,Pos
mama dakapu ekma kolla ekama song eka deparakta wada balapu best of luck aiya ,Pos
mevani vadasatahan hodhatama meheyavanna puluva ayiyata thama ,Pos
den baba wage thuk nodakin,Neg
awsh couch kasun paw kiyala hithenwalu ,Pos
loku podi kauruth adunana niyama hadak thanz ,Pos
bathiya supiri kollek chance ekak denna puluwan nam aniwaryayen danawa kuhaka na,Pos
hari aparadeyak une,Neg
prices kiyapu eka nm mara hodai,Pos
eyath lassanai sinduwath lassanai ,Pos
 congratulations sanda ohoma yan meka tharagayak ne ,Pos
ponna irj awajatakya,Neg
samajayata hoda dhanumdimak thawa speach kkarala rate inna meharakta terenna,Neu
ai ayya chapters pennanne naththe mage video ekkath pennavve na,Neu
kiyana dewal hariyata hari maara mind ekak me intew ekenui eka denagatthe tnx aiye uncle ,Pos
man kamathima geethaya,Pos
ane me obathuma uk walata kade yanne na kiyanna puluwanda okkoma ekai,Neg
aswahak katawahak wadinna epaa akkage kondeta anee kawadaawt kapanna nm epaa plzz,Pos
kolla mis uanna nam pau bun,Neu
redmi eke update ekae review ekak dannako,Neu
bands lata hondama kattiyak muladima giyane a nisa eyalata dan aulak nathuwa athi,Neu
lassanata kiwwa hoda gmnk thyno oyta,Pos
mama nam me sare inna asama kena nangi oya suba anagathayak teruwan saranai,Pos
avidina vidiha balala kiyanda puluwan apex pro kenek kiyala,Pos
porak charithayak kiyanna puluwan supiri knk ,Pos
deep face vidio ekath one aiie teach sunday supiri ,Pos
dehiwela vitharada shop eka thiyenne,Neu
oba tumahe wadasatan siyallakmma balanawa jesu phitai,Pos
ane pala mongalaya,Neg
oya genunata hodam adarsayaka,Pos
me wage interview eka kohewth ahla balla nh patta kyiyla kyne mewata ,Pos
meweni sundara minissu genwanna samaja mehewarak jaya,Pos
menna bulet aka,Pos
kasun hint ekak gahuva kiyala hithenne mata vitharada ,Neu
budu saranai akke oya sathutin inna hamadama,Pos
ptt onna math appeal dunna,Pos
kage kageth killote hunu tiyenawa hamuduruwo katakaranna vidiha tamai naraka kopamana ugath hamuduruwaru lankawe innawada oya wage buranne ne,Neg
lahiri aiya wadakata nathi un gennanna epa,Neg
vedio eka naththa sinduwa pattama patta aiye ela kiri,Pos
wow kasun malli oyath lassanata sing kara,Pos
aiyyo kingsley aiyyage hekiyawa wena daksha deyakata hodawenna dinithi ekkan ennoo,Neu
anthima wachane kohomada ,Neu
kohoma unath gotabaya janapathi unoth rata hadayi ,Neu
radio ekak ahuna kalekin,Pos
umariya ehema bayawela balan inne,Neu
hoda keanek godak pau budu saranai akka,Pos
yako muge voice eka supiri meeta wada gothoyoth gaththa labba,Neg
mama parakata wada baluwa pattama patta,Pos
pitipasse akka dance karanawa eka attatama camera ta dapu ekak wage penne mata witarade tama ,Neu
vedio godaak hodai eeth eya kiyan eewa samahara ten wala ahenne nee sounds adjust kalaanam tawat hodai,Pos
okkama eka thanakata ekathu wela munta padamk uganwamu,Neu
mage gawath thiyenney redmi kisima awlkna,Pos
 weerasingha face cut eka tikak thiyenawa wage,Neu
ara kiwa katha siyalla atta minissu washen therum gatha uthu atta ea,Pos
budusasuna babalewa oba wahanseta dergausa labewa,Pos
deiyanee meka me podi un rawattala salli hamba karamna karana marketing seen ekaknee mewa dakin un kisi wadak nokara thamunge demapiyo maranna hadanawa me labbawal ganna salli illala,Neg
oba wahansata taruwan saranai,Pos
admin aiya api kiyana de ahala after shots uth danwa dan ,Neu
all the best sanjaya ayye lassnai,Pos
backup software ek gththu eun ko,Pos
ammata salakana penama aethe pinwath ape hamuduruwane,Pos
meka voice global yai kyla hithana aya ko blmu ,Pos
apita meva kohindo,Neg
teruwan saranai ape hamuduruwanta,Pos
ammo eka aiye video ekk genakan balan hitiye aadarei,Pos
oyata godak adarei api satutin inna,Pos
adahas walt garu krnw,Pos
hikvision pen drive nam hondai speed eka ,Pos
podi kale idan asama charithayak dakinn asa una charithayak gdk minissu hinassapu charithayak,Pos
e voice deka hadawathinm asaii dennatm yann puluwan unanm brilliant performance ,Pos
dan nam logo sound eka hena kathayi onata wadiye sadda thiyanawa issella thibba eka nam maru ,Neg
nihathamai kenek thadiya,Pos
hiru star eket hitiya ne,Neu
mama kawadawat oyage video walata coment dala eth athtatama mata dukai,Neu
ai kasun ochara panditha,Neg
ape minissu salli welete kadere nisai meheme wune ape ratete,Neg
sarala nihathamani charithayak rohitha rajapaksha ,Pos
ithamath buddhimath awanka daksha keneki eya jayawewa gamya bs ,Pos
pushparagaye idan wasthi video balanne niyamai aiye nihathamani porak,Pos
macho puluwan nam ube oya dekma gedarata diyan watinawa atthatama uba hadawathinma nam oya katha kale,Neu
atta kaawa patta horu,Neg
adanam epama una ara kellata wada me kolla kochchara hodada,Neg
ape hamuduruwane ape rata bera denna nchnasara hamuduru kiwa dewal ahuwanam mehema wenne na ara inna gonharhk munta puka denawa ,Neg
loketama sinhala kiyana bashawak thienne lankawe witharai ai thamange rate thamange bashawata agayak denna bari singlish ne kiyanne ,Neg
skip nokara balapu video ekak,Pos
santhush ge kateema tiyenne oyata lassana voice tone ekak tiyenawa,Neu
lassanai natasha akki oyage song eka oyage voice ekath patta,Pos
ekanam patta saho ,Pos
ithamath hoda gayanayak tharagaue innama ona kenek ane manda coaches lanam mita wada adu dakshatha thiyana aya thoragaththa dan,Neu
wow good program mama gdk ,Pos
mata hitagna ba kiyana charithaya lankawa wage rataka oya kohomd me vidiysta awe kiyla athtma oyta adare hitenwa meka mn baluwama mta msg ak denna tiyenne oyage duwata me ammawa rajinak wage balaganna me wage amma kenek labenne oyage pinata duwe,Pos
nawathth parata bahinna api sudanam,Pos
  hekinam naganandath ekka ekathuwela ganasara hamuduruwoth sambanda keragena janadipathiwaraneta eka kandayamak vidihata ekathuwenna,Neu
hari sundara kanthawak,Pos
ane oya kochchara hondada aunty ,Pos
ape punchi pc guide kavadahari me channel eka karagena yai kiyala kiyana aya me konata,Pos
me thama grand final ekata man vote karana kena ,Pos
machan milinda ubata meeta wada deyak kalahaki bn,Neg
oya wge ekkenekta rata bara dila kattiyta happy athine puluwann ai eka krpalla podi unta rata nathi krla dapn ,Neg
kasun ge kana nam super wewlana gathiya ayin karala ahuwoth this girl has a unique voice,Pos
pau akki oya kauru mona kivath rata iddi duk vedina tarm api dannava dukama vitark urumai kiyala dukam turul karan inna beni ,Neu
silver play button eka lagadima balamu neda,Pos
mn dakka nanotek site eke th gen cpu tiyenawa,Neu
notification apu gaman awe balala kiyahanko,Pos
awankawama adahas prakasa karaa oyaata waradinne na theruwansaranae,Pos
gota awahamath kelin katha karapanko,Neu
me rajayan karana balu weda thamai mewa oya anuwe enna mahakata owa ahinna ne u natannath ara balla kiyana wedihata,Neg
mata miss ge number eka ganna puluwanda plspls mama maanasikawa tikak aul welaa inne poddak mata miss ekka kathaa karanna oone,Neu
adee pahara bera sadde ahunath natewenwane,Pos
me wage gon hukannala genna epa pako,Neg
subadayaka paniwidayak balaporothuwen apith balagena imu,Pos
ayiyo demapiyange sohona ran ridiyen heduwath wedaknee janathawa hena illanawa hadapu demapiyanta hitiyoth hodata hedi dewiyoth namata wadi,Neg
eka nam ridenna dila thiyanwa iya ah,Pos
atthatama mamath sihhala baudhda mata thiyennath oya rata wetharai ,Pos
balanna thiyena hadiyawa ,Neg
supiriyak thama ithim ammoh,Pos
ykoo nakwt harenda onee aniwa blhan oka yana duara,Pos
kiya piyau mun ho unge nati enne me rataya jatiyata agamata adaretada hitapiyau,Neg
ado ka gahanne nathuwa program eka karapanko ,Neg
harima adarei aratai pasbarataii bs jaya weewa,Pos
brother charles ta godak garu karanawa mama buddhist kenek widiyata dalada samidu pihitai oba tumata,Pos
lassanai godak adarei denna tama,Pos
eka nam aththa akke chiththa adina ewun ekka inna amarui aththa eka bs oyata,Pos
thwa ekak mathaka thiya ganna puthe aththa ta vada api yahapath de saha yahapath vachana bavitha karamu aththa samahara vita thawa kenekuge hitha ridenna puluvani,Neu
me kawda monada karala thiyena wada man wage nodanna kawruth innawada danne nathi nisai ahanne,Neu
lahiru aiye oya genath visthara dena ganna asai oyage video ekak dennako oya lassanata wedasatahana karanawa good luck,Pos
ane paw baba,Neg
ane hamuduruwene oya ratak agamak nathi ranja gonna ikkamanatama gedara yanawa,Neg
 oyage me video eka iwara wenakal baluwa supiri ,Pos
oya kawru unath respect karanawa,Pos
oyyaa caseing eka awada dn nanotek ekata,Neu
apita ithin oowa heena,Neg
ane hamuduruwane obwa wahanse paressam wenna atha kiyanna gehen jiwetheta anathurak wae oba wahanse ratta menikak,Pos
ow nilamini oya hariyatama hari namuth oyata galapana kanak hoya hanna,Pos
dan kohomada pas boralu mati wali gas kalaa ewarai balu paiyoo thoo ballanta kaday giyaa paasku minimaruwaa nidahas,Neg
ade aiya itn channel eke program ekak host karanna yanawa neda,Neu
 hari adambari oya wage niliyak gana ape niliyan gana baladdi oya gahanu sanhathiyatama abimanayak,Pos
kisima erisiyawak na kasunta,Pos
ammae hamootama adaraei aath mula amathaka lae naa kasun sir thooragannava kiuva vinishchaya mandalaya ma ratak vatinavaa,Pos
intro ekanam patta ayye,Pos
me video eka youtubes la keedenek kochchara dewal iganaganiy da,Pos
ptta oi ape akek,Pos
niyamyi ekh lassnyi mru ,Pos
eswalata kanduluth awa hugaak lassanai,Pos
mama kawadawath arawinda wa ahala thibune naha lankawedi ath me wadasatahanen arawinda kiyana charithayata loku kamaththak athi una,Pos
lankawe haduna hodama sinduwak thamai kauruhari sing karanakan htye meya sing karapu pitch eka eyata too low low notes handle krnna maara amarui eyata ekai godak durata,Neu
e amma ane shok harima happy eke alda best nanga,Pos
gotabaya ape nayakaya rate mnisunge akama balprothtuwa,Pos
ape hamuduruwaru a denai kadinal thumai kiyana kena thama ape janapati,Neu
aththatama mahinda janadipathi thumage kalee ratata wadaka kalaa penena diyunuwak thibuna ,Neu
kalekin ahuwa beluwa pattama song ekak,Pos
ayie second hand sony xperiya xz phone eakak kata withara ganna eka paduda,Neu
oyage wedat api dakala tiyenawa hashini wagema tamai oyat,Neg
mihindu ayyage photo kopiyak,Neu
lahiru aiye oya present karana vidiya hondai ,Pos
 hodatama bayawela apathaya kilala banala dan mahaththaya wela hoki hoki hoo,Neg
oya lassanaie wagema wadath lassanai,Pos
man kamathima niliyak,Pos
thota wedi tiyanne thopi wadayo huththo parissamin hitapan is one neha ubalata gahanna,Neg
  aiya api oya ekkai,Pos
aiyya total price aka kiyak wenawa da build akata,Neu
kasunuth maru athal denne ,Neu
adarei bn iraj,Pos
yhapalanaha ballo kapiyu den mini mas topitaha henaha ghanawa,Neg
usaviya in na nadu kara hamuduruwo papuwak neathi hegana heatak,Neg
hoda manussaya desapalana lebal nathag uba wagea manssayak na bag ,Pos
obathuma kiyana kathawa eththa haamuduruwane,Pos
siurakdaage kunuharupa kiyana kenek lagata yana ungeth mole kachala pissekuth giya ara hashen kiyana ai me ayata buddimath wadak karanna bari,Neg
mulinma super star awe passe hiru star awa dan voice eke ela ela,Pos
meeka enakan hitiye,Pos
dula jet ekak padala wage interview ekata awilla thiyenne,Neu
lahiruta rohithage gani ganamai danaganna one,Neu
gehan serious wela innawa dakkmai,Neu
lamaita kanna bonna dena hama parent kenekma horakan karalada kanna bonna denney meya responsible nathuwa athi commit wenna bari kamak thiyanawa meyage parents lath horakan karalada kanna deela thiyenne meyata ,Neu
karana hamadema parissmin mokada singjla anthawadigen,Neg
samahara horuth poojakayo wela inna meh awasthawe poojakayangen wen wemu oba semata allah saha theruwan saranai,Neg
lahiru oya karapu hondama wedasatahana gamya nam niyama adahas thiyena niyama yuwathiyek honda adahas daranniyak ,Pos
aiya video editing walatai graphic designinggaming wlata build ekak haduwanam godak watinawa,Pos
set wenawa maruwata kasun wedda,Pos
admin athi dammaa tikakin dannako ,Neu
monawa unath sirase agaya karanna puluwan program ekak meka,Pos
ane aka athta ape hamuduruwane alla kiyala na mahama karanna mewa napuru minissunga wada,Neu
eka hariyanna ne anthimata aadare karapu kella arenna vena ekek kollek badina eka hariyan na okey,Neg
mage laptop eke display ribbon eka gihilla aiye eka lankawe nalu,Neu
jayawewa ape hamuduruwane oba wahanseta yukthtiya wenuwen ediriyatama yanna siyalu deviyangema asirwade labewa budu saranai,Pos
thawath latha walpola kenek,Pos
ubata waradinne ne machan bona eka nathara karapan a baudda darshanayata naburu weema hari watinawa namika bauddayanta wada uba hari pinkarayek,Pos
chanux ta ithin asus sponsored nea,Neu
harima shok hari adamberaii,Pos
ranjan ramanaya kiyan adahasa prof galkanda dammananda hamuduruwoth kiyala thiyanawa wenath wachana walin hamuduruwaru kalabala noviya yuthuya,Neu
mawath sub karannako yaluwane obata jaya,Pos
oka enakm maga balam hitapu mama,Pos
lassana sinduvak godak hithata danenamage kathava vage tikaksinduvath lassanai akkith lassanai mage asama niliyak issara idalama yanava hithe duka dara,Pos
ma senduwa kiyana kota attatama mata aduna mama harima adara gaikawak,Pos
yakow ara hodata kiuwa kollawa kapuwa mul gayakage vidihatama kiuwa kiyala mee kella patta aul vidihata kiuwe eka apitat theruna,Neg
monawa unath kelin minihek ,Pos
thaththa kotiya nam putha upasakada,Neg
meka balala math hoda lapk gaththa thanks aiyye jaya wewa,Pos
but tatto kalawak kalawakda,Neu
lassana song ekak akki good luck oyata thawa wadi wadiyen prekshakayo hambewenna one ,Pos
okkomth hri warada piligannaw oba samaga ma siti e kale thawa kenekge wela kiyala kududa ee love krpu anith kena video ekei sinduwei galapeemk nne,Neg
ai kattiya harunnaththe nikan halparuwanta vote denawa ,Neu
machan uba manma thama,Pos
hodama laptop vargaya mokadda,Pos
hodama gobbek paaharaya,Neg
man godakma kemati oba baya netuwa aethta katawa ape podi hamuduruwane,Pos
badinnath hamotama ba oya oya kiyana hama hethuwakma single life eke thiyenawa malli mry karanna bainm eka kelin kiyala piliganna malli sigithi athal deanne nathuwa,Neu
harima asadaranai mona tharam lassanata kiwwada,Neu
man dan me sinduwa ,Neu
godak watina program ekak respect you ,Pos
pali ganna epa ranjan kiyanne hoda manussayek horu aliye ada,Neg
me pala ponnaya rata kawa,Neg
shashika wikipidia ekeda weda ,Neu
madu kiyanne wachana walin gahanna puluwan ekek witharai wadak karanna puluwan ekek neme excellent ,Neg
used vga price gnan giye ai ayye price adu wennadda damma,Neu
karunawa mitreya wadanna ape hamuduruwane,Neu
me para coach kasun and coach shashikage teams wala coaching wala loku wenasak penawa niyamai,Pos
mokada kiyanne aa komada mage weda ,Neu
mu inna than car ekatath ac dala mahajana mudal nasthi karapu para balek meka mona huthakda me kariya kare,Neg
buddimatha nihadai welawa enkan mohu ehemada,Neg
annee pau baya wela e lamayath mata mathak une ne ,Neu
ega hiriwetenawa mewa haddi,Neu
apita ka pc ekak wath hadanna widihak nathuwa innawa kawada api me wage pc ekk hadaida bn,Neu
voice dekama mara lassanai ,Pos
hiru eken passea voice ekatath awa nea isurika ela niymai,Pos
man kamtima youtuber ubai dinoi,Pos
shok ane coach la tika adarei okkoma ,Pos
lahiru malli sudu banda mallige wedin ekatt balanna denna apatabudu saranai sudu bannda mallita,Neu
raja paksala ta hena ghapeyau ,Neg
harima dukai ane,Neu
apatanam normal ram unath raththaran wage aiye supiri build ekak balanna kalinma comment ekai like ekai,Pos
wishwa oya sadaranai,Pos
patta talk eka bro niyamai umba miyama kollek ban,Pos
ela thada kora patta ,Pos
band ekath poddak pennannko ,Neu
sinduwe theruma ekak video eka thawa ekak gelapimak nane,Neg
arage keti arthawath wadan walin pirunu mema wedasatahana niyamai siyatha morning show eka jeewithe angayak wune arawinda saha disnage wachana harabaya nisai sthuthiy ,Pos
ayya ma wage thawa reviews ganna eka hari wadagath,Pos
monada play karanna puluwn hoda games,Neu
harema adarsamat mawak oyatat duwatat taruwan saranae,Pos
aye video danner eppa,Neg
koma hari dulajwath gatta ahaa ftt balanna godak vedio thiyenawa,Pos
inna wayassa ekka galapana wada karnna waradinna na etkot,Neg
harsha hiru star eke sing kara wage mathakai,Pos
 me wage kaala kanniya hamdurula thamai bhudu darmaya nasthi keranne,Neg
muslims okkoma aka sakkilee ballo apa gawaal langka muslims sakkilee yaaga gawaal thebunoth pupurana bombayak theyanavaa vagaa,Neg
godak dewal ganna thibba interview ekak,Pos
eeya hiruni ka oya kupadei wal wesai,Neg
ekanam battle ekakma thamai ,Pos
apith tama dewiyangen ohoma ahanawa bn,Neu
mokadda bn ara mulin kiuwe pissunee digatama liyathabara wage kiyapan jayawewa brother ,Pos
ai ban wesa ganu gennanne mewata,Neg
haal walai polwalai ganan baluwama dan sapada kialath ahanna,Neg
theruwan saranai oba wahanseta dalada samidu pihitai,Pos
discord kiyanne mokakda aiye ee gana video ekak geennako,Neu
ayye mata build ekak kara ganna ayyawa contact kara ganne,Neu
anee visual eka enakan mama kochr bln htyda harima lassnaii,Pos
thawath sinhala chanda bedimak,Neg
oya gennana samaharak bahubootha ayata wada me wage hari watina pudgalayan buddimath daarshanika wadagath minissu gennala me karana de nam harima watinawa ,Pos
baba ane thuk kisima responsibility ekakin katha kalada thuk,Neg
build ekanam supiri habai add wadi wage neda,Neu
niyamai ammo wenakan balan hitiye aiye,Pos
geniyek ta mada gahana jara ponna pirimi unge hema oni epa kamak ma ishta kara ganna hoyanneth geniyek mai lejjai mea rate pirimi gena,Neg
eththa hamuduruwani man muslim igena gaththe sinhala school ekaka igena gaththe buddagama ape ratata api adarei,Pos
aiye redmi note eka gana video ekak karannako pls,Neu
gon athal ekak,Neg
kiyanwata wadaa degaluwaa wadi wage,Neu
watina video ekak,Pos
kasun gon comment denna epa voice eka hodailu pichin hodailu meke balanne voice eka newei da ehenam ai me program ekata voice kiyala namak damme ehenam danna thibuna ne wena namak,Neg
 oba ethamat hoda buddimath awanka kenek oba mnussa duwak,Pos
aravinde asama charithayak supiri nivedekaya,Pos
ranjan karannema raga pema vitharai hemotama kade yanawa maha chittayak lejjai ranjan thamuse gena nam ,Neg
yako meka mara wadak ne munta mathaka na penne na danne na ahala na kiyala na hama dema na moleth na mun mai unge paul wala bahutharayakui okkoma ekai hora thakkadi ,Neg
me sathiya athulata api lkshyk gahala demu friends,Pos
fattama voice ekak ,Pos
kata tibbata mole na ratawal rikhawe nati nisa eka awith nallu bohutharayak pirimi cheeththa adina pirimilu le bindu dakinnalu honeymoon yanne mekita tienne pirimith ekka tarahak,Neg
kiyanna tharam bari godak watina deyak coach bathiya kiwe hondama coach kenek kiyala ekenma penawa coach bathiya,Pos
sira karuwoth manussayoy mawata kauda hari waradi uda ennawaneda thisthun kotiyak davi waru bala ganivi,Neu
dan sapa athi gon w,Neg
voice lassnai but ara kiuwa wage low end eke aul ynw poddk smahara than wala sound eliyta en nha smhra welwata ,Neg
mata pennama bari naluwek habai mama asama open minded persone,Neu
gehan inn video balala naththn wadak na hina yan nthi eunuth hina wenwa pattam athal video thynn,Pos
iraj kiyanne mula idanma wenasak karapu kenek mn podikale idan iraj kiyana charithayata kamathi une music videos paththen e wagema samajaye katha kala uthu godak karunu baya nathuwa katha karala samajaye kathikawak athi karapu kenek,Pos
hadawathata danena katahadak ,Pos
ya so lucky malla all the best kasun kiyanne bhawanawak,Pos
hoda lamayek polish english english ahan inna asai,Pos
ane deviyane deviyo balanna ona me aparada deviyane,Neu
patta voice ane manda okkoma kasunwane thoraganne iita passe haminei battle waladi,Pos
wow harima lassanai akki good luck issarahatama yanna oni oya ,Pos
mewa mona sinduda bola ahpiyaw parana sindu,Neg
shashikawa thoragattu ekanm godak hodai,Pos
oba wahanse ganja gahana eka hodada,Neg
 aiye as wahagena ahanne radio ake stay blessed forever ,Pos
koch kasunwa thora ganna hada vitharak thibila ba moath wasanawath thiyanna one koch kasun kiyanne wenama aidiya akakk,Neg
hammiyoh Negative comments ekkwat nah ,Pos
heney kotakeli edan natanna apa akata thamay siyalu dena benne,Neg
oyath denne pora talk thama,Neg
 oya hoda purawesiyek,Pos
athama kumari oya haeima ahensakaee pw oyta oyaga jewathaya sarthaka wanna ona ,Pos
man nam hamadama adarei kumari akkata oyata,Pos
sirasenlu songs denne me kiyala thiyenne,Neu
bomba pipiruna christian church wala maya kiyanna sinhala baowdda ayata witharak parashna tiyanwa kiyala ,Neu
aiye oyae goda apu jiwitha kthawen hamotama ganna deyak tiyei ,Pos
ara colombo schools gana kiwwa dewal hariyatama hari,Neu
oya hoda knk second marriage nm epa daruwa hadagena idirigamana success kragnni ona,Pos
abans singer wage company walin nathuwa ratin gennanawa kiyl wikunama ewa gaththat awlk nadda bro,Neu
pissu h form karanna epa lahiru wadagath deyak nadda danna,Neg
lassanay chethi akke ,Pos
coach kenek harunata passe wena coach knk ge buzzer eka balen press karanne  ,Neu
mu kiyana eka hari ban me deshapalana ballo thanikarama ape chanden parliament ekata awith full somiye full athal eke inne thanikarama ape salli walin mu unta oni sapa widina eka witharami karanne unta oni balaya withramai,Neg
battle round ekedi kasunta banina aya idi sahenna me yana widhata ,Pos
may wagay awasthaa waadeen ekkala sanvade thiyana obaveny ayageth molay abaadeyakakde kiyaa balva gaththoth narakama naha nayde,Neu
akaparata wada balamu aya ko,Pos
aththatama thamange pawla wenuwen duk widala thiyenawada thawath mehema innawada,Neu
danna kaale idalama thibba aasavak ara va interview karana video ekak balana eka disnavath genna anivaren hari tv eke aasavenma balapu vedasatahanak meeka,Pos
wishuwal akanm ptta kthi,Neg
aiya wakrakarawa daraz promote krnawa ne,Neg
menna thavath ponnayek,Neg
sudu banda malli balanna ape kalu suddo denek video eka unlike karala ,Neg
rohitha putha budusaranai suba anagathayak,Pos
me hora detu anduwa palawa harimu duppathage hithawatha hire hire inna one un eliye,Neg
asawe baa ooii,Pos
mona vidiyata unnath kathawa hari ada samajaya pirihila pirimiya thamai kanthawa ganikawak karanne,Neu
 yako a unee maru voice eka munta mak welada,Neu
ol kara nm samanyen nawru wage wenna oni e kese wethath oba thmala wage kala karuwan ratata sampathak niduk nerogi suwa lebewaa ,Pos
paukarayo ai bn mewage video danne ubalata henagahi yako dalanda hamuduruwoth garage na,Neg
lion express app eka download karane kohomada app store eke nahane,Neg
price akath dannako badu vala,Neu
utum sihaliniapi ekatuvi mepara trainayaka himiwaruda utum nanasara himida samaga alut ape sihala baudda candawalin ape kenek,Pos
lassanai sinduwa macho,Pos
cloud mining ganna kiyala denako,Neu
ahan inna innama asai,Pos
admin okkoma video tika danne nida ganne kalin ,Pos
nugath minissu kiyana katha gannan ganna apa budu hamuduruwantath katha haduwanehitha daheriya karaganna,Neu
woww niyamai shashika akki ,Pos
ayie mata udawuk one mata aluth mac os big sure eka rewive ekak karanakao plz plz ,Neu
as wahan ahuwee niymaii bs dp ,Pos
buduammao ekah ammo ekaa newe,Pos
ape senaseema sathuta nethi unaapi diha minissu balanne yakek diha balanawa wagesamaharu karapu weradi apitath wandi gewanna wela,Neg
aththatama hodatama adarsha mawak adambari oya gena thank you ,Pos
cmnt ekk noda ynn hitune ne e adahas harima watinaw hrim open  dennatama jayen jaya ,Pos
mama demala adahanne buddadarmaya man sinhala ayata godak aadarei man danna kaale indala aasraya karanne sinhala minissu eyalage hadawath godak karunawanthai ,Pos
aye aye balana aya innwadoo ,Pos
katada hithene voice teen ameliyata coach rini turn wela ameliyawa haduwa wage meyawath coach kasun hadida kiyala ,Pos
real kollek ape ekek,Pos
personal danna family ekak polowe paya gahala inna menaka aiyath ewagemai ,Pos
mata toilet yannath wage,Neg
boruwa daanna epa,Neg
ranjanuth bella wala daana thanata thallu karaida danne naa ranjan nathi unoth rajaye goda denekta ninda yaine me amanushika kriya kaarakam maanushika aithiwasikam kada kireem,Neg
boomigreat charithayakkelin kata karana kenek kauru unatchitta adina piriminta wada hodaikauru unat niyama charitayaksamahara piriminta wada konda kelin,Pos
poddak hondata ahapn tadiya ge voice eka mahinda rajapaksha wage,Neu
man skip nokara mulu video ekama baluva marama charithayak gehan so proud of you brother,Pos
lassani akki oya me song aka lassanata kiyanawa,Pos
methumata godak pin watina manussayek,Pos
ane pala pala horu hatt dan enawa sudana wenna ,Neg
winadi ganak beluwa kiyala denune ne iwara wenakam etharam asawen beluwe,Pos
super lahiru mn meyata mara asai,Pos
wow lassani nangi good luck,Pos
uba kanna diipu atha hapa kana ballek pakaya,Neg
mn nam me voice ekata pattama asai ,Pos
meya sinhala jathiyata buddagamata thana denne ne wadak ne,Neg
kasun wadiya katawath harenna hoda couch kenek eth aparade sashikawa thoraganna thibbe ,Neu
unlike karala thiyana unge jathake mokakda danne ne ponnayo nodomakin,Neg
love respect charithayak supiri,Pos
 oya shakthimath vanna me sri lankika gathiya vereddak una venna puluva meka thami lankika kaanathavakta thiyena thena ,Neu
kuch na kaho kiwe meyage akkada ammagenui thathagenui adura gatte lassana voice ekak ,Pos
video eka nam patta,Pos
oyata chande den nee,Neg
ai sudu mahaththayata katholika agama epa une thamange agama amathaka karanna epa ,Neu
aththatama man hithanne oba wahanse hari api wesak samaranna oni prathipaththi garukawa,Pos
aththa kathaawa appa e video eke kisi awlak naa,Pos
ochchara dewal kiyana minihata wayasa kiyanda ba,Neg
attatama harima important mage palaweni comment eka,Pos
ubata muchan chande illapan mama chande denawa,Pos
samajeta hoda adarsamath katawak god job,Pos
pau mehema ipadena aya hamotama puduma danumak pihitanne harima buddimath,Pos
khomahari gotabaya dinawannee oba wahansee weda patan aran ela kirri,Pos
mahindage nama gawicha eka ponnyektawth chande denda epa aya kari ballo,Neg
patta singing thaththwa balanna aye video baluwa,Pos
obela path kale anduwen labaden shane dupath mahajsnathawate illa denne badumalla,Neg
welgamata yana enaman na,Neg
harima lassanai nangiyo mama asama sinduwak oyage katahada hari lassanai,Pos
attatama wadeya danne ne at ayage adahas watinawa,Pos
intellata amdlata kale yanda wenawa,Neu
mokkunda oi me umarala gaththe meka balannath epa wela thiyenne,Neg
matath kfc kana welawata tintin balane oneh,Neu
video ekanam maru,Pos
lassanai ada programme eka thanks godak lassanata katha kala ,Pos
oken pubg ply krnna amruid,Neu
spiriyak meka nam,Pos
harima wadagath wada sathanak thanks for you oba tumiyata,Pos
 ponnayage sabha hati dana ganna meka balanna,Neg
me mona jarawakda mewa dakinna apith jiwath wela innawane yako,Neg
sadun aiya oya godak lassanai mn oyata aadarei,Pos
api tath barida,Neu
gala pennaha kasunte bms galapenewa,Neg
mata aduna oii,Pos
kauda oi bass,Neu
mama mekata eddi subscribers vithara hitiye dan innawa jaya wewa aiyaa digatma karan yanna,Pos
aiya videos download karanna bahane oyage,Neu
godak watinawa ayiye video eka,Pos
thanikara boruwa moota kiyana taram awulak tibbe ne thanikarama prodawa ,Neg
  oya chande illannaoya wage ayai one,Pos
suba aluth avuruddak weva,Pos
ada kiuva kiyala mathake thiyaganna meya thamai st,Pos
aththtama hoda charithyak adre krna charithyak anushaka aiye oyt api hmdma innwa jaya wewa wrdinne na kwadwth ,Pos
budget gaming pc build ekak gennako,Neu
budu saranai machan api innawa oyath akka mun hama thanama ringala inne apita ratak thiyevida,Pos
sinduva nam lassanai vishuval eaka nam aul vayasaka kenek nathuva vena kenek gaththa nam hari,Neu
enna mi laga janadi pathi waranayata mage hadawathinma mama oba samaga sahodaraya,Pos
admin innawada admin nene mahaththayaa,Neu
godak lassana waduna githayak corchesla passe kanagatu wei me comments ekka mkd eyala nisai oyt issarahata ynna bari une aniwaren iilaga sare enna issarahatama ynna puluwan jaya wewa ,Pos
time eka giya aiye game gahala ivara una gaman test kare eka nisada danna echara vela giye nattan kohomat eganada yanne,Pos
meyath ithin pansen yanna ona kenek neda lahiru,Neu
 shooii man harima asa kenek ,Pos
me kalakanniya desapalanayen athuga damanna one,Neg
danith sri ekka song ekak karannako sudu manike,Pos
omariya sudu akke sinhalin kiyannako apita therenne,Neg
nelu batta ragapana vada dannene hamuduruwane owunta yanna apayak ne,Neg
ubala wage unta kawadawath waradinna epa ,Pos
lassanata gayana kala,Pos
okkma aththa godak dewal igana gatta niyamai thank u,Pos
 akka oyage kathawa apitath haiyyak oya hoda kenek oyatayi duwatayi hariyanna onauthuranna,Pos
ammoo aswahak nam wadinna epa manike ,Pos
ekma edummai adinne okkomalla ,Neu
hariyata hari apa hamuduruwana,Pos
ranjan venuven ratama eliyata bahinna vadapiliwelak sakas karanna,Neu
ane so cute eyaa all the best nanga,Pos
bohoma hoda eka kathavak kiuva bandaranayaka prathi paththi valata garu karanava kiyala obathumata mula amathaka noweima gana sathutu venava,Pos
shashika oya mawa pissek kala appa ,Pos
welgamage pudum wairayak theyanne chandrikagema malli ape rate karuma thama me wage eun,Neg
ape senior knk neda me congratulations ayiye ,Pos
menna badu niweradi maga penweemak witharai ona e athin kasun st,Pos
ahagena inna asai,Pos
redmi eke photo ekathu karala video clip hadanna giyama save dunnama eka nawetenne ayi danna kenek innwnm kiynn,Neu
 ta wada duk wedina ammala tawa kochchara innawada lankawe so ewa danne nadda,Neg
me wage igena gathtu puthtu inna tathta kenekta ratak aran yanna puluvan ape unta mula amataka una ae nesa kela una shapa weduna ,Pos
wow godak dewal danagaththa,Pos
meyawa gewanna deranata hari salakunata hari gennwanna please,Neu
superb song kiyna aya ko,Pos
math mage duwawa vitarai aran awe dan mata inna tana hama dema tiyenawa,Pos
ani wareyma apea hamuduruwanea oba wahnseata godakaka pin sihlaya wenuwena nagisitina mihi pita deviyeka,Pos
ahinsaka satutak labana minissunta garahanna hoda naha paw siduwanawa,Neu
salli thiyenakan wate inna godak yaluwo idiy ,Neg
kasun gey athal ,Neu
me song aka ahapu vara gana mathaka ne thamath ahanavamara lassana voice akak,Pos
ape adaraneeya samarasinghe sir ta neduk neerogi suwaya prarthana karamu well done ur doing good thing ,Pos
monawada belliye me kiyawanne lejjawak nedda thota hari tv mewage kenekwa geneth loketama ahanna denne mewage jara katak nodakin ubawage un nethi akama hodai monawada kiyawanne,Neg
unlimited packages thama hodaa,Pos
ettatama mata ara kellawa mathak una supiri,Pos
hoda kathawak niyamai ,Pos
mama godak adaraya karana voice ekak godak sathutui aiya,Pos
suddo lankwata enawa api americawata yanna dangalanwa,Neu
amanushika para ballo,Neg
harima lassanai ane e voice aka,Pos
sashikagen godak dewal igenaganna puluwan,Pos
oba niyama kondha pana tiyana kollak malli bs,Pos
wayasa passen ellanna hoda natthan janadi pathi wenna elluwey ayi ,Neu
ptta lssnai dukak unath lassanata galapala,Pos
ahanna ahanna asai deiyane,Pos
onna api hari tv unsubscribe kra,Neg
chilaw inna kale idan dannwa ubawa ela,Pos
ayege rupeyath malani bulathsinhala mahathmiye wage,Pos
pcguide ayye api nanotek eka ekka kathakaragaththoth apita parts tika witharak ganna puluwanda,Neu
udaya nadeeshan ayye jaya weewa,Pos
apith sinhala mechchara kal apinam jeewath une nidahase sinhala muslim minissu apita gahanna baninna awe ne sihnhalayama thama apita kelinne gon naluwek kiyawanna gon katha,Neg
ranjan thambiya tho ganata wadi ponnaya maranna oni wada deela,Neg
 supiri waddek thama itin,Pos
 oyanam harima respect ahana prasnawalata galapena pilithutlru denawa oya harima editharai budu saranai oyata ,Pos
harina ahagathane apa hamuduruwana oba whansata taruwan saranai,Pos
kochchara hathara poyata sil gaththath wadak na rohitha bro swamin wahanse kenekta amanthranaya karanna dane nathnam ,Neg
chamara weerasigha mathak una bro ,Neu
aiye contact number ekk dennamatath streaming walata ekk bild kara ganna ona,Neu
oya thamai painal anne oya thamai painal win karanne,Pos
ara pasbara kiyanne supiri charitha deakak oba hithan inna vidya hari wennath puluwan,Pos
mage asama song n ekak,Pos
malli vini production video ekekath innawa neda supiri pariganakaya,Pos
dakala purudu muunak ne kiyala iwara wenaknma hithuna passe mathak une meya hiru star awa ne kiyala giya paara,Neu
wasthi eke mage favorite eka,Pos
meyage chanal eka thiyedha,Neu
supiri hadak asama charithayak obata jaya ,Pos
ade baya wela godak,Neg
api kamathi apith obata  ,Pos
oba harima ihalai  lahiru oyatath pin ayawa gennuwata,Pos
 okage kata talanna one para balla,Neg
nanotek ekata pc parts awilla wage aluthen,Neu
koombiyo balapu ekek ,Neu
coach kasun dannawa aniwa shashika akkata thamai shuwer ekatama kiyala,Pos
me programmes aniwaryen tiyenna one bhumi ta wagema programme eka karana kenatath respect,Pos
supuri akkee kochchara ahuwath epaa wennee na ,Pos
sudusa sudusu thanata enne nahaa hodama udaharanaya,Neu
muuta thiyenneth maitri paalayage muunamai ,Neg
aiyage studio eke video ekak one aya koo,Neu
bns harima nihathamani,Pos
ithma vadagath video ekak jaya wewa priya ayiye,Pos
akka oya odai oye lankawe inne gonnunge dewal hala natanne nathuwe lankaweta hawenika vidiyeta inne akke,Neu
supiri bro pattama,Pos
aiyo shashikata giya eka aparadhe,Neg
kawuda dakke kolla as deka arinakota coaches la ma harila innawa dala kolla surprise wuna,Pos
  muslim ewunta naginewa ubata naginnea nethi unata kauruth palitha bang redda gihilla babek hadapang,Neg
anee palayan kabbo ubalage appochci inna kale ubala thun kattuwai ubalage appochchi wate hitapu anith horu tikai natupu natum apata hodata mathakai ,Neg
cantact numbers ekak nadda hoyaganna ,Neu
oyaga katawa godak hodiy hoda adarasamat hoda amma kanak hita haiy ganiyk adara hitanawa godak adaraiy mamat oyawaga ganiyk hare adambarey,Pos
meyagen newe pare inna higannek genalla interwive kalth ganna deyak thiye oonema kenekta,Neu
atthatama attha kathawak godak stuthi,Pos
menawa unth aththa katha krana mn kemethi charithyk,Pos
lankawe thawa awrudu maha jathiya hambayo wenawa ethakota ratatama mun kelinawa sinhala ammala lamai hadanna ,Neu
mata hithune mekath morning show akak kiyala interview akak kiyala hithunema nha as deka piyana ahan hitiya kiyanne mahaa denum sambharayak thiyena kiyawala ewarakaranna beri jiwetheta paadam godak egenaganna puluwan watina pothak mea ape ratata sampathak ,Pos
godak buddinath manussayek oya hamadama sathutin inna one,Pos
balala iwere unama kisima harayak nethi conversation ekak,Neg
mn hithuweth mister been wage athi kiyala,Neu
lassana costume akak lassana feel wena song akak lassanata kiuwa,Pos
balannako hadiyawa mun wa mokata genawada manda,Neg
e katahada as piyan onee tharam ahanna puluwan thanks ayye ayyage katahata eka digata ahanna awasthawak aran dunnata ,Pos
ape hamuduwane oba vahanse kypu hema deyakma atta ratata tibiya utte akama nitiyak akata sinhlada muslmd demalada katolkada kyl wenasak ne apitat one siyaluma jatin samaga sahayoggen sitimai,Pos
bullet waga maru,Pos
budu banatath unlike karanawa eka fatta kathawa ,Pos
muu patta porak,Pos
build ekata nam anduna bro,Pos
lassana voice ekak lassana song ekak idiriyatama yanna best of luck brother,Pos
moda prasna ahanna apa tawa tawat pera pasal yana daruwekuta unat awaboda wenawa dan lankawe tattwayat akka muslim okkoma ganna ona,Neg
ube patta ube hri ban niyamai,Pos
lassanai ayye mama asai oyage voice ekata ,Pos
therum gathayuthu godak karunu thiyanava ape jivitbayata akka iyata yahapathakma veva lahiru obatathmevenu ahinsaka charithayak ihalata genalla sathutin thiyanna ganna uthsahayata pin,Pos
ane man oyawa adamai aduna ganne thank u oyage adahas harima watinawa mata obathumiyage nu eka ganna puluwanda mano vdyawa kala nisai obatumiya,Pos
yohani mokada audience eke,Neu
aiye mata me build eka kara ganna oni kohomada kara ganne,Neu
dream star th awa neda,Neu
katahada wage nemei tikak napuru patai ape bosa wage,Neg
ane me wahallu,Neg
aiye amd ryzen da honda nathnam intel i reply ekak danna koo ,Neu
anivaren karmaya pala denava interivew ekak israhata awila atha katha karapu real brand eka a congratulations aiya future ekata,Pos
voice pehedili ne bro,Neg
okkom lssnai eth sapththu dagena natapu ekai weradi ,Neu
meka trending awe naththan nan man painawa gagey maarama widihata hadawathata danuna man asama geethiyakpuduma lassanata kiwwa kiyanna wachana naha ,Pos
voice aka iwara wana kale addi kasun kalhara kiyanne kauda kiyala lookayama dana gani maaea sindune adamai ahuwe thanks voice kasun,Pos
wow bro maru,Pos
viyadam kla wadi kiyla hithnne mata withrada,Neu
me para sidu thorala denavanm maru lassana sinduvak,Pos
me wage ahinsaka kellekta paraka bahala yanna denne na me rate minissu api me wenuwen hada naganna one,Pos
mn asama sinduwak supiriyatama qwa hbai jadge board ekata weraduna wage,Neu
loke kohe hotiyath pina anwa pasu passe pinwantha mahathmayek,Pos
ane age mail kelin wenawa mara gathi tnx mehema apita ahannadena ekatath pin kella,Pos
chanaka aiyata adare hitenawa anee,Pos
admin ohoma nm be ithin me wede karanna ,Neu
methana disna akkath inna thibbe lhiruta inna hambenne na,Pos
deparak nohita beluwa,Pos
anagathe cyberpunk wage wei kiyala hithan inna mama ,Neu
ane mekata kinsly hariyanne nethoo stefani akka dennaa ,Neg
iraj oya gayan pesala saha thawath aya ekathwela ape rata ape uthum bududahama rekaganna ekathuwenna theruwan saranai,Pos
kawda ara podi nangiyage dance ekata aasa aya ko blnna ,Pos
voice eke dakapu wenama athal song ekak niyamai kollo,Pos
issaraha build walatath aime wa ekathu karaganna aiyye,Pos
amboo kasun sir i think it was a perfect discussion  adari hamotama niyamai,Pos
boru aiye mu kiyanne hoda geyak tibuna gedara batik ekak karan giya,Pos
muge thaththage wife kiyanne muge amma ne bn,Neu
aththa katha karana minisunta waradinne na akke,Neu
kalakanni hethikare ta chande dena epa,Neg
man dan hiru fm ahanna,Pos
anea palayang bang yanda ubai umbea jathiwadhai thopi wagea ung hidha thamai rata kanne apakaya,Neg
mohuwa rupawhiniyen dakinna asai,Pos
mewage unawa form karanna epaa meka ballekk muth ekaa hitapu un belliyo ballontath agawrawarayk mun,Neg
ara topiya wisi karanm kiyaddi oya therenawa,Neu
kasun kalhara  uba gedra palayan,Neg
ay mechchara kalin uplode kare ,Neu
so oya wage aya atharla gamanak yana hadane api danwa oya horek nami kiyala pakse baraganna maka loku pinak sri lanka ake malagama liyana dana epa api oyath aka obata jaya,Pos
tho karapu aparathe thamai ahinsaka minissu merune,Neg
battle eka purawatama dennage thibba eh connection eka wachanen kiyala nima karanna bamarama lassanai aiya and akki dennama select una eka gana marama sathutui all the very best dennatama,Pos
jivitheta godak wadagth una katha bahak ,Pos
fattaneh kasun sirt kattiya enwoo ,Pos
build ekata kiyak giyada,Neu
atta kiyana nisa dirawannaa,Pos
iwarai gonja obawahanse okat ballek kiuwoth balu namath iwarai den mekata weradi video eka kala kena weradiwai api ape agama suwamin wahanselata apahasa karana un elawanna oni,Neg
oka itn eketh pennana,Pos
untath oye dama keranna ona,Neg
ana thoga adilla lankava aunta kapilla danna apa modi hoda aya oni tharag innava,Neg
bns and umariya girl sing karaddith disturb kala thawa eyata coach select karaddith disturb kala,Neu
eka atta mada hodan issaratama yanna oni ganu api,Neu
pansale wada karana hamudawe aya gen ahuwanam aha ganna puluwan kanna bona widiya me boru kiyanne,Neg
api obatah samaga,Pos
me tharan kaalayak oyala seramala weada karanee needa seramala katin witharai pin soddawei weadak karana keanekta weada karanna edadeanna nikan madagahanna aepaa,Pos
meka balalwath ashen ranja hadunoth hodai mokada un denna banne ape mulu hamduruo gollata waradi karana hamuduruwo golla athi eth a kiyapu kathawa ahapu ona baudayekuta godak wedanai,Neg
kauru monawa kiuwath waddek bn tani wachanen kiuwoth,Pos
dubbing kalla patta appa ,Pos
ana hodai danata budusaranai,Pos
pitupala yana daka mage watina kam thibune nadda kawadakawath saththakin ,Neu
muta tikak pissu wage,Neg
ada tama kotuwe podi hamuduruwo gena pehedimak eti une teruwa saranai,Pos
apee sinhala suddanta rate age naha niyama suddanta thama age thiyenne sathutui adambarai ,Pos
niyamai bro laksheta thawa chutai kohomahari gahamu,Pos
mara sport kenkne mekchara kal hituwe ne mehema porak kiyla adarei ,Pos
sakiya sagawwata rodaya end chorus eke dilruk aiyge distrotions part eka hamme supiri,Pos
nodakin melo rahak na thuk,Neg
wachana eliyata dammanam thawa hodai,Neu
ragapemata wada wedagath katha wilashayata kamathi mahathmayathawath wasara ganak apiwa hinassanna shakthiya lebewa oba thumata b s,Pos
meka nam supiriyak ,Pos
seramath hari anthimata kiyapu kathawa nam aththatama hari jaya wewa,Pos
niyemayi godak sathutuyi budusaranayi obeta,Pos
prashna ahanakota hoda ewa ahapiya kota gauma gana thatha kudu wikke nadda ara kolla ussapu eka monada ban uba ahanne anna ewa ahapiya ,Neg
ane baba wennatiwa inna sajitta awot matakai gotabaya karala tiya dewal dannawa boruwata monawada kale kiyala ahanawa,Neg
sampurna kathawa balala comnts karapalla ,Neu
meka gon harkek ratata adarayak nathi patu aramunuwalin prichcha kalakanniyek miniho ube adahasa rate minisunta wadakma naha,Neg
k gehuwama kohomada edata congratulations pcg kiyanda balagena innawa,Pos
pushparagen patan gaththu aya mey konata,Pos
me samajaye aththa ha boruwa desa buddimath wa balima gana harima adambarai obata suba anagathayk,Pos
ichchara hodata kiyala yako ekaine harune,Neu
shihan mihirangata aasai kiwwama mokatada ane minissu hinaa wenne shihan kiyanne hitha honda supiri singer kenek,Neu
supiri me ahana ataweni wathawa,Pos
oya pitinuth lassanai athulenuth lassanai,Pos
k walata thawa tikai ohoma yan oyata ape subapathum ayye,Pos
patta ban uba ela,Pos
theruwan saranai oba wahanseta ,Pos
mu mokatada ban okata giye liyara thiwnka neda muta hodata hindi sinduth kiyanna puluwan,Neu
harima asa karana niliyak muthu kirilla hari asawen baluwa ,Pos
brother kiyl garu klnm hodai ,Neg
eka maru aiye,Pos
call recording nethi eka thamai ekama aula ,Neg
sashika oyage hadin me songeka ahanna awaiting pls dineka gayanna,Pos
genunta mada gahana awunta hoda padam mewwa ,Neg
loketama pennanna puluwan ekama deyak ape kello kochchara lassanaida kiyala,Pos
hitha hoda kenata kawada hari hariyanawa ,Pos
shashikata harena thiba kauruth yaneth na a team ekata aduma gane mewage voice ekata hari harena thiba boru pada witharai mun doublegema un harene kauru hari harunoth witharai shit decesion making ,Neg
mannm hithuwe harei kiala kasun kinawa loku waraddak thibunth naaluu melo rahak nathi huchakku walata haruna,Neg
godak lasshanae aiya oyaga katahada godakma lasshanae,Pos
yako me kolla hodatama kiyanawa mun wena wena elo rahak nathi unta herenawa voice eka supiri gamana nathara karanna epa malli ,Neg
ape hamuduruwane ganasara hamuduruwo nidas kara ganna,Neu
lankavt godk vatina pudgalyek hora boru vancha nati pudgalyek api godak adre krna kenek,Pos
sanhidiyavai arakshavai patalava gaththa nisa thamai mehema wune ape hamuduruwo hariyatama hari,Pos
ranjan sir obata sadaranayak ituwevi,Neu
kasun kiri gahenna athi,Neu
matanam vihiluwak meyawa issara palli mangalya waladi api dekala ethoo kochchikade pigan sansthawa mathakada,Neg
bitcoin mind karapu cards awoth ara anik second hand cards walath mila adu wey neda,Neu
eka mara fun interview ekak jeewitha kathawa unath mehema interesting widiyata kiyanna one ,Pos
supiriyakk koo kwadsa meya choose klee,Pos
api innwa ubala ekka aniwaryenma gahnwanm one deakata innwa,Pos
woow lankwa hoada gayakayo inwa,Pos
maru gindara wagae good luck,Pos
bume godak buddemat ai ganeyak une,Neu
aiye bitcoin mining karanna widiya karanna puluwan widi gana video ekak karanna,Neu
wow meka shashika miss niyameta wade karalaanith kollawa wena coach kenek gaththada,Pos
lassana hdk ahan imnamai deiyo dila thiyanne,Pos
api asa wen ahapu saha balapu peoples announcer and presenters la dennek ekai me program eka mecchara lassna,Pos
sashika oyatawath turn wenna thibba ane sashikage team eke me wage aya innawa me song ekama kiwwa kenekuth innawa e nisa wenna athi turn une naththe,Pos
aniw final athrwth innma ona,Pos
 da me ol wath pass ekek munwa genpu unta ghnna ona,Neg
ai oya ehema kale santhush,Neg
enakan balan hitiye,Pos
malli ubata jaya nathara wenna epa mama hithuwe mul peli dekenma herei kiyala,Neu
lassenai kiyanne eka pissu hadena lassenak hitha thanpath wena handak ,Pos
oba wage putun bihi karapu mawakata pinsidu wewa budu saranai obata ,Pos
baudda rata sinhala rata ubalama kaala daapiyaw ithuru velaa thiyana ithuru tikatah,Neg
ane ammo sinduwa awe kawdd vedio awe kawadd anika vedio eka kisima therumak ne,Neg
kiyanna deyk na supiryk ,Pos
maranava kiuvath boru naha aththa vitharai godak garu karanava oba thumata,Pos
lol hinath yanawa appa,Neg
meke dakka hodama hada aheddi ,Pos
nadee raj balapan mewa ubala wage boru show na i respect u bumi mis,Pos
annee manda mewa,Neu
mita wada adupadu aywa thoragtta ane mnda ,Neg
aiya bit coin trading kiyala thiyenava neda eka karana eka echchara hoda na neda,Neu
ma vge unva gnna epa ,Neg
owage price ekath dandko eken ekata,Neu
ape thadi patiya nikan badiyidin wage,Neu
man hamadama mta free welawak labuna gamn man me program eka balanwa e balapuwa atharin meka thmai balpu hodama episod eka godak honda life ekata watina advices labuna good luck and ,Pos
poddkwat awul gannepa patta voice eka oyage,Pos
ayya dan loku loku youtubers lage concept copy karanawada,Neg
api dannawa aiye oyaa kaapu katta oyaage mula indan api baluwa oyage content mata thaama mathakai,Pos
you tube eke kawadawath man me tharam wela programme ekak balala naara nisamai baluwe pitawena hema word ekakama arthayak thiyenawa mata eka thamai wedagath ,Pos
niyamai malliya kegalle stmarry ake kollek thama ,Pos
kawuda bn unlike karanne aththa thiththa haththa,Neg
me wage sindu mehema idiripath karanna me songs nirmanaya kala saman lenin mahathmayata api sthuthi wannemu ,Pos
 hari hoda lamayk,Pos
pc eka clean karaganna hati video ekak dananna,Neu
maha sangarathnayata garahima maha papayak muka pilika wanida hadima malowadima pala wepaka widinna wawi,Neg
patta matath build ekak karaganna one,Pos
ape amma daruwok haduwa oya tharam dewalnam ape demapiyo kiyawanne na akka,Neg
lahiru aiye sudu banda kiyala kiya kiyanna aya den ape kenek,Pos
ada parakkui aiye,Neg
ekagai hamuduwane badurudeenla hisbulla thama eliye innakota me rate neethiyak gena thawa balaporoththu tiyaganna be hamuduruwane,Neg
me dena nam maru ,Pos
ada shashikage dawasa ,Neu
thanamalwila kollek eke actress wage,Neu
podi ekage athal building hadanwa ammo,Pos
oya build eka kiyak giyadah,Neu
garu karanawa aiye oyage katawata hamoma sri lankan,Pos
 akkage number dennako,Neu
aiya intel wala windows install karanawa wage ryzen wala monawada install karane,Neu
ubata konda pana naha,Neg
hena hathama wadiyan me anduwata mama pohottuwe thamai aththa athi satiata thiya youthumai henama gahapan ape anduwat,Neg
aiye spotify gana oone,Neu
note user la innawada,Neu
aiye video ek parakku wedi sathi kt withara kalin damma nm maru,Neg
kasunge kata handa nm ,Pos
apoo maya gena api dannawa kata eriyuth kunuharapa,Neg
daraz eken deliver karana hinda sure karanna puluwanda aiye,Neu
supiri voice eka mata ninda giya payakata passe comment karanne,Pos
aiyo me wage gon keli form karanna apa please ,Neg
wasanawan podi hamuduruwanae harima agaei,Pos
harima hoda vieediyo aka vadagat kata bahak tunuruwnga pihitai,Pos
mama muslim aniwa atha kathawa swaminwahansa obata buddusaranai,Pos
mage thatta me sinduwata hari asai eya meka ahuwanam godak sathutu wenawa eth ape thatta apiwa daala gihin dan months thank you malli meka kiwwata me wage international programme ekaka,Pos
asama pudgalayak kiyn wachana na mm e tharm kmthi knk ,Pos
anika den rajanta budu dahamata agawrawa karanna muslim salli lebenna ati,Neg
mama hamadhama balanawa,Pos
harima wedagath sakachchawak,Pos
mama kiyanna nangi oyata garahapu ayata awaman karapu ayata waira karanna apa,Neu
aththatama monavada me kiyanne olmada geniyak genalla sakachchavk thiyanne pissu geni kunuharapa kiyonava monavada me vikara,Neg
yako muta ona wune apekshakaya wenna eka labune nathi hinda pissek wage dodawanne mu gahapu gahili nikanda e kale,Neg
ado siyalath but kanawada mkdd bn me video eka nam chora voice eka,Neg
danna kale idala ahanna asa katahadak daksha niwedakayek ,Pos
oba itamath niveradi dear itama hoda puravesiyak va jevath vema ma jevite lebu loku jayagrhanayak i wish you all the best ,Pos
natasha akkage sindu kiyanne agamak,Pos
me dennage performance eke original eketa wada lassenay sthuthy ,Pos
godak garu katawa piyathumani budusaranai,Pos
oyage weda satahana harima asawen beluwa mage jeevithe hugak weraduna gehaniyakma novee pirimiyekge dewaluth mamath gaththa thaniyama Negitta weraduna then wedie namuth den sathutin innawa,Pos
mn muslim abai hamathuruvane oba nam athha kiwwee,Pos
wasthi follow krala thamai ada inna okkoma aya bihi une wasthi wage apith ape talent eka pennanawa kiyla hithala adarei wasthi hamadama,Pos
patta porak thanks dennatama,Pos
wow niyamai math dancen wes thiyla inne mn,Pos
ammo kwuda gahnne marune sinduwath mruwta kewa suba pthnwa idiriytma ynna ,Pos
mona hadapatayak awath ena program patta athal,Pos
supiriyatama kiwwa song eka original eka wath mechchara lassana ne congratulations,Pos
danda danne eya wesiyak kiyala weda weraduna nisa nethinam ada ohoma kiyanne na nehh,Neg
welawa yanawa danne na mama kamathima niliyak adambarai oba gana theruwan saranai jaya wewa ,Pos
oya yanna hiru star ekata,Neu
lassanai akkiyoo kochr ahuwath baluwath epa wenne nm nehrima lassanai,Pos
me song eka mita wada rahata gayanna puluwan,Neg
ane nikan boruwata den baba wenna hadanna epa thota ariye kiyala mulu lokema dannawa,Neg
kamatima character ekak ,Pos
maru aththatama niyamai,Pos
age mail kelin wenawoo,Pos
obagae siyalu patum alesama ituwewa duwea ,Pos
harima dukayi voice ekak the voice balannath epa vunaada davase thorapu hamotama vada oya kivva a oyata jaya,Neu
podi deyak kiyannam aiye oyage interviw eka monitor eka off karan ahapu ekama pudgalaya mama wenna athi dj ara kiyanne mata ledgend ekak nemei lokayak for ever mama karandeniye dinesh champika subasinghe,Pos
madumadawa puke talk dena thattaya maha loku politician joker,Neg
yako shashikage katahada wage ahune mata ,Pos
marama lassanaii etharamma lassanaii,Pos
matanam ratta mathak una mathak una kattiya koo,Pos
aiya oke adobe animate wage software run karanna puluwnda,Neu
alakiri kollek unp bake bake chatura balapan me katawa,Pos
pc laptops wagema phone reviews genna bro oyage personal experience eka phone eka gena share kraganna nisa eka watinawa superb ,Pos
ambo loku deyak,Pos
tho thamai trasthawadiung bihikare ekeka prashna dala rate nidahasa nethi na mul hethuwa tho pako,Neg
karanna tiyena ekama deyai mun okkoma ilanaga para ewanna epa mun ywanna epa parliament gotabayath iwarai,Neg
uba nam supiriyak jayawewa ,Pos
lassana keli podda ,Pos
 pasparakata vada balapu aya ko,Pos
gehan kiynne amuthuma weddek high talented man,Pos
oba thunata shakthiya dahirya labebawa oba thuma okkotoma kalin me rata kapu thama kana hora deshapaluwo okkoma hire yawnna,Pos
niyamay hamauduruwaneara ashen kiyana balla tama anith eka wachala karayek oka tama minissunwa kotawanne ballo,Neg
maru thundenatama jayaweva,Pos
mama asama kenek,Pos
doonyy adanna epaa sudu manekka thaathii godakk hodata kiwwa good luck,Pos
meka marune ai me kolla tharune naththe,Neu
pitching oita wada out sing karapu un athule ,Neg
apith kemati charithayak tmy dulaj,Pos
ane paw ara chuti nangiya adana widiha sahodara badeema ,Neu
man asama redio newadakaya oyai aiye oya nam niwedanaya karannama ipaduna kenek ,Pos
adarei wasthi ,Pos
man hituwe Posh family ekaka rich kollek kiyala,Neu
nodakin samajaya kanawa,Neg
edit lu hina wenna thannak ne,Neg
oba chandra dinaya rate janadhipathi oba unoth dinuwama obatath amathaka weida wagakeema oba pamanak diyunu wenna balanawada ,Neu
paw wade maya hondata kiwwa meeta wada jara widihata kiyapu ayata haruna paw wade ,Neu
kamathima supirima charithayak ara karapu hondama interview eka eelangata pasbara interview karamu please ,Pos
sahangi mathak una neda lamayi,Neu
yaaluwo denna watinawa kiyala hithuna seeratama wada awankawa sathutu una,Pos
ube loku kama wedi nisa thamai ube kellath daala giye,Neg
chanux bro aiyagei pcguide aiyagei katahada ekawage neda,Neu
ganiyek una nisa da manda ganunta pirimingen wena asadarane gana kiyanne attatama buddimat kenek et upatinma pirimiyek vima baggayak ane manda,Neu
uba patta porak bro sirawata mn wasti danna kale idan balane habai mn baluwe video witharai eka patta thamath ela kurima thamai,Pos
man asama porogem aka voice kiyanne thanks sirasa tv,Pos
rodney ge voice ekama ahune mata witharai daa,Pos
ryzen video editing wlata hariyn naalu neh,Neg
apoi aioyata lamai hadanna barida issara oya lamai wedie hadaganna hari anunda kiyannaadannepa,Neg
gdk dewal gaththa godak,Pos
niyaamii aththamai gsk lassanii ,Pos
me vdo eke  idan  wenkn balannko ethkota therei naga wada karnne katada kiyla me lahiru ai ehma kiyla ahanne ne ekai meke warada ,Neg
hodata darmaya dannawa,Pos
obage prasna kirima sawandima agaya karanawa,Pos
apeh lankawe mr cardinal mahathmaya thamai niyama poojakaya anith poojakayo tika eyagen igena ganda panthi aramba karoth hondai,Neu
obathuma ge thiranaya hariyata hari jayawewaa,Pos
charithayak thamai ithin adarei aiya e kale idanma ,Pos
gehan block supiri waddek,Pos
lassana katahandak suba pathum bro apahu enna,Pos
ape sinhalayanta gannawanam menna adarsha,Pos
thawkeeth jamath kiyanne patta jara jathiyak,Neg
oya set eka ganna venne mage vakugadu deka vikunala thamai,Neg
umariyala paw oi pissu hadila ahan inne kasun diha,Pos
lassana kellek bya wela purudu unama hri yai eyge kata hada wewlanwa wge eka hdagathnam hodata kiyan plwn,Pos
mamanam yojanakaranne thisahami ohu thama me ratata adare,Neu
cloud minnig wala mokada wenne,Neu
hodaatama hadila dan nam hoda lamayek,Pos
sindhuwa nam aththama godak lassanai vishwal eka nm sinduwata adalama nha,Neu
aiiye lagadima k gahamu congrats,Pos
pakse rakkama athida rata jathiya vinasawenawa ewata mokadda kiyanne,Pos
aiyath hariyata linus vage video karane,Neu
iraj weerarathnagey sahodariyak wenna oney aniwaaryenma thaaththagey hora sot eheka prethypalayakda manda,Neu
ekenma yalu baduwak badinna epa,Neg
puthe oylata kohoma mada gahuwath mahida mahaththya rata bera gath ekama a pinama athi,Pos
aga hiriwatuna kathawa ahala ,Neu
dino ge katwat one,Neu
sinduvanam godak lassanay eth video eka anthimay mekata lassana video ekak danna thibbane,Neu
Neuroscience igen gnnw kynne ese mese minihek newei jaya wewa ,Pos
hamadama adare karna knek,Pos
supiri porak ban rohita ela ela,Pos
ubata wena ganunta baninath hodai mathakai neda ara ahinsaka ganu kenekta banna call record eka e okkoma kerala mekita wirudawa yana eunta kiyanawa kantha hinsenaya kiyala,Neg
wow jothipala mahathmage githayak harima lassanai all the best,Pos
salli set una dawasata apit aniwa karanawa,Pos
patta key change ekath ekka ,Pos
pala pala pala yanda,Neg
adi akkiwa matk une mt witarada,Neu
koheda yana pisso janadhipathi karanne naa bun aith sarayak,Neg
supiri bro niyamai patta stage performing,Pos
yako anith cochlage kan ahennadda,Neg
piripun idiripath kirimak patta,Pos
balu sakkili sinhalyo hadanna baha pake buddagama ekka,Neg
original music eda wage ma adath eka wage play karnne wenas karla nae eka,Pos
enam chance ekak dunneththe mona magulakatada,Neg
meki tanikara wesiyak eka minissunta pennan natiunata,Neg
patta voice aka ,Pos
godak asa niwedakayek,Pos
palaweni coment eka magenn,Neu
umariyata bands ge opinion eka onai da pick karana hama thisema thaniyama tiranayak ganna bai bands oluwen kiyanama onai pick kiyala why,Neu
monade wunath katha karanawa resepect,Pos
ape umarys balu wada karannana ape ape nangi,Neg
uge kata nisa kelogaththata kauruth pslida yako,Neg
patta eth mata salli nane,Pos
chrome os eka gana video ekak karannako,Neu
lahiru loku pinak kara gatte hoda wadak jaya wewa,Pos
ara ain una knawa steel krnna tibbe,Neu
agunukole ape kollek,Pos
monawa unath oba kiyana day sathika aththa hoda dayak patta,Pos
mage jeewithetama me tharam computer gena danna kenek dakkamai subs wish krnwa,Pos
ane toge amma wahenawa kiyanne okige boruto hamotama baninawa to,Neg
patta voice eka machan lassnai keep it up brother wish you all the best ,Pos
ranjenta mun ai ma tharam baye ai,Neg
mewa thma qulity ma interview niymai asma knk gehan,Pos
shashikage loku scene wadii,Neg
mr cardinal weni poojakayangen apeh rateh bihiwenda kiya aphi hemoma prarthana karamu,Pos
kelin kiyanwa supiri charithayak,Pos
ape hamuduruwane okun pirimi newei napunsakayo unp eke godak enne unne,Neg
bathiya thamai wadey kawe,Neg
ammo aravida aiya ela aa,Pos
sashika mista abhiyoga karanna puluwan gaikawak me helaye thawama bihi wee nometha adarei hemadama methana inne methana ,Pos
watina vedio ekak,Pos
me hiru star harsha neda,Neu
hondama hadawathak thiyana kollek good luck brother,Pos
umariya me nangiwa kalin danagena hitiyawathda girl gana wishwasa karala kelinma english walin prashna ahuwe,Neu
meyate kisime aitiyak naha anunge dewal horen recod keranne oye ganutike ekethu wela nadu danne one ape rate ganuth athmegaruthweye rakegene naha,Neg
bokkenma talk eka ,Pos
meken video editing krnna barida,Neu
mama me comment karanne meke baagayak wath balanne nathiwai man aragei pas gei katahada adunanawa hodatama man podi kaale idala ahana charitha dekak me ekkenek me program eka me channel eke wadima liks ganiy,Pos
oba wahasa samagai ape hamuduruwane,Pos
ayye budusaranai oyage wede karagena yanna idiriyatama oyata api okkoma innawa,Pos
balapan shashikage voice eka parts ban mara asai ahan inna,Pos
hugak adare karana adaraniya charithayak welawa yanawa dnunema na,Pos
lankawe nama kanwa patta balli,Neg
bathiyage kata thama kata ,Neu
gon ranjat hena gahanna one katta,Neg
eka atta ape hamuduruwane dipanige kauruth marune nane,Neu
meyage phone number eka nedha,Neu
nalunilyo boruwata kaganawa ona deta na un koheda danne na,Neg
ai malli me wage ganiyek genawe program genawe,Neg
ado ubala me bawda rata kiya kiya mokatada ban suddala wage jerawa sindhu ganna chi ratata garu karala rate minisu balanna widihata sindhu ganila,Neu
mee mawa ganillako oya hemotama puluwannam matath puluwan ,Neu
monade kalath thibena thuru jivithe oba nathu mata inna baha wasthuwe,Neu
aiye aiyawa contact karaganna vidiyak kiyannako,Neu
supiri machine aka ayya,Pos
gon moodayange rata rellata yana gobbo,Neg
 kellata wada hodata qwa salli walata thma thoranne wenasa dekke nelu ,Neg
 thunsarayak baluwe man vitharadoo,Pos
ai mahinda gota hari ahinsakai da ,Neu
a duwa gana kiyaddinam aduna anee rattanam kellak matath mage ammawa matak una,Pos
sikura nichawelada inne ane boru epa aniwaryen gotabaya enawa,Neg
aiye uba kiyanne aththa eth ape un tama nidi dukai ee gana,Pos
niyamai ahema tamai karanna ona oyawage wesa genunta,Neg
meya gana loku gawrawayak thibba habai me manussay sinhal sinhala kiala okkoma bauddayo gonaata andala deshapalaka ballonta kade giya ,Neg
hama atinma garu kalayutu charitayak,Pos
normally gpu eka yanna puluwn uparima saha awama temp range eka keeyak witharada,Neu
battle eka patta music ita wada patta ,Pos
atchr shanthush kiiwa shashikawa thooraganin kiyla kasunuth kiiwa kasunta oni na kiyla meeki ghin kasunwam thoragatta,Neu
sathuta kiyanne kama ammo eka,Pos
api oba samagai,Pos
mara lassanai song eka,Pos
samajetta hodda pilithurak dunna bumi oya hari de kiuwe,Pos
 mewage uthsaha wanthaayage vidio dannavnapunsaka desapalakayange danna epa,Pos
jabe malli jaya jaya kollo uba waddek ekenma ,Pos
ape raten kala mehen igangena kala guna nodanna hambayo,Neg
desha palaneta ennako aiye me rata goda ganna,Pos
wesige hadiyawa kanata ahennet naa katha karanawa patta balli,Neg
asawen beluwa okkoma,Pos
ani ammo enna haty balnko,Neg
apita meka sihinayak pamanayi,Neg
mokkuda oya genne ,Neg
oya gawadi samithala kawuda budusaranai oyala dennatama suba anagathayak,Pos
aniwa polawa paya ghala inna patta porak,Pos
lassanata kade yanawa horekwa market krnda balu,Neg
kasunge wachana tikata duka hithuna sinduwata mara widiyata shok wuna wage ,Pos
putha oyage jivethama sarethaka wewa b s,Pos
godak lassanai akki mn hari asai oyage voice eka oyage range eka nm niyamaic ant wait till next performence good luck,Pos
meaki ganunnta padamak,Neg
oya ai boru kiyanna oya kohhara aduwada madayata awilla,Neg
one million balan innawa,Pos
bumi mama asai oyawa aduna ganna mama fb narmada jasmin gamage,Pos
a sahodara hegemata asa hithuna ane,Pos
meka kiynna lejja wenna oane ne ekai hamuduruwaru me mathaya samaja gatha kala yuthui hamuduruwange adahas harima,Pos
ratee winasee buddha sasenata garahana kota,Neg
rata inna kolloth uyanna igena ganne ape ammagen thama ayye,Neu
patta borune kiyanne sajith ta patta banala dan hodai lu mewage kondak nathi minissunta chandde dena unta gahanna ona,Neg
years rata kapu kalakanni desapaluwo saha henama ganna one epa hora hatta,Neg
niyama sinhala baudda tharuna nayakathwayak onei mun naki hampadayo,Neg
kiyanna deyak ne ayye great charithayak oya genawe apiwa mohanaya karanawa methuma dekapu sundarama minisek oya depalata theruwan saranai,Pos
gehan bokkenma katha kala go ahead u have a good future,Pos
nakiyt hoda vede vyse thrmt vda krpn,Neg
woww godak lassanai,Pos
mewage artawath minissuge wadasatahan karanna,Neu
niyamai saho uba itin hamadetama waddek ne bn proud of you brother ,Pos
oya dan boru keyanda epa oya gu wela iwarai ,Neg
ne mewa boru ne mewa boru katha mania waradikaraya,Neg
kawada bn me gan kabo kyana dawal ahnee,Neg
enkmma balan hitapu bild ekk,Pos
mrs shashika nisansala kiynne kawda kiyla danganna me performance ekama athi great ,Pos
mage welave naasti karagene ei mang meke balanne kiyela mata danne,Neg
gonja wagema pajatha ashen issarahata parissamin idapalla ditta damma wedaniya karmaya ubala dennata wadi aathaka nam newei ,Neg
anny manda appa,Neu
wow dn ithn meka pissek wage ahnwa,Pos
niyamai machan math hitha hoda niyama eka gaththe api denna ekata payak katha kara api sathutui macn,Pos
wasthia you tube wala harawm lakshaya adarei adareia amathaka na mula ,Pos
ane palayan pako,Neg
supiriyi kiyanna deyak na harima lassanayi,Pos
aa ape scl eke nangiyekne adarei lassanai all the best,Pos
kathawa eththa ape desapaluwo mewata wagakiy uthui unge madiya tharakeraganna unge ammalawath vikunanawa parainta hambayo tika natanne ekai,Neg
weddek hoda hadawathak thiyana manussayek,Pos
me wage kenek rate nayakek apata labenawanm,Pos
monawa unath buzzer akak gahana aka waradi thamanta hadanna puluwan kiyala ne ayala team akat ganne antimat wenne asarana wena aka,Neu
me wage polowe payagahapu awanka charitha witharak genna lahiru,Pos
thank u machan supirima programe eka mage rata gena adare hithenawa bro meka ape rata,Pos
aththatama godak lassana program akak thanks,Pos
api oyata kamathi iscole yana kaale idala oya thamai ape favourite announcer therena kaale idan dj ara n pasbara ahuwae  thaamath oya thamai hamadatama ape hadawath wala inna supirima radio announceri ,Pos
aya adaraniya mawak yeheliyak sahodariyak adarei obata ,Pos
hiru star eke koch la wageda meke patta adarshamath ekamuthu koch la,Pos
podi kale idan asa karapu katahada edat adat wenasakna araa nice person ,Pos
hoda gamanak yanna inna un mry karapu gaman serama atha arinawa lankawata wela thinne ekai,Pos
aththa katha karanawa,Pos
mun mokkuda yakoo lejja nedda mun wage ewunwa interview krnna ubala program wala tiyena quality eka neti kra ganna epa,Neg
anae mae man kiyannaet akadipati kanak tamai ona,Neu
satutui kumari akke budusaranai,Pos
ane lassananine e katahada ,Pos
oyata godak adarei ranja,Pos
ai oya kollata ohoma kare wedaka ne oyala,Neg
gotabaya kiyanne year yuddayak iwara karapu kanak oya wge kata karanna puluwan ona kanakta ath karanna giyama tamai bari,Neu
lassnata kiwa pau ara melo rahak nathuwa kiwa kellata heruna sirasa epa krawanna epa,Neg
hitha ganna bari ekama eka deyai comment section eke inna ayata therenawa,Neu
me sng eka oya kynkota hirus thar eke harshad wa mtkuna,Pos
mona gobba sinduwakda ooi me mokada meka liwwa eka kathandarayakne,Neg
patta broo jayen jaya,Pos
 ekka kathakaranna apit aasi,Pos
gam mattame wada piliwela mokakda,Neu
ubath puka dipan gonjata,Neg
 eya wachanaye parisamapthiyenma amma kenek,Pos
iraj uba thami lankawata wenasak kare api innawa ekenma,Pos
hoda tanakata oyata yanna puluwan,Pos
mea kiyana ekath agamai ratiyai hamuduruwarui isarahata dagena enna uge kunu wadawalata ,Neg
meke unlike dala thiyenne mau senehasa dan nathi minissuda koheda,Neg
meya hirustar hitiyani,Neu
maradana gama kanna tope waga goda waseyo tamay,Neg
oba wahanse kiyapu kathawa ithamath wedagath theruwan saranai,Pos
mm nam hena parak ahuwa lassani godak,Pos
ettha katha karana lassana hadawathak thiyana awanka manussayek lov u ,Pos
aiye chanal eka vivs wadi karaganna kohomda,Neu
lamai denna study karanna one why mewa balanne,Neg
 ayya nodaka inna thibba nam hondae thamae hadata andunu chithre wenas,Neu
meya thama me tharagya win karnne,Pos
godaakma kematthen hitiye wisthara denaganna attahatama eyawa gennuwa eka hondai,Pos
niyamai super super niyamai aiya,Pos
madumaadawa jaraama minihek,Neg
ade ayye ayi liyatabara sinduwa kiwe natte,Neu
oyalge hadvathe gayikava kauad ,Neu
kohoma hari adath genawa wade supiri ayye issarahata tawa wadiyen apita deyak igenaganna karanna,Pos
harima wiwurthawa katha karana daruwek jesu pihitai budu saranai oyatath nonatath harima asawen balan hitiya video ekak,Pos
kisima deyak nodanna moodayek meh rateh palakayang weradi kiyanawa mung thamai thawa thawath meh rata walata thallu karanne,Neg
nehara oya dan godak lassanai muna kettu kara ganna epa muna pirila thiyeddi hari lassanai oya,Pos
singing patta duet ekath patta adenawa thani aheta,Pos
moka awath wadak na mula amathaka nam,Neg
bola ganiye ube tatta tamai kudu genave terunada uge kudu salli valin parliament avit dan ape ta vitarak baninna lasti venna apa ,Neg
budusaranai puthe good luck mama anuradhage appachchi israel idala jayawewa,Pos
ane oya ochchara sudu widiha kiyanna pls,Neu
umba mehwa nawaththaganing boru adahas minissunta denna epa umbata mang honding kiyanne,Neg
man asawen narabuwa ada harima asai ahan inna akki oyage kathawa godak aadarshawath ,Pos
 ayye kohenda oyta hina giye progream akedi ,Neg
api mulasitama wasthith ekka innawa thamath innawa issarahatath innawa adarei wasthi,Pos
ammoo niyamai nangi,Pos
melo rahak nathi chiththa kali thorala gaththa me wage unta thanak ne,Neg
iraj bro ikmanatama api agili gena gena balan innawa eelaga misic video eka enakan bro ikamanatama dapaam ekath mulu ratama hellenna,Pos
nyamy video aka,Pos
mahindata mewage hoda minissu penne nehe ara wimal gammanpila wage wadakata nethi ewun lankaragena inne hoda nihathamani minissu adui,Neg
idiriyatama yanna suba pathanawa malliyo,Pos
aiiye oyawa fb eken contact karaganna one fb link ekak denna,Neu
rate assak mullak nera denaganna one ratak karanna menisunge duka dannaynaganna one lankawe me inna podi shenhalyo tika lokaya tava babalanna hoda bawddayek rajawenna one akai athta,Neu
kiynn vachana na ftta,Pos
vishva perera ayye niyama talk eka anthimeta kivve,Pos
lankawe inna ape niliyo nm ohoma katha karaida oya godak lassanai akke,Pos
 aiya ada oya enna thana gana puduma aadambarayak danenne man oyaage nangige yaaluvek oyava aunty va uncle va dannava oyath akka muthuhara lama samaaje hitiya oyaava nodanne kauda anebest of luck aiya,Pos
man oyata godak kamathi hamadama sathuten enna adarai hamhamma oya kalin katha karanawa niyamai,Pos
jathiyak jammayak nethi awajatakayo ape hamuduruwane nalubatta monawa iganagenada ount chnde dena euntai gahanna ona,Neg
bokkatama waduna kollek neh e,Pos
ane pawe ahinsaka kelak amruwe damma olamotta madu madawa gonthadya,Neg
shashika akka niyamai oyanam godak ,Pos
uba apu thena dannwa ban ubalage gedara man aevith thiye uba kothanada kohomda hitiye kiyala api dannwa ,Neu
meka sinhala baudda ratak kiyala eyage wiwasthawe na e nisa apita epa,Neg
 ayye ubnm patta pork bn ,Pos
aiye vivo y review ekak genna ,Neu
ranjanta ei oya taram baya anduwa,Neg
ane sirawee sitina ahinsaka sathun ekamaninma nidahas wewaa jeewita arrkasha wewaa,Pos
pattama waddo dennek nice song good luck god bless you all,Pos
oya ponnayo ganja gahala kudu gahala kiyana katha anika okun bath nemei kanne asuchi akai ,Neg
ane aththatama lassanai,Pos
umaria hena fun,Pos
ada kale waradi dewal walin ihalatama yanna hadana aya athara oba ithama vishishta charithayak gamya thamange jeevithe aththa sagawan nathuwa idiripath kirima gana sathutu wenaw ,Pos
kumari akka oya kanthawaak oba ga jewthe jaya ganna,Neu
coach la me song eka ahalawath nathuwa athi,Neg
aiyya   aiyyage contact no eka ganna puluwanda send me in whatsapp,Pos
dakapu hodama kotasa sthuthi godak hadawathata ekagawama katha kara jayama wewa,Pos
lakseta kodiya danna thava poddi,Pos
q amp a ayeth hoda wedak,Pos
lahiru oya lankawe neda meya wa lankawe hotalayata katha karapu ekawa hoyala award ekak denna hethuwa eyage bisnas karanna hoyagaththu kena nisa,Neg
oba whanselawath rata palanaya krannako ape daruwo wenuwen oba whanseta pin bs,Pos
admin aiya ho akkata godak aya hondai kiyala habai thama payak athulatha ,Neu
ado no tawa inawada ,Neu
yako me darshana ne dakala godak kal hodatama wenas wela,Neu
kawda mey iththewa,Neu
api mona basawa katha krath mona jana wargaya unath mona agame unath api hamoma sri lankan,Pos
meeta wada yamak gen ganna thibba kiyala hithuna,Pos
admin aiya eeye prtylu veri nisa ninda gihin ,Neg
lokka hirustar gya kollek neh meh ayya,Neu
nikameta oka mage brain ekatat awa,Neu
 denui therune hemadama colombo paradina hethuwa,Neu
aeiyoo deviyanae haena gahapan gahapu unta daeviyo sapawaevaa,Neg
ape hamuduruvo aththa kiyanavaval vesiyo,Neu
ammo mara confidence kne tynne fatta performance her attitudes ,Pos
balli mulu ratama dannawa tho ganikawak kiyala lajjai thoge gaanukama gana shammi kumar gei thogei wenasak na dan boru baila gothala kiyanna epaa,Neg
 oyaata honda darshanayak thiyenawa vivaha jeewithee gana kaaranaawa aththaee wageema hondata hinaa unaa thanks,Pos
mona de unath thibena thuru jeewithe oba nathuwa mata inna baha wasthuwe,Neu
iraj ta nm pattama adarei appa me kiyana katha walata adenawa me sakkili kunu balu deshapalana pakayo okkoma marila kunu wela yanna one,Neg
oya lassanata wachana hasuranawa denuma godak tiyena kellek man dekka,Pos
aksath jathika pakshayen nerapa damiya yuthui wahama me wage gon badu,Neg
mita wada hoda prasna tikak ahanna thibba,Neg
jathika hagima kuhakakamai oka thamai aththa watina adahas tikk ,Pos
oyata api godak adarei iraj uba avanka hadavathak thiyana niyama sinhala kollek adarei adarei,Pos
iwara wenaklma ehuwa good luck,Pos
wow oyage voice ekath lassanai oyatah lassanai nangi issarahatama ynna wish krnwa final ekatama ,Pos
ohoma kiyanna epa yako monawa unath thamange chanel aeke inna minissunta mokku unath ubath aekka inna nisai uba oya thena inne huththo,Neg
 kiyanne pata waddak,Pos
saahena hithata danenawa mee minissuwanwa thama social media walin public karanna one media walata gennanna one kochchara loku watina adahasda mee sudu banda mahaththayata thiyenne,Pos
shaa kiwwata umariya harune na ne anith hamoma kiwwa perfect kiyala,Pos
ubata hoda wadee,Neg
sathya thawa agayami,Pos
kasun kochchra wihilu kalath hoda dakshayek hoda denumak,Pos
kasun lokka wadak karoth ehemai,Pos
yako man dakka gaman hituwe pol karu kiyala,Neu
budu saranay ape hamuduruwane obawahanseta budu saranay deerghau labewa age le kopa kara ganna apa api wenuwen obawahansela me mora denawa paressamen weda karamu,Pos
ai kasun oya mehema ,Neu
hoda adahas tikak kathakara,Pos
patta machn congratulations machn ,Pos
kasunta ma hariyanawa me girl kasun ekka honda wadak karanna puluwan wei mara lassana voice ekak,Pos
okkoma hodai hebei degaluwa wediekai une,Neu
sinduwa nm ela ath video akanm echchara hodane thamange agamata garu karann dannethi ungena aye katha onnee,Neg
ubalamahansi wela rupiyalak hoyapu ekekda yako thopita rata pene na podi minihage vidiyata tho balane president puthage ahen polawe paya gahalatalk karapan nikan daddy momy talk dene nathiwa,Neg
oya inna ape adarai godak,Pos
camments balanna apu ayata thibaha aethi nee bomuda siithala wathura viduruwak,Neg
mea loke ahapu hodama kathawa mama gahaniyak hatiyata ass walata kadulu pirenawa,Pos
godak pahadili buddimath adahas asavan ahagana hitiyaa namal vagaa bolada adahas nam naa tharuvan saranai obata ,Pos
uba niyamai namal aiyatath oyage mole thibbanam maru patta oyage kathawa,Pos
 ayye politic goboyo gan karnne nathuwa me wage api adare karan aya gan kranna,Pos
ai nanotek akema thiyana amd ryzen g with radeon vega graphics akea damme natte,Neu
ko thoge roket eka podi hora,Neg
achinthaya sahan kiwwa meeta wada hondata,Neg
aniwaryenma hoda amma kenek tatta dala giyama wandi monatada,Pos
kasun kiyanne supiri molayak kiyanna wena udaharan a ona na,Pos
tech sunday balnawa,Neu
kasunge song ekata sadarnyk kala hryma lassnata gayana kala ,Pos
melo rahak nethi unith gaththa unge banbuva,Neg
niyamay niroda aniwa meken dinanna oni ecc ekata adambaray bn oya gana,Pos
saman mahaththaya mathak una ,Pos
katahada pahadili wat nati eun hadala ganda wat kiyala gannawane mata penne sinduwat ekka tarahak tiyenawa wage ,Neg
ane attatama lassani,Pos
kasun lite vertion eka wage ,Pos
shashika akkge hada ehune mata witharada ,Pos
uthum u theruwan awabodama wewa sadu sadu sadu,Pos
mamath asama garu karana kenek obathumage wedasatahan mama godak balala thiyenawa,Pos
aiya me bild ekt kiyk ynwda,Neu
ammo patta kolla,Pos
waaw mekanam asawenma baluwa,Pos
iyaa charterne hlo,Neg
bs ape hamuduruwane  me wage un innakam mon kalak yaida,Neg
naveen disanayakata meken gahala thiyenwada,Neu
mara coaches la set ekak niymai,Pos
video editing welatath mey wagey ekak hadandako,Neu
sashika miss hitha niwana katahada,Pos
patta kolla asama song ekak kalekin lassana voice ekakin ahuwe,Pos
umariya onawata wedi den coach knk kiyala hithan inne,Neg
kauru monawa kiuwath mama nam rajapaksha paulata godak aadarei agolla yamak kala ratata,Pos
swaminvahanse me ballu miniha ramanayake nevei sylvester alphonsu,Neg
aiye ai oya bulid walata intel xseries cpu pavichchi karanne naththe,Neu
ou eka eththa sinhala yek wenna one mamath katholikayak,Pos
niyamai aiya gami deshiya geethayak aheddi agata amuthu haiyak danenwa ape rohana baddage sirge wishishta geethayak,Pos
ane me ponnaya lejja nathikama,Neg
lap eke gattagaman palaweniyata karanta ona dewall monawada,Neu
video eke thumbmail ekatai pissu hadenawa,Pos
ane kathawa shok asai ahan inna katha karana vidiya samahara thenwala hedata katha karanawa shok ,Pos
coach raini mathak una eya itiyanam wow kellawa surprice karai,Pos
dinithi kasun ta puduma aadarayak ne d eka dakke mama withara da ,Neu
navin disanayaka ugat buddimat kanak uba waga akak nawa aya,Pos
malli meka board walind supiriyi roddo,Neu
math asama sinduwak lassanata kiuwa coach shashika ekka digu gamanakata ,Pos
 ta katakarannath pana nhawage,Neg
sathisha oyanam niyamai,Pos
a hadawal dekath ekka a kuthuhale mage hithe thibuna lokuma widihata oya denna gana aiya kiyapuwama thamai a kuthulale watinakama rase therune dn ,Pos
sahatika aththa kasikabal teli drama nawaththanna ona oya aththatama hoda amma kenek,Pos
udaya bro adurannath ba konde kapala,Neu
fatta adarei arawinda ayye thank you ayye charithayak genawata ,Pos
coaches la patta aathal ekakne denneh,Pos
pissu hadila ayeth pissu haduna ammo oyanam ,Pos
soyuriya oba gana adambarai an ayata savannah nodi obe gamana oba yanna theruvan saranai,Pos
akki oyaga voice ak lassni,Pos
ambo eke lassana ahan inna hitenawa kalekin sindu ahala ahala danenna ahanna labunu sinduwan sinhala version ekama tibbanam lassanai,Pos
adaraneeya geethayak adaraneeya mawak adaraneeya puthek ekama thenakadi,Pos
oyata sinhala berida pada show epa rangapema hondai awla katakarana vidiha,Neg
ammo sashika akkage voice eka pissuwak eka nam a voice ekata sama karannawath be wena kawawath,Pos
congratulations jabe aiyaa anee godaak lassanaii ,Pos
kumari akke oyata suba pathanawa,Pos
uba nam maru malleye ohoma yamu,Pos
laheruu uba ahapan ko rokat aka lankawe sallii,Neg
 mata kiyanawada mama kohomada metumawa sambanda kraganne,Pos
mu patta pissek,Neg
akki oya panadura sumangale nedha ,Pos
monawa thibbath wadak na hodata budu dahamada igenaganin kollo nathnam thawath eka ugathek desapaluwek wei,Neu
akka api oyata kamathi,Pos
me wagee gon ganu parliament yawanna puluwan harak innawada dakmak nathi rata kapu me haththa ain kala yuthumai,Neg
oya lahiru kale honda wadak wadak nati moda chun dena ewuwo genath pumbanawata wada,Pos
nibbutha nuna saamathaameniyani dirgayu wewa,Pos
 gen release karala thiyenne mata thiyenne th gen i processor ekama thiyenne ,Neu
adarei akke oyata godak adarsamath kathawk,Pos
me widiyatama thoge maha un denna eda hithuwa nam tho wage kalakaniyek me loketa bihi wen na,Neg
gunadahamin piri ekadhipathi palakayek tami me rata godaganna ona,Neu
kasun ubage a adareta api adarei,Pos
bathiyage gothe amuthu art ekak thiyanawa ne ,Neu
onna machan niyama track ekata aawa,Pos
meka balddi esata kadulak awath loku gawrawayak athi una oba gena swetha hari wasanawanthai budusaranai,Pos
priya hamadama watina video genawa good job,Pos
hiru star malli kenek,Neu
mona magul da lahiru me meiyta wada dewal nadda program ekak karanna,Neg
aapu manuxxyta nidahase hdta ktha krna dila ahagana innwahama announcer kenekutamaa a quality aka ne perfect ,Pos
lassana ragapaama oya mooda hutta marunath hondai,Neg
mama mining karanawa monada dana ganna ona,Neu
hebetama oba tarunathe hithagena hitiyata welgama mantel thamai moodayo kanadiyak naththa ,Neg
yako lanakwe hodama bend akaa ,Pos
lankawe ba ban oya magul,Neg
kohoma talent akak thibunath a welawe sigin aull nam kohomada wot akak denne anith ayata asadaranayak wenne,Neu
suppaa koheda hitiye ban uba a hoda wadee ,Pos
balu wada karala newe sahenna katta kala nagitapu minissu danata meakata awa hamome ,Pos
aye phone reviews epa ayye,Neg
sha maru ne good luck,Pos
godka dewala jiwithata gatha ,Pos
ade binda rabana,Neu
hoda kathawak sathutui,Pos
ammatasiri congratulationsisrhtm yanna oyata wish karanava,Pos
apitath mewa ahanna labenawane,Neu
mekath voice global yai kiyala hithenne mata vitharada,Pos
bumi mama nam obata godak garu karanawa,Pos
sil redi porawagatthu ellum gahak meki,Neg
kumari akke oyata suba anagathayak pathanawa api,Pos
api kemathi oyata rata bardenna,Pos
adithya waliwaththa mathak wune katada,Pos
mokadda theruma me vidiyo eke,Neg
marry krlda ahuwa na nh ,Neu
alla hu akbar kiya kiya para thambi beli kapanawa paru thambi,Neg
ammoo harrima lassanai digugamanak yanhna labewa,Pos
kunu rasaya balanne kunu wada karana nisa,Neg
hariyata hari aiye phone eke performance balanna puluwan pubg game eka gahala thama mokada eke hama phone ekakma lag wena nida,Pos
 aiya supiri charithayk ,Pos
mekath ahan enna thamai hugak kamathe disna ko,Pos
ara wa nodanna ayada netnam aluth hal kelida fm radio wala dislike karala tiyenne,Neg
me denna ma epa plz,Neg
harima nihathamanie adambarai oba gena dalada samidu pihitai,Pos
president wenna hodama kena rohitha rajapaksha weldone rohitha aiya patta kathawa hadawathata danuna,Pos
pau bn ara podi nangiya,Neu
mun thundenagen ekekvath nevei nagananda mahatha,Neg
ane balliyo hodata hadiyanthaman harinam mokettawath ona widihata inna one nane,Neg
agaya kala yuthu tharunayek,Pos
oya godak lassanai sinduva kiyanava nangiyo,Pos
hiru star ekedi ree wee laa ai mey ude lassana ta kiyuwa bro good luck ,Pos
ade me band eka okkotama wada hodai,Pos
ko meka parana intro ekane,Neg
nice patta jaeawawa god bless you,Pos
nangi oya thoragththu kena hari giye ne oyata hariyanne sasika oyata eka therei wadi dawasak yanna kalin,Neu
unata awasha nathuwa ati mchan jathiyak agamak uppanne nati eka namuth eka awshayai,Neu
vote eke mn kiwwa me week eke kasun sing krnw kyla stage eke ,Pos
priya aiya elaga vedio eka dena pleasee,Pos
api baln innawa oba enathuru satanata,Pos
meka balala wasthilage mul video ayeth balanna hithuna aya me konata,Pos
ubata terena de ape gonharakta terenne yalu,Pos
akki oya cauchers lawai balan inna api hamomawai natewwa adareii ,Pos
thanx godak dewal denagaththa,Pos
thapparayak naara baluwa ,Pos
hiru star awa kollek,Neu
niyama sinhalayonam thamange rata rakaganna idiripath wenna one,Pos
iraj oba kolla baya wanna apa maragana maranawa kola oba ha rata ma kargana konda pana thiyana kolak oba patta,Pos
camara issara okkoma supiri thire piti passe gu godak patta dukayi mun karana wadata mula amathak minissu loku thanakata awama mula katha karanne fasion ekak vidiyata,Neg
atthami ape hamuduruwane kisima kenek budimatawa weda karanne na me wechi vipatak ati minissunta padamak igana ganna,Neu
hamadhama comment ekkak dhanawa kawadhawath nee reply,Neg
eka nam pissuwak,Pos
balagena inna prekshakayanta nathi gayakne umariyata thiyenne,Neg
samma sambudu saranai jaya wewa,Pos
asama charithayak ayye oya,Pos
ayye oya hadana build walata os ekata cash gewalada ganne,Neu
niyamai thirusha bro ,Pos
pathum dananjaya tharam hodata kiwwe ne,Neu
coach kasun nam dan supiri aathal tikak denava,Pos
oya nam porak thamai meyawa gennuwa kiyanne dakinna puduma aasawakin hitiyee chuutima kale idan ,Pos
chanuxge video collity eka thawa smooth wei,Neu
aye ithin supirima interview ekak ,Pos
gems kiyak danna puluvanda,Neu
coach kasun ge voice eka aheddi amuthuma lokekata yanawa ,Pos
sandali akka niymai sis ,Pos
podi hamduruwane theruwan saranai oba mawa mathakada danne nehe eda pasal kale thibunu uthum garukama adatath ape hithe oyata himi ya eda thibunu obage karunawa siriya dayawa adath ehemai,Neu
ubatanam athatama pissubang,Neg
asawen balpu lassana wadasathana hamadamth ayata adarei deepthi gaurawaniya kanthawak,Pos
k gahanna thawa poddaii niyamaaii,Pos
aiya free fire waga game ekak gahana oka hodada,Neu
dennama shoi ane hariima lassanta dennama sing kara e wagema e performance ekath singing wagema pattai dennagema e sahodara badeema maarai ,Pos
chamarage malli wage katahada patta,Pos
ara raj gon badu dekata wada vishishtai obage danuma ehalai,Pos
aiye computer walatath me wage video ekak karannakoo plzz,Neu
adoo gampolayoo adarei ,Pos
man hithan hitiye Posh sallikarayek kiyala sirawatama supiri dial ekak,Pos
rokat ake thaksanaya elctronic adi thksanaya ama thksanaya apata na,Pos
meya politics wala ta kamathi na lu e unata taman ge nungi wath namal ta dunna use karanna mahindata kade yana palam kokek ,Neg
prashne ahalane oyala wade kere ane yanewa halo yanne,Neg
ane manda mona kiyannada,Neu
kasun attatama mama godk duka hetuna a lamayata kawadawat harana akak na kiyayala kasun oba hoda kala ,Pos
kollo oyata agama gana danne nathinam katha karnna epa,Neg
ado ape hamuduruwanta mukuth kitanna epaa,Neg
meka dakkma godaak dewal kalapana karanna tiynawa ape rate anagathe gana th poddak hithnna wenawaa,Neu
baluma balu wedak kare jarama jajla tikak me para inne sashikata ehapethte inna eka ponnayek wage,Neg
Post eka dapu dawase idan me video eka enakam balam hitiye,Pos
kasun kalahara oyage song akak patta,Pos
oya harima wadagath kenek duwekge amma kenek inna ona widiya hariyatama hari oyatai duwatai kawadawath waradak wenna epa budusaranai,Pos
voice eka superb great job ayye penumanm dream star keshan ayya wge,Pos
menna awith thawa dial ekak denna hadanne aye gemak ratata,Neg
 tho inna thenawath tho danne nehe ehw eke tho kohomada kiyaane gotabaya sdussek nemei kiyala dena deyak kala vena deyak balagena hitapiya,Neg
malli oyagea katha goodaka watinwa oyala enna me rata bhra ganna good bless you,Pos
admin ta adarei pelenna,Pos
kathawa sahathika aththa rajapaksath paulwadaya,Neu
soma himiyan gena wedasatahanak kranna me mulu rateema prachalitha wei anjwarenma saha me ratama adaraya karai,Neu
computer ekata dala mokadda karanne madam ,Neu
aiyoo sinduwata tebuna wadagathkama ewaraii pissu wada,Neg
thoppigae munna balang gong gambek wagae ,Neg
salli walata eka ekata kade yannepa bn me kella kalin euwage hondata kiyanna ethi eth meka nam kewa,Neg
paduwe inna kade yanna apa,Neg
me sidu bandat tiyana lankava gena hegeema ape palakayanta neti eka io sitrisena,Neg
bass nam palanawa,Pos
mu srilankan waddek porak,Pos
okkotama wada asai coach lage action balann,Pos
ponnayo tho budda puthrayekda katha karapiya lassanata hora gaanu tiyagena amuda hattha ,Neg
godak adara karana kenak adarai akke budusaransi oyatai duwatai,Pos
mahindala ranilla my palakayo wenawai kiyanne sinhalaya wadaveema mun denama adu wadi washayen munwa Poshane kara ,Neg
maru aiyya thawa ewa one harida,Pos
buddimath lassana kanthawak,Pos
me song eka harima lassanaii,Pos
dawasakata ekaparak ahanawa balanawa me song eka mama,Pos
aka aththa ounge daruwoth palanaya karanna one untath wadeya hadanna danna hodana,Neg
ethatma niyama kathawak maru ayage buddiya niyamaei,Pos
theruwan saranai dirrgeau labewa obata,Pos
oba wani nihathamani minisunta ape maw bima hamadamath sundarai adarei sudubanda mahathmaya hadawathinma budu dahamatath sri lankawatath me taram adaraya kaeanawata teruwan saranai obata,Pos
obata budusaranai mahathanani,Pos
kauda ban mu pala gotaya yanda uba ass pottada,Neg
muta molayak tiena anith unta wada,Pos
mama danna kenek lingika viparyasayakata pathuna eya siyadivi hanikeragaththa,Neg
mn asama sinduwa meka hamdam ahanwa,Pos
oyage kathawa aththa oya kiyanne ratata adarshamak katha budusaranai kuwet set a,Pos
lassanai akke issarahata ynna ona budusaransi,Pos
pissu hedenawa siyaparak withara ahuwa,Pos
voice eka nam fatta ,Pos
ohoma eten werade heuwm paul kannabe,Neg
harima wadagath sakachchawak godak dewal igena gaththa akke oyagen oyatai duwatai hadawathinma suba pathanwa akke,Pos
ammo oyanam patta mula idala anthimata wenakan video baluwa anthimata iwara weddi dukai wage thawa thibuna nam maru kiyala hithuna today i follow instagram definite ,Pos
ayya supiriyatama kiyala denawa,Pos
me sudu bndamahthyag bavana aspuva tyenne nuvara koheda kiyalkiyanvda loku udauvak,Neu
balagena gihama eyath engalanteta on widihata wada karana kenek poddak hithla balapalla,Neu
song ekh super paraduna kiyl paradum baragnn epa biradichcha aya loke dinala thiynwa all the best,Pos
kisarayak ahuwada manda aheth ahanna ahanna asi good idiriyatama yanna,Pos
machan youtube channel ekak patan aran covers tikak krnna ganna help krnna lassna kata hadak tynwa atharinna epa oyge nangiyge heene haba krnna ,Pos
priyadarshana ayyage videos balala punci sathutak hari laba gannawa pc kiyana idoraye apita priyadarshana iyya loku gangawak wage,Pos
marai ayya me time eka ,Pos
niyama manussayek kawru kohoma kiwwath polawe paya gahala inna minisek aadambaraioba thuma gana,Pos
me wage loku build ekak nathuwa apitama gaming walata build ekak oyata kiyala karaganne barida,Neu
voice eke honda wedak ganna pulwuan kiyla hithenwa nm aniwa kasun herenwa,Pos
deviyane me aparadanam munta paladenna ona ohu minisun ghathanaya kalada wena dushana weda karalada  ,Neg
me you tube karaya boru kiyanawa danis kedenathuru paharadeela kiyala dala thiyenne mu niyama ponnayek me you tube karana eka,Neg
 kuwati wada karana ganuta hora minissu ennawa kiyala kiyann makita pissu tiyanna,Neg
ape ponna sinhalunta nopenena aththa ooka machan,Pos
ape kohoma elluwath kusal akusal anuwa tami wisadanna laba upan hatiyata tami baba wananna ,Neu
lahiru kiyanne patta experience thiyena porak kiyana eka hodata penawa hikmeema sawandeema prashna body language legend,Pos
brilliant aththatama marai gamya miss honda gamanak oyata,Pos
kasun mara hodai ane,Pos
niyamay ela machan fill t ubata ghahuwoth api ghano api matara,Pos
 kiynne waddek nma boru Posh line na polawe paya gahala inna ekek u kochchara hamba karanwada apita adaala na creative mind ekak thiyana ekek,Pos
patta lassanay dennama ,Pos
program eka eka winadiyak wath yannathuwa baluwa ,Pos
 kiyanne api ratak adaraya karana charithayak agen adarshayak gaththa nam kayru hari eya sebevinma dinu kenek good luck,Pos
athatama lahiru oya me wadasatahana wadagath widihata karanawa,Pos
katha karapu dewal harema adambaray santhosay obage anagatha balaporotu etuwewa kiyala prarthana karame esthuthi,Pos
anna niyama baduwak ekka ranjan cocktail wendai yanne stutii hsmuduruwane patanganda honda roll ekaksadu sadu,Pos
 udana genawoth mokada,Neu
game eka assata giya eka para passe metr une meka build ekakne kiyala,Neu
matanam raththaran thama ooka ithin,Pos
yako kasubge voice aga hiriwatenwa pissu wage,Pos
awankawama awanka manussayek,Pos
niyamae apa hamuduruvana oka kohomath nahara karayak,Pos
adarei thadiyoo e kale idan,Pos
lassana kate hade are nervous wela sing karapu girlta wada godak hondaii kiuwa,Pos
uaba baya wenna epa iraj mama mage loyer ewannam,Neu
man ahapu lassanama performance eka ,Pos
ape janadipathita pana na hamuduruvane thamange agamata avaman karaddi mona rajada ivasuve ranjan vage kade yana avun naththata nathi karala danna ona,Neg
me video eka karana welawe kumari akkata amma wehuna nam lahiru monawa karaida,Neu
giwithema pc danuma ekathu kararan ekama chanel eka pc guid thami ayye,Pos
meyath plan ekaka kotasak,Neg
patta voice eka me sinduwa patta amarui eth mita wada aul ewata haruna aparade,Neu
bath kana harak enna ratak ape rata nimai eraj niyamai,Neg
adrei ape hamuduruwne oba whnseta,Pos
paksha badagena idala kannada,Neu
oya apita adath edath hemadamath dj ara thamai pesbarawath genna aiyee api godak adaraya karana charith dekak thamai,Pos
balapu lassanama hodama wadasatahana thanks gamya thanks lahiru aiyya,Pos
dala washayen price ekak dannako build karanna yana,Neu
morning show eka kiyatada yanne ,Neu
oyata jayen jaya hebei oya janapathi wunoth hema jaathiyama rakinna owne nettam wedak nehe sinhalayanta karadara muslimta karadara mewa okkoma oya wisin nawattanna owne,Pos
ranjan kiyapu eka ethi namuth hemoma ehema nemai lankava parisareta hamuduruvo avashyai,Neu
meke godk hitiya ne me wage kina aya lankwt admbryk,Pos
aiya mth gaming pc ekk hdnt oni live strem krnt,Neu
oba hariytama budu maga yana minis puthek oba wiwaha wenda yanne rismi mohomadwa lakawe missunta harima dey kiwwa sansun wenda kiyala,Pos
maru appaa anunta ooniwata newe thaman asa widiyata katawath krdarayak netiwa jiwathwenna puluwan me wage kello lankawata watinawa ,Pos
mage hite ateweana duka keyannea kohomada attatama sansarea ai anthimeta dukak eturuwanne demapeyo keyanne loke samakaranna katada puluwan,Neu
 dakkada ahem donitath harima adarai ,Pos
ado balanna kalin like danne,Pos
mewa plan krala krana wada ,Neu
god oyata e vage kalayak dunnata thank karanna ouawa me thanata genna thama ara wage vune me hakiyavangen prayojanaya ganna,Pos
mokkd software ek screen recorde karanna stream,Neu
arawinda sir api hamoma a voice ekata koitharam adareida obata deergau labewa sir budu saranai jesu pihitai,Pos
oya ikmanata redmi note eke video eka danna,Neu
api ahana wedi bana walata wada meeka daahak istharam,Pos
unlike karala thiyenne sinhala danne nathi eun wenna athine,Neg
ammoh mu dial eka wenna hadnne ,Neg
mokadda me vikare,Neg
adarei adarei gehan aiyata,Pos
shilpa rao wage dekkama,Neu
thamanta ona ayawa newei singing walata harunanan thama hoda meke godak welawata team eke kartiya innawann haren na eka asadaranai,Neu
uba niyamai brother,Pos
atta kata karanaw,Pos
  me mara wenas karapalla kohoma hari api innawa ubala ekka ape param parawe set ekak daganilla machan api full support eka aran dennam,Pos
mage aasama sinduwa reality shows wala bohoma adui me wage sindu kiyanawa,Pos
voice teen eke dilmiwa mathak una aya koo ,Neu
radio eke katha kranawa wage,Pos
api oba samagaiy sir,Pos
yako mewa thamath danawada ,Neu
ela kiri a vishwa gon baduwak badagena vidinna giya duken berune,Pos
patta voice eka final ekenma,Pos
janitha oyage gayane maru namuth mata denunu vidiyta confidence madi alankara ganiddi coach shashika hari namuth oya supiri veddek e tika hadaganna,Pos
patta adare karana charitayak ,Pos
obathumata ma godak garu karanawa jasupihitai,Pos
minissu hinassawanna sathutu karanna motivate karanna hamotama be a hakiyawa hodinma aiyata pihitala thiyenawa thanks aiyaman kemathima adaraniya charithaya kthanks hari tv watinawa,Pos
kasunge aah eka balannama views wadi wei mekata,Pos
aiye coffee with muditha program ekata mokada une ,Neu
ada podak miss una,Neg
monawa kaalaya yako thopi ochara diyunu une yakage pawlak neh ,Pos
thiththa aththa kelen katha karana ape ranja mahaththyata jayen jayama wewa ewagema hari tv ekatath jayen jayama wewaithama adaren vinoden wadasatahana baluwa sthuthyi hamotama,Pos
gampola kolek ela,Pos
aiye oka live stream denna aulak nadda,Neu
madu madawaya kiyanne supirima borukarayek ekai oka chande paradune molethiyana un mewage gobbayanta rawatenna,Neg
niyamai ape hamuduruwane,Pos
ape sinhalayantth puluwan ne ona tharam daru hadanna muslim un epa kiwwada ape un wada welada nane,Neu
man ahapu hodama interview eka,Pos
oya gena mata wiswasayak nhe,Neg
ane appoo kumari akke api nam yanne natoo api kuweti eke innee bs,Neu
kelin katavak thanks,Pos
viraje obage katawa atta kawadat kelin inna rate purawasiyek,Pos
vedieobalanna vitharai api pin karala thiyenne ela niyamai,Pos
aiye minissu maha amuthu jathiyak kalen kaleta eka eka widihak,Neg
ane pala gobba paka boru nokiya ,Neg
thaniyen daruwek hadana ammekta adarshayak oba madhumadawanm jarawak,Pos
sirasen thorana koch lagata wage yanna one kolla kasunta tama godakma kamati paw kiyala hituna,Neu
 video ekka tanks you ,Pos
man kamathi wage kenek kelin katha karana kenek ,Pos
  wahabism ethi une ganan wala ewa gena qurane sandahan wela ne wistara dena gena katha karanna minissunge manasikathwaya thamange wasiyata harawa ganna,Neu
dakshayek thamay ithin ,Pos
mata mathakai hendewa natya harima lassanai onam natyakta eya ennawanam hari asai balanna harima tathwikai ranganaya,Pos
mona de karath thibena thuru jiwithe oba nathuwa mt inna baa wasthuwe,Neu
lap ekak upgrade karaganna baida aiye,Neu
i cpu system ekakata gtx ti card ekak dammoth bottleneck weida,Neu
ape mahen jecob sirut mek blnna athi ned ,Neu
putha meeta passe oyata api big boss kiyala kiyannam oya handsome,Pos
aasadaranaye kelawarak nodakina me palanaya jeneewa samuluwedi hondata pili gaththe watahenawa neda lakawasin illuwe mewani ratakda monama dekinwath sahanayak nathi ratak wela,Neg
hariyata meya prabu dhewa wage chuttak,Pos
aiya mage desktop ake prosseser aka venaskaranna puluvanda,Neu
ara weula weula kiyapu hontuwata wada me kollage voice eka kochara hodaida,Neu
lassana song ekak godak kalekin neda,Pos
gonja sakkiliya henama wadiyan tota,Neg
amboo echr giya kiwwama build ekata maru aa,Pos
umaria ada mara lassnai ,Pos
ithama thma buddimath wadagath dewal samajayata danuwath karanawa,Pos
aiya oyawa contact kara ganne kohomada mama kandy,Neu
aiyage no eka dennako,Neu
minussu kiyana dewal ganan ganna epa buduntath galgahapu minussu hitiyane eka hati broo,Neu
hari tv oyata puluwan nam metumata man danna hamuduru kenek innawa munagaswanna loku gamanak yai vishwasai loku pinakparama sathya ati deshana tinne,Neu
oyata jesu pihitai aiye ,Pos
 lahiru menna ma wage buddimath minissu genna wadasatahanwalata hamada ,Pos
umariya mama hamadama kiwwa oya hari lassana gathiguna thiyena kenek,Pos
muu baudhayo cristiyani agamata heen nulen harawana kari ballek hadapu thathata gahapu wesige puthek,Neg
watinama video ekak,Pos
denna eke samanewe train kerala thiyenewa superb,Pos
man asama song ekak sathish good performance ,Pos
hari tv views wadima video eka meka wei kiyala sure,Pos
mushlem poonayo maranna ona,Neg
iraj niyamai onna kelin katha karana pudgalayek niyamai,Pos
hugak adrei oyata,Pos
pc ekak ganna honda thanak kiyannako,Neu
kausn patta athal ne denne appa ,Pos
oyata hoda molyak teyanwa malle oya wage aya dasa palanyata one b s,Pos
ayye rs gaming build ekak dannako,Neu
thada thada bro,Pos
mata kiyanawada on line class ekata hariyana laptop eka ganna kiyatada,Neu
niyamai sinduwata aluth muhumuwarak ,Pos
sithu edriyatama yanna suba pathanava ,Pos
meya bana kiwata balayata giyama okkoma amataka wenawa sirisenayat bana padayakinne patangatte,Neg
gb phone eka price range kiyak wagada online clz walata ehema aulak nadda,Neu
ammo igena ganna de nn godak thibba ,Pos
patta kollo ubalata thanak enawa adui koloo talent nathi kattiayataii thana,Pos
para anduwa hanama gahanawa para andawata rajapaksalata hanama gahanawa ounta,Neg
niyama kondak thiyene dane supiri wadana gahala atha arapu deyak mn kawadawath ganne,Pos
mewath athal eke kotasakda bn,Neu
nodakin dakiddith appiriyai,Neg
moko me valapenne,Neg
 aiya aiyata kiyanawa aiya lassanailu ithin aiya oya eta wada lassanai ne aiya wagemai math podi kale bysicle purudu weddi watunama watuna widiyatama godak wela innawa hina wewi ,Neu
samadeyatama deviyan wahanse innawa ethumata wadahinsa karana eka harima paow,Neg
topi ekkekwath sudusu naha,Neg
brain drain ekama thamai mage rata duppath namuth mage rata kawada hari godak idiriyata hodawavi hari nayakathwayak yatathe,Pos
nehara mama obatath menakatath godak adare ane oya godak lassanai mahatha thiyenakota bolayak wage kettu wenna epa ,Pos
ane uu une parada okunta ane pw ,Neu
alla deweyanta baninna epa sewra dagana keyana eka hodadeyak nemei rata alla deweyange bawa karanna epa,Neu
ikmaninma meheyuma sarthkawewa,Pos
ane   kiyan magulak hoyala balala jathiwada avussane nathuwa kiyanna thawuhid ballo karpu balu kamata nikn inna mulu jathiyatama kellanna epa,Neg
api lasthiy parata bahinna echarai,Pos
ekanm bhawanawak wage kochchara ahuwath epa wenne ,Pos
man kemathi hoda charithayakkelin katha karana kenek,Pos
ithin oyath sex krnne kohomada kiyala tikak kiyannako,Neu
lassana kellek adare hithuna oya baya nathi karagaththnao ada voice sri lanka loku wenasak karanawa oya ,Pos
asem viya yutui ape hamuduruvane okage kata talanna ona ape sinhala bauddayo ape lea kakiyanva,Pos
oyata hidissiyak nathi unata salli hambakaranna apita hidissi video balanna,Neu
ane me paratti umbta nam chande nahha baba ayyo oyane kunu rasa beduwe ranjata ane baba ass ,Neg
kaduluth awa duwa gana ahala,Pos
apa hamuduruwanta deirgausa wawa bs,Pos
adu milata graphics card ekak review dannako,Neu
battle ek kiyala amathaka karala kiyapu nn maru subha anaagathayak kollo dennata,Pos
mung eda indala ada wenathuru kiwwe boru mung adath meh karanne jathi wadaya munga meh raten nethi karala danda oneh,Neg
advertisements adu karala thiyenawa good,Pos
kattiya dil se hype karata eeye mata nam meka thamai hondama,Pos
aththatama mama hithan hitiyeth mahema rupayak nemeivoice eka patta rupeta wada ,Pos
kawru unath kiyanne sahathika aththa,Pos
kauda bole mae kandy lamisi oyata set wenne na patio t,Neg
love you so much good luck ftta kiynn trenna chanka dr budusaranai oyata,Pos
ne ne oyage newai sudu hamine a hadapata mage ewa oya godak seelawanthai kiyala mata penawa oyage aduma gaththath harima cham balannako a hadiyawa,Neg
kolla hodai kella hode naha,Neu
unta thanatama patisan dunna hamuduruvane,Neg
dawasakata depaarakwat ahanawa meeka wedipurama biyla ahana kenekut newei manmee dennage idiripath kireema balannat ekka balanneaa dennage boddy chemistry ekat lassanaii balann inna,Pos
ayye mama dekala tiyenawa gigabyte board asus walata wada ikmain windows boot wenawa mekata hetuwa mokakda,Neu
ranjan thanikara sakkiliyek ,Neg
pau ane baba harima ahinsakai miniyatath hodata bole bassanawa,Neg
meke pitch perfect da ara hodata kiyapu aun kapqla kello gnnawa tak gala hikz,Neu
ape minisunta thamange bhashawa amathaka weddi me wage kenek mehema katha krna widiya dekkama harima sathutui harima adamabaray good luck michal ,Pos
mam asama niliyak oyage kathawa mage jivitha kathawa vagemai ,Pos
kochchara ahuwath epa wenna both r great,Pos
mewata liyanna puluwan potak,Neu
habai gehange kunuharapayak nathuwa kik ekak na ayye,Pos
mama me channel eke balanne selected interviews tikak witharai habai e balapu hama interview ekak anthimata andapu nathi interview ekak na good job lahiru ,Pos
me dennama inna one namuth kalin dawase anith kenatath chance ekak dunna ai mekedi ehema noune karanawanam hamotama eka karanna one,Neu
uba mona ponnayekda yako,Neg
asadaranayak une nangiya,Neg
first computer virus eka gena video ekak genna,Neu
 oya tharam minissuge hadawathata yana vidiyata katha hadana katha mawana kenek harima adaraniyayi oyage kata hada kohe ahunath mata adunana puluwana tharamma oyage voice akata mama adarei ,Pos
lassanai suba pathanawa,Pos
pain gahal alawapan,Neg
thirusha ayiya superb adambarai aiye ape ekek oma innakota,Pos
kumari akke oyanam harima hoda kenek ane oyata godak adare man oyage jiwithe godak lassana wewaa,Pos
anith ayatath harenn thibune,Neu
coach ksn gawata giya kiyanne ithin godama thamai,Pos
santhush lagadima kanawa hoda keemak,Neg
obawahansege kathawa sampurna aththa upan ratata adare nathi minissu ammatawath adare na hamuduruwane,Neu
shashika hodai nam kalin harena epai ane kawruth harenakan inne nathuwa harena next time plz ,Pos
aiye ureniwa interview karanna,Neu
venasak karala digatama q amp a karan yamu priyadarshana ayye,Pos
oya kiyana hema dekatama man ekagaii oya wagema eda idanma mamath hambayamge bowemata eka helama viruddai ,Pos
pissu hadenawa akke oyai oyage sinduwai,Pos
koheda broo hangila idiye patta apitath gammack game hinda gayawewaa,Pos
obawage ayathamai desapplanaya ta ona,Pos
niyamai diriya mawak mage amma wage budu saranai,Pos
kawda bun meka dislike karanne adu kule para haththa,Neg
 kiyanna deyak na mula indan danna polawe paya gahala innawa boru Posh nathi charithayak respect brother ,Pos
hamaduruwane oba wahanse me ratata koi taram watina kenekda kawrut mehama hitanawanm koitramda,Pos
comment balannai awe ,Neu
sinduwa patta video eka melo rahak na,Neu
 mehema innawa neda kiyala ,Neu
apo video nm melo vadak na,Neg
ane pala kawata nariya,Neg
ochchara loku phone ganna salli na mama laga thiyenne redmi note ekak ,Neg
sinduwa download karala car eka pen ekata dagatha y,Pos
niyamai owa thamai hamuduruwane kiyanna ona,Pos
 star eketh hitiya dane voice eketh innawa apita ,Neu
aiyye mun danna sinhala kama mun degolloma rata aurudu vinasa kala sudussa hitanna ona marena minihek kiyala mun okkoma me rata vinasa kala kalakanni,Neg
kauru mona kiuwath api adare karana manissayak oya aiya,Pos
mun unge natiyai me rata jatiya agama sinhala kama miniskama muslim untat demala untat chinetay amarikawatat pawadi iwarai modalata balayata tan hawe hitapalla,Pos
mun rata gana naeme hithanne anunge kunu sodanna aopa thamange kunu sodaganna balanna maeyage akama hine janapathi putuwe idaganna aka ,Neg
moko ekaparatama phone review karanna hithuwe,Neu
balapallako monawa kiuwath ape sinduwak thalayak ahena kota ena gamma loke kohewath nathuwa athi ape wachana wala athi therum saha lassana,Pos
uba mara nihata mani awankaea katha karana ,Pos
dewiyan wisin oba mawaa aththe minisunta yamakh denna eya hama daama denna obata jaya,Pos
aiye matath ekak hada ganna oni,Neu
meya hoda kenek,Pos
sadda natiwa hitiyata kasun maara point allanne ,Pos
oyage chanal ekata me gani genawe ai aiyoo shit,Neg
waw man asai meyage kusalathawayata,Pos
radio eke arava ahanawa wagemaii den une forwarded karanne nethiwa balapu ekma video eka jayawewaa ,Pos
kawruth nohithana aadarshamath pudgalayek wish you all the best aiyh ,Pos
ei e kollata ehema kale pichin hadanna cotchlata puluwanne salliwalatama vikinuna,Neg
mkdda yko e unee liyathabara ,Neu
ape hamuduruwane anya agamikawanta apahasa karanna epa ehema dewal bauda darshane naha ,Neg
bumi akka oya nam shok man oyata godak adarei oya godak hodai buddimath,Pos
ratak watina puthek,Pos
yohani audience eke innawa dakke thawa kauda,Neu
 mona uanath aeththa kiyanawa,Pos
redmi gana review karata thanks ayiyah puluwannam oka realme c ekka compeya karala video ekakuth dannakoo ,Pos
kawalam untalu ratagena kekkumak nertheeka artha thamange harda sakshiya ekagawa hithapan wetahevi thopita sinhalune denwarth muslim kada warjanaya karapiyau,Neg
redda baniyama andat horune inne uncle,Neg
 para ballo ne mewa balane,Neg
aney honda kellek coach shashika thoragatta ekanam niyamai eya dannawa eyata galapena kena,Pos
thank you aiye thadiyage video ekata,Pos
monade kalath thibena thuru jiwithe oba nathuwa inna be wasthuwe song a eka lassanai,Pos
pc guid chanel eken mona video eka dammath api oyath ekka innawa,Pos
brother ubai thadii denna super bn,Pos
yako liyathabara hodai okkotama wada,Pos
eanam pita ratawalin mukuth gonna epa ponnaya eaka one salli one ,Neg
aiyee phone sale karanwada,Neu
oba wahansagay katawa ahandath mata asai,Pos
kese vethath oba vahansege karunu hitha niveradhi,Pos
meke steal eken thimirath gyd,Neu
supiri malli idiriyata yanna suba pethum,Pos
meka harinam m gahanna one ,Pos
ape rate un kohe giyath jara minisu kathai etapase arabi jathiyanta palu arinawa ,Neg
meka unlike kere moda minissuth innwa neda deparak ahuwa kathawe yatipaththan gnna dewal godak tgiyawa,Pos
ane kata handa harima lassanay,Pos
obathumama ehema deyak plan karala eda gedarin pita unada kawda danne mokada desapalakayo prasiddiya wenuwen onema deyak karanawane,Neg
gobba audience eka clap ekak thaleta dipiya,Neg
kelin kathakaranwa eka patta,Pos
thopi kapuwa dan anduwa renawa,Neg
aiye ai hamoma amd gahanne,Neu
mamat maga duwat akka tani wala hitiya gahaniyak mahattayagan ain wanakota duwata aurudu dan aya lassana pull jivitayak gata karana ,Neu
meya hinda jiwite hdagtta mn mn dakapu niyma manussek arawinda aiya,Pos
thada thada machoo ,Pos
music band ekanam supiri ban,Pos
hadawathata katha karana katahandak,Pos
ow ow okkomala weradi nagananda witharai honda mokek da me manasika rogiya,Neg
superb oya supiree kawuru unath godaak hodata katha karanawa thithth aththa,Pos
apoo hodata baya wela dan mahaththaya eda parliament eke kiwwe ara innawa apatheyek kiyala onna ohomai thamai eda katha kele dan meki bayawelaa,Neg
coucheslata baninawa nam hariyata denagena katha karana aka nuwanata hurui,Neg
man asama song ekak harima lassanata kiwuwa,Pos
baya wela wage,Neg
ayye oya dan itn channele ekethn innawane,Neu
skip nokara balapu vidieo atharata ekathu wu waga ikiyapu hamadema ganna puluwan dewal godak e charithe athule thiyenawa gidak sthuthi aiyye,Pos
gon wesi uba honda baduwak kiyala dannawa,Neg
yako rajapassa pawulama palhoru mewage modayo sakacha walata genna epa,Neg
man asa kenk kelin katha krnwa,Pos
mara hadak sinhala sangithe anagathe rakagatha haki lalithyak,Pos
kathawa niyamai hamuduruwane,Pos
aye uba salli godak aran gobba biuld ekak haduwaneh paw oii ohoma karanna ohoma salli ganna low spec builds hadanna,Neg
mehema dakiddi ammawa mathkwela andenwa dura rataka inne amma duk vinda api hdnna loku tanwlta ywnna papuwa pupurla hlenna tarn wednai ammwa blnna ynna oni ikmntma,Pos
ettatama gennanna wena un nedda,Neg
eken ma anna ehama tamai inna oni parana unu malu aye kanna epa aluth malu kellak hoya ganin godak hodai,Pos
marama lassanai voice aka kiyanna wachana na super jaya wewaa,Pos
mamanam harima aasai ta jaathi aagam minissu hadagatthu dewal api hithanna oni api kawruth minissu kiyala matanam kiyanne sahodarayek hemoma ahema hithanna,Pos
supiri kellek adambarai,Pos
tika danak karana waradi walata samastayatama garahana aka waradi maga mataya,Neu
oyawa contact karganne kohmada matah build ekk krnn oni,Neu
maru set ekak ne inne,Pos
wow lassana katha bahak suba pathanawa oyala dennatama idiri gamanata ,Pos
 aiya congratulations api marena minissu kiyala hithanna kamathi nathi jathiyak hinda thamai waradune,Pos
sinduwa patta video eka melo rahak ne iya bn epa una,Neu
system ekak hadala math karanna kamathiy help karanna puluwanda miliyan wage investment ekak kaloth athida mulin,Pos
kiyanna wachana na salli walata ganna ba kathakarapu hema wachanayakma mama udetath ahanawa siyata radio eka deergayusa lebewa theruwan saranai,Pos
dan nam coach kasunta wade hari gihin aniwa waddekne ithin ,Pos
kamathima kenek e vage jock karana kenek fm vala thama dakala na,Pos
gon ranjagas wate karakena pichan moda naluwa,Neg
kalekin q amp a ela ela,Pos
 ape maathru boomiya rake ganna were darana oba wahanseta deergausa labewa theruwan saranai ,Pos
hari tv umbawa unscribe kara anunge kunugodawal dannathuwa wadagath deyak dapan nathnam oke nama wenas karapganin linda langa samgamey kiyala,Neg
oka hema sathiyama thiyanawanam dawas amathaka wenneth ne,Pos
oyage adahas me smare harakta godak watinawa bumi oyawa aya blaporothu wenawa bumi,Pos
wehi nethi hena gahanda kiyala saapa karanne koheda neethiya me rate ape ratata monawada me wenne,Neg
malli kiyawenne bokkenma katha karanakota,Pos
mata hambune malagedarka yaluwagen eda idan adatath patta asa kollek,Pos
mage hithata anuwa niyama kollek kiyanne pitin rasthiyadu penumak athulanthayen manussakama pirunu hithak jaya wewa malli,Pos
supiri akke pattama gathi,Pos
nice song ekak obata daladaa samidunge pihity,Pos
ma pissu gani ma monawada samajata awetha diga harinna mun waga ganu gana monwada ratta gainnathiyana adarse,Neg
asama niwadakaya ara,Pos
vijaye nandasiri wage nikn methuma nadda,Neu
bala senesenu misa nela gatha neheki sihina,Neu
ayyoo appoo mewage kaali genath wadasatahana sawththu karanna epoo,Neg
video ekath hodai sinduwath hodai galapimak nane,Neu
adarei deepti mama hugak agaya karanawa obawa,Pos
meka aniwa trending enawa,Pos
la wage podi un allan magul natanne nathuwa hodata inna niliyak,Pos
godak watina ayeei ,Pos
shashika missge general knowledge eka ,Pos
dena eke denawa ekanma patta brother ,Pos
mun travel keranne muge thaththa billion ganan horekam kerepu salli welin thama,Neg
baudha ratak kiyala piliganne ne,Neu
 oya niyamai oayage date with programe eka niyamai,Pos
mama me ayya ekka selfiyakuth gahuwa,Neu
kochchara baluwath epa wenne na,Pos
wellgama ratata onna gothabaya aariya sinhala kamata sudu van meta wada honda nedda ,Neu
oba vahansay wage tava namak hitiyanam sinhala jatiya itiriwai,Pos
hirran omkarge wife pawle okkama awillada mekata ,Neu
al eke maths karanam exam eke fail unath life eke pass wenne puluvang maths tunes our brain,Pos
welgama me comment balalawath pattakata wela inna depita kattuwa,Neg
kasun kiyaddi papuwa pichchila giya aya tawa innawada,Pos
anushka ayya thadiya ayya adarei thadiya kiuwe adret saho,Pos
niyama charithayak thamai ,Pos
manasika leddu hema jatiyema innawane ,Neg
meyat issella hoda kolukarayek ekai meya dagalanne kasada bandanam ivarai ,Neg
next part eka danda plz ikmanata naththan maranawa ,Pos
umali thilakarathnawa gennanna if u can,Neu
 mis panapowana ekanam dennawa supireyata karala ,Pos
shashikage voice ekanam patta ,Pos
harima asawen baluwe hemadamath adarei budusaranai,Pos
sport chain kiyana business eka gena pahadili karanna puluwanda bro,Neu
mokalda ranjan karala thiyana prakashaya mokakda,Neu
api gdk asawen lahiru and ashen ge program baluwe dnnam epa una ,Neg
rataka janadipathi wenna penumakwath thiyenda  mona hipatuwekda mounta kauda denne penawane mekath ranilai sirai wagema kaswatuwek,Neg
edekin withark kisima therumak nane bn iyaa mewata kagen asirwdadada danne na e madiwata dalada hamuduruwath allan lajja nadda oi shik thu,Neg
mage asama song ekak ,Pos
aiye ara aluth pny graphic card gana review ekak karanna,Neu
muslim minissu sunnath karanne kaduwenda ounge kapanna oni beli,Neg
ou itin koi akith mune walawal tika wahala gathtama mekup eka dala onema gonekuta lassanai me gona wage,Neg
ane palayan yanna tota one rata nawai,Neg
sinhala minissunge gewalwala kadu nedde cheking karama penawa,Neu
lakshayk thibbanam geyak hadanawa,Neu
me manussayawa wedasatahanakata genna hithuna akama koi tharam deyakdamn asama kawadawath me wage interview akakata awi kiyla hithune nethi supirima weddek thnx gd job,Pos
janathawa hadawathinma aadare karana kalakaruwek ha ratata watina keanek thama obathima ,Pos
malini bulathsinhala mahathmiya kasunge ammada ane adane danne adarei kasun eyage kondee shok,Pos
niyamayii thirusha aiyee ,Pos
bathiyage comment eka nisai wenas une kolla ,Neu
eka nm pissuwak niyamai ,Pos
ane waasanawan nudun deke niwan dakinna saho,Pos
mona karumada yako mewa,Neg
attatama oba nihathamani charithayak pahadiliwa kiyanawa suba anagathayak bs,Pos
 mada gahanna epa yako minissunta me manussayata paduwe inna dipalla,Neu
apa saduga katavata man garu karanava obata budu saranai,Pos
athi yantm  meka iwawena apriyai meka,Neg
kuwet kumare akka huga dawasken oya paw ane oya sathuten enna,Neu
oho anunge button gahana eka hoda wadak nevi,Neg
jiwithe sangithayak karagenima waradak nemei ratagiya samahara geenu natana netum ragana regum mamath dannawa ape rate jathiye nama kanawa ,Neg
visual eken sinduwe apita ahaddi danena menaning eka wenas unaa supirii,Pos
daanakam balagena hitapu ekama programe eka wasthi nisaa maru,Pos
kiyanna wachana na marama lassanai ,Pos
dewiyange namayen sinhalayan ekamuthu wiya yuthui,Pos
budu saranaigodak hoda adarshamath mawak akke oya,Pos
me program eke inn hnda views ynw anth ewata wadiya yna hama program ekkm views wadi dawasen ,Pos
marama daksha lady kenek suba pathum oyata,Pos
gon chira ponnaya ubata uba gana terun ganna barida aaha paya veesi karala pakayek wrnna epa,Neg
irajge katawa atta,Pos
bohoma watinawa ape hamuduruwane oba wahansege kathawa supiri,Pos
bhumee kiyanne asa charithayak hoda samajeeya danumak saha adyapanika danumak thyana kenek,Pos
kasun sir mara athal denne appa ,Pos
mewa mehema itame saralawa pahadili karanewata stuti sahodaraya apita wenne yane de dannati kenek hari terum ganibudu saranaysiyalu devi phitay,Pos
video eka aththatama baluva nemei video eka ahauva,Pos
sinduwata oya video eka gelapenne ne aiyoo man balan hitiye me sinduwata hoda video ekak ei kiyala eth me video ekanm wedakma neh ita wada hodai ara indian film ekaka kotas dala hadala thiyena video eka,Neg
ponna ranja thota hena hathama gahapiya,Neg
ayya autocad software eka podi review ek karanako,Neu
niyamai ethakota kali upgrade karanna ona ne,Pos
price eka kiyada kiyala dala na na kohewath,Neg
sudu banda adambarai oba gana ahan enna asai katakaranawa,Pos
man kauda kiyala wisthara hoya hoya hitiye me kauda basha thunama hodata kiyana kolla ,Pos
mdumadawa kiyanne harima boru kywaru karayek,Neg
oya godak kettu wela lassanai ,Pos
priyadarshana aiya itn ekata awillath amuthu gemak denna wage yanne,Neu
balla mallen eliyata paninawa kiyanne okata thamai oyath bata hira kontraththuwak adinawada,Neg
ranjan kiyana eka waraddakuth nah samahara pansal wala oya siduweim wenawa,Pos
aa shashika mn nm hithuwema kasunge team ekata yai kiyala good choice,Pos
pudum me kollata wenawada,Neu
sinduwa lassanai eth wena hithak kere luhu badan mama giye kiyala song eke kiwwata oya wena girl kenek eka affair ekak me video eke naha ne naha song eka lassanai all the best,Pos
sirasata godak thanks apita aluth rasa vindanayak laba denawata dakshathawatata ida niyamai sirasa,Pos
thamanta obanda ekak thiyeddi anunge eka obana eka umariya puruddata karanawada manda,Neu
astrix miing machine oya laga thiyeda,Neu
palawei wachana peliya ahala song eka pause karala ,Neu
wow battle walin kapanna epa,Neu
wadasatahana iwara wunama ade iwara wunane kiyala hithune mata witharada,Pos
good job ayiye,Pos
adupaduwak dakke naththam hari yoko,Neu
mama kamathima niliya oya oyata budusarani duwatath budusaranai jaya wewa,Pos
amathilath hodai ubath hodai,Pos
sathuta kiyanne kema ammoo thadiyaa,Pos
hairstyle ekanam pattaa ,Pos
ane me pol kariya,Neg
lassana hithak thiyena manussayek,Pos
gonek genalla uba mokedda huttho,Neg
eka note ekakwath mistake nthuwa baking krna set eka dnwath pennapnko cameraman ayye ,Pos
oya kiparak oka record karada,Neu
ara dekka first time program eka,Pos
godak satutui kumari akka hodin kalaya gawanna budu saranai,Pos
hena gahanawa yako mita wada monawada,Neg
mokatada me kunu ani apitanm apa,Neg
aape jaanawala waradi ape deta garahiima api aa gana kanagatui wiya uuthui wijaya kumarathnga aapa atharin wan unath upandinayath rasikayo samaruwa dan inna dashapaluwo marunama walath a minissu hena illanawa,Neg
mata nam me malli ada sing kara anith hamotama wada hodatama sing kara,Pos
oyawa contact kragnn vidihak kiynnakoo email hri mokk hri plzz agent wadakta,Neu
kasun lagadi idan hiniyata drink ekak dala enne kiyala theruna aya ,Neg
lassanai akkiyo balanna beri adana song athare balanna puluwan video ekak,Pos
me sare voice ake finely anta loku gemak denta we awa mokada hamoma daksayo ,Pos
ranjan karapu waradda mokakda yako paliganne unge hora wada aliwena handa,Neg
 awurudu ka paadam igenaganne nethi gobbaya porawal wenna gihin anthimata lejja welai nawathinne maha rajjuruwo wage mun hitanna danne nethi moda hethikare,Neg
oya gotata sahaya denne nethtnam paduwe inna minissunta ayalage gamana yawi onnenam kotinta udaw karana sajithta gotta allanna,Neg
judge board eke inna ona kenek kiyala mata hithenawa kasun umariya last moment wenakn inne show ekata wage b n s great,Neu
aiiye rs vage hoda pc ekk nadda,Neu
coach kasun uda giya thora gaddi,Pos
wow mamath oyalagema rasikayek,Pos
ayya maga asus gb grapic card eka bord ekata gahuwama mashin eka on wanna na galauwahama mashin eka on wanawa makata haathuwa mokakda,Neu
aetha kiyannath bima idagannath baya wenne aei neda akke,Neu
arawinda yanu darshanika adahas tiyana pudgalayek,Pos
ane pala gedara yanna h,Neg
oyata api godak aadare kelin katha karana saadaarana puthgalayek nisa oyage idiri veda katayuthu saarathaka venna prarthana katanava theruvan saranai,Pos
supiri kollek tamai ranja,Pos
mona de kalath sidda unath obala dan karana de gena kohethma sathutu nowemi kunuharupa markat karala hoyana salli walata wada hodai asuchi hodana eka godak ayata eka theren ne,Neg
harima watinawa thank you aiiye ,Pos
oka udema dannako ude idala balan inne,Neu
oba nathuwa mata inna baha wasthuwee adarei godak mage husband ilove ,Pos
kassa lesatama kiyanawa,Pos
awsh lassana video ekak,Pos
anith minihekuta asadarana wenakota eyi hamuduruwanta poduweng kathakaranda bheri,Neu
ela ela thadida mula amathaka na wasthi eke set ektama adarei jayawewa,Pos
alla kiyla dewiyk inwnm ohma krnne ai ara muslim aya bru allek aln apiwa knwa ykuu tika,Neu
hari eke ek interview ekkwath blala nha meka bluwa iwara wenkn ,Pos
kasadayak kedunoth kawadawath thawath pirimiyaku vivaha karaganna honda na daruwanta aniwaryen wenaskam karanawa e pirimiya,Neg
adaraniya gaurawaniya mawak,Pos
apita i pc ekak vath na chanux bro mara minihek ne,Neg
me parlimenthuwe inna kalakanni ayanam epa epa epa,Neg
ane ubala okkmao,Neu
oyanam super bullet ekak iraj,Pos
kee parak ahuwath athi wen na anthima tika,Pos
mage laptop ekata gatteth oya ssd ekemai,Pos
mamath muslim kenek eheth api lankikawun apita one saami kaamiwa hame jaathi ekkama sathutin inna hama muslim kenek ehema naha muslim warungeth hondha aya innawa api sinhala muslim okkama aadharayan jeewath wenna one,Pos
tava videoes one bitcoin gana,Pos
ado jayod good luck machan ,Pos
lankawe moda piriminge gon adahas thama wenas wela nahe,Neg
oya baila gahuwata oya wela wata wada karanne nethi kenek ekenma oya lost brother,Neg
mahinda rata beruwa kiyl uge paramprawta ape rata sinnakkara aithiyata pudgalika paribojanet liyala dunne na kauruth,Neg
apey lankawey samaha pirimita wayasa prashanak ne unta nadi wydunath athi sakkili ballo,Neg
aniwaryen me hamuwena hema drma eliyata dimen janaya denuwath veema wagema thrastha wadiya hema dema denagannawaeka podi prasnayk,Neg
mn me sinduwatath asai meke lyrics walatath kemathi godaak lassanai sinduwa,Pos
first unlike kiyala danne na ne mun ,Neg
voice lassanai ayeshmage wage variations thibba nm lassanai,Neu
aiya oya graphic card kama gb vision eka gahuwata prasnayak nadda,Neu
lahiru kumari akkata mudalin adara karoth kohomada mokada eya nisa adaki denek salli hoyanawada paw a charithe,Pos
machan ela kiri kollekube kathawa age karanawa ube kathawa akenma agaya karanawa job gana minissu gana ape lankawe gobba harak hithana widiha ganamun ,Pos
meka trending gahanawa loweth ,Pos
ane okkoma horu hamudapathi tuma rate janadipathi unanam hodai,Neu
niyama charithayak saha niyama vadasatahanak,Pos
janatawani me sarewath kisima kenekuta rawatenna epa bohoma kalpanakare wenna ona,Neu
mona aparadayakda me ai methumata mehema karanne pirihenawa dannam loku putu,Neg
sinduwa iwara wenakan balan hitapu kattiya ko balanna,Pos
hora gediyo wage video eka private kerla thibba neda ai admin oya ohoma kethai aah,Neg
sidhuwath hodai video ekata ganipu badda thamai wade abarana abarilla kohoma unath aiye oyage sindhuwath voice ekath gdk lassanai,Neu
hari tv thawa ponayo tikak genda ko,Neg
hodatama kiwwa e kolla,Pos
aluth wensak aiyh ekh ft,Pos
band eka kohomada gehilla,Neu
meyath horek wei wage kathawen terenewa kapati kama,Neg
jiwitheta wadagat godak dewal tiyanawa kathawa athule ,Pos
aiye office weda walata set wena aduma price wlata thiyna hoda lap ekk kiyannkow,Pos
godak wedagat kathabahak,Pos
oyata wecha deyam matath una etha thawam apith hodin daruwan denma ekka innawa,Pos
ada thamai dane thanks,Pos
koo varella lankawe innea poneyo tika awith baneppalla ,Neg
as walata kaduluth awa pissu hadena voice ekak,Pos
scole clz eke sinhalen katha kra kyna ekath pudumaysamanyen peters eke sinhalen katha krnna thahanamne,Neu
epa wenne ahuwata,Pos
chanaka oyata hoda anagathayk thiyenawa harima aasawen beluwe congratulations budusaranai ,Pos
harima wadagath lankawe anith ayath ekka balanakota,Pos
godak lassanaii lassana adarayak kella chapalaiy,Pos
salli nathi ekkenek wage pc eka hadala tyenne ,Neg
ape hamuduruwange prarthanawa esema ituweva saadu saadu saadutheruwan saranai,Pos
apitanm heenyak thama haba wennenm na kawadawath,Neg
grafild harima hora hora gediyek ,Neu
 aiye mama kiyane oyata mona unath oya oyage thiyana christian agama atha arina epa hondada,Neu
 api hithana tharam thawa duratath minissu moda na d katinma kiyawuna mun target karanne moda minissu,Neg
mekak ganna nam gemak gahannama wenwa,Neu
budda sasene pirihune nubala wage ewun nisa thamay bududahama berila thiyenne kagama sirinanda swamin la wage budda puthrayo nisa thamay ,Neg
mn lagadi set une channel ekata kaveesha ayyagen supiri supiri math hadanna inne pc ekak,Pos
 hitha hda awanka porak,Pos
me para the voice sri lanka meya kiyala hithenawa ,Pos
oba thumaga wada satahan hare asawan balanna oba thuma ta jasu pehetai,Pos
ape lankawe iwarai hamuduruwane,Neg
yako hama ekama kasun kasun kasun anith coach la asarana wenawa yako,Neu
kumari akka piliwelata katha karanawa,Pos
nodakinkn nodakin nodakin rahay tu,Neg
owa aduma melata koheda theyenne,Neu
b and s kiwwa widihata samanya janaya kemathi unata awasanayata star wenne ugura yatin kegahana melo wedak nethi kenek,Neg
iraj kiyanne rata kana ballek salli walata amama thaththa unath dala video ekak gahai pissek,Neg
kochchara ahuwath epa wenne nathi voice ekak comment dakiddi nm voice india wage wena aya sing kara mehema na ne,Pos
api hodatama asarana wela ape hamuduruwane,Neg
budusaranai oyalata neyamai neyamai godak lassanai harema adambarai mamat nuwara,Pos
lssna voice ekk maru,Pos
dan ekath thahanam kalane maha ponna anduwak lankawata thiyenne,Neg
jaya wewa ape eki batti congratulations macho ,Pos
hoda buddi math kamak hoda pahadli kirkman oyata jaya,Pos
obathuma kohe ipadunath gunayahapath kenek buddagama weladaganna hithune obe pinatai ane badina nona hodakenek unoth wasanawai ,Pos
anith eka kiyana ewa therenne naththe mt vitharada bn,Neg
mama dakka hodama announcer guest ta katha karanna dila nihadawa innawa,Pos
bane itin meka karanna welawata upload kare nathat baninawa welawata upload karama eka eka katha ahanawa  pawne ape admin akka oya owa ganna epa patiyo ,Neu
 adanm supri lassani okma,Pos
like ekak dammama eka watenne na bn,Neu
ado me pitupala yana data song eka kiyana kolla ne,Pos
ridi tharaka eke act krapu kolla ne,Neu
lassanai godak hadawatha pathulatama danuna,Pos
thamange nama kiyala thaman kataa karana aya selfish,Neg
ane palu baba thawath hoda brain washed ekak daganinn minissu mondayanta ganne epa,Neg
anea unea darmea uba dannea pukea,Neg
puduma denumak iwasimak thiyenne hitha gannawat be good luck,Pos
oya ge accident ekedi mamath oyata seth pathuwa ikman suwaya,Pos
kasun kalhara ubata sindu kiyanna ba ban eka nisa anith un judge karanna epa uba harakek wage mahath wela ,Neg
ova aran yanna puluvan katada vena ayata avankava yanna amarui,Pos
ganika wurthiyakdha buddhist hetiyata marana dhaduwam denna akamethi hebei ganika wurthi neethigatha karanna kemathi umbalage logic palayang ban yanna,Neg
 gobbayata mole kaldak na moda katha ,Neg
lassanai nathasa wage song ekath,Pos
ahan inna asai katha karaddi,Pos
handi gaane kiribath kana gobba wahalunge rata,Neg
meyata wada honda aya godak ain una,Neu
sahateka etta ape hamuduruwane teruwan saranai,Pos
ammo akki pissu hdenwa voice ektniymigd lck ,Pos
danatama dahasarayak withara ahuwe mn witharada ei ,Pos
ekakin dahak withara hoyanna puluwan masekata current bila k withara yanne,Neu
thushara mahathmaya oya pennana hema siddiyakma sahathika eththa,Neu
mn me build ekata kamathi naa emiva join kragatte nathi hinda unboxing ekakvath denna tibba,Neg
dan meke inna corch lath pissu ,Neg
kello pissu watila wage ,Pos
obawansea kata karane kunuarp nowedha mu gal karayak,Neg
gehangei dinogei jeewitha katha deka tikak eka wage,Neu
maths karala fail unath godak aya goda yanava great example tough guy,Pos
ane manda wena sinduwaka vishuwal ekak wage sinduwe teruma vishuwal eke kohewath ne,Neg
ane tele drama ekekatath ennekoo,Pos
oya build eka karanna nam ithin perum puranna wei,Neg
aiyo mama aiyage videos walata maara aasai habai mekata nam mama aasa naha mokada maath bus walata aasai aiyaa and aiya bus eke yana aya kamathi nam paddha paddha yanawata eccharai neh ,Neu
ada apathya kiyala dan athumaa lu patta bayai paw bn thawa aliyata awoth sir kiyai,Neg
web site eka mt ram card balaganna puluwan une ne video eka hodai ,Pos
siyuminige voice eka wage as ka piyagena ahanna puluwan ,Pos
karunakarala oya jel bola eliyata ganna katy tiyana etakota godak hodata kiyanna puluwan wae nanga,Neu
mona videoda bn mewa sinduwata gala penne nh ohoma video hadawahama sinduwata thiyana asawath nathi wenawa iiyaa,Neg
 me gon magule wene wadegath de nadde,Neg
nayakainta notherena supiri kathawak,Pos
budusaranai mage hamuduruwane,Pos
mun okkoma modayo,Neg
ogolongenmai hadhuwe super ekak dhaala,Pos
sathuta kiyanne kama un hiti than amathaka wela hitapu thanama ka gahila hina giya dakapu awyajama porak,Pos
adde kegalle kollek best of luck ayyah ,Pos
patta lassanai ahan inna asai phedili me wage gurutumiyak matath hitiyanam ada man koheda,Pos
mama tron doge coin minihg karanawa,Neu
coach shashikata supiri set ekak innawa dan,Pos
thambi minissungen vitharak neva pali gannay,Neg
anee chuti kellage dans aka ,Pos
pahadilyama oba thuma hoda garuka mahatthayek man godak garu karans kenek oba thumata jaya wewa budu saranii,Pos
thopi hengila krpuwa eliye sudda krnna hodann enn epa komath thopi serama depeththema inna kalakanni,Neg
neethiyata idak nethnam ape rate prasneta api pilithurak seveema kalauthui   obage gamanata asirwada wewa ,Pos
kamathima niwedakaya kata hata ahunath athi bs,Pos
cloud mining walata hodama web site eka mokadda aiya,Neu
ape sinhala baudda aya hodata danaganna mun thawath parlimant yawanawada kiyala ekekta chande denna epa pleas,Neg
super voice ahan inna harima asai a wagema voice akak super ,Pos
okanam voice global yanava january vala jaya veva,Pos
social media gana kiwwa dae godak aththa,Pos
mona de kalath jeewita oba natuwa enna ba wastwa,Neu
lasnta sing kra chalana ayye all the best,Pos
tadeya wedak ne wasti den video upload karan ne ne,Neu
thnx ayye mine karana video ekakuth karannako hoda software ekakuth ekka honda gpu card tikakuth kiyanna,Pos
hora gediya aiya neda mee amme a voice akamai tamai deiyo bend aka maru ,Pos
nuba gane apeta adamberai   malli sinhelayan venuven katha kerena nubeta jaya niyathai nubeta pin budusaranai,Pos
thoranna hithagena awe umariyawa harune nathi nisai shashikawa thoragatte habai kiyanne ona umariya sing karanaata wada hodata sing kara,Pos
puluwan nm hoda site tikak danna ligal tikak,Neu
thawa oya wage videoth demmanan supirie,Pos
mama hituwe hena Posh dayal akk kiyala hebi hena hadawath tiyana supiri charithayak,Neu
rjanan baya natuwa atta kata karanawa maga puta kamatima desapalannya,Pos
yathrawa yali yatha thathweta genimata shkthiya dairya lebewaa,Pos
me akkage kalin video balala thiyena aya,Neu
lahir oya harima hodai,Pos
denade kaala kiyanade ahagana innavalu ado ape lanka minussu hari buddimath umba vage boru satlight kadapu vageda muge katanam pahata rata ballek,Neg
adarshmth chrithyk hama wachnykma hri adarshmth dewl samjeta gnna tiynwa,Pos
goda kalekinn neda akkiyoo,Neu
oita wada aul ayath select karagtta ane manda,Neg
aasama dial ekk elma broh,Pos
oba heenayak dakinawadha,Neu
full song video akak upload karannako,Pos
meva daka daka duk vena aya konata,Neu
balaporoththu una ekak,Pos
emi kiyanna deyak na patta ayye one and only channel eka,Pos
oba kalathurakin pahalawena pinwantha daruwek niwanata langa kenek sasara ketikaragena niwan dakeewa samajaya harima napurui,Pos
coach shashika kiuwa nm final yanna tiyana chance eka wedii,Pos
sirawata patta aa hodawadak thawaparak genwamu,Pos
ape unnta kochra pahadala dunath wadak naha okkam kana pettam therum gannava,Neu
godak watinawa progame ekanm kumari akke oyata devipihitai,Pos
subscribe kara video eka ftt,Pos
athal session eka kasun the man ,Pos
oyage alankara katawath ganna bh nangi ,Pos
aka patta,Pos
aneey chooti nangi ,Neu
ammoo e voice eka voice sri lanka wenna kyla wish krnwa ,Pos
alla munta daduwam dila thiyenne akai munta welichcha wathura nathi madaperadega dunne api thamai munta ape rate eda dunne dan hodaine kelawa gaththane thambinta puka dela,Neg
ape hamuduruvo oba tumata budu saranai,Pos
aiiyoo me wage gon genune parlimentu yawala tiyenne ape badu mudal walin kanna bonna denne me harak neda,Neg
 hoda manusayek loku kam nathi ,Pos
 akke oya godak adarshamath mawak diriya kanthawak oyage kathawa mage jeewitheta loku haiyak mata oyata katha karanna asai,Pos
mata mage rata gana maha loku hageemak danuna ai me rate minissunta me de gana vatinakamak therenne naththe,Neu
supiri vido ekak ayiie,Pos
akki mm adarry oyata oya hodda amma kenek oyata a mathakada kiuwa oyage duwage nama ahicha dawasaka kawada hari mage duwata danawa kiyala mma kiuwa mage duwage namath swetha ,Pos
gootabaya netitii tumata vetaray lankawa baeraganna puluwan,Pos
comment balana gaman video eka balana kattiya ko balanna,Neu
minihama thamange nama ki parak kiyanawada,Neu
kandy wala branch ekk tynwda,Neu
 edennama dunna maru bumi,Pos
and pako boru kiyanne natuwa,Neu
ekatama kade yana eka navaththantdako thattaya siwru porogattu thopi,Neg
thurunuwan saranai loka sathya hoyan awa oba thumata ee deya esema labethwaa,Pos
ranja witarak nemei ashen kiyana ponnayath waga kiyanna onee ashen ponnaya thamai patan ganne,Neg
 aiya gdk hod wedsthnk piyathumni oben ape jiwithet leben aloky ithamth watinw obathumt teruwnsaranai,Pos
boy oya annama ona janadipathita patta hoda love to,Pos
ceylon radio legend lankawe radio kalawa wenas kla minisa obata jaya ,Pos
 puthe api kohoma hari ape gnanasaara hamuduruwo nidahas kara gamu oyata jayen jayama wewa budusaranai,Pos
nxt part koo danna eekath asawen balan hiteye thanks ,Pos
iraj nam pattama porak tama,Pos
kolla puduma unaa hee ,Pos
radio em inna kutuhalaya tiyenna onimai patta voice,Pos
kingsly tharuna wela,Pos
umaria tath harenna thbbe,Neu
ala kiri aiya aiya mama hari asai,Pos
mun bayai gotata denna mokada gota awoth mun hithana athal danna bahne uu ayya kiyana eka ahanne nhne,Neu
lap akak gewnn gnna hodama thana mkdda,Neu
oya maru akke athtama katha karanna asai respt karanna oni charithayak,Pos
oova thama raja kale hadapu pc ee kaleth pc thibba kiyanna hodam saakshiyak thama rajath game gahala,Neu
ane puthe ape rata beraa ganna obata pamanai eka karanna puluwan theruwan saranaii,Pos
mata bild ekk karaganna oni kohomada oya wa sambanda karagannee,Neu
fm eke budu talk denawa habai wayasa kiyanta lajjai pk logic,Neg
mona de unath eththam kelin kiynw,Pos
atama me kolla hodatama kiyanawa wadak na ban,Neu
anna ara naamalaya muhudata daala mu thamai genna ona lankaawe deshapalaneta mu okkoma prashna walata niyameta kelin uttara dunna,Pos
teruwan saranai jayamawewa,Pos
godak watina kathawak,Pos
aiia mata bild ekata conteack kara ganna one,Neu
eya katha karanawa ahan inna aya thawath innawada,Neu
dalada hamuduruwonta apahasayak yakoo,Neg
unlike karapu geri hambayo tika waren polimata,Neg
niyamai ape hamuduruwana okunwa pannanna one ponna palakayo rata palanaya karanakam samanallu raganawa,Neg
aththamai ugath buddimath daruwek wenunath demawpiyange adarayath agaya karanawa adarshamah kenek obata jaya,Pos
santhush haruna bathiya holman wela,Neu
 pasparakma beluwa mn e taramata lasisanai,Pos
dahaweni paratat ahuwa tawama ati une na super ,Pos
matu bawaye wath mge wenawanam asai ,Neu
thawth gramasawaka kanak canda danta kalin jnawari mathak karaganta a karuma tawath ewara na,Neg
sahatika etta obata taruwan saranai etta kiyala mai asikkita samajaya hadanawanam,Pos
lahiruge hinawaa good luck thadiyo,Pos
ahemay ape hamuduruwane,Pos
meyage talant eka hoyaganna palaweni para kasunta bari una dewani eken teruna pl kasuntath karaganna deyak ne,Neu
akke theruwan saranai oyata,Pos
oya kiyana hamuduwo honda kasippu karayek wishala chodhana tiyanawa mohu ganja gahanawa mohuge kata balanna,Neg
niyamai priya aiye jaya wewa oyata,Pos
pla thawath ape duppath minisunge salli kannathiwa ain wenna oyawage kenek ratta awasha nehe,Neg
priya ayyata wada mama hodata heenen pc build karanawa ada pc ekak build karanawa pro build guys million build,Neu
hithatama waduna akke harima lassanai oya idiriyatama yanna kiyala mama wish karanawa,Pos
godak nihathamani adambaraai pehediliwa katha karaa dirgayusa oyata bs ,Pos
ain krana pc pawicchi krnne nathi pc ekk denna baida aiyye mata masen maseta salli gewnnm,Neu
dharuwon ge dakshakam diha demawpiyo balan ennawa wage taman hadapu lamai gayanaya karana diha me coach la balan enne true feeling and emotions well done coaches,Pos
me pissi kohenda appa mewa hoya gaththe,Neg
kasuna goda giya ehenam meh daruwa ratata sampathak,Pos
oi pattai oi niyamai mchn sirawatama suppa,Pos
nihathamni kanak oya man harima adarai budu saranai,Pos
me battle eka aniwaryenma trending yanwamai,Pos
hamogema katha ohoma thamai good luck sir,Pos
kasun oya marai,Pos
inuka malli parana pc eka mta diyanko,Neu
aasawen baluwa meka nam love you aiya ,Pos
un un athaarina eka hema paulakama tiyei bn ,Neg
mama hethuwa hatiyata dakinne ape rate minissunge adika heena maanaya meya addiyapana kramayen hadiya yuthu deyak akka awanka saadarana honda kenek,Neu
aiyage interview maru ape channel eke video balanna,Pos
blakey umariyatath challenge ekak wage ,Neu
voice eka lassanai practice karala madi wage,Neg
coach shashika ad gdk suduy wage ,Pos
chuti baba lasseni ayye,Pos
mama nam adai danagathte kasunge amma malani bulatsinhala kiyala goodak adare karapu gaikawak,Pos
anith aya harune naththe kasunta thamai e voice eka ona nisa kasunge team ekata uwa denna ona nisa,Neu
uba niyama kollek bn,Pos
niyamai ahinsaka chrithayak wage bs,Neg
baudhdha kiyanne dharmayak sinala kiyanne jathiyak baudhdha hamoma sinhala wenna,Neu
athatama oya godak sadarana kenek mn aka athdakeemen keyanne mn asama neliyak,Pos
anne me niwedakaya,Neu
maru supiri super nice ,Pos
me walage tiyana dussta kama penawa weradi kala wita daduwam labanna one genu perethaya den sudana,Neg
mun okkoma akai hetta kala kala palayalla gawal wala alut unta tena dila kala kanni hattayako kondak giya nam tarunauonta tana dipalla,Neg
ane nagayo ai janadipathi wenna hadnne salli kuttiwlata kadara kamen neda,Neg
 thanx priya ayye ,Pos
kuwait ake niwau nee kumari akke boru kiyanna apa,Neg
lokaya essaraha wchcana bawitha karana kramayak teyenawa kimari akke,Neg
avurudu gananakata kalin oya tele drama ekaka act kara neda eke nama mathaka na nitharama game play karamin inne bohoma sahallu charitjayak e drama mama harida manda,Neu
garukarami hadawatin yaluwsne ape pattet ennako,Pos
dulaj supiri porak lokukamak na kochchara diunu unath,Pos
hadawatimma kiyanna oba tumata budusarsnai ,Pos
good lahiru,Pos
banina eka banapuden ubanam patta charithayak ayye matanam ,Pos
kalakaruwan kiyanne sanwedi hadawath thiyena aya,Neu
mama matumaga kata ahanawa satutui obata taruwan saranai ,Pos
radio eke ahanawa wage man ipaduna kenek man hiru ahanne mage punchi kale idan e udet ara ahanna school yanakam ekha ahanawa habai ara ayin una eken passe dan man hiru ahanne na,Pos
maru aiyee mn gdk kmt oya oyt kawadawt wrdnn ne budu saranai,Pos
ada umariyage lassana,Pos
umariya shoi anee,Pos
paminili daapu unta mae aathmae ma panuvo gahala mareiyan,Neg
bro me build aka bitcoin mining valata hodaida,Neu
mata me pawula therum ganna baha namesuth harima wenas good luck,Neu
rajapaksa paulea kamathima kana maya bs,Pos
harima nihathamani kenek oya,Pos
hamuduwange kathawa hari kattiya kiwanawa wadiy dan ona mekata prathikarma witharai,Pos
hamuduruwane kritiyaninge iwaseema gana oba wahanse awanka piliturak dunne na,Neu
marai attatama oba gena adambarai ,Pos
giya sareth dakkane balaperetha kamata ranil ekka ekaga wela rata kawa me sareth kotola kotola rata kapiyau,Neg
me kauruth epa nahananda janadipathi,Neu
asama sinduwak lassanata kiynawa good luck,Pos
gal gahanna epa voice eka awl wenawa,Neg
 shashika miss ge team ekata giya eka hodai malli sir ge team ekata giya nam ikmantama kapenna wenava,Neu
gym ekata gihin karana de food adukarala karanna baha gono,Neg
aiye forex trade karana ayatama kiyala laptop thiyenawada,Neu
hadapiyako gotabaya visin marapu minissu gana sinduwak,Neg
dan ahinsaka widiyata katha karanne wesa balli,Neg
mekata mole honda nedda koheda,Neg
akki oyt api adarei dagamalla kaale idan,Pos
ohoma yann ayye thawa k oone,Pos
wasthilage aluth video ekak oni un mekt like krpn,Neu
akki hugak lassana wela song eka hugak lassanai ,Pos
sinduwa ekak video eka thawa ekak paw,Neu
 panapu un dan lankawata wadak naa,Neg
supiri character akak,Pos
malani bulathsinhalayan mathak una harima sanvedi sinduwak kasun ge dara ganima as dekata kadulak ekathu kara obata jaya mewani geeyak idiripath kalata,Pos
ane welgama sudu van gana kata karanna epa api chande denne sudu van bari nam nuclear weapon dala hari ratata wadak karana ekekta sudu van  genichcha nam genichche ratata drohi unu ekekwa thamai,Neg
mam mulatikama ahuwa witharai song eka mara lassanaii love this song and music video,Pos
pissu wekara hadila mata sarinsare avith me sinduwa balanawa mama ,Pos
 sirge weda satahan koccara beluwath epa wenne,Pos
meyla ragapanawa api balan innawa athalne ane ape salliwalin jivath wena minissune me inne ,Neg
ane lankawat mokak weida me jarawal nisa,Neg
kasun wage kenek newath hadanna puluwan kenek iannawa,Neu
lankawe music video hadanne raswindanayak nethi montisori molayakwath nethi un mekath ae wage,Neg
me ahanne thunwnni para,Pos
ai prihanwa gatte natte oya wena eun ekka natanawa prihanwa ain karala oya wenuwata wena grl kenek ganna tibbe,Neu
ithin night club yana eka apahasayak newei nam ai tho eka uda pana pana parliament eke kiwee ane palayan yane ban dan shape wenni nathuwe ,Neg
suupiriytm kiuwaa mcn good lak,Pos
anee paw ahinsaka charithayak aththa katha karana niyama gahaniyak budhu saranai oyata,Pos
pattama bild eka aiye thankz,Pos
amoi kell gn ai diynne ohm hithnne sihk,Neg
moka awath uga sakkuwa purawaganna aka thama wanna,Neg
ha ha eyata mukuth kiyanna epa balanna hadiyava aga vahenna adan inna lassana munuth kunu godaval aran enava minissunge deta kanna,Neg
hemadama ekama adumane ,Neg
ganasara hamuduruwanta banina epa yakoo un wahanse kiyapu dewal ada siduwela neda balapiyawu aes arala,Neg
oya meka dinanawa,Pos
tunuruwan saranai pute oyala hamotama,Pos
ekanam pattama asadaranai,Neg
nikan club wasantha wage,Neg
comments dakiddi hithenne sama harakta wahallun se jeewath wemata asawak athi bawai,Neg
waddo kohomath thoranne kasunwa thama ,Pos
kiyana melo deyk theren ne eth marama lassanai hithata godak danuna me tamil song eka,Pos
pc eka nam super ganna giyanam pissu wage,Pos
oya dannawada ranill kalada kiyala puluwannam kauda kiyala hariyatha kiyanna,Neu
aththa sir oyage voice eka ahala nathi kenek innawa nm a thama ipadila nathi kiri daruwek pamanai,Pos
harima nihatha mani kellek,Pos
steal awasthawa lebena widiya kaata hari kiyanna puluwanda hema kenatama lebelle nedda,Pos
ela ela elamai ohoma yan sir budusaranai devi pihitai,Pos
atta wasayenma mama hituwata wada ugt buddimat kelin kata karanawa,Pos
paw ban miniha umbe u inna thathwe dan therenava dope eka dagena innawa athi umba karala thiyena wada gana hitha hitha,Neg
mamath kamathi katak,Pos
mata meyage muna katahadata galapaganna bane,Neu
mihindu ayyat comment krla ,Neu
suba aluth awruddak wewa,Pos
oba hari broo obage manasa harima diyunui ee aii kiuwoth oba mix kenek obata hoda expiriace thiyanawa eka thama obata labuna lokuma gift ekaa and blessings go ahead broo,Pos
ape hamuduruwantha theruwan saranai obawanse wenuwen mamath innawa,Pos
lowak piligath mage budu dahama adambarai videsikayek adambaren kiyanawa mage maw basawa lassanata kathakaranawa,Pos
anee hari paw oya oya mukuth danne ne hari baba,Neg
 ayye kalawe wihilu thibunata desapalanaye wihilu neh terum ganna puluwan weyi issarahata,Neu
baudhdhayanta wesak katholikayanta naththal mea dekama uthsawa karan api ehi thiyena dharmikathwa ya nathi karagena aththama kathawa meka thamai ea nisa mewara wesak nah nemei mewara thamai wesak thiyenne,Neu
feel wena song ekak ko balanna coach kasun wa thoragaththa ekata kamathi aya,Pos
wage mathakak galkissen bus eke nagga mata mathakai,Neu
ane kauru monawa kiuwath oyage song eka niyamai marama lassanak tiyanne visuwal eka aul thama ape rata aya kage hari adak thama hoyanna banina tiyanawanam a tharam lokayak ne,Neu
patta ela kiri wage dila thiyenawa video eka nam,Pos
congratulations bro jaya wewa ,Pos
hari sankirnay therum ganna amaruy,Neg
uu sira buwek ban,Pos
aththatama hadawathinma ahuwa baluwa mn mage jivitheta loku adarsha gatta misge kathawen ,Pos
me sinduwa me tharam denena female voice ekak mama thaama ahala ne,Pos
man eyage katha vilasayata harima asai,Pos
hoda wachnayk iwasima watinnawa,Pos
attatama mata araage muna diha balagena e voice eka ahanna be harima uncomfortable berina tena hand free deka dagena n eka pettakin tiyala ahuwa e taramatama e voice ekata api addict wela ,Pos
eka nam ketha wedak,Neg
phone ekn game play krnna amrui ne video eka maru,Pos
oyage voice eka maraama lassanai akki kochichara ahuwath epa wenne na akki,Pos
kaushi piumi me ubalageth awadanaya pinisai,Neu
aiya oya janadipthiwarneta illanna bari api oya ekka innwa,Pos
hodai kumari hoda kathawak kiwa kuwait walata lankawe gahanu rata yawanna epa kiyapu kathawata sthuthi jaya wewa akke,Pos
ayye thiyna pc eka update karagann one,Neu
dulaj thama parinatha wela na wage kiyala hithune mata namanushkage video eka parakata wadiya baluwa dulajta mokuth kiyanava newei eunata tikak boladai wage katha karanne,Neu
beautiful all the best adri hamotama lassna sinduwa,Pos
ad goda hinda balana eka appiriyai,Neg
appo maha boudda agamata garu karnna moka wunath kamak ne ape dalada wahanseta oya wage keth sindu hadana ekata konda pana nedda wena ekak hadanna thibune nedda,Neg
mama hithuve priyadarshana ayyata avrudu vethara kiyala,Neu
ameth werasingha koetharam danum sambarayak theyana kanakda ayemayawa kapuwa,Pos
redmi note pro eke reviwe ekak genna,Neu
niyamai build eka,Pos
mama issara me wa mtv eke dakke hena salli tiyena Posat lokukama tiyena kollek kiyala habai attatama dan tama hitenne ahema na kiyala,Neu
bass gahana malli achchi vahila,Neu
rupa ona na kathawa ahanda,Pos
godak minissu balan inne anunta hinawenna witarai,Neg
ammo monawada mepamana kal kale mara metarayakni politics walata mara shutbs,Pos
waellgama ericiyakaraya tuk nodakin,Neg
ane obatuma ape rata bera ganna api oba samagai,Pos
api hitagana hitiya ramjan kiyanna ratata adaraya karana kanak kiyala baluwama uth loka horak,Neg
kiyana eka wagema eka pecharaya karana ekath weradi e nisa ashen kiyana ngo karayage youtube chanel eka report karanna hamoma,Neg
aye sanwada ona na me pradana paksha dekata rata hadanna puluwan da barida kiyala aw k oppu karala pennuwa ba kiyala ,Neg
attatama bohoma hoda vada satahanak e vagema ma kamathi hoda lassana gahaniyak atta katakarana kenek oyata jesu pihitai ,Pos
mona dee kalat tibena turu jeevete oba natiwa mata ina bee wastuwe,Neu
ane tobi ukiwa atta uda tiyanna epa yko,Neg
podi basunnahe aiyata kalinma wada allala wage,Pos
niyama charithayk aththatama ganna deval gdk thiyna katabahak,Pos
jayawewa harima sathutui,Pos
oun swabawayen geniyanawa apayata,Neg
gon athal gon ranja,Neg
niyamai brother ekai wenna oni,Pos
music band ekath play karanava pennanako issarahata ,Pos
weda satahana hodai ad wedi nisa balanna epa wenawaa,Neu
amaricava vage ratak wei awrudu gotabaya mhathtaya awoth me podi rata ayata kaju kanava vage,Pos
puduma nihathamaani adaraneeya charithayak nehara akki oyata api hamadama adarei kawadawath wenas wen nathi charithayak oya ,Pos
ridenna ona machan hadenna api katath podui macho budu saranai,Neg
lassani naveesha fve voice ekak ,Pos
portama lajja hithuna pora gena sure,Neu
superb nangi oya marama dakshai ,Pos
and oya siwra galawala gedara yanna,Neg
supirima supiri kiyanna wachana naha aiya good luck,Pos
mage ammath akka wagemai matath innawa madumadawatath wada antha piyek,Neg
nangi addarey oyata salena eppa jesu pihitai,Pos
ape joliya siyatha moning show eka a athal eka kadanna epa ara and pasbara,Pos
mn asai oya katha karana widiyata harima sweet,Pos
appo wadak nh meka,Neg
wedagath sakachchawak ada neharage akalpa gena hodat dena gaththa,Pos
adupadu notibana dawiyak namaina ma dan obata amatakada man atitura ,Neu
harima lassanayi godaak lassanayi kiyanna wachana ne marama lassanayi e handa bhawanawak aththatma me wage lassana handak lebenne pinakata hadawathinma suba pathanawa oyt ,Pos
adarei adambarai patta sathutui me ape un neyda kiyala denunama,Pos
nice sis godak lasanai oyawa film ekekn dakina asai,Pos
ammo thank you me voice eka puduma widiyata adareii hithuna wara ananthai gihilla balanna one kiyala me manussayata kohomada wachana galan enne kiyala katha karanna dan e wihilu nathi unata balagenama kathawa ahanna puluwan ,Pos
eka patta aiye matath ekak ganna one habai adu ganata ,Pos
a kollawa toraganna tibbane aulak naa saho api unbawa brand ekak karala gannam,Pos
 oya thamai mn dakka best ma kena mehema open heart katha kara thank you quwa godak dewal patta best of luck dear ,Pos
nano tek eke tiyenawada,Neu
video eka enna kalin kattiya dunna talk kohomada dan kiyana ewata kohomada lankawane apinam katawath banine balnawa withari ,Neu
ade konde voice eka nam maru,Pos
hoda nihathamaini kollak boru sobana nathuwa sarala wachanayanm kata karanawa hoda danumak tiyanawa sarla manusayak,Pos
asa hithune n ekekwath gannha kiyapu ekata,Pos
den janadi pathi unata den wedi balathala tiyanne agamethita neda athakota janadi pathi wela kohomada,Neu
minisunta wadichcheka mandi ayeth ellagena kanda yanna,Neg
me hamuduruvanva contact karann kramayak thiyanavada,Neu
ape hamuduruwane me wage un lankawatath me loketath pawkara kamata thamai ipadenne aye munta athmayak naha thirisannu wela ipadenne ,Neg
ane ahapu hadawal walin hithata danennama ahapu hada ,Pos
 mula indamma meeka baya welaane,Neg
mahindage putha chichita agamak thiyenawada boruwata kiyanawa wenna puluwan samanyayen scientists lata agama gana wiswasa naha,Neu
nehara oya thama man kemathima niliya ,Pos
niyamai kilin katha karanwa,Pos
adoo ponna haamduru oya genu thiyaagana innava ne ponnaya,Neg
attha handuruwena methuma vesak gna kiyapuwa attha thma,Pos
eaththatama mul ta wadaa aasaa hithenawa mama dawasata paarak ahanawaa aakshaa oyaage mee ayee kiyala wedak nehe allthebest,Pos
karanna deyak hodata kalpanawen karanna good luck god bless you ,Pos
mn asma sinduwak,Pos
  janadi pathi venawata man vitarada kamati,Pos
ara aiyata adarei hamadama pas wath genna tibbe palui ne eyage hinawa nathuwa,Pos
kasun thama dial eka ,Neu
harima lassanai ashka akki ,Pos
marama hitha hoda manussayek matath dawasak paredi hambauna,Pos
gotabaya hariyanne na gota awa kiyanne namal basil aya uda paninawa nagananda wage kenek genna ona,Neg
aehema thama wenna ona brother,Neu
veraliyaddawa madden ahune katada ,Pos
 e hinawa hari lassanai,Pos
uba patta porak ube life eke gana examples godayii,Pos
gotata be ubata puluwan ane palayan walgama yanna hora gani naya ge seloon ekata dunnu arakshawa ain kara kiyala uba ochchara gota ekka taraha gotawa illuwe rate minissu,Neg
chathura alvis aiyawa gennanna,Neu
k valata thawa subs ikmanatama gamu,Pos
ona kenakta hambavala kathakaranna puluvan manussayak walgama kiyanna,Pos
wdk na bn katha karala muhude inne eka maluwek da,Neu
aththatama aya godak sakthimath sundara gahaniyk saha adarshamath mawak,Pos
irisiya aya like karan na,Neg
game ghnn moktd yko i ekk utat pissu ubatat pissu priyadarshana,Neg
thambi dagena mun rata rate minussuwa kanawa hitu thawa tika dawasi,Neg
ai bn pirimi ganu wenne etakota komada sinhala wargaya wedidi karaganne ,Neu
ahinsaka charithayak thenk you iye ,Pos
ahinsaka muslim janathawa thamai paw,Pos
paw bn ubae sinduwa orginal wagemai mata ahune aparade,Neu
meya maara asahanayikin thamai inne hondatapa penava kathavenma,Neg
oyage kathawa mage kathawata godak samani nangi mama th godak kapa kirim kala anthimata mage charithe gathanaya karla eya weni gani ekka ada innawa ,Neu
oba apita gaurawayak sahodaraya eth loku bayak danenawa dawasaka loke kohe hari mullaka hangila idagena ape punchi lankawa sithyamakin balanna wei kiala,Pos
mage jiwithe dekapu hodama gehenu charithayak adarei hemadamat hoda adaraniya amma kenek dirgausha lebewa hitana patana hema deyakma e widihatama ishta sidda wewa,Pos
dapanko bn ikmanata magula,Neg
woow adithya mathak une mata witharada,Pos
oyanam maray akka ada adare kiyanne sex walata witharay hithe athiwena badimak newey okkoma boru ane,Neu
aththama katha karana manussk respect bro ,Pos
oyalage page eka messege dammat oyala reply karanne nane pc assemble krnne nedda dan,Neg
supiri bn supiri gmnk ynna one eknma buzzer ma waduna eka dkkma pttama athal ,Pos
oba wage agayanna one,Pos
mama hithana vidihata ara kiyana newadakayek nawaey jeeitha gana uganwana mila karanna bari pothakaiya mama oyagen godak dewal egena ganawa mana hethane thawa dahas ganak ahma karanawa athi kata oyata bahoma pin ,Pos
kasun oya nam mara athal ,Pos
pora wenna method eka popular unata passe duka hithena backstory ekak kiyanawa,Neg
ee kale idan baluwa wasthi supiri,Pos
uba den hoda dial eka wage katha karata uba hinda ne kawadawath gini gaththe nethi nuwara gini gaththe,Neg
kiyanna deyak nea gaming build nam ithin pc guide thamai supir,Pos
ekko dinithi hitiyanm hodai eki penna hri hitiya me kauda ane ,Neg
oyala samaja gata wiya utui,Neu
anee a ammage sathuta ,Pos
nikan hall kali walata harenawa mun hoda lamayek hodata kiuwahama munta harenna ba,Neg
umaria buzzer eka gahanna ennawa kasun palayan ahakata ,Neg
eka aththa ayye math Negomboe wagema katholikayek habai math karmaya hugak vishwasa karanawa ,Neu
adithya wage dekke xd ,Neu
mita wediya duk vidina genu nedda essara benapu un okkoma dan kumarita kade yanawa meya kata da apahasa nokare,Neg
oya kawda kiyla danagathe ada ayya oyta kawamdwath wardine na wardinath epa oyata therwan saranai,Pos
unlike karanne mokkuda,Neg
 okige ewa wiswasa kalata api wiswasa karanne api kanne bath ayiye,Neg
video eka iwara wenakan balanna hena gemak dunna ad ena eke iwarayak ne,Neg
wena instruments onima ne me voice ekata,Pos
sinduwa supiriyatama kiwwa pattama patta ,Pos
ayye lionshare trx ganath podi video ekak karamuko,Neu
harima lashsanai duwa idiriyatama yanna saktiya dahiriya labaewa budu saranai siyaludavi rakawaranai ,Pos
mata malli dila tiyenawa wedie malli hoda manussayek ape rate awun charithe kewata,Neu
song ekanm hodai visual ekanm appiriyai,Neu
anee   malli illapanko chande dennava ekenma,Pos
mining karanna pulwan tools ganna hoda thanak danvada aiye ,Neu
godk mahansi wela mewa hoyala kiya denawata godakma thanks,Pos
kiyanna deyak ne itin youtube ekama anith petta harawapu porak thami itin ,Pos
oyata mona da kewa ayatat mona dawal karanawa kewa ayatat mitri dayawa karunawa ayi karaganna,Neu
pitathin beluwama unlik karanna hithenawa mamath ehema kala athe athulathin balanna uthum himi namak,Neu
hari nihathamani kollek hari watinawa,Pos
harima lassan ta gayana kara harima nidahas,Pos
anee aiye ddr ganath video ekak ohommama dannako,Neu
final yanna ona voice ekak,Pos
maru ayye fatta,Pos
meka gena  eken photo dala tibba dawase idan balan hitiye video eka daanakan patta,Pos
aparade dan nm judges la waradi tiirana ganne hari dukai,Neg
lassani godak mage asama sinduwa,Pos
thank you oyaala hamotama adupadu dakka ayata,Pos
godaak lassanata sindu kiyanawa nathasha akki oya e music ekta anee mnda hithata lku amuttak danenwa lassanai kiyann bari tram godak mge aasama song ekath meekaa asai me wge songs godak balann idiriyata,Pos
kunuharapa enawa coach katata mekata wada ansabaga song tikata wada meka thoranna thibba ,Neg
kala karuwek hatiyata kamatima kenek,Pos
oyata bs   aiye ape sinhala bauddha rata sinhala api serama ekathu wela beragamu,Pos
kasun ge voice ekanam patta ,Pos
maru maru onima ekak,Pos
siumi thamai me sinduwa lassanatam kiuwe sisan eke,Pos
asama charithayak gehan aiya mekata awilla sanwara wdhata idi kyala hithapu eun ko,Pos
oyata thava thavath issarahata yanna hama shakthiyakma dahiriyak ma labeva patta voice eka hadavathinma sathutui,Pos
ranjan parissamin hitapan,Neg
anuahka uba niyama porak bn,Pos
janathawa buddimath wenna me sare ugath saha pradhana wasyen wadagath aya tikadenrk pathkaraganna,Pos
niyamayi matath e wagemayi shashika,Pos
kochchara hoda adarshamat amma kenekda oba godak dewal tiyenawa obagen samajeta ganna,Pos
godak kamathi janappriyama niwedakayo dennabs dennatama,Pos
 mokakda malli me seen eka,Neu
amboo comment balana ekath pissuwak sindu ,Neu
methanadi nerves unath battle eke dunnu gamma kohomada ,Neu
kasun ube akak nisada hahahahah hoo,Neu
metro game eke hatiyata gtx ti card eka hinda bottle neck wenne nadda,Neu
math godak adare karana kenk akka,Pos
pissek ekka mona entaviwuda ban,Neg
apita live balanna barida youtube eka,Neu
hiru eke iddi mita wada hodata kiwwa meya,Neg
chanux bro dawasakata kannama rupiyal lakshak wiyadam karanawada,Neu
 harunanm mekta harenne nethuwa inna hethuwak na,Neu
baduwak katha karai ,Neg
priyadarshana aiye ela,Neu
thunuruwange saranai ape hamuduruwane,Pos
podi kale idahan mame aiya lage video download karela save kara gena blenewa ,Pos
man dakapu nihatha manima kena,Pos
umariya wanduru patikiyek wage ,Pos
mona unath ela kollek,Pos
deergyuu wewa ape hmuduruwanta,Pos
mama muslim kenek me wahanse eda patan ada venakam mama godak adaraya karana gawrawa karana himi namak kiyanade okkoma hariyata hari,Pos
no one kasun kalhara man mukuth kiyanne na ,Neu
podi akena loku veddi mashin kai,Pos
anushka aiyage eka balala iwara karapu gamn meka dala,Neu
niwedaka penna basudda nam hoda minihek,Neg
unlike dapu unge aula mokadda kiyala therenne naha,Neu
matu dineka mama polawe walalena turu nnube ata mata aiti natuati sudu,Neu
jivithaya monatharamnam wenasda neda yaaluwane,Neu
ayiye mata me build ekama karala oni patta,Pos
maarama lassanai aniwaryen final inna ona kenek ,Pos
iwara wenakanma beluwa very interesting,Pos
menna thawath vihilu sapayannek anthimata chande illannath bari una mu hariyata katha karanne mu clean wage ,Neg
man isara balapu cartoon ekaka me wage dial ekak hitya mathaki,Neu
mama katolika eth oba wahanse kiyanade sahatika atta budu saranai,Pos
chethi akki oyata ape scl eke hamogema ashirwadaya,Pos
oya hamaduru wage kathakaranna iganaganna apita thambi kiyala methana kiyanna epa,Neg
samithalawage gehenu athare garu kala youth ape para puratath ratatath adarshamsth mawak godak adarei,Pos
chamara hitiyanam harenawa superb ,Pos
melo rahak na ,Neg
akkai nangi wage penne mata withrada bn,Neu
video ekak enakan balan inne,Pos
adarshamath girl kenek ane meka dan inna girls la dakinawanam ,Pos
harry potter sinhalen hadakawala pennanna puluwanda sirasa tv,Neu
ai ban liyathabara kiwwa neththe mulinma kiwwanm kattiya pora kanwa ,Pos
ranjan sir adarei hemadamath,Pos
 obge charithaya api age karanawa,Pos
 mn ne kelawa mrd karanna ashai,Neu
theruvan saranai oba vahansege maniyanta,Pos
math ehemai mn chaura rajina kiyeuwee mt wasaredii ,Neu
neyamai ape humdruwane oba wahanseta niduk nirogi suwaya labewa ,Pos
me inne ialaga bandhu samarasingha,Pos
adoo udayaa eka paharak bn ,Pos
mn dakka pattama charithayak thama oyha mn palaweni para muhunata oya lanwa dakke holyparty ekaka eda idan mn oyage video balanawa adareii hamadama ,Pos
mage team ekata waren adiyak gahana gaman dolki gahanna ,Pos
ane gobba moda jork karayo nidahasa hinda thamai minimaruvo kuddo horu inna thope rajapaksha nade balayata ave ,Neg
me kiyanne aththamada kiyala meka baluwama saka hithenawane,Neg
coment dekkama hinath yanawa katha kale puthgalika dewal ratata wedak unada wage coment dana kattiyage hitha dannawa eyalage charithaya kohomada kiyala,Neg
aththama superb wachna na kiyanna puduma lassanay,Pos
tharagakaruwanta sadaranayak wenna nam winishchaya karana pirisa buddimat wenna,Pos
interviews okma asaven bluva,Pos
oba thuma me vidihata hamada a hitiyoth aniwarayen rata hadanawa a kaanthayen mata vishwasai kadula balala apith tika tika haedenawa obathumata bohoma pin,Pos
raththaran amma kenek mage amma wage ,Pos
patta kauru kiwwath vireshge wage feeling eka naha affe,Pos
appiriyai ehema unama,Neg
dan nam atha kiyawenawa,Pos
 network carrier aggrigriation ekat mekata balapanwda,Neu
obatuma kelinn kata karana kenekk obataumata hadawatinnma situtii namutt mama jvp,Pos
wenasma build ekak supperb ayye,Pos
meya hiru star eke sing kara mathaka katada,Neu
niyama puthek haride katha karanawa api suba pathanawa ,Pos
sahangiwa mathak una,Neu
pattatama kiwwa kollo harunath nathath umba waddek,Pos
chandrika mahajana pakshayata giye ubata konnda pana tibunada ,Neg
attha kara ekama desapayakara jaya ,Pos
oba ohoma jeewithe digaharinakota matada mage jeewithe yatharthaya boho durata awabodha una ,Pos
muta salli thiyenawane,Neu
mehema moda ganiyak ,Neg
mage asama voice eka ,Pos
hitha niwana katahandak thiyenne harima lassanai,Pos
ai vedeo eka danna parakku une,Neg
anith eka ge husbanta honadai nam ge pudgalika dewal eyi mea rate inna unta mechchara kekkumak ,Neg
mekta wifi connect krnna baada,Neu
hithata wadunu interview ekak superi aiye ,Pos
hmm good toke neda malli,Pos
handata adarei edath adath hetath suba pathanawa obathumata budussaranai dj ,Pos
hamadurula mehema karanawada muslim kattiyata ranjan baninakota moo hari den weradi ekkenikda i think he is right,Pos
lahiru obata bohoma istuti ,Pos
eki nikan mongal wagee,Neg
meya oya baila gahuwata e desha paluwo kotasakata kade yana ekek meyath baila tama,Neg
ai mechchara parakku vne admin ,Neg
kasun kiyaddi age hirigadu pipuna wge music legends,Pos
devani eka obee novei anith eawa obee gon part epaa ban waradak unanam piliganna apita moko aththa piliganna,Neg
e kunugoda ayeth ganna epa,Neg
sanathik aththa ganu lagata salli dila minissu gihin passea ganunwa hanwadu haganwa,Pos
ane wasanawan senkadagalapurata me wage hadawatha pirisidu mahathmayek obata dalada samidu pihitai sudu bandata,Pos
seramanla kade yana aya tamai,Neg
oyage song nam patt bro,Pos
lassanai ayya kohomath oyage singing walat aasai ,Pos
me wage kenek kiyala hithuwe ne,Neu
welawata anushka aiya netthe hitiyoth dulaj aiyata kata arinna hambawenne na adamai dulaj aiyage kathawa dekke niyamai,Neu
lankawe hatiyata ithin apita pc gana wishaala danumak labadena priyadarshana aiyata thanks karanawa mee wage video eka aragena awata lagadima k subscribers gahanna suba pathanawa good luck,Pos
phone eke user expirions eka kiyana eka watinawa,Pos
niyamai malliya supiri,Pos
patta backing ah,Pos
adambarai mchn uba gena sudu banda ,Pos
waaw lasna interview ekk pahadili dakmak thynwa superb ,Pos
unlike karapu unta ammala netuwaathi,Neg
niroda akke niymai oynm,Pos
ranjanta banina hamotama hodak nam wanna,Neg
sandun aiya patta vidoe ekka aa,Pos
mee pain wakkara wage ane kanata,Pos
band ekata supiri gahana kollo tika me pethtata please ekenuth base guitar gahana piksa elama,Pos
pc build ekak karala denna aiya keeyak charge karanawada,Neu
niyamai ape hanuduruwane,Pos
pattai sahodarayo dennek wage penne mt vitharada ,Pos
mama me program eke dekapu lassanama best voice eka patta nangi congratulations,Pos
paw ane kauru hari rassawak danna paw aya rata anawata wediya hodai lankawe rakiyawak kara gana inna aka paw,Neu
gotabaya awahama aye wahal palanayak ,Neu
mokadda ban oya kiyana vidiyo eka,Neu
lajja natuwa ena heti media walata,Neg
hari asawen baluwa,Pos
an like karapu awn ranjage agame unne thu nodakin mun,Neg
eheth api sinhalawarunta aadarai,Pos
aththtama kiyanna wachana ne harima sathutui dekimath puduma asawakin iwara wenakmma beluwa arawinda ayye ada inna niwedakayo apita radio epama kara oyage voice eka siyathe youtube channel eken ahanawa witarayi api oyage skill eka maarayi ,Pos
mekata puduma lassanak oyage voice eken add karala tynneawanka adara sithuwillak tyna kenekta witharai,Neu
me sundara manussayata mahathma gathiyen katha kalanam thami hoda newedakayek hatiyata,Pos
ayy phrk gme kollek ape adarei,Pos
apoo dan ma unsubscribe kera shik nodakin me musala ganige muna dakkama,Neg
nanda malani mahathmiya kiyana sinduwath ahala balannako,Pos
sirisenage malli wage katin baila hitawa na perakadoru pattamath galawunu kodithuwakku,Neg
eka ammata adare thrn ekma athi hariynna deka sinhala kama,Pos
mic balance karanne nadde,Neu
ai meya wa genawe sudda karanna epaa plss,Neg
ara kellagey amma gawa ina iki over acting nadda,Neg
me kalakanniya tharam awajathka ballek mama dakala ne muge mulu agema thiyenne awajathakama muu ragapanakuta meeharak rawatenawa,Neg
niyama programme ekak ,Pos
mage gedra un rakina hamuduruwane mn okma margena merenawa,Neg
budu saranai oba wahahnseta,Pos
obata handin pamanak minissu natavanna puluvan athivishishtai mama ahapuvara ganana kiyannatabari tharam hareema lassanaiysathisha bhatt,Pos
sinduwe lassanai kauru mona kiuwat,Pos
meyawa hariyanne nha,Neg
patta charithayak hithuwata wada godak wenas,Pos
mun cande denne ratata jatiyata agamata sinhala kamata drohin vitarai un batt kana harak,Neg
mata hithuna mula indalama sashika wa thoray kiyala,Neu
kelawa gathta shashikage team ekata gihin,Neg
godak duka hithena lassana song ekak,Pos
lahiru pussuda ban ubata ape hamuduruwanta nama kiyala katha karana ekekwa form karanne muta issella garukarala katha karanna kiyapan,Neg
api hadamu sinhala pakshayak,Pos
ponna siwru karayek me siwratath ekka lajjai sakkili hamaduru namak,Neg
voice teen pathum mathak una e taramnm lassana na itin,Neu
bathiya loku fan kenek neda meyage ,Pos
maga damapiyan maga as dakawaga balaganna mama,Pos
lahiru oya kata eya mhattya keyanawa oya nama keyanawa pau neda,Neg
youtube live one api oyalage tv commercials balanam ,Pos
mage athdakeeme mata hondatama theruna deyak thamai ape rate saadarana awanka honda minissunta kisima thanak naha agaya kireemak naha honda minissunta elawa elawa gahanawa diya yatin gingara geniyana minissunwa hondata agaya karanawa ,Neu
hodata hitiya pcg ayiyath ivarayi ada ayiyage katahada venas monada chanux orb oyata kale,Neg
hari bn ela api ube paththe,Pos
ane manda araagenam tiyenne puduma hakiyaawak,Pos
harsha aiya fttma jayama wewa ,Pos
kasunuth harila danui dakke ,Neu
uba kellek una nam select,Neg
ammo eka super ,Pos
iyaa bn mewa sinduda mewa ahana ewunwai hadan ewunwai serama marila yanwanam,Neg
daru dennai api dennai neethiyak bawata path kala utui ,Neu
attatama marama hagimak enne woise ekatai e sinduwatai obata suba patum,Pos
filt kiyanne gonek therisenak ,Neg
harima lassana hitha nivenana kata hadak,Pos
gehange whats app number eka denewada kauruhari pleace,Neu
aththema oba ada samaje dakina dairiya mawak obata thawath dairiya sakthiya labewa,Pos
ane hutto tho danna music puka nodi hitan gihin wadagat music ekak hadahan at least b s wage oya music ona ekenda hadanna puluwan salli tuyanawada gon namba,Neg
supiri kellekne meka balala thma gamyage fan kenek une ,Pos
me sinhayawa janadipati karamu,Pos
 meyta crush ekek thiyenne mata witharada,Pos
geniyek ta apahasa karana hema ponna pirimiyata ma anith athme ballek wenna thamai wenne,Neg
ayyawa contact karaganna widiyak nadda,Neu
 australia wachana patta comment ,Pos
me gehan block ge malli kiyala danagannakota oyata wayasa keeyada,Neu
comments kiyawana awilla mama vitharada athal ganne ,Pos
sinhala buddhist culture eke naraka dewal naha bro,Neg
aduma tharame podi graphic card ekak ganna thibbanam athi mata mewa hiina mt,Neg
yanawaa hithe duka dara nice song,Pos
akka ekka katha karanna ona,Pos
sanuka wikramasinge ekka program eka krnnko,Neu
me dawaswala ahana sindhuwa ,Neu
hiru star harsha super star harsha dan the voice harsha suba pathum,Pos
ane patta gona,Neg
kasunge amma kiyala dengaththe ada kiyapannako,Neu
oya sindu ekk jeewth wenwa mw nikn thotillk pddnw wge mt danenne,Pos
me mage janappriyama eka me sons eke wenawata kawda kemathii,Pos
eadath adath kamathimai ,Pos
hiru star mathak una ,Neu
uba marry karanne yanne muslim balliyk mokek unat uba gana kanagatui,Neg
ai nidahas karanne natte aniwaryen nidahas karanna ona me rate enna utum swamin wahansela,Neu
filtyth ekka baluwama uba ela porak filty kiyanne maha mudukku hu puthek,Neu
kawadwath waradina epa oyta,Pos
ada shashika akki lassnai godaak adarei ,Pos
aiye sinduwanam gammaa,Pos
lahiru aiya niyamai hari open katha karanawa ,Pos
band eke nama kiyandko ayye,Neu
hemadama ekama aduma mokada danne,Neu
muslim minissunge kadawalata badu danne muslim minisuma tama un sinhala minisunge badu ganne,Neu
me wge wadagath programme ekak kalata thank u brother ta tiyana jeevitha awabodaya hamotma terum ganna puluwan nm jeevth wenna prashna wlta muhuna denna lehesii thank you n god bless you brother,Pos
mek smpurnyenm bluwnm therenw me mnusy smjt denn ynne wdagth message kiyl aththm wdgth person kenek best of luck aiya,Pos
aye supiri kollek,Pos
chanux brotawath ba mechchara hodata explain karanna ,Pos
antima tikata nm duka hituna eyawa miss una ehnam,Neu
mahindatada katada waradunada kiyala danaganna puluwan chanden passe,Neu
malli kiyanawa webi neda epa wenawa,Neg
pita rata idan hadila wadila awilla meloo accent ekak nathi hati samahara ape yaluwo awruddak rata indala eddi enne boru accent ekka boruwenma duwana lokeka oba wani buddimath kanthawan ratata loketa sampathak ,Pos
niyamai bro adarei,Pos
niyamai thawa aluth deyak karanda suba pathum,Pos
patta weddek tama ara aiya,Pos
oba wahanseta budda sarane pihitai,Pos
sinduwata video eka kisima galapeemak naa,Neg
gotat mahindage malli kiyala apita amataka una eka lokuma weredda ada,Neg
gampola kollak supiri,Pos
suddek unat hoda minihek ,Pos
kasunatai me kellatai katha kathaa kiyan nathuwa poddak maanushiya widiyata hithapalla oya ostharlata puluwan da me stage eka nagala sarigamawath hariyta kygnna,Neu
me sinduwe theruma harima lassanai,Pos
sinduwen kiyawenne ekak video eken kiya wenne ekak lankawe ai appa sinduwata gelapenda visual eka kara ganda beri,Neg
u mokekda naki venakam rata kala munva genath pennanavath apa appiriyai,Neg
suddak ape sinhala katha karadhi apu gamma ,Pos
ela katawa buddimath kollek,Pos
dinanne yana yana thena oba hindai ,Pos
ratata pahala una budhdha puthrayek theruwan saranai hamuduruwane,Pos
matuma kelin katha karana kenak bala tanhawa naha,Pos
kagewath bana ahanna ona na taniyen gamak gapan udara monath ona na nangige a adare ati puduma deyak dakke a as deken aduna matah,Neu
gobbonta meyath viirayek natapu naadagam mathaka ne nuwara wewa watee ,Neg
lahiruth uba horage ammagen pena ahawa yako rate kanna nathiekek genalla prashna karapan pakku phom nokara,Neg
paksa bedayakin thorawa aththa kiyanawa mage gaurawaya,Pos
aiye iq option trade karana hati deep talk video ekak gennako,Neu
tharuna kaley apey role model eka,Pos
harima watinawa mehema minissudakinna asai issarahatath sudu bandawa,Pos
minissunge jeewitha gana ahumkam denna oone therum ganna oyaath dewi pihitai,Neu
thibba machine ekath pichuna dan monawath na,Neg
bns steal eka maru ,Pos
pattama lassanai akke hitagannawath baha good luck,Pos
wow oyanam brand akak sis,Pos
man asama talented kollek aiya adarei ,Pos
obata sambudu saranai,Pos
ammoo eka patta ah,Pos
voice teen rawana wage ,Neu
 parada koheda ahana eka maru ,Pos
sinduwa nam hodai eth gon baduwak dagena video eka vinasa karala dalada hamuduruwange pihita nemei thopita lebenna one hena gahannai one,Neg
pattai hode marai,Pos
thank you aiya me charithaya mehema interviewe kalata namuth aiya kiuwa vidihata aya rediyo aka athule inna thuru ayage dimand aka godak wedi wachana ne lankawe athi daksha number one niwedakaya ,Pos
bhumi attata oya samayaye inna ona kenek nangiyoo minissunta hoda adarshayak  gaaniyek wediyata attata garukaranawa nangi oyata budusaranai ,Pos
ape appo meki me monawada kiyanne ohoma thama waysin bala minihek badala paul kadagena dan raganawa mekath pathinii amma wenna yana charithayak hoda nam kohomada paula kadenne,Neg
hamuduruwge amma dekagenima harima sathutak budusarani,Pos
anee nilu oya utum amma kenek oyata hamadama jaya,Pos
 haa ha ha haa thunparak baluwa ethana witharak,Pos
akka bohoma hoda kenk hoda amma kenk mey ratey enna hema kenk tama hoda adarshyek man bohoma kemati hoda nihatamane kenk man mey weda satahana balanawa man meka kipa watawakma byluwa harema lassani ,Pos
mma hithuwe build krna eka amathaka wela kiyala,Neu
kathawa hasirima aduma koi tharan wadagathda upathimma gahanun una godak denakuta loku adarshayak suba anagathayak bumii,Pos
horak wa market karanna naa lu ahanam gotawa ayy market keranna iraj,Neg
mama asama niwedakayek supiri,Pos
kohomath yatharthaya ohona thama hamuduruwanee,Neu
kanya patala sankalpaya lankawe nathi wechcha daata lankawa diyunu ratak wela thiyei aduma tharame diyunu widihata hithana minissungen pirichcha ratak wei,Pos
budhdhagame hathuro ape ewun hamadama munta rawatenawa,Neu
hamadetama buddimath vidiyata pilithuru denawa,Pos
ege hirikadu pipuna mrm lssni kiynn wchna ne ,Pos
umarige hinaawa muwa muwa,Pos
api ubalath ekka digatama tambi elawannai ona mehen ,Pos
monada mee puke video smita wada hodai thaththama bandanam nodakin,Neg
sirawatama ela iraj broh lankawe minissu den wens wenna kale hari,Pos
me gagana gamiya neda mu tatta jandipati kale colombo university eke phd ekak kala dan balaya neti handa muu mehema kata karanawa,Neg
attama potta sudu eawata loku tanak kasun wadak na shaika wadak na,Neg
ada ara kellta hruna eka ubta chnce ekk denna thibba kollo marama asadaranai oyge gamana nwttnna epa oya hmotama ridenna gamank ynna ada haruna onelida kwuda kyna kellta wada uba mara dakshai mara asadarana deyek une,Neu
api sihala baudda manussakana tiyagena jeewat wenna badinna munta unhiti tan natiwei,Neu
janadipathi warenta illapan ekennma denawa me wage nayakayek thamai one sinhalayata,Pos
me aiya hiru star season eke hitiya neda,Neu
ko blanna ape un tika mata nam pattama ptta aa,Pos
mn nam kwadath nehara akkata adarei eyage dancing podi kale follow krapu nisa thamai ada mn mechchara dakshayek une adarei eyata hmadamath ,Pos
me pc ta kiya yanna adda,Neu
anne ai appa me kumari kiyanne thani kara moda kanuwa,Neg
meka pouthgalika prasna nisa gota ta gahanawa,Neg
video aka sinduwata galapan ne,Neg
niyamai ape hammuduruwan okata gahala elawannaona,Pos
priya aiya niyamaii,Pos
eka amuthu voice ekak,Pos
aththa mn tele drama ekaka act kala mata godak hodin salakuwa mata kisi wenasak kale ne akka kama kaddi pawa mata dunna,Pos
amme oyata budusaranai oyata godak pin me wage hamuduruwo namak ape samajeta dayada karata oyata niduk nirogi bawa lebewa budu saranai,Pos
oba whansege katawa atta ape hamuduruwane,Pos
a geny mara bayata ahema kiyanne,Neg
kiyanna vachana na man struck una good luck,Pos
niyamai hamuduruwane edithara sithata hisa nama achara karanawa,Pos
song aka nam lassanaiat video aka antimai lassana voice akak tiyan me wage song karanna apa ape sanskrutiyata monada wenne kiyala chuttak hitanna all the best,Neu
anna apita hoda bails tikak ahaganna puluwan hadal,Pos
chamari atapattu mage mallita cricket badu godaak dunna adatath mama thank karanawa eyaata badu saranai,Pos
katha karana type eka tikak bhumi harendran wage me adahas hari watinw,Pos
kalin plan karala wage super voice,Pos
 kelin katha karana mage asama desapalagnaya dinne oya balan unna ,Pos
mm first time episode ekk iwr wenekn beluwemarama porak,Pos
me thrasdawaadin saha deshapalakayanta hena gahanna oone me karaou vinasheta mun muslim nemei thrasthawadi thirisannu,Neg
patta store eka hithanna yamak karanna yamak good job ,Pos
suddonta redda ussala jathaka una un nisa thama apita kelawanne,Neg
kumarita kisidaka wara dinne naha harima dukai oyage kathawa ahala oyata jayen jayama wewa,Pos
adarei hemadama   sahodaraya kondak thiyena niyama kollek jaya veva sahodaraya,Pos
lionel richie hello song eka oyage voice ekata patta widihata yai kiyala hithenawa ,Neu
mee ponnayaa nam wedak nee keella nam pahara ,Neg
harema adarshamath kanthawak oba godak adarei wachanayak nera ganna teyena dewal bohoi oya shok ane,Pos
balannaha hirikithi dan maya thoththa baba,Neg
ane oyage voice eka kiyanna bari taran mihiri ahagena inna puluwan hamadama,Pos
 harima lassanay mama oyage parana drama hamawelawema youtube eke balanawa ekale idalama konde nail hamadema harima neat lassanay mage ammath mamath harima kamathi niliya,Pos
damuda yalu ottuvak cup eka ganne meyama thama,Neu
rajapaksalata hena hatta vdenaa une darvuo anga vekala venava balapeyu,Neg
hari ma wadagath sundara niwedakayek a kiyama mata hituna budusaranaio,Pos
pala patta balli yanna,Neg
raththaran amma kenek ape amma vage kiyana vachana lassanai,Pos
song eka hodai visual eka aul,Neu
ussanna nevei yako thowa dala sementhi danna one,Neu
adahas hodai namuth naraka dewal godak thiyanawa thama theeranaya karanna be,Neu
hiru star eke hitapu thawa guu godak,Neg
hamuduruwane ape kelawagena ewarai muota weladam karala apahu yanna nodunna ake waradda danwath muoge wardane palane karanna one peta thambi thawath me ratata genne saohidiyawada,Neg
yako last aka mulin kiuwa nm ambo elm,Pos
maru kata maarama relax like u,Pos
meka me sathiye voice glooble yanawa suwer,Pos
aththtm song ek godk lassni,Pos
wadi kali danna gihin upset giyada manda,Neg
kumari akke hoda dewal walin a jewath wela idiriyatama yanna ,Neu
budu ammoo shashika indiyawa adanawa ,Pos
crack gasa hamarai ,Neu
appoo ai meya kapuve ,Neg
yakkuth pitiyata awoo dn thamai tharage patan gaththe digane apita adambarai ,Pos
nikanda mn english ba kiwwe mn spelling karapu widiha waradine,Neg
sound eka niyamai,Pos
lahiru uba kondak nathi ganu pirimiyek puka noodi depaththa kanne nathuwa guu kaapan ,Neg
aiyo thawa payak witharai tibbanm,Pos
samaharak ewa nam boru,Neg
aiye matath bild ekak hadaganna udau karanna puluwanda,Neu
teruwan sarani uba wahanesta,Pos
mn denata dekka lassnama performance eka ,Pos
mu naluwek wage rangapanwa,Neg
 dnata wenakun okama video baluwa,Pos
ehakota mahinda bosathekda,Neg
thawa kallak kiwwanam patta bn,Pos
koch herena eka nme mcn uba ube feeling eka gena hithagena sing kre ela macoo,Pos
mama oya gana waradiyata hithuwa pou oya ohomama issarahata yanna,Pos
niyama akarayen rasa widinna sindu dan nahane,Neg
kohomath tambiyage alu yata gini,Neg
meya neda hiru star eke hitiyet,Pos
yako mage age hirigaduth pipuna ,Pos
mage lap eke bluetooth wada na drivers dammabt card eka maru kara okkoma kara,Neu
thank you ayiyaa goda kaleka idn balan hitapu video ekk,Pos
patta kathawa respect sis ,Pos
kawadada ban ape lankawe kudu walata ellala maruwe,Neu
niyama awankawama kata karana mawak niliyakkiwoth ma niwaradi,Pos
sinduwanam patta but vedio ekanam hari nha eth kmk nh good luck,Neu
ammage charitha oya lassanta karanwa,Pos
boge redda uba ochchara buddagamata kamathinam buddagama waladaganinko ,Neg
megollo campus eheka hari wena kiyanna deyak thiyena hari aya witarak thorala oya gena wistharayak kiyanna kiyanne aianith ayata ehema kiyan nane,Neu
ane jara geni pala yanna,Neg
allah gana obawahansege mathaya waradi,Neg
mage loke sihina kumari akkiyaa oya adarei pana wage mn oyata oyai maai ekama duke watuna kello dennek,Pos
kelin kath krnw akki oyata jaya wewa,Pos
deyyo moko kiwwe,Neu
kumari aththata dakshathavaya godak vatinava thavath diunuveva good luck,Pos
meya tamil wage sinhala hariyata kta kranna amarui,Neu
aniva ren munge daruwo avama karannama onu api hamada math oba samagai   obata dirgawsha,Pos
ane a ahinsaka hinawa pau ane,Pos
danwath terum ganilla thawath thbinge redda asse ringan natewa hamoma ehema na kiya kiya thawath un hodai kiyanawanam hena gahano ,Neg
  aiya isara idan oya dewal kiuwa apita mathakai aiya api aye wadeta bahinna oni api ekathu wennamu api senawa aye ekathu karagamu api innawa ,Pos
athithayeth mewage pita retiyan ape rate dewal arangiye mewage mama kiyanne ne mohu weradi kiyala namuth pera awa hemoma mitath wada dewal denagenai game eka gehuwe,Neu
aththatama wasthi videos walata mma godak asai e hama video ekenma jeewitheta igenaganna deyak denawa samajeta good luck aiye wish you all the best,Pos
melody eka sindu godaka mix ekak good job,Pos
hure naga sir ta jaya wewa ape gedara unta kiuwa dapiaw chande methumata kiyala,Pos
kasun wa thora ganna epai harako,Neg
saman lenin sir ge comment ekak ona,Neu
hoya hoya hitapu video ekak thank you aiye,Pos
 thun parakata eha baluwe mn vitharada ,Pos
aiiye me pc eke gta ghnna puluvan neda plz replay,Neu
deshapalanaya wadak na habai full atal eke inna porak,Pos
redmi phone ekakin meka balana ewun like karapalla,Pos
manussaya kiyana katawa attakuth tiyenawa,Pos
oya wage dekai pnahe weda karanna epa thopi oya wage weda beri unwa idiriyata yawala thopi wala kajja gahapu dawasakata meke inne melo reddak beri un,Neg
miui ekai android ekai kiyana bari una ne,Neg
hamuduruwane api oba wahanseth ekka ranjan me para heppune siwrath ekka balamu mokada wenne kiyala,Pos
supiri bro oyanam mann asawen balana channel ekak thamai oyage channel ka patta videos tynne,Pos
jeewithe dinapu charithyk,Pos
bala walapemi nela ganu bari hanthana sihine,Neg
math kemathi man lisban love kara awuruddak itapasse eya mawa mageriya man thamath love eyata panatath wada apitath rate thenek dennko,Neu
harima weradiy hiru star wage mekath nikam,Neu
meke signal aulak thiyenawa kiyala godak aya kiyanawane ehema nadda,Neu
wow super kollek wage fashionable kellek ,Pos
cash shashikage voice eka mechchara lassanata ahala tibbe nane wow congratulations dennatama super,Pos
ane uba paththini ammanee,Neg
athatama lassanai hadawathata danena de kiya ganna ba,Pos
meke inna visharadala walalunata e kellawa thoran iwarai ubala natuwa kyla wadak na,Neg
poddak vitara aull,Neg
ma kandure madush wa dakka aya ko ,Neu
maha loku sinhala shirilankeeya kiyala kiyaganna minissungay patikiriya thamai oya kiyanney,Neg
atta ape hamuduruwane rate nayakayao tambinta wada tambi wela,Neg
mata penna bari appiriyama hirikitha charithayak meka,Neg
mehemanam katawat wenna epa,Neg
savee ayya superb performance ah,Pos
oyata apinm bnea nh habi hinha una akka oyata isarhata yna lbeawa ,Neu
adambarai obagena math hitha skthimath karagaththa oba wage,Pos
me hindi song eka danna kenek innavanam kiyannako,Pos
attha katakarana bima edaganna bayawenna oonanaha,Pos
kathai wadea habai mokada meeta wada hodata sindu kiyapu unwa gedara yawwa,Neg
adaraniya manussathavay kisi dinaka nomiyavi,Pos
ane ai mechchra hithta denena voice ekaka ain kle apphha ,Neg
hammee aiyala nangila finl hoda sellam bala gann puluwan ,Pos
super vini lage build eke ona,Pos
lassanai viocc sri lanka balanne me nisai,Pos
oba baudda darshanaya hari heti therum gena ne samma kammamntha yanu darmika karmantha wala niyeleema kata aa paliyata musawada nododanna,Neg
ane oyata arsa hithenawa ,Pos
 tamange amma ganiyek bawa danna saha ayata garu karana mahatturu kawadawat waraddak kalat ganiyekuta garu nokara ina na,Neu
chichi aiya ela kollek vane damme ,Pos
konda pana nathi desha palakayonta padamak ugannanna puluvan kollek,Pos
mongolda me manussayata me minihata wena weda naddha nodakin kaalakanniya,Neg
hithat denun loku katwk wish you all the best your bright future,Pos
oba wahanseta budu saranai,Pos
oyata godak aderey akke theruwan saranai,Pos
dulika marapana gennawanna,Neu
nirmana wediya kiyanne mu wage halparuwantada,Neg
ara kiyanne nam niwedakayek newei legend knk mama hamadama ahanawa mata mawa danenawa ara ge katha walin tawath idiri gamana sartaka wenna subapathum ,Pos
 pula pulaa balaa siti ee sonduru mohotha ,Pos
suba pathum film ekata ,Pos
ayya wagema podi eka supiriy,Pos
mewani pahath geenunwa mewani saakachcha karanna maadhya meay tharam pahatha wetiladha ratata sugathiyak wena deyak gena saakachcha walata gennanna hondha aya innawa nedha,Neu
oka alowatath ne melowatath ne katata apu akak ohe kiyonawa ,Neg
mita wada honda ayawa haluna habai eth singing hondai deyak therena nisane harenna aththe anee manda ithn,Neu
nice voice feelings songs ahann aya enn lassnai halo,Pos
wedak nethi aya theruwa oyata issaraha gamanak thiyanawa lassana voice ekak,Neu
me setup ekata keeyak giyad,Neu
maha loku sinhala bauddha anduwa,Neg
anit unta ohma ne hena ganna one anduwata,Neg
 qwe atta e dws wla idnma vdo blpu aya thamath e wdytama vdo blnwa,Pos
muge ammata siripalata hapan wei aiyyo salli laga namala koti katai pukai wahagena idi uba darmashokada rajapaksha kenek enawa lokka ni kaida rose pan,Neg
mahindalata wenne handi gaane kiribath uya uyaa enna,Neg
bitcoin mining karanna hadapu ekak,Neu
sinduwa ekak video eka ane mnda mahaththayo,Neg
dakkama pissu hadenawane,Pos
budu saranai oba thumata,Pos
dekka lassanama battle ekaa kollo denna ,Pos
ara hiru fm awa dawase idlama ahnwa dn hiru ahnne nm nee,Pos
onama deyakata vidiyak tiyenawa salli passe yama rate abagaya,Neg
bankuvak vath kadanna wei,Neg
palayan ban yanna,Neg
aluth song akak ona ,Neu
lassana hoda sanwaadayak awanka minihek ayya,Pos
mage ass wslata kandulu awa raththaran amma kenek matath oya wsge amma kenek labana athme hambs wenns kiyalla man prarthana karanawa adarei godaak oba thumiyata,Pos
ma gonnunwa pom karanna apa,Neg
sinduwak ahanawa kiyala danuna sis dan apita hanna tiyenne monawada kiyala hituna oya oyawama parissam karaganna congratulations,Pos
oya wagama song akath patta lassanayi akkiyo ,Pos
wow pitin pena akkata wada athule inna akkage hayiya dakke ada thank u ,Pos
ayye mata i matath ara computer course eka karanna ona wisadumak nedda plz reply,Neu
me wage thwa ekk oni ,Pos
anik minssu minissu namaida ranjada miniya,Neu
niyama charithayak aiya,Pos
ayyaa oyaa ape rate jathika wirayek man oyage videos walin godak dawala igna gattaa oyata godaak pin,Pos
video eka patta appa,Pos
ane iyye poddak kiyannako ryzen x ekada hoda nathnam ryzen x ekada cores adu wadi wunata performance ekata awulak wenne nadda ,Neu
superi song kcoach thoraganimath niyamai ,Pos
 muslim eun pisso kiyana aya like karan yanna,Neu
hithata loku haiyak enawa me kathawa ahan inna kota,Pos
lahiru oyata thanks kumari akka genawataa apith balaporoththuwen hitiye kumari akka dakinna kumari akkata idiriyat yanna atha denna oyala bs,Pos
daruwek gahaniyak gena nohithana deshayata hithathi deshapaluwek ,Neg
me wage deyk karapu ekanm supiri,Pos
kasun as n kohomada ahana widiyanam patta ,Pos
video eka not maching neh sinduwat,Neg
bass gahana dial ekata dammika paniya dunne kauda ,Neu
adarei obatumata budusaranai,Pos
pattai antima tika godakk,Pos
mata puduma thawama chanux bro oke video ekak damme naa neh bn,Neu
athtama lahiruge wadasatahan walin mama dakapu ahapu wadagthtama katha baha ,Pos
meediya valata koi kauruth veddoo,Neg
mona unath aththama kiyanawa pora,Pos
parana hamuta wada moota hondata katha karanna puluwanne neda,Neu
dennama eka para genawanam mita wada watinawa ,Pos
andenawa ooi thani ahata,Pos
diluka ayya ge mali da,Neu
sri lankave asus laptop ganna puluvan thanak kiyanna puluvanda i model eka,Neu
godak kemathi program ekak lahiru hodata karanawa segment eka,Pos
unta minissungey kataw ahanna unta puluwanda un apey seywakyyo ath unkarana karapu seywayak naha,Neg
patta lokuwata edit krata api one ekek balanne low colity bn,Neg
prasidda nounath issara raja kalawala rajawaruth sama lingika sambanda kam thibila thinawalu mama hithanne meka eyalage pau pin anuwai wenne,Neu
matath oyata wada antha prashna thiyenawa oyath ekka katha kara hitha hadagann ona asai karha karanna,Neu
mung mehema thama kohewath nethi dewal padam karagena boru adhas deegena minissunwa rawattanawa,Neg
hena gahanawa munta paw bs ranjan obata,Neg
anthimedi hari karapu waradii walata pasuthawunoth hodai,Neu
paw ane mona unath godak duk widapu ekkenek oya,Neu
aiye ara itn ake seen aka mokakda,Neu
kala lokaya ko ninda gihin nikamatavath mehema kala love kenek hityada kiyala mathaka nadda,Neg
palayan ganiye yanna balan hitapan me anduwa peralenakal ubalata enna uba hithuwada ubalage mada begal ahala me anduwa pannala ubalata ai rata dena harak kiyala inne ,Neg
nangi oyata subama suba anagathayak oyage oya hakiyawen apiwa me mohotha pinewwata oyata pin,Pos
ei bn deweniyata qwa eka qwe naththe mulin,Neu
ambo eka patta,Pos
kasun hodai kiyna widiya ,Pos
laccnata gayana cra nm hren nththe ei bocca ,Neu
phone review aya oni aya me ,Pos
porak thamai oya,Pos
 brain wash karanna ,Neu
wahallunta bath balayanta ridenawa mewa kiyana kota,Neg
congratulations machan issarahata tawa alut sindu enakan api balan inanwa wage,Pos
respect ubla mona video dammath api blnwa,Pos
apo thopi wage un nathiwena taramata hondai boruwata tho gawa teyena budu list aka kiwa loketa ahenna,Neg
sawbaggye dakmme liyala tiyena ewa tamai oya,Neu
 ubata api adarei salli walata rata pawala dena kalu suddontai indiawata kade yana para demaluntai wada uba ape rate api adare karana demalak apema sahodarayek,Pos
comment dakkama meka mara ratak kiyala hithenawa adminta nidda giyada kiyalath ahala,Neu
 niyama atta thitta charithyak,Pos
man obathumiyage kathawen godak dewal jewitheta gatta jewitheta ana onama prshmayak idiriye nosali inna one kiyana de man igena gatta oba thumiyata godak pin budu sarnai,Pos
build ek hdnwt wd podi ekage athal bl bl htpu ay ko,Pos
wasthi oyaga jiwitha kathawa vadak nahe apita a unata wasthi kiyanna supiri vaddak ,Pos
ashirwadaya dennm hadhawatha pathulen mn mathu bawyewth mgee wenw nm asyi,Pos
akki song eknm patta mtnm aththatama aduna all the best akki hithata denena song ekak,Pos
supiri interview ka,Pos
charitha hadenna ganna adahas bohomay congratulations,Pos
 mis ai harun nethtee voice eka ,Neu
supiri charitayak mee niyamaii,Pos
nodakin newadakayath ponnayeak,Neg
akkai nanngi wage godak lassanai,Pos
 oyaga jaffna life ekka thakapu deval maga life ekka addakem thiyanava appa life arima thukkbarai oya keyanakota jaffna life mattath parana daval mathak una,Neu
athtatama godak watina katawak ,Pos
aiyaa second hand prats dala hoda bild ekak hadannakoo,Neu
aiyoo what the hell chance akak denna thibuna ,Neu
hiri gadu pipuna mind blowing,Pos
godak lassana buddimath adahas thiyena supirima charithayak katha karana vidiha ahan inna godak asai thank you so much for coming to this programme we love you so much you are a gem for our country,Pos
wadda lngta waddo yanne,Pos
ane gon umba danna politics yako joke ekkak karala paduwe hitapan,Neg
gidak dukai aththatama pls vindula oya godak lassanai ,Pos
mea para balata mole una thadetama hadila meaka mokekkada muta rate mokakda thiyana piliganema mun wage kureera ballanwa sadahatama deshapalanayen athugalama danna one,Neg
mama nam pcguide aiyawa issra idan balanwa lt lt mage lap eka gannath mama dan nathi ewwa ahuwa pcguide bro gen thama xd,Pos
youtube eke hodama niwedakaya aiya,Pos
hoda lights tikak dapn huththo kaluwree bella harawanne,Neg
laga noradii radii nikma giya e adare heart touching ,Pos
me kathawa ahala ahata kandulak awe nathi ekek innawda sira papuwatama waduna ehh kathawa nm,Pos
video eka niyamai bro,Pos
itn aka inawa daka,Neu
godak dukai oyati duwati budu sarani ,Neu
ammo hamadama adarei dula budu saranai devi pihitai,Pos
scl gena kiwa seen ekanm aththamai lankwe minisu hemadetama ohomai,Pos
denatath eya weda patangena thiyenne amoo fatta,Pos
iraj kiyanne kohomath ponnayek den me pora tolk demmata karanne serama baluweda muta den yanaena man ne,Neg
 ek terenw batiyge kathwen,Neu
youtube eke inna wn langa boru baya ne tv channel thanikarama borukaarayo,Neu
kelin katha karana eka niyamai iraj bro,Pos
niyamai iraj saho jaya sri,Pos
api nagananda samaga rata goda nagana nayakaya obi,Neu
guna sampanna kena tamange guna eliyata kiyanne neayy anik aya hellu karalaa kata karanne,Neg
 karanna ko wedagath weda satahan balanna puluwan vililejja nethuwa samajayata enawane mun,Neg
maarama lassanai idiriyatama yann suba pathanawa,Pos
lahiru oyagae you tube canhale aka deunwan deunuwatama pht wewa ,Pos
mekata subtitles dammanm hari sufdontath balanna,Pos
kohomada ban ohoma inne oya katha ahagena,Neg
ammo niyamai aiye oyagen video ekak enakan balan inne podi ekkena nam patta,Pos
 aiyaman me programes okkoma beluwa niyama wedak jaya wewa,Pos
bathiya diha balan inna vidiya ,Neu
ai pirimi kenekuta gahavve mathaka nadda,Neg
ranjenge katinma kiwa ube katahada kiyala wanechera gani dan sudana wage mada nemei thota gahanne oni gou maha mathi wereneyedi balan hitapiya,Neg
mama nam kiyanne den gehenu rape una ethi ubala okkoma ekathu wela piriminwa dooshanaya karapalladen ratey meka thamai prashnaey ohoma yan,Neg
mihinduge sinduwk kiwwa nm kohomata tyeida,Pos
adoo mt aduna ooi,Neu
oba itha buddi math vidihata kathawa hasura wanawa theruwan saranai,Pos
patta lassana song ekak,Pos
thaman gana thaman warnana kireema haridha,Neg
kiyanna deyak na adenawa lankawata loku adambaryak mewani aya,Pos
ane manda mun kiyanwa ape ahnwa,Neu
thnks aiya oyta ara matak unu ekatama ,Pos
anushaka oyaa ekka minissu aul wenna gaththe oya ekaparama oyaage gamana wenas karala salli walata ara iraj wage ona gobba content ekak danna gaththa hinda ballo ,Neu
minissu kuhakai ekai sean eka me lanakawe hati brother oyage katawa perfect brother respect brother,Pos
ayage buddiya ithamath age ,Pos
voice nam aith kiyala wedak ne,Pos
sirisena ranil deel wala prthipala pissu ballo nidelle demma,Neg
gota balla thota hena gahanne,Neg
 mahathmiya gawrawsniya mawak adarei obata ammata wage,Pos
kasun kiyanna giya de kiyanna dunne nanne umariya,Neu
apita pcguide t shirt ganna puluwanda,Neu
mama asama coach la tikata ane kasun sir shok,Pos
mekata kiyk giyada bn,Neu
niyamai iraj api kawruth hoyana ekadipathi nayakaya enawa lagadima,Pos
kata arala keuwanan thawath lassanai ,Pos
meya kalu suddek,Neg
wow superbb nangioo good luck,Pos
oya wage patta badu mahapare adum nethiwa pethi gahanna ona patta wesi ekige ammai thaththi owa wenna athi igennuwe thuk nodakin patta wesi,Neg
lahiru mko udeni amma wge hena wenne ,Neu
me girlt kasun harunu ek hodai eyta help krnn puluwan lassna voice ekk,Pos
mama igena gena chanux ayya wage wenawa,Pos
aiye dell laptop da hoda asus da hoda uttharayak balaporoththu wemidanna kenek hari kiyanna,Neu
godak hoda boi kanak godak satuti,Pos
beking aka yakku tikak gahanne aye maru ,Pos
wow supiri lassana gayanayak ,Pos
hirikithai chanal akak cidiyata,Neg
wewulapu kellata wada hodai,Neu
keriya marune nedda thaamath umba,Neg
hairstyle ekanm maru,Pos
ammo shashika ge voice eka ,Pos
admin eye set una neda poddak wadiwela ninda gya neda ,Neu
shashika missge maarai appa,Pos
video eka nm ela aiyye ,Pos
loku waraddak dekke nathnam harenna thibunane pau,Neu
oye nakiyo dennate wenedey balanneko deviyan saththai me korona padema ite hode udaharaneyak minissu ganga wage gala gena yanne marila,Neg
kasunge voice eka pissuwak ,Pos
bath kana hark inna me rate and thattayo den threnawa ethi ranjan mokakda kale kiyala hamuduruwo gena monawada ohela danne,Neg
mu wage gonek ,Neg
hamotama ai me wage hithala jiwath wenna bari,Pos
mata hithaganna ba math uthsaha karanawa marenna hithena wara ananthai,Neu
 mama kamate kenek poduwe atta kata karanawa,Pos
kiyanna deyak naa anthima winadi tike kiwwa tika matath emamai,Neu
ethakota obathumata kauda kiwwe ranjanta awasthawak denna kiala engalanthe inna kata oni vidiyatada oba thuma wada karanne,Neu
umariya pada demmata wedak ne wedda kawda kiyala u hodata dannawa ekai kasunwa gatte,Neg
nehara dan ayeth issara wagema lassanay,Pos
dislike daapu wesige puthalath innawane ammage senehasa danne nathi lajjai un gana ,Neg
ado eka parakta wediya beluwa,Pos
hitha redenawa godk mn hithuve nh me kenge jivitha kathawa mechara katuki kiyala,Neu
redmi note pro mama use karanne,Neu
kasun sing krddi papuwa wegen gahenne mage witharada kasun wage feeling songs kiynna lankawe meeta wada rusiyek nha ,Pos
ubata chande dena unut gonnu dan enna unta dena unut gonnu hikanal yakku,Neg
mn kawdawth me wage minissunte aphse karna ne loke me wage ayath innwa,Neu
koheda dewiyane hitiye muuna nopenwa,Pos
school una kuruNegala th thynw,Neu
oba aeda gaththu theeranaya hondae demawpiyo elawanne naehe daruwo notherum kamata awalam ballek semeya kara gahthata daruwath aekka honden enna theruwan saranae,Pos
me kata hading siyalu dena suwapath wewa oya aniwarayen dinanawa edata mama labana sathuta ananthai obata thunuruwange saranai,Pos
paw ane ara duwa ,Neu
thope amma hodai munta wada nodakin hora haththa,Neg
hina yana charithayaka duka hithena yatagiyavak thiyana arthavath manussayek oyata varidinne ne subapathanava oyala dennatama,Pos
ratata jathiyata agamata adare karana ape kotuwe podi hamuduruwo ape ausath aran oba wahanse jeewath wena theruwan saranai ape hamuduruwanta hadu wadu demapiyanta,Pos
obata dirgayusha wedi wewa ape hamuduruwane,Pos
supirima kathaa bahak niyamai mahathmaya,Pos
ane tho kauda kiyala api hodata danwa,Neg
apa mathala udaya aiyh adarai hamadamath ,Pos
deshapalana loku kam naa,Pos
 ithin dan athi sorry mama mewa liwwe oyage waradi abipprayawal walata denna mewage madya wela dewal hinda thama nati dewal athiwenne sahodari poddak hithannapay,Neu
nervous nattan harima lassana calming female voice ekak wenna oni ekai kasun harenna aththe mokak hari special deyak athi,Pos
animation krnd hoda build ekkut dandko aiye,Neu
mama aththatama pehedeli desapananayak api obathumagen balaporoththu wenawa oyata ideriyatama yanna suba pathanawa,Pos
ubanam supiri charithayak machan wasthi mama dasun,Pos
 denna kalin purudu wela neda awee,Neu
atta nehara oya wagema umariyatat ohoma ekak kara paw oyala nokarana waradewalata ahuwenawa neda,Neu
ranjanla ranilla jeewath wenna ona un neme,Neg
ane manda appa,Neu
podi eka nam super,Pos
profitability calculate karaddi electricity bill eka witharak samanyen gaththata coin transection fees selling fees usd transection fees tikath yanawa ,Neu
band eka chuttak hari pennuwata mage meuwwa eka ,Pos
puluwannam mata ekak dennako ,Neu
okkoma hodaie manas gaatha okkoma atha hariyanum,Neg
theruwan saranai deergayu wewa adaraneeya kalakariniyani,Pos
kondeta nm as wahak kata wahak wadinna epa,Pos
wow coach kasun ge voice eka adarei e handata hamadamath ,Pos
ad daanna epaa ban youtube clip walata jaraawak wenawaa,Neg
oya phone eke pubg gahaddi gyroscope awlak thiyenawa,Neg
ko bn select karana tika nane,Neu
oyatai duwatai hamadama sathutin inda subapathanawa,Pos
hari heti rekiyawak nethuwa mahajana mudalin rocket yawapu scientist kenek ape rate inna eka gena aadambarai puthe,Neu
hama ekama awe palpath wala idala ane manda mun,Neu
build ekak karana kiyak yanawada,Neu
thopi mee ratee sampath kollakapu horu thopi inna one hiragewalwa,Neg
aiyoo english song kiyana ona gobbayek thoranawa me wage kollekwa thoranne na nodakin,Neg
video ekai sinduwai dekama lassanai hemadama dakina video ekak nemene e nisa lassanai,Pos
oya pirimiyek nam nemei malli genu weradi kalath geniyekta respect karannethi kenek oya,Neg
aththatama nihathamani adiikhanamadullak adarei hamotama budusaranayi,Pos
kasun sir ekka sing krnna labena ekama mara luck ekk ne ,Pos
bitcoin buy krnn pluwn company or site mnwd,Neu
maru yamu nada ediriyatam,Pos
munge redi galawanna ratama sudanam gon ranja parissam weyan,Neg
aetta hamuduwane owa kiwata palakayanta wedak na ara niliyatanm gu gahanna one,Neg
hodai video ekamage gawa xiaomi alite ekak thiyenawa game palanawa eke nm battery maru nisa godak fatta kiyanna puluwan,Pos
niyamaine illapu gaman dila tanx aiie ,Pos
harima asawen baluwe thanks,Pos
contact karaganne kohomada,Neu
balanna nodenne ai ai me paliganim karanne mokakda mchchara daduwam denna karapu waradi mimaruwekta mankolla karayekuta nati daduwam monawada me wenne ape rate ai me widiyata paliganne kenekuta balannawat nodi,Neg
apo dan me wada satahana balanna appiriyai me vinishchaya karana kattiyage waraddakda danne naha serama english sindu koytharam lssana sinhala sindu thiyanawada ape rata sinhala mathaka thiya gattha nam hodsi,Pos
aniwa mage katiraya obatai,Pos
 aiya api adarei oyata hamadama ,Pos
marea maru kollek kotiyakinwath hoyaganna bha niyama kollek boru pada show nha kollo oya mea intaviw eken passea thawath dahaswatawakin ethiriyata yanawa god bless my deyar frend brathar,Pos
mama danne nethi nisa ahanne ai chanux ta pitasakwala jewiya kiyanne,Neu
oluwa hodanam awrudu hayak mokada kare,Neg
aetthatama koo rokat aka,Neu
ane shashika miss comment eka kiyanna kalinma mama comment kale eyage age hirigadu pipuna kiyaddi matat puduma hituna attatama supiri oya ,Pos
graphic card kiyapu gaman puduma una ,Neu
itha langadeema wenawa owunta gal gahanna oney issella paarey di,Neg
lassanai voice eka,Pos
me naki balla ta dan yana ena man nathuwa deshapalanikawa bankoloth wela inne,Neg
watinawa future eka change wegena enna ,Pos
ade bedala kiyalawth danne ne kiyhnko,Neu
ekanm great mokatada second venne,Pos
ow hamuduruwane janadi pati agamati gana nam kata karala wadak na attatama puduma kalakirimak me konda pana nati yama palane,Neg
admin supiri ikmnata denna hamadama admin agayeenata lak wenna ona mehema ikmnata videos daanna,Neu
maru aiye vini lawath genna lahiru aiye,Neu
video aka dala nobala ahuwa eka danenawa hodata,Pos
eatha hadanna hoda molakarayo innawa ayalatha udatha enna dine ekai weradda bs   malli,Pos
deepu backing ekatawath hareanna thibbe,Neu
meka nam patta niyamai dennama jayawewa,Pos
kauda hari weradi api danne eth geniyakata apahasa karanne ammekge badinma apu udaviya neda saththaya eliwei lowa palana deviyo pihita wei obata sakthita lebewa me dewal visadanna,Neu
ado man me ena wiwida aya diha baluwe ape rata mita wada hoda thanak karanna thibuna ape minissuge hith rata gana hithala wada kalanam,Neu
ane e ain una voice eka godak hodaine,Pos
ashka akkiwa kawada hari mehema dakinn puluwn wei kiyl hithuwa well done akki ,Pos
ane mara lassani akkiyoioo ,Pos
use karapu nisa kiyanne storage nam ganna epa load wunama pattama slow hdd walatath wada,Neg
as dekata kadulak awa niyamai,Pos
super godak lassanai awanka kellot innawa dan,Pos
u pub g mobile stream karannada oka haduwe,Neu
bumi akki nisa hari tv subscribe kala aya koo,Pos
huawei map eka enne nadda lagadi,Neu
lassanai hada ath weulananawa bayata pau ,Pos
kasun kiyanne warthamana sangithaye bawanawa ,Pos
mu musalayek palako yanna modayo,Neg
niyamai thawa vidios karanna,Pos
nomal podi pc akak gemeing pc akak kra ganna puluwanda ayye,Neu
ubala okkoma set wela match gahala anthimata ahinsaka minissu wa amaruwe danawa,Neg
okkoma hondai habai api dena deyak kaala wenadeyak balann inna minissu newei eka withrak mathaka tiyan inna putho ,Neu
download karala daagannawa kollo pattama hitiyanam athi,Pos
ane hari dukai kadulu awa mataada oya inna tena gena satutui bless you,Pos
redmi note hodada ane,Neu
mama thawath adare karana garu karana kenek oba thuma,Pos
wade hodai habai ara ashen kollawa copy krla,Neu
mona ponnayoda mun,Neg
mula tika lassani aiya,Pos
anith aya harune nathi eka nam asadharanai hodatama kiwwa sure,Neu
ane wesiye kuwet ake kohenda korodu thoo kiyanne vili lejja nethi kathaa thoo kiyanne  bola tho essaraha oya niwedakaya mole amaru karayek wagee,Neg
hrima lssanai akki ,Pos
theruwan sarani ranjan thumata ,Pos
ape untath podda waradane bhe eka allage yanawe digatame,Neg
malani bulathsinghala namaya kisida nomarenu atha mak nisada thama husme apata ithiri kara athi heini maniyani obata pin,Pos
ayiyoo sanjaya aparede hiru star eke hdata kiwwane,Neg
anivaryenma deva salasma katavath venas kala nohaka iba hari nehara eth sama harak e bava trust karan na they nobilive,Pos
niyamai ban review eka higher grade tiyenawa,Pos
maya jayalath neda kumari akka hire demma kiuwe ,Neu
yahapalane wageda danne enna kalin kiyade karaida danne,Neu
koo dnn ragapu ragilla pauu babo,Neg
mata therenneth naththe mekata harune naththe mokada kiyala samahara upset ewatath kauruhari haruna,Neu
meya kiyanawa eya janadipathiwaranayata sudusui kiyala meyama kiyanawa panna kattiyata chande denna epalu ane meyage ugath kama chaterr meyage history balanna dukai,Neg
contact number akak denna puluwanda aiye oyage,Neu
unlike krpu kalu suddo tika gena dukai ,Neg
danena duka sagawa lowata hinahennan ma ,Neu
sudubanda mahatha godak hodai wage balamu kuruth viwasa karanna amarui neda ma padmini,Neu
nehara akki dn lassanai issarata wada ,Pos
niyamai chanaka hemoma gawa nethi hoda lsaana aluth katahadak thiyenne ,Pos
ane eya lassanata kiwa ara kellek out sing kalaa ekata heruna kasun ,Neu
sinduwa ahanakota aga hiri watila ynwa wow,Pos
meya janadipathi karoth aniwa meyata chande denawa ,Pos
mamath oyata godak kamati bumi,Pos
ranjan mahataya kiyanne sampurunama ethe,Pos
adee  supuri song ekak,Pos
allah hukbar kiyala oluwa polawe gahala wedala awilla tawa palliyakata gihilla minissu marana sakkili hetta,Neg
editing valatath hoday needa,Neu
ade ekanm suppa paarak ekanm,Pos
hodama shop tikath kiyannako lap ekk ganna,Pos
ape sanskruthika abimanaya kiyapana jathyantharaya abibawa yana adambaraniiya sri laankikayek kiyala mata hithenawa ,Pos
kello hinda amaruwe watenna epa bn,Neu
aioo admin oya iye dana kan balan hitiya damme na ne api scl gihin awillama baluwa ithin ,Neg
ana palayan ponnaya tho waga garadiyak kauda yako maranna tho dan okath gotabaya udin dapiya thopita dan gota baya tiyanna tho na kiyala apita wadak nah,Neg
aiiye cdk offers hodai da,Neu
umariyage reactions supiri,Pos
it field eke inna ayata job nethiwenawa kiyalada nokiyama kiwwe,Neu
ayye hodh ma ryzen dha intel dha,Neu
mu mokekda idakin,Neg
mama hithuwe blocka rich family ekaka kiyala balan giyama api okkoma eka bottuwe good luck bro,Pos
me mona sinduvakda mevata kaage ashirvadayakda,Neg
mn muslim me rata mageth rata sinhala minissu kiyanne ithama hoda minissu me hamuduruwo okkoma qwwe harima dee ,Pos
maru instant acting all enjoyed isarsta a hekiyawenut wedak ganna sirasa meyagen ,Pos
mama baluve aparade mata ekaka jiviteta okak hadaganna bane dukaii ahoo,Neg
congratulation udaya ayya jaya wewaa,Pos
unlike kale ai ban,Neg
lassane program ekak,Pos
daruwo newei ganikawo seema karapang,Neg
voice ekat maru band ekanam supirita denwa ,Pos
mewane supiri sindu,Pos
maara voice ekak saha talent ekak thiyenne arata ,Pos
sinduwata wisual eka match wen ne,Neg
podikaley danna ekata class gihin thiyennawa niyama api ekata muthuhareth hitiyas ubha pathum,Pos
pc ekata galapena wage hoda sound system ekak gana visthara tikak denna,Neu
gon prashna ahanne ai oi,Neg
mam godak garu karana charithayak akki oya,Pos
umariage boru sobbe ai,Neg
 aiye kiyanna wachana ne oyata jayen jayama wenna onee budusaranai ,Pos
onna mage request eka aiya accept kala thanx,Pos
radiowa ahuwa wagemai,Pos
obeta jaya theruwan saranai,Pos
eka nam patta redmi note serieas ekath ara ship wala athi na ,Pos
aiya ubage number eka mata ewahan plz echarai,Pos
pc akak nathi api vage avunge pissuva vadi venava meva dakkama,Pos
jaya wewa api oba samagai,Pos
godak watina video ekak aiye hibernate karanna honda naha kiyala samaharu kiyanawaai eh,Pos
pawu ahinsaka kollek,Neu
winadiyak skip karanna hithenne na patta ,Pos
hoda molayak thiyana kollak mugai aiiyala danna wagai nan namae,Pos
meka hodai ara mulin kiyaupu kellata wada,Pos
modyo wadk nathi un tika okkoma arn psse ena hoda un aprde,Neg
congratulations kolu gdk adambarai chanaka idiriytma yanna suba pathanawa oyt ,Pos
anga hiri watuna lassanama lassanai nanga,Pos
muta rawatila inna ape sinhaka baudda harak pau moda harak,Neg
  ape kattiya ikmanin badinneth ne daruva hadanna ne reta beela ne inna ithin tambinta dos kiyala vedanne,Neg
monawda me kiyanne,Neu
kari tambiyata viruddawa kata arinna ba nayakayanta,Neg
final ekt aniwa enwa,Pos
ac no danna sinhale budu bala senave prabala sanvidanyak hadanna hoda vada pilivalak ekka apith pluvan udavak karanava,Pos
monawa kiyannada mewata,Neg
deiyane me voice eke lassana mage aswalata kadulu awa,Pos
umba hora genige nama kochiyata dapu gobbayekda,Neg
apith oba samagai,Pos
ara podi kellawa aye allagena dagalanawa mun eki ekige wayase hatiyata hodayi me kolla me kollage wayase hatiyata hodayi dennam hodayi,Pos
aniwa trending wenawa me episode ,Pos
aiyyala wage aya deshapalanayata enna issalama apita hoda nayakayek one,Pos
yako rata hoda deyak karanda be thopita pakshe reka gaththoth ati kalakanni ballo thopi okoma ekai ,Neg
api innawa iraj uba wenuwen,Pos
balaporoththuwa obai theruwan saranai,Pos
akka oya rata adambarayak math duwak innawa akka,Pos
dial ekak thamayi ,Pos
ane mun hetta okkoma ekai vikara,Neg
man wedipurama aadare karana charithayak eda wagema adath muthu kirillima thama ,Pos
bandata passe sudu banda muslim weida deiyane hita hoda porak,Pos
oya unp eke ennema buddagamata apahasa karana aya ranjan rajitha mangala ranil denna epa eka chandayak,Neg
thanks aiyye eth apita set pc thama lap welata wada online clz yana kastiyagen cam eka off,Pos
koheda me kattiya hangila inne ,Pos
obe jiviten potak liyala samajeta denna pluwannm watinwa adarshamat jivitha katawak hama kantawakatama shakthiyakwei budusaranai,Pos
ai mewage sindu kiyanne ,Neu
haha kasun gona niyama kella miss karagatta,Neg
tharuna nayakayek menna,Neu
yko mun okkotma pakshene loku rata gana hithana ekek na,Neg
me paksa namakwath apaa,Neg
nama kiyannethuwa kiwwa madumadawa bebaddek kiyala,Neg
ahana un ahanwa kwru bannth kyala wdak na ktwath tamnge kamtthata lankwe unta innath na u uge talent eken sindu kynawa oya bnina ekek hri mehma talent ekak tibbanm mal sinduwk nogaha idida lanwe unta issrhta yanna bari ekai,Neu
muge katha hondai mahindas wahalunta ,Neg
top dino oya sri wickrema rajasinhage rajathumage anuruwak wage,Pos
 kiyanne api iskole kollek ne ammo gammak ,Pos
machn eka niyamata kiuwa ah ft ,Pos
mage ammat oya wagema ammek mawa haduwe mage ammat thaniyenada man marry karalaeth thamath mage amma mage hewanalla wage,Pos
ammoo akkee thanikarama pissuwak appaa yana yana thana aniwa danawamai oya mee sing karana ekaa amuthuma patta lassnak thiyenne,Pos
thawath ek borukarayek meyama kiyanawa eyata balayak thiyenawalu ha ha,Neg
umari baya wela neda ,Neu
 oyage sampurna kathawa mam harima asawen ahuwaoya hariyatama harii mama oyage siyatha morning show aka godak welawata balanawa oyage kata hadata mama harima adarei awagema oya aprogram aka karana vidiyath,Pos
meka baluwama hithenawa aparade bande kiyala,Neg
supiri hansa ayiyaa,Pos
siyalu sihina sebe wewaa,Pos
 atta kata karanawa asarana daruwanta udau karanawaewa kisiwak akki femas karanne nee tamai akkige nihatamaneekama hari gaurawaneeya amma kenek,Pos
palayan ban yanna koch,Neg
ha megalata witharai sudusu okkoma thiyenne ane me munta kade yana thota mole aga purama athi bawai penenne,Neg
oba garu kala yutu pudgalayek oba gena ettatama adambarai ape lankawe singhala kama amatakaw jeewath wana ayata oba honda aadarshayak god bless you forever,Pos
monva unth ape bhoomi akka thama niyama kella adarei akkiyoo oyta gdk garu krnva,Pos
me paththatath awith yando,Neu
mama asama harithayak nisada manda arawindage kathavata mama ekagai ,Pos
ayye mata lap ekak denna puluwanda nikan please,Neu
goddak lssni akki goddak kyn wachana ne,Pos
bayawala paw hoda hadak,Neu
dukai godak sahodariya,Neu
hama kenama ikmanin thanakata awe naha mara kattak kanna oni ehema gemk gahanna thamange kalayath enna oni kiyanne aththa athi satiyen kiyana porak ,Pos
ane shok harima lassanai adambarai apita theruwan saranai,Pos
duk kam katalu vida dara geevithaya jayagat kumariyee idiri kalaya yaha patakma wewa devi phitai,Pos
aa ballane meccara rate prashna thiyenawamunge pil maruwada thopilata loku napunsaka madya me siyallatama waga kiwa yuthuyi mee harak janathawak inne me rate,Neg
danne hondama aya enne ,Pos
aththamai apita wesak tynwa eka api terum aran samaranna ona,Neu
ane puthe marune ape sinhalayo jathiya wenuwen kathakarana oba ape mati molunta ,Pos
mula amathaka nokereema daevagathiyak,Neu
rodenata ne nawenne sattu ,Neu
patta ane kauru mona kiuvath oyage gamana oya yanna,Pos
mona pissuwakda ahanwa ahanwa iwarayak ne appa me voice ekanam wadenwa appa papuwe patulatama,Pos
kumri akka hondta marketing karanna dannawa neda good job iraj parada wei wage,Pos
senkadagala sudu banda sahodaraya obata theruwan saranai,Pos
honde video ekak aiiye godak dewal egena gattha,Pos
mr welgama sudu van eken pathalaya mardanaya kalada nathida oya madush athulu kalliya sudu van ekata biyata palagiya aya nemaida,Neu
gon hatta chiiththa walat karakena putu saran walat karakenne nh mahaththaya sirasatv,Neg
aiye th gen intel soc chip eka ganna video ekak karanna ko,Neu
ai ohoma nondi wenne kello laga,Neg
ratata henagehuwath kamak ne pakshe rekagena hitapan,Neg
malli me tawat camara kenek apeta one ,Pos
ayyo maray akkiva tora gattu aka ita vada maray,Pos
ane wesi ganiye pacha kelinne natuwa hitapan ,Neg
oba wahanse baya nethuwa atha kiyanawa budu saranai,Pos
mn meka nitharama awilla balnawa,Pos
aye nam war epa api hama jathiyakma eka wage inn one,Neu
ayya rig show gennako aiyith,Neu
bns deshana denna epa boruwata,Neg
dennatama suba anagathayak,Pos
e me gonata kiya deepalla kreedawai anthawadayai wenas kiyala awajathakaya ,Neg
aiya oyata budusarni ape rata vinasa wenna denna be,Pos
good thank thank ediriyata yamu,Pos
voice nam es wahak wadinna epa maarama lassanai akki idiriyatama yanna lebeewa,Pos
badurdeenta raten yanna ida dunna uta viruddawa ochchara saksi tibilat arrest kare na committee akak tibunalu unge warthawa tawa na monawada munge neethi hamuduruwane api iwasanawa wedida,Neg
anee pawuu thoththa baba kalla wesi owa honadai thanakola kana harakata ,Neg
niyamai jaya wewa,Pos
suba anagathayak budusaeanai akke,Pos
redmi ekenma baluwa,Pos
nanotek keyane oyage computer shop eka neda,Neu
meke enna kari ballo bayai ranjana ayyata aki attha kollo oba wanuwena ennawa ranjana davi dune,Neg
 blck amp dino supiriyata mach wen wenna epa ohomma yan good luck,Neu
thaththage pakshen wedak na ath me kolla kiyana de hodata aehuwoth apita ganna godak awa thiyanawa rohitha kiyanne maru mola karayek,Pos
 ammai thaththai warenko gedara kasunwa thora gatta na gona ,Neg
supper singing brother niyamai maru issarahatama palayan,Pos
falan mathak unaa,Neu
thama tv eke blala iwrath na youtube ekatat daala mennoo,Pos
harima lassana nihathamani couches set ekak eththatama adarshayak good luck keep it up ,Pos
me song ekath koi tharam baluwath epa wenne ne,Pos
cute tadiya kiypu hati mata sindu kiynna ba kiyla,Pos
awlak na bn hansa uba hondata kiwwa bn watenna epa api issarahata yamu ,Pos
hamadaama aasawen baluwaeth ada palaweni wathaawata epaama una,Neg
ai bn ohoma karanne,Neg
ratee naayakoo naa ape haamuduruwane me gena kathaa karanna api wenuwen api vitharaii,Neu
music eke link ek denna barida,Pos
my congratulations niroda akki oya superb ,Pos
jabee band wala inna ayagen man asama voice eka oya mara energy ekak tyna voice ekak good luck machan,Pos
hodata kiwwa ban uba ,Pos
mage aga hiri watila hiya anee hari lassanai,Pos
apoo galapenne nane sinduwata video eka,Neg
mee wage video ekak hoya hoya hitiye,Pos
honda deta hondai kiyanna epei,Pos
adarai oyta godak suba gaman ara,Pos
niyama daksha lamayek hoda thenakata yanna suba pathanava,Pos
idakinawath mahema wenawane ape lanakawa mun kanawa,Neg
thamuse niyamayi oi hithata wadina charithayak,Pos
fatta porak bn,Pos
 samanalayek wage iya bn,Neg
ae bao mehema gon kabara una essarahata yaddi ubata thanak naty una neda malliyee awlak naha oya neyamaii ,Neu
gdaak lasana lyrics kochr ahuvath mdi thanx mechr lasana sindu denwt,Pos
oya lassanata kiuwa akke ,Pos
pamepori gahanna oni na wada karala penenna,Neu
ranjan ponnayawa ella maranna,Neg
meyawa hirustar eke dakala thiyenne kawda,Neu
attenma patan ganmama mara lassanata explain kala api ekinekata warajanaya kirima nowe kala utte siyalu jathin ekatu wen onia atara mona jatiye hari paragathiyanwa nati karan oni,Pos
dream star hiru star siyatha star hitapu okkoma mekata awillane ,Neu
 aiya niyama innawa budhisam wala ,Pos
athta oya vanachara gayniyak oyala wage gaynu hodai club dance karanna rata palanaya karanna naywe ranilge oluva den paranai baba uba yatata tama yavanna one polavwe etakotai lankava udata enne,Neg
gampaha disthrikkaye gon harakune me parath chcnde dipiyaw,Neg
backing eka maru,Pos
sinhala hondata katha karnava,Pos
top games video ekak keremuda aiye,Neu
ape scl ake kolleck ne,Pos
jaya wewa aiya ,Pos
anthima kotasa nn sahenna watinawa danagatta eka aiyata thanks karanna one nextgen campus eke scholarship ekata lt,Pos
muunam hena athal dial ekak,Pos
mona huttkd me thapparen tapparet add,Neg
shashika mahathmiyage voice woow,Pos
thumb nail dakka gmn baya una kiyhnkoo ,Neu
karana aparadeta munta hodak wen nee,Neg
patta asa charitayak,Pos
aiye api adarei oyata godak,Pos
utum hamuduruwane merata aurudu kata aran hari margayata aran hari kenekata rata bara dennea,Neu
hoda gahaniyk hoda amma kenek pripurna ghaniyk athtama gaurawayk athiwa jiwath kena adarshamth amma kenek,Pos
me deshapaaluvo rata kanava,Neg
maddiyata oni deyak kiyanna puluwan eth atta danne oya vitharai eka nisa thawath gahanunta apahasa nokara katha karanna ,Neg
honda wede me naakiyaata,Neg
kawdawth nathiwa obathumath gotabaya janadipathi thumwa jaganna wada kla ape ratta oba sampathak,Pos
apita salli natho,Neg
monawada me wikara pasku prharayen asarana unu aya gennala ar manussayekge atdekim aehuwanam mokada monawada me wikara,Neg
ranjan gonjo thota wuney kottoruwa kesel gahata ketuwa wagey kesel gaha apey sanga ruwana exact opPosite will happen gonjo sinhalase buddhist will unite against  drohi kalakanni hetta,Neg
kelin kolla mona unath ah ,Pos
oyage aradhitayage kata handa ahenawa madi ,Neg
deyak karann haki voice ekak good luck,Pos
godak lassanaiheluwa pennagena natana lankawe ganunta wada me wage aya kochchara hodaida aduma unath sanwarai wagema wadagath,Pos
super mt dan therenawa mn ganna one laptop eka thanks you,Pos
 aiyage eka video ekakwath skip kara kara balala na favorite presenter,Pos
sinhayek neti keleka nariyek raja unama ohoma thamay bolaw,Neg
niyama feeling ekak thiyene voice ekak,Pos
sinhalayata kade palyan thambiyata netuwa,Neu
ado loke eka kellada ban inne,Neg
sasha wage talented english presenter knk iddi ay kingsleywa damme kingsley legend knk habai methanata set nah,Neu
oba opa damana lada menikak ratata sampathak ,Pos
gafildge e hinawa ammooh,Neu
oba kiyana de sampuurna athta ape rata ta tunvani balaveegayak avsyai,Pos
kanata mee peni danawa wage voice eka,Pos
jathiya sinhala kiyala ganna bari aya genna epa lahiru ayye,Neg
man katholika kanak atha kathawa hamduruwane oba wansa katha karnna,Pos
kalakaruweku widiyata kemathi charithayak,Pos
aiya pubg mobile aya gamuko,Neu
man kemati niliyak adarei,Pos
hey nathasha oya wagema song ekath lassanai both of you are a maching couple good luck for the future,Pos
hapo wachana madi thota baninnagon aliya mahinda wagemai,Neg
chuchee oya niyamai ,Pos
aththatama geheniyak gena katha karana respect charithayak,Pos
 t shrt aran adapu kollo api ,Neu
hadawathatama denuna niyamai,Pos
vhilu karnna epa thopi kawa rata,Neg
ratata wagagath daruwek budu saranai,Pos
mewa balala hadiyauranilge nadeta kiyanne,Neu
dakkada vinishchaya mandalaya prathichaaraya etha aehalaei,Pos
madumadawa budda daruwek okage boru vachana vitarai,Neg
meki kiyanne den patta boru,Neg
me platform eken bitcoin mine karanna bari weid,Neu
meka lankawe hodama machine ekada ,Neu
mn hithanne ethumagen ahanna onima tika oya ahuwe aiye eya uththara deela witharak neme niyama kathawak karala giye,Pos
chichi katha karana style eka gotage wage,Neu
hammboo me galepeema superb shashika wagemai ,Pos
aiya budu saranai,Pos
anee me mun hode na nodakin yako giye un gana kiyawanawa anith eka eki ekka magul natanawa ape giya kalak munta,Neg
ane lahiru mahathayo oyage vidio keranna ratata wada dai kenekwa genalla me wage wadaketa nathi ayage ewa ratata wadak nane,Neg
pissu holmang danne magula,Neg
aprade aparade hoda voice ekak,Neu
kisi wadak nathi sindu,Neg
a song ekata karanna puluwan sadaranaya u ishta kara song eka patta therenna ona ekek kapune voice teen eken eliyata kapila giyama issallama mata nan duka hithun issarahata yanna ona ekek,Neu
band eka supiri kiyana aya ,Pos
hikvision sad nam melo rahak ne anith brand ekka baladdi kalpawathma and speedpen drive unth ehemai price nam adui,Neg
boru pampori karayek,Neg
maekal wage hoda manussa kama teuana mamaussauek ape ratata wassnwak,Pos
iya kingsley oya chora anee ,Neg
meka horage ammagen peena ahanawa wage,Neg
adoo ai me rtx yannertx eke budget ekath aduine,Neg
wagema ekkanek ennawa eka tama amit weerasingha ubala tamai e wage muslim tarastawadiyo bihikare,Neg
hoda molayak genawata thanks lahiru mewage kattiyai watinne,Pos
unlike karanne gal yugaye porak,Neg
harakek porak wenna hadana hati,Neg
 kiyanne atta babama tamai danwat kata wahapanako ane babo kurulu katin kechi bechi ganawa rata gana mokut dan na ekatamai atta,Neg
 ayye oya fatta charithayak niyama kelin katha karana manushayek lahiru ayya program eka maru jaya wewa ,Pos
ekanam patta wddgath una aiye,Pos
tv ekenuth balala you tube eken balana ma weni pissan thawa sitida ,Pos
aiiyath sinduwa kiyanawa ne,Neu
mnwa kynnda mnda lassanai e thrmt,Pos
me minihath balayata keedarai mithree wage ange endala kana kana ekek,Neg
ae umbala me manssayawa awathakseru karanne balapalla karana hora weda eewata banapalla thopelatath ammala sahodarayo ennawaneda yako senduwak keyala apewa henassana ma madeda,Neg
hari huratal kollek,Pos
e nangi hari siriyawantai ,Pos
oyata hoda kenek lebewa budu saranai,Pos
patta sinduwa music tv channel eke new relece program eken dakke dan u tube baladdi tamai month old kiyala dakke,Pos
ape rate hema set akakatama innawa onna oya wage amuthu thirana ganna dayal akak akagada,Pos
wow voise ekanm maru ane akki oyage issara hatama yanna good luck ,Pos
pathme adambarai sudda congratulations mcn idiriyatama yaman,Pos
api hadawath wala sundarakam danna minissu ekane sinduwata eha comments wala lassana ,Neu
 pc ekak onna oonama podi pc ekakin game gahanna ,Neu
ahana eka nawaththanna hithenna priya aiye ahanna ahanna aasai,Pos
gotabaya onalu aka ponnayak kapu kama madide topi waga kalakani hende lankawata maha wala teyanna,Neg
mekata mokak comment karannada manda mae kaletama ahapu hdm hada lanakawatama aekai,Pos
intro ekata thama asa,Pos
akke oyge voice eka school kale wgemai apita oywa godaak mathkai morning assembly eke songs kiypu hati hrima lssnai akkee ,Pos
mea manussaya niyama minihek weana un wagea oluwa udummowageana jieawath weannea naha,Pos
ape hamuduruwo wesak ekata eliyata ganna haiyak denna ,Pos
makath treading kiyana katitiya ko,Neu
paw ragapala sinamawata ekathu wela hitiyanam oya adatath hondin innawa malli aparade jara desapalanayak thora gathte,Neg
ara kollawa teruwe ne aul me ,Neg
premiere pro walata saha gaming walata hoda processor eka mokakda priyadarshana aiye,Neu
me metana sudana wenna epa ,Neg
oya man harima asai iti pahandiya suliya man harima asa natti oyata budusaranai,Pos
niyamai priyadarshana aiye,Pos
voice eka lassanai netilla wedi nisa thale weraduna ragapanna newene giye gaayana karannane neda ,Neu
patta charithayak jaya wewa ,Pos
ane kohomahari siragathakarala inna ape sowaming wahanse bera ganna please,Neu
budu ammo supiri build eka,Pos
anee dennama harima lassanaii hodatama kiwwa,Pos
sunila abesekara gaykawa mathak una,Pos
sathi kata eksarayak wath q and a daannakoo,Neu
ada me video eke duwa dekiddi eyata denei amma eyage ochchara haiya geniyanda kiyala,Pos
aniva oya hari vishwa wate yana aun kara gahanna gihin nulen beruna,Neu
mhe  la wage aya thamai parlimenthuwe innaone obata budu saranai,Pos
bitcoin minning gana saralawa a to z igenaganna hoda youtube channel ekak kiyanna puluwanda ,Pos
me srilankan life eke sing karapu ekkenek neda yakune kalaya kochchara gihinda dannema nathuwa sweet memories,Pos
hryma lassanai duka hitenawa,Pos
oya rawatela kumari nangi jesus wahanseta hara wena kese kenekuta marun a athma pannanna baha ae serama boru,Neg
coach umaria eya study krnawa nwe eya students lata studies krnawae piliyandala central college eke western music teacher,Neu
umariya muhudu giyaanam dal daanna ooneth na bilee baanna ooneth na maaluma awith bootuwata naginawa sure,Neu
samanalayek wagene bn kolla katha karanne,Neg
mata penne ekko sinduwa kiyanna ekaa kudu gahala naththam vidio eka karapu ekaa kudu gahala,Neg
sampurna aththa baya nethiwa katha keranawa adambarai oba wahanse gena,Pos
aiye mata msi laptop akak aduwata gewanna ganna thank kiyannako ,Neu
koheda ban me kello inne lassanai,Pos
patta niyama gayanwak jayawewa supiri ,Pos
maawa kawada gannada,Neu
ammo aiye oya mara wedakarayek kiyanna bari tharam daksayek kiyana dewal ahan inna inna asai api oyata godak adarei aiye budu saranai aiye,Pos
maara lassana galapemak harema kena thora gaththa,Pos
meyath pakseta adina kenak wagee,Neu
ape rate hoda de agayamu,Pos
ganna kalin kauruth ohoma thama,Neu
samithata hoda padamk hrim vineethai ann ehmi ammla inn oni,Pos
admin ge day time data bundle eka iwara unaama ,Neu
pala yanna thoo baba da gini wesi thopi me ratama vinasha karanawa thoronchi wela pala ,Neg
song lka lasanaii vidio lkanm melo rahak naa,Neu
job ekk nedda oyala gawa karanna wasthila gawa,Pos
yko ena hamoma select krama meka competition ekak wenne kohomda,Neg
voice eka wagema kollath lssnaii ,Pos
oba kiyana vidiyata apee ratee kanthawata himi wenna ona thena ahimi viima nisa ada samaje godak kanthawata phala mattamee inna sidda wela,Neu
mn kamathi naha redmi,Neg
badu mallata arakku bothalete nathuwa prathipaththi akke minihek avilla innva api balamu wenasak illana minissu a wenasa wenuwen methuma path karaida kiyala,Neu
patta supiri niyama charithayak,Pos
kaalekin balapu hodama wadasatahana mama hamadaamath dakala thiyenne full jolye enna kaagahala hinaawena charithayak obata suba anaagathayakata suba pathum god bless you always ,Pos
goduk watina dewal igenagaththa thank y,Pos
menna niyama hamuduruwoo asai ahagena enna kathawa,Pos
magula melo rahak ne yoko ,Neg
mage jivithe pattama charithaeda idan ubalat ammo pattama love brother oyage wade niyamata yanawa pahadili ,Pos
me build eka danakan hitiye,Pos
oya ge number eka dennako,Neu
sinduvanam hodai mokadda video eka ova danna epa ane kollo hitiye nedda,Neg
poth kiyawala bana katapaadam karaata rata paalanaya karanna be,Neg
admin akki ande anith paththenda nagitte,Neu
aththatama apita adambarai ohu honda manussayek budusaranai,Pos
adambarai amme oya aththatama manikak,Pos
muge konde dakkama epa wanwa,Neg
budha dharmaya surakina me hamuduruvanta gauthama budu raganan vahansege pihitai viashnu devi pihitai,Pos
santosai me ape hadwathe than path une pahan taruwe arvinda neda,Pos
podi kale idan ahanna asa kata hadak adare ara,Pos
ashen ain karanna una api ak una oba samaga,Pos
sadun perera wge adapu ekek innwada mahaththyo twa menna adili,Neg
duk karadara meda jevithaya jaya gath obata jaya wewa,Pos
mun kohomada bn gewal walin gaming pc hadannta salli illgannee,Neu
oya bns ganna thibbe oyage talant ekata global yanna platform eka eka mama oyage chanal eke okoma baluwa ,Neu
build eka dhaanakan hitapu aya me konata,Pos
wow harima lassana voice ekak iye idan pissuwen ahanne daha parakata wada ehuwa denata ,Pos
kiyapu katha serama eththa podi hamuduruwane ohoma katha karapu tikama ethi ape rata wenuwen,Pos
maru aaye kiyanna wachana na theruwan saranai,Pos
sadun siye song eka fatta vido ekath fatta habayi me video eka me song ekata galapenne naha,Neu
lajja nathi ganu dan baba wage katha kalata hariyata kata arala katha karanakota vatti amma kenek wage,Neg
battle balala aye awa meka balanna,Neu
me performance eka eyalath suprise wela apiwath suprise kara,Pos
me anthima para chande paksha pata gena nohitha me parawath hari de karamu neda neththam agama jathiya nethuwa apita mahapara thama,Neu
me gahanu charithaya athule shakthimath pirimiyek jiwath wenawa hema gahaniyakatama adarshayak ganna puluwan gahaniyak mawak saha diyaniyak hadawathin suba pathanawa theruwan saranai ,Pos
brand eka supiri mama danneth pol gas bata dekak thamai,Pos
lahiru ubatath pissu,Neg
aththatama oya kawuru unath aththa keyana kaleena rupayak saha kathawak kena newei adahas watenawa,Pos
adunath ekka godak pin hamuduruwane budun deka niwan dakiwa,Pos
 ayye lassanai programme eka,Pos
face shep eka harshe wagemane,Neu
raththaran amma kenek,Pos
 ape anva oba vahansela samaga onam deyakata okun mevar atu ga damanvami satikai,Pos
a katahada wachana galapima ela,Pos
green screen bagrownd patta ,Pos
apa hamuduruwanii aparata palakayoo hodai handa sakkili haththa,Neg
lassanai kelle go ahead ,Pos
niyama lankikayek samahara sinhala moodayo deng wath therum gaththoth hondaimeh podi kollage wedagath kathawa ahala hediyalla,Pos
meka thamai me aurudde balapu hodama eka gen igana ganna godaak dewal thiyanawahe is such a wonderful persongood luck ,Pos
patta song ekain video ekai galapenwa hariyata kirihodi bolt anni wage maru digatama karagena yamu ,Pos
sinduva nam patta eth video eka nam galapenne na,Neu
harima lassanai nangi jaya wewa,Pos
lassanai akkiyh shashika miss hadawathe gaikawa kiynne nikamya ,Pos
maarama watina adahas ekathywak jeewithe gena godak hithannama laga thibunu samahara weradi wetaheem niwaradi karagena jeewithe diha balannaoben igena gaththaobata godak sthuthi gamya ,Pos
meken gta v play karanna puluwanda,Neu
kalin kasunge penuma one mata vitharda me style eka hari na appa kasunta,Neg
man asama niwedakaya aiye oya oya kiyapu samahara dewal nisa jiwithe wenas karagaththu porak man adarei ,Pos
api oya akka innawa aiya oyata,Pos
ayya married kiyala danne meka baluwama,Neu
yohani innava dakaupu un ko,Neu
 oyaa diriya mawak gahanunta hoda aadarsayak watinaa paadamakoyaaia dennata budusaranai,Pos
chanaka kochra beluwat epa wen ne ptta mchoo marama stutui,Pos
oyage kata handa lassanai akkii,Pos
lahiru ayya mohu samaga thawa programme karanna godak hoda arthawath kathawak,Pos
tambi saha demalu samaga jatiya agama wenuwen wehesena oba wahanseta tunuruwane pihita araksawa lebewa,Pos
ubala oyata wda sindu chora krapu un teruwa,Neg
upul shantha sannasgala sir wa genna plss,Neu
mohuta gota ekka kontharayak ethi ekayi me ane bolav munda me deshapremiyo me vage un pol pithi valin ona tharam kapaa gana puluvan,Neg
gananam godak adui niyamai review ekath niyamai,Pos
lassanai song akak habai galapenne na,Neu
palaweni like eka,Pos
kinslli hondai denuma manina program ekakata man kiyanne sirasa laksapathi vagekisima soft gatiyak nehe ,Neg
 mudalige kiynne mama hari asama charithayak dan inna maddayawedinta godak dewal thiynwa igenagnn obathumagen,Pos
meya wihilukarayek thamai a unath me kiyana dewal sampurna aththa molaya thiyena minissu hithala balanna oyata budu saranai,Pos
patta kiyana aya koo,Pos
oba thumiyata niduk neerogi deeragau labewa theruwan saranai,Pos
nirodaynaya wena gmn blna aya ko,Neu
marama lassanai sinduwa good luck oyata ,Pos
chamila  godak hodai niyamai,Pos
meeta wada lesi acer predator x ekak gattanam,Neg
chanux bro wage hodata igenagaththoth karanna bari deyak naa kiyala mee video eken therum gaththa mamath kwadahari chanux bro wage wenawa,Pos
awanka hoda kathawak hoda gamanak yanna wasthi,Pos
ammo meya gothe gotha boru kiyana hati api dakka oyage kate sadde,Neg
ammapa mn meka bluwata wada ahuwa athama ahala gana fun eka patta athal ,Pos
ane ubath hari hoda minihane ganunta badu kiyanethawa ekekta atha digu karana kalin uba hadila hitapn yako,Neg
lahiruge boru gamma balapanko hena moral eke inne,Neg
mun upload karana widiyata voice eke gemma bahinawa hitha hadana enne eli wenakam idala hari balanna shit,Neu
niyama discussion akak freely kata karanawa,Pos
mata denaganna one wela thibba deyak,Pos
ade math konde kapanawa,Neu
adaney mm aasama niwedaya dakkey,Pos
meyage partner wath gemu neda aiye,Neu
ma antiwa genawa eka hodai,Pos
meka kasun kiyanava kiyala eyawama thoraganne kiyala deyak na,Neu
me huttige kollonwa genna epa bn kari pakai,Neg
mu ethakota kolla wage kathawa pakshe gaha ganin puke tho nathi unata gota dinanawa,Neg
hena gahanna one mewa karana unta,Neg
vayasaka ayata jandipathi danna bha hoda sighala tarunayak nam ha apinam ravatanne nha nagananda oya hodai nadu kiyanna,Neu
ai me boru kiyanne ranjan hodin innawa hire yanne sapa ganna nemei neda waradata daduwam widiya yuthui kese wetht ranjanta ikmanin eliyata enna labewa budu saranai,Neu
eka digata iwara wenakan balapu st interview eka meka,Pos
meeta wada hoda prasna tikak ahanna thibuna meeka eka ekka happenna ba pirimiyek nisa eth defender eken aran gihin pirimiyekta gahanna puluwan,Neg
aio pump fan speed ek ai waradila da,Neu
lankawe inne maru dial muta kochachara bannada dn mara charithelu ,Neu
redmi wala signal aul kiyla kisima kenek kiynne na ei eka hanganne,Neg
udaya nohoth leera malli,Neu
issara eththatama api podi kale radio eka ehanakota ea munu deka bada ganna thibbanam kiyala hema welama hithuna fb ekata pin sidda wenna thamai eththatama ea munu deka dekka ,Pos
pera bawayan wala ape rate jiwath una bauddha manussayek,Pos
meya kiyana deta ekaga wwla wada karanna ona,Pos
yko purshyek wenna godk pin krnna onathopit eka lebilth rata kana heththa nodakinwth,Neu
umariyata meka hoda nadda bn,Neu
great video enna mage pattet boxing tikak balala yanna,Neu
madi malli aththamai ban,Neg
ana tawat nangi kanakuta uba haryata banna a lamayata kyapuwa api ahuwa,Neu
ado ekah aiyala nangila okkoma ela neh,Pos
ranja ekka puduma tarahakne tiyenne mahindata kade yana keri thattayanta ane pala thattaya gu kapiyaw oita wadiya hodai,Neg
hama question ekema muladi ena ekata mama baya una,Neu
 madawa lebanon wala so ekkata awa ada api dekka deyak tamai madawa ta galapen nea kiyala,Neg
matale kolle good luck malli ,Pos
oya game gahanakota uda cpuram eka ehema peenana eka ganne kohomada,Neu
mewa e kalene kiyanna thibbe ,Neu
ape paththe kolek ,Neu
kawuruth ekai oyakage views wadi karaganna me wage ganu kenek wikunanna epa mr lahiru aththatama nindithai thuppahi minissu,Neg
maru saho oyate jaye wewa ,Pos
me loke rahak na vidio eka,Neg
nidhi agrawalge shape eka chuttak thynwa watina harabara kathawak,Pos
mama thwa dutu deyak thama oya hari awankai kisi loba kamak nathiwa atheethaya gana akiyanawa,Pos
kasun chill eke stage ekata awilla eka paratama mood eka change karagena sinduwata enter wuna widiha patta ,Pos
mn redmi eken baluwe ,Pos
den namal kumara helikalane kadu danne kawda kiyala,Neu
ane a voice ekaes piyan ahan inna puluwan best of luck,Pos
satthiyai obathumata budu saranai,Pos
desapalaneyen thorawa katha karanne mewa heniyanna one jiniwa walata minisunta athiwaskam kiyala deyak thiyenawa loke ohu katya kale sampurana eththa eka ekkenata eka eka nithiya,Neg
iraj kole wahala gahala wedak nehe kelinma kata karanam hodai,Neu
anunge dewal hoyanne nethiwa thamange wedak karaganna beri eyi mea minissunta,Neg
mat ara koiwage atida kiyal nitara hituwa,Pos
sakkuli song ekak ban meka buddagamatath papayak,Neg
ada kasungei umariyagei action maru ,Pos
ane onna man benneth ne kohewath oyata akke budu saranai,Neu
ayashma shakya gdk hodai,Pos
mitumage kathawa ettha bs,Pos
Posh widiyta kiynna yana nisa tikak aul eth voice eka lssnai ,Neu
galapennema nathi niwedakayek eya hondai flash back musical shows wala announce karanna meya ain karala steffani wa genna,Neg
mn hithuwe na me wage charithayak kiyala a charithayen ganna godak dewal thiyenawa he is great ,Pos
coach kasun supiri marama fun ne man hituwe na mechchara fun kiyala ,Pos
ana pako kade pala mahindata,Neg
gappiya gana kiyannako kauruhari ,Neu
vadak karanna bare ereseyaavata palanna hadana minissu tikak,Neg
me cia pork shuwer,Pos
mage sahayogaya obathumatai,Pos
portable ssd kanm godak watinawa ,Pos
temp eka ganna software eke nama mokadda,Neu
man adarema karana niliyak,Pos
asawen baluwa wadasatahan senkada gala sudu bandage wedding eke video ekath penwanna tks,Pos
dviyangama pihitai budusaranai,Pos
aiyta subscribe lebena subama suba aluth awuruddak wewa,Pos
ai ayye serious gpu ekak damme naththe,Neu
video ika nam patta,Pos
ratata wadak karanna manushyaata sewaya karanna,Neu
ammoo voice akaa bend akat aye kiyalawedak nee ,Pos
oba harima adarsamath gahniyak hoda mawak dan samaja gahnu atarin adarsa math hoda gahniyak akka oyat dirgauss labawa taruwan saranai oyata,Pos
madhumadawa kiyanne gon gahak,Neg
oyala innda thamay may ka unay,Neu
kelin katha karana ekek elama porak ,Pos
suneera tharam na eth lassanata kiwwa,Pos
continue karapu eka loku deyak,Pos
vadak na mahinda gota wage adithara aya hondai,Neu
ane attharagama kawadada wadinne mamath attharagama gamata wadinu manavi,Pos
lankave mang aasama niliye wonderful mother,Pos
niyamailiya thambara maru rock songs kiyanna brother,Pos
ana monada me kiyana katha leja nadda ape lankawe euntath mewage dewall hare lokui monada me kiyana katha pissu wage neda,Neg
oya tika rate maha unta notherena ekai duka ape hamuduruwane,Neg
hiru star eke udara ekka battle ekedi ain une meya neda,Neu
ai ane meyala mechchra lassanata kiyanne apiva pissu vattanavane maru ane,Pos
wena coacheslage basar eka torch karanna eka nam weradi what do you say,Neg
ranil kiyanne nihada buddumath daksha nayakayek,Pos
ammek wenna lamayek bade tygnnma oni ne mokada wedu mawata wada hedu mawa usas wechcha awastha oni thram wedagth api me loke wenuwen karna dewal,Neu
habai kumari oya aka thanak waradda gatta hama gahaniyakm bangali ayath tekka budiyannha oya agilla dikkale ape tawath ahinshaka ganu duk vidinawa pl praweshaman kata karanna ,Neg
anee ban podi eka patta ban ayia paradhayi,Pos
shashika coachge team eka vishwa vidyalayak wage ,Pos
thank you so much sirasa kasun wa genawata methanata coach kasun mechchra fun kiyla denagena hitiye naa ,Pos
deran miss sri lanka  asama charitayak aya harima hoda gahaniyak harima buddimat vadagat kamak ati taruniyak,Pos
kasun ape garfiled hari sundara knek,Pos
ane hari asawen youtube eke beluwa ekama vedio eka,Pos
methe budunn daka niwandakeewa siyaluma amma waru,Pos
lassanata song eka kiuwa good job,Pos
nagananda janadhipathi karanna siyaludenama ekathuvemu,Pos
oyata doni kanak innawa oyagana danna a athi godak dayak aka oya amma kanak,Pos
ala ala bro marama marai,Pos
ado patta joyodaya ,Pos
ammo eka gdk lassanai,Pos
oba athatm hoda gahaniyak,Pos
thamun sathutin nam kuhaka na aththa kathawa,Pos
wena wada gath minissu nadda lahiru,Neg
coach shashika ge voice ekata samanai tikk ,Pos
saman lenin kiyana visishta kala karuwa mathak une,Pos
gdak lassanayy duka hthenawa gd luck,Pos
dan dan hangila tibba honda sindu trend wenwa harima sathutui kasun ,Pos
bokkenm kthav aththm kiynva,Pos
aththa eka digatama baluwa suba anagathayak ,Pos
ai me meyal akam adan inne ham dam,Neu
nanotek ekata keyala oya gaming builder eka hada ganena puluwane weida,Neu
supiriyi coach shashika meka harima lassanayi congradulations issarahatath me wage supiri battles balaporoththu wenawa ,Pos
ekenmq iraj aiya ela ela kelin katakaranawata api kamati,Pos
background music wlaa sadde wady ban,Neg
meloo kamakata nethi opa dupa hoyannethiwa wedagath deyak karanna meeta wada watinawa,Neg
ape ekek help ekak onee,Pos
ape agamata ohoma garahanna epa minihothamuseta jathiyak jammayak nethi unata apita thiyenawa,Neg
me sinduwa malani bulath sinhala mahathmiya kasun aiyyage ammagayana sinduwaklagadi mama utube eken dekka ,Neu
mun thama ekama rate minissu dekata bedanne unp karaya sri lanka karaya kiyala thamange pakshaya reka ganna hethi witharai mun hithanne okkoma ekathu wela rata reka ganna uwamanawak ne,Neg
thmnge thiyena jaanama wensk nisa eka pradarshne karagena nikn gon athal gnna ewnta wada oya wedagath ettamai ,Pos
ane voice wauu aa,Pos
wachanayakwath magaharin nathuwa goda kaalekin balapu supirima program ekakniyamai,Pos
menne kelin minissu,Pos
hoda wadak suba pathum,Pos
mun unge natiyat sanga beda kara dan utum sangayata nigaru karai topi sinhalini mun ai awot mita wada vinase atalagai,Neg
apo melo rahak na video eka nam,Neg
supirima wadak thama aiyya ufo ekkak wage thama ithin,Pos
mama redmi eka sathi dekakata kalin gaththe rsk walata gb ram gb rom camera quality eka superb macro lens eka nisa ape fingerprints unath apita camera eken capture karanaganna puluwan ,Pos
niyami ape hamudhruwne budusarnai,Pos
unlike karana wal hattakut innawane tawa,Neg
kasunge team eke competition eka ammatasiri wenna wadi wenawa dan umariage and bns teams walata yawennema nane kattiya,Neu
maka dasapalana paliganimak horu gana kiwa nisa thama mayawa hira kala,Neg
yawwe nathath roket neh,Neu
dislike krnna video eka baluwe aparade view eka ,Neg
kasun sir ehema kala kiyanne oya supiri e wagema lucky ,Pos
ratata adare minissu genna vanna balana ayata deyak igena ganna puluvan wenna,Neg
gappiya gen passe baluwe wasthi supiri jaya wewa ,Pos
pttanma aiyya kenek kiyala hitena aya like kargena yanna,Pos
phone review dhaandoo,Pos
supiriyatama kiwwa congratulations,Pos
 baba aiyoo salli hirinika oya babada ,Neg
 unaa e voice ekta yanna ,Neu
ane umariyawa ketha karala ,Neg
ammo mama kamathima kenek,Pos
aiye zbrush wlt kochchr power pc ekk oned,Neu
theruwan saranai  putha oyata ,Pos
kassawa select karanawa kiuwama mata denena sathuta ,Pos
oba gan gam wala inna manussain danne nee puluwan nam e aya danuwat karanna,Neu
man harema adarei aiye oyta,Pos
kasunuth oyawage kiyanawanam supiri stage ekata avith godak aya indivi eaka ahanna,Neu
deparata wada balapu un koo ,Pos
aiya mother board unbox karadi eka athule thiyena cd eka mokada,Neu
redmi ekak thama mwn lagath thiyenawa,Neu
anith unta wada practical thiyana kollek,Pos
sashika voice ammo e katahada,Pos
piyaru baba kalekin,Neg
athta hamuduruwane oba wahanse gana adambarai,Pos
harime lassane kathawak niheteamani kollek hame kename meya wage innewanam kojjera lassaneda demela aye ,Pos
jeewitheta ganna deyak deela ara programme eka iwara kara,Pos
aith aith blnna hithenwa malliyo wow budu saranai,Pos
wesi pluwannam oppu krapan ube voice hadapuwa kiyala ehema technology ekak na kohewath ahema thibbath ochra wydam kra kra thoge ewa edit kranna maha rajinada,Neg
apita salli ne bn,Neg
ubata dala tiyana comment balapan lajjai ganu sanhatiyatama,Neg
buruwo kathak kaluthar next time muwa path karanna epa ,Neg
arawenda ayyage interviewe akka mama baluwa time oyage katahada niyamay pattay thank you ayya make this pls anith akkenawath genna ko pls,Pos
tech sunday ekath ekmanata karamu,Pos
 daddy lage mn pissu watuna song eka,Pos
lahiru aiiye meyata channal ekk hadala promote karala denna,Neu
aniwarenma kumari akke ape genu rata yawana eka nathara karanna oni,Neu
eya anthimata kiyapu de gena mata dukai amma kiyapu de ahuwa namm eth swethawa hamba wen nene ,Neu
price list eka amathaka wela wage,Neg
a sare meya parlimenthuwe anith manthri wariyoth meyage ganata danawa mara keliyak ne,Neg
aiyage mask ekat asus,Neu
oya magulata wada hoodai mata mage core pc eka,Neg
malani miss ammoo kata hadak nemei amurtayak,Pos
handa anukaranaya kara kiyala sekai nam wena ekak kiyanna denna thibuna ne,Neg
daivaya ape mage lovama nubamai sada excellent this is my life,Pos
aiyaga hinawa amataka wanna na,Pos
 akka oya hari adarshamath charithayak oya wage biridak labanna pirimiyek wasanawantha ne i wish you all the best akka daruwath hodin hadagena hemadama sathutin inna,Pos
ape kollek adari keep it up ,Pos
bruno mars ge bjust the way u areb music natiwa echra lssanata sing kra nam music ekka khma sing kraida ekai niyama talent eka ,Pos
niyamai oyage voice eka shshika mis ,Pos
maya hari yanne nha,Neg
kauda kiyala kiuwe coch eka park vithara beluwa therune ne,Neu
harima adarshamath kathawak budu saranai ,Pos
phone aka pettakin tiyala ahan hitiya,Pos
theruwan sarani obawanseta deergayu,Pos
ane den boruwata baba wage katha karanawa puduma kunuharupa kiyala minissunta banne andum nethuwa natala ,Neg
jaathi waadaya aussanna epa ayet boruwata kiyawanawa,Neg
yko song eka pattane munge lokukma ,Neu
isellama ube amma ubawa wadawapu eka thama lokuma waradda,Neg
eda apatha ada mahtmaya kohomada herune babage katha ,Neg
man kamathima kanthawak yakada gahaniya thani ganu kenkta puduma dairyak,Pos
build eka karagattama games freeda,Neu
iyaa oi me wage sindu nisa lankawe music ayale yanwa video ekath melo rahak na padirima padiri aye me wage ewa kranna epa ,Neg
full interview ekama balapu palaweni video eka respect gehan aiya,Pos
aiye oya kollo rawattala podi podi crd gahala pc hadala denwa games gahana akekta ekk athid,Neg
 uba supiri charithayak monawa unath,Pos
pudumai kella kollawa dala yanna dan inne jara kellone,Neg
anthema wenakam ahuwama marama ardambarai ,Pos
 interviews walin dakapu hodama eka ,Pos
melo rahak naha ,Neg
maara lassanaii anee paarakata wadaa beluwaa,Pos
aththatama hondatama enjoy karanna puluwan me performance eka good luck both of u guys,Pos
gindara brother adareai bn,Pos
anee maruu aye aye ahuwa ,Pos
jeesu pihitai siyaluma amma warunta,Pos
aiye meke keybord moniter ekka sampurna gana kiyannako plz aiye,Neu
 ayya ekka photo ekak ganna tiyee eka karala dennasupri waddek ape ayya,Pos
muslim minissu meh ratata indiaweng aweh kawadda adada ethakota anith jaathiya kohenda aweh ahasenda okkama kattiya aweh indiaweng oya ithihasayagena danne nehe,Neg
aiyava sambanda karaganne kohomada matath hadaganna one,Neu
great hadawathinma adarei eda idan ada wenkl a adare ehamamai ,Pos
rata hadanna puluwan widiyakata ape wagakeema ista karanna onee oyala wage kattiya iraj aiya,Neu
cover songs blnn kemathi aya enn me peththata ,Pos
ammo ela elaa,Pos
aiye oyla contract kra gnne khmd,Neu
mun dennanam supiri,Pos
voice srilanka balapu dawase ,Neu
katholika unata bududahamata naburui bs,Pos
koch kasun oyanam hari joli ,Pos
anit sinduwlt wada mekt asa hithuna kata hari harenna tibba ,Neu
me desapalakayo ekekanata bennata kohe hari ellila merenakam desapalana karanawa imthiyas markar witharai samu gathe,Neu
sansare pin karapu minissu,Pos
mekata kochchara ganak giyada,Neu
kata mata dedewwama anata wenawa,Neg
mamath oya wage thamai karadara godakin duk vinda eth mata mokuth karana salli na,Neu
oba wage singhayo inna ona,Pos
aththatama mu paw patta hodai,Pos
pattama voice ekakk baluwta baluwata epa wenne nh elamai na veeshaa akki,Pos
uba ilaga parath waren bro ,Neu
okunta hana gahapiya kuhaka padada ballo,Neg
aiye laptop hadana video ekakuth aran enna,Pos
ape kollek adrei bokka,Pos
patta feeling ekak enne,Pos
voice wala danta hondama voice eka,Pos
oba neda oppukarala pennanna oni,Neu
lassanai bn voice eka music valin hoda vedak karahn ubata jaya,Pos
ado ponna ranjaa recrding tape puchchala pukkai daganin pinpiya ado ponnaya ubatta naddu thiyenn ay  murder karala neimai munagessunoth serrappu parawal ,Neg
pada show thamai gon athal,Neg
disnawath genna eeka meeta wada lassana wei,Pos
ape hamuduruwane hari watinawa oba wahanse apita soma hamuduruwa apata ahimi kalath oun thama e nisa oba wahanse araksha kariwa sitiya youthui me karanna wu punyya balayen ama maha niwanin sanasima uda wewa,Pos
thirisan minissu mun mahaloku bauddhayo bauddha rata lajjai kiyannath,Neg
mun hatara dewna meka epa karwana apita,Neg
mona de kalath thibena thuru jeewitheeoba nathuwa mata inna ba wasthuwe,Neu
voice ekanang eka digatama payagnk unoth ahang inna puluwang you first thanks to god perfect voice ,Pos
wow kasunge voice ekata matching voice ekak patta,Pos
wow aka nam niyamai ,Pos
mm asama ekek gehan uba ela porak,Pos
shit program ek meheyawanna wena kenek hitiyem ndd ,Neg
hoda ganiyak nam kawadak wath anith ganunta apahasa karan naa mee gani nam ganu sanhathitatama nindawak deyak kiyana kalin hithapan,Neg
me thama niyama sinhale thiyena minissu,Pos
kebillthee kiyapu kolla paw ban,Neg
