Comments,Sentiment
මේ price දාලා තියෙන විදිහ හොඳයි වැඩි විස්තර එක්කම බලගන්න පුළුවන්,Pos
ඒකට නම් මටත් ඇඬුණා චූටි නංගියෝ ඔයා අයට තියෙන ආදරේ දැක්කම,Neu
හොඳ වැඩ සටහනක්,Pos
එල එල අයියා අපි ඔයාට හැමදාමත් ආදරෙයි,Pos
Hikvision හොඳයි CCTV වලට ඒවා නම් මෙලෝ සසරක් නැති වෙයි,Neg
එක පාරට වට කරලා නෙලුවනම් ඉවරයි,Neg
මේකෙ ඉන්න කෝච්ලා සෙට් එක නම් මරු,Pos
පිස්සු හෙදුනා ඒකට ගින්දර වගේ ලස්සනයි,Pos
කෝච් කසුන් පට්ට අතල් දෙන්නේ,Pos
ඇත්තටම ලොකු අසාධාරණයක් කළේ,Neg
ආයෙත් ඔයා song එක කියන්න මල්ලි,Neu
මේක බලුවට වැඩක් නෑ අහන්නමයි ඕනේ. මුලින් video එක බලන්න ගත්ත ටිකකින් ඒක පැත්තක තියලා අහගෙන හිටියා. සුපිරි කටහඬක් good luck,Pos
Microsoftලා Nokia company එකත් කෑවා,Neg
ඇත්තටම මේ දේශපාලනය කොහොම වෙතත් ආසාවෙන් බැලුව වැඩසටහනක්,Pos
තෙරුවන් සරණයි අපේ හමුදුරුවනේ ඔබ වහන්සේට දිර්ඝායු වේවා,Pos
හොඳ මිනිස්සුන්ටයි ඇත්ත කතා කරන මිනිස්සුන්ටයි තැනක් නෑ. වැරදි කරන උන් එළියේ හොඳ කරන කෙනා ඇතුළේ. නියමයි දෙවියෝ බලයි,Neg
ඇයි live දෙන නැත්තේ? අපිට ඔක්කොම බලගන්න බැ,Neu
මට නම් රට වගේ පෙනුණා,Neu
ඔයා හරිම නිහතමානී කෙනෙක්,Pos
මොනවා උනත් ඇත්ත කියුවේ,Pos
කපටියන්ට කරන්න ඕනේ ඔහොමම තමයි,Neg
Voice Teens වගේම තමයි,Neu
රතු ගවුමක් අඳන් ඉන්න එකෙනා මොන කරන්නේද,Neu
ඇත්තටම ලස්සනයි අපේ අම්මත් මම පොඩි කාලේ මේක කියනවා,Pos
කවදාහරි නෙන්දා එක්ක කතා කරන්න ලැබුණොත් ඒක මගේ වාසනාවක් වේයි. ගොඩක් පින් මේහෙම open කතා කරපු එකට,Pos
ෆට්ට talk එක නියමයි,Pos
Kasun music කරලා තියෙන ලස්සනම සිංදු වලින් කතාවට ආසයි,Pos
මට Sahangi ව මතක් උනා,Neu
ඔබතුමා කියන කතාව සුපිරි සුභ පැතුම්. තෙරුවන් සරණයි,Pos
GTX GB එකෙන් MHS එනවා ඕන අය අහන්න කියලා දෙන්න පුළුවන්. ඕන parts උනත් දෙන්න පුළුවන් riser එහෙම දෙනම්,Neu
Nagananda මහත්තයට එකතු වෙන්න,Neu
Shashika තමයි ගැලපෙන්නේම,Pos
අනේ ඒක හලියවලි video දාලා සල්ලි හොයන පකයෙක්,Neg
හරිම බුද්ධිමත් කාන්තාවක් ඔබතුමිය ඒ වගේම දක්ෂ සහ සුන්දර කාන්තාවක්. මං ආසම නිළියක්,Pos
song එක ලස්සනයි,Pos
මට ඔයා වගේම දරුවා හදන කෙනෙක්, මට ඔයා වගේම ලස්සනට දරුවා හදාගන්න පුළුවන් වෙයි,Pos
මේක පොන්නයෙක් නේ, තේරෙන්නේ නැද්ද,Neg
මේ view දැම්ම ගමන් ආවෝ,Pos
ටිකක් හයියෙන් කියාගෙන ගියාද මන්දා,Neg
මේක අහලා original එකත් අහපු අය කොහෙද,Pos
ඇත්තටම අපි හිතනවාට වඩා දෙයක් කතාවේ හිතන්න තියෙනවා,Pos
හරි මඟ පාර කියා දෙන අපේ උතුම් brother, God bless,Pos
තම තමන් කරන දේවල් ඒ අය ගෙනියයි. දේශපාලනයේ සුදු චරිත හොයාගන්න බැ. කොහොමත් ගැණියෙකුට අපේ රටේ තැනක් නෑ,Neg
ඔයා අසරණයි තමයි එත් මිනිස්සු තේරුම් අරන් ජීවත් වෙන්න ගැණියෙකුට ගෞරවයක්. අසරණ උනාම පිහිටක් වෙන මිනිස්සු අඩුයි තමන්ට තමන් විතරයි,Neu
මරු පොර හැබැයි හිනා යනෝ,Pos
ඉතින් සංගක්කාරත්  ලෝයර් කෙනෙක්නේ,Neu
අමේ මන්ද Sirasa Voice එකේ සිංදු කියනවාද සිංදු කනවාද කියලා,Neg
නියම මොළයක් තියෙන දරුවෙක්,Pos
අල්ලී ඔයාට සුභපතනවා ඔයාගේ කටහඬ භාවාත්මකයි අලංකාර ගායනය හරිම ඉහලයි සහ නිවැරදි බුදුසරණයි ඔයාට,Pos
පෙර පිනකට හම්බෙච්ච voice එකක් භාවනාවක් වගේ,Pos
අඩෝ උඹ මොකක්ද බන් කරේ මෙච්චර talent එකක් තියෙන්නේ,Neu
ඔයා සුගතනන්ද central college නියමයි ඔයා,Pos
great job අක්කා ඔයා ගොඩක් හොඳ අම්මා කෙනෙක්,Pos
ලස්සනයි බුදු සරණයි,Pos
මාරම ලස්සන song එකක් මේකේ video එකත් නියමට තියෙනවා,Pos
තොට හොඳ වැඩේ අනේ උඹ හොඳ එකක්ද,Neg
අඩෝ පට්ට talent කෙල්ලෙක් පට්ට බන්,Pos
ආසම English use එක,Pos
හරිම ආදර්ශවත් කාන්තාවක් හොඳ program එකක් තවත් මේ වගේ හොඳ program කරන්න,Pos
ඇඟ හිරි වැටුණා අනේ මාරේ මරු,Pos
හැබැයි gym content එක නම් වැඩිය success නෑ එකට වැඩිය හෙනා යන්නේ නෑ අනිත ඒවත් එක්ක gym content එක fail,Neg
සමන් sir comment කරනකල් බලන් ඉන්නේ කවුද,Neu
හරිම ලස්සනයි මම කලින් අහලා තිබුණේ නෑ thank you coach sashika,Pos
Senanayake Weraliyaddeගේ songs රිදෙන්න back කරනවා band එක හැමදාම props to them,Neu
නෙහාරා අක්කේ ඔයා පුදුම ලස්සනයි,Pos
සිංහල දේශය වෙනුවෙන් ඔබ වැනි දේශ ප්‍රේමීන් සිංහල ජාතියට අවශ්‍යයි අපි ඔබ සමගයි,Pos
නියමයි අයියා මාර ලස්සනයි,Pos
යකෝ sashikaගේ team එක තනිකරම campus එකක් නේ ඔක්කොම ඉන්නේ campus dial,Neu
අපේ හමුදුරුවනේ අපි ඔබ වහන්සේ සමගයි රන්ජන් කියන කුපාඩියට කවදා හරි ඒවට විපාකය ලැබෙනවාමයි,Neu
මේ තම්බියෝ මරන්න ඕනි,Neg
අනේ මට ආසයි එයාගේ කතාවට,Pos
මේවට ගහන්න ඕනේ ලා මේ වගේ video කරනවට සල්ලි වලට ඕනේ video එකක් කරයි අනේ,Neg
ගොඩක් ආසාවෙන් බැලුවා,Pos
full programme එක බලන්න විදිහක් කියන්න,Neu
කලකන්නි ගොන් රන්ජන්,Neg
කුමාර වෙල්ගම sir මම UNP SLFP පොහොට්ටු එකේ බල්ලෙක්වත් විශ්වාස කරන්නේ නැහැ ගෞරව කරනෙත් නැහැ හැබැයි ඔබ ගැන මට ගෞරවයක් තියෙනවා,Pos
එක නම් එලම් අක්කියෝ එල,Pos
අනේ නතasha ඔයාගේ song හරිම nice,Pos
වනචාර ගෑණු හම්බුනාම ඔම තමයි,Neg
Kasun sir කියන්නේ ලංකාවේ ඉන්න next අමරදේව master,Pos
මොකටද මේ බල්ලගෙ ගෙනාවේ මේක දේශද්‍රෝහියෙක්,Neg
රංගන රමණායක කියන්නේ පොන්නයෙක් අපේ හමුදුරුවනේ,Neg
මේ ඉන්න coachලා හරිම නිහතමානී හැමෝම හරියන්න බැරි උනත් සාධාරණයක් ඉෂ්ට කරනවා හැමෝටම මගේ මගේ කියලා නෑ ලංකාවේ මිනිස්සුන්ගේ කුහක ගති මේ තැනදි මට පෙනුනේ නෑ හරිම සුන්දර තැනක්,Pos
මොකද්ද මේ video එක කිසිම තේරුමක් නෑ එතකොට මූ ලං වෙලා හිටියේ කුඩු වලටද මං හිතුවේ ගැණියෙක්ට කියලා මෙලෝ රහක් නෑ මේක,Neg
පුමි හංසමාලිත් දරුවෙක් සමග තනිවුණ ගැහැනියක් ඇය ගැන ඔබ මොකද හිතන්නේ,Neu
මේ shop එක තියෙන්නේ කොහෙද address එක කියන්න පුළුවන්ද contact number එකක් එක්ක,Neu
සුපිරි ඩයල් එකක් හරිම නිහතමානී චරිතයක්,Pos
උඹට පට්ට මොළයක් තියෙන්නේ,Pos
Jayodaට වෙච්ච scene එක තමයි අවුල,Neg
ඔයාට මේට වඩා ලොකු දෙයක් පුළුවන්,Neg
දළදා සමිදු පිහිටයි කුමාරි අක්කා අපි ඔයාගේ video ආසාවෙන් බලනවා,Pos
අක්කේ ඔයාගේ කතාවට දෙවෙනි නෑ මගේ කතාව මමත් Kuwait,Neu
අයියා ඇත්තටම වැඩකාරයෙක්,Pos
ඔයත් දිරිය ගැහැනියක් හොඳ අම්මා කෙනෙක්,Pos
Shashikaට අපි හැමෝම ආදරෙයි,Pos
ඇත්තටම ගොඩක් ස්තුතියි අවංක කමට ජයම ලැබේවා දෙන්නටම,Pos
ඒ කටහඬ ඇතුලේ අමුතුම රහක් තිබුණා love you,Pos
ආදරෙයි Wasthi ඔහොමම තදියවයි සුදු අයියාවත් ගෙනමු,Pos
බණට ආරාධනා කරන්න හමුදුරුවෝව සම්බන්ධ කරගන්න පුළුවන් ක්‍රමයක් කියන්නකෝ,Neu
ධුලජ් අයියා හැමදේම මුහුණටම කියනවා මං ඒක කැමතියි,Pos
එච්චරම් හොඳ නෑ ඒත් උඹේ rock reggae style එක මරු නියමයි,Neu
full song එක අහන්න හරි ආසයි,Pos
ඉතාමත් හරබර සාකච්ඡාවක්,Pos
බෞද්ධ අයයි කතෝලික අයයි එකට ඉන්නවා බලන් ඉන්න බැරිව කියපු කතාවක් වෙන්න බැරිද,Neu
එල කොල්ලෙක් දේශපාලනයට අදාළ නෑ,Pos
ලංකාවේ campus කෙල්ලෙක් campus වල තියෙන culture එකත් එක්ක මෙහෙම ඉන්න එක පුදුමකාර දෙයක් මොන දේ උනත් ඇය singing සහ appearance එකෙන් ලස්සනයි,Pos
හරිනා කියපු girlව select කරපු ගමන් ආවේ මේක ආයෙ බලන්න ඇයි මේ කොල්ලට chance එකක් දුන්නේ නැත්තේ කියලා,Neg
තව review ගෙනන්නකෝ,Pos
මට නම් Kasun හරිනවා කියලා sure එකක් තිබ්බා,Pos
අනේ චෝයි බබා ප්‍රියදර්ශන අයියේ ඔයාලා තුන් දෙනාටම බුදු සරණයි,Pos
නිරහංකාර නිළියක් මට දවසක හමුවෙයි කියලා හිතෙනවා ඔබ මට කලින් කතා කළා අපි කිසිදා හඳුනාගත් අය නෙවේ නමුත් අපි ඔබේ රසිකයෝ ඔබ වැනි ආදර්ශවත් නිළියෝ අද නැත ඔබේ වදන් මගේ ජීවිතයට පුදුම රුකුලක්,Pos
අයියා අපි ඔයා එක්ක හැමදාමත් ඉන්නවා ඕන දේකට,Pos
ජාතිවාදය අවසන් කරන්න එපා හමුදුරුවනේ,Neg
මූ රට බයිලා ගහුවට රෙදි එකේ වයස කියන්න බයයි මූ නිකන් මැරෙන්නෙ නැති එකෙක් වගේ මූගේ හක්කේ බුදු රැස් බොක්කේ දඩමස්,Neg
හරවට කියුවා සියල්ල ඇත්ත ඒත් ජනාධිපති වෙන එක නම් හිනාවක්,Neu
තෙරුවන් සරණයි අපේ හමුදුරුවන්ට නිදුක් නිරෝගී දිර්ඝායු වේවා,Pos
ඒකේ මුස්ලිම්ස් මැද යන බල්ලෙක් වස්සකටවත් ඉස්කෝලේ ගියේ නැති ගොනෙක්,Neg
අත්වරයට ලං වෙලා ලමයෙක් වදන්න ඉන්න කෙල්ලට කවුද ගිහින් දෙන්නේ පොලොස් ඇඹුලක් කිරි කොස් මාලුවක් ඔබ හරියටම ඇත්ත කියුවා අක්කේ,Neu
අම්මෝ පිස්සු හැදෙනවා,Pos
කෝයි සක්කිලියද dislike දන්නේ බෝලට අම්මෙක් නැද්ද,Neg
අඩෝ මෙහෙමත් voice එකක් select උනේ නැ කියන්නේ අපරාදයක්,Neg
හිතට වදින පට්ටම සිංදුවක් ඇස් වලට කදුළුත් ආවා,Pos
කවුද මේ සිංදුවට කැමති මං වගේ,Pos
මේකට male voice එකක්ත් තිබ්බානම් superb ඒ අඩුව තියෙනවා,Neg
මෙච්චර හොඳට කියලත් හැරුණේ නෑනේ වැඩක් නෑ,Neg
අම්මගේ රෙද්දේ අවසන් ලියුමක් කියුවේ ඇයි යකෝ ලියත්අඹර පට්ට,Neu
අර ඔයාගේ කතාව හරි radio එක කවදාවත් මැරෙන්නේ නෑ ඔයාගේ වැඩසටහන මං කවදාවත් වැරද්දන්නේ නෑ ඒතරම් සුපිරි කටහඬක් ඔයාට තියෙන්නේ බුදුසරණයි,Pos
ජාතිය ශ්‍රී ලාංකික කියුවා නේ මරු වැරදින්නේ නෑ ඔයාට,Pos
මූ මොළයක් නෙවේ මොළය ගෙනපු නවකයෙක් යකෝ සුභ පැතුම් bro Gehan,Pos
වැටෙන්න එපා කොහොමත් ඔයා වැටෙන්නේ නෑ හරි දේ කරන්න likes වලට unlikes වලට ඔයාව වට්ටන්න බැ අපි ඔයාත් එක්ක ඉන්නවා,Pos
The Voice live ඕනේ කියන්නේ කවුද,Neu
ගොඩක් අඩම්බරයි අක්කේ මං පොඩි කාලේ ඉදන් ආසයි ඔයාට අද ඒට වඩා ආදරයක් හොඳ උපදෙස් ගොඩක් ලැබුණා,Pos
පට්ට මගේ එක,Pos
කුමාර වල්ගම කියන්නේ රටට ආදරේ කෙනෙක් නෙවෙයි,Neg
Posh scene එකෙන් නැතුව කට අරලා සිංදුව කියුවා නම් තව ලස්සන වෙන්න තිබ්බා,Neg
දර්ශන කීයත් තිබ්බත් අපේ උන් දන්නේ එකයි ලිංදේ ඉන්න ගෙම්බෝ නේ,Neg
bandsලා කට්ටිය ගන්නේ කලින් හිතන්නේ කියනවා එන්න හිතන්නේ උනුත් එන්න නෑ,Neu
ගීතයට අසාධාරණයක් කළා කියලා හිතුනේම නෑ කටහඬත් ලස්සනට තිබුණා එට වඩා කපෙන්න ඕන අය තේරුනා anyhow good luck මල්ලි අතහරින්න එපා කවදාහරි හොඳ තැනකට එන්න,Pos
කට කෙව්වත් මූ සිරා කතාව කියන්නේ මචං,Pos
හොට්ටෝට මක කියලා politics කරනවද හොට්ටෝ,Neg
අයියේ bitcoin mining කරන්න free බැරිද,Neu
සිංදුව ලස්සනයි ගොඩක් video එක නම් අන්තිමයි,Neu
විලේ ලඟ ගහ නැති video එකක් වයසට නෙවේ වඩ හබයි song එක නම් ගොඩක් ලස්සනයි සුභ පැතුම්,Neu
ඔබ ගරු කළ යුතු පුද්ගලයෙක් ඔබ ගැන ඇත්තටම අඩම්බරයි අපේ ලංකාවේ සිංහලකම අමතක කර ජීවත් වන අයට ඔබ හොඳ ආදර්ශයක් God bless you forever,Pos
අක්කි ඔයා හොඳ අම්මා කෙනෙක්,Pos
සුභ පැතුම් නංගි ඔයාත් ඉස්සරහට යන්න ඔයාගේ සිංදු මං කලින් අහලා තියෙනවා හරිම සතුටුයි ඔයාව මෙහෙම දැකගන්න ලැබීම,Pos
ඔබ වහන්සේ කියන්නේ සහතික ඇත්ත හමුදුරුවනේ,Pos
නම් ඇත්තමයි කියන්නේ සාක්ෂි නැති නිසා කොච්චර නම් නිවැරදි කරුවන් වැරදි කරුවන් කරනවාද උසාවි වලින් මටත් වෙලා තියෙන්නේ ලොකු කරදරයක් උසාවි නිසා,Pos
ඕක එනකම් තමයි බලන් හිටියේ,Pos
මේක UK නෙවෙයි සිංහලෙන් කියපන්,Neg
වාව් සුපර්බ් දැනට හය පාරක් අහුවා එත් මදි sure ඔයා තමයි Voice Sri Lanka good luck Shreya Ghoshalගේ එකත් ඉක්මනට අහුවා ඒ song එකේත් live එකේ ඔයාට එහෙම energy එකක් නෑ සුපර්බ්,Pos
මම ගන්න උදව් කරා අයියේ,Neu
මම මේ ගීතය වතාවක් පමණ අහුවා ඒතරම් ලස්සනයි එපා වෙන්නේ නැති ගීතයක්,Pos
ගොඩක් ආසාවෙන් බලන channel එක තමයි Wasthi සුභ පැතුම් අයියා ඇතුළු සමස්ත crew එකටම ජයෙන් ජය,Pos
ඇත්තටම ලස්සන සිංදුවක් ලස්සන video එකක්,Pos
නියමයි පරක්කු වෙන්න ඕන නෑ හනි හරෙන්න නැතුව,Pos
දැන හෝ නොදැන කාටවත් නරක විදියට කතා කිරීමෙන් වලකින්න මේ කෙනාගෙන් ආදර්ශයක් ගන්න ඕන,Pos
මේක නියමයි මේක ආදරවන්තයින්ට ගැලපෙනවා,Pos
ඔයා කයිය ගහන ඔක්කොම බලෙට ආවම තමන්ගේ මල්ල පුරව ගන්නවා විතරයි,Neg
අහන් ඉන්න පුළුවන් clear කටහඬක්,Pos
coach Shashikaගේ මහන්සිය හොඳයි best singer අපිට,Pos
මොළෙන් වැඩේ කරා කියලා හිතෙනවා ඉස්සරහට යන එක ගැන හිතලා,Pos
ඇත්තටම මං මේක බලුවේ නෑ මං phone එක setup එකට jack කරලා අහුවා හොඳට sound එකට තරම් එයාගේ හැඩය අපි වශී වෙලා ඉදිරිපත් කරන විදිහ දැකගන්න ඕන හරිම ආසම නිවේදකයෙක් එයා නියම program එකක්,Pos
ඔයා සිංදුව මෙලෝ රහක් නැති විදියට කියපු අය තේරීලා තියෙනවා අනේ මන්ද,Neg
ඇත්ත කතා කරනවා respect කරන්න ඕන කෙනෙක්,Pos
සුදු බණ්ඩා ඔබට සුභ මංගලම්,Pos
නවීන් කියන්නේ කිසිම වැඩක් කරන්න බැරි මිනිහෙක් මේ රටට කෙලවෙලා තියෙන්නේ ඔන්න ඔයා වගේ හිස් මිනිස්සුන්ගේ ගෝෂාවයි බුද්ධිමතුන්ගේ නිහඬතාවයයි නිසා ඇත්තටම,Neg
හොඳ වැඩේ දෙපිටි ගත්තුවට මිනිස්සුන්ගේ බදු සල්ලි වලින් ගත්තා වාහනේ විකුණලා ලෝකෙට පෙන්වා සල්ලි දෙදෙනවා,Neg
ජීවිතේවත් හිතුවේ නෑ මෙච්චර serious පැත්තක්ත් ඇති කියලා ගේ අයියේ respect bro,Pos
දැන් ඉතින් එක ඉන්නවා එලම,Pos
Asus PC හොඳයිද කොයි වගේ හොඳ කියලා කියන්නකෝ,Neu
යාලුවා අවංකව හිතන්න ඒ නායකයාද ඒ girlද වැරදි කියලා අනික ආදරයට old එක අදාල නෑ නේද,Neu
Q and A එක පටන් ගත්ත එක හොඳයි,Pos
මම ආස කරන පට්ට චරිතයක් සුභ අනාගතයක් අයියේ,Pos
අර course එක ගැන කියපු එකට අයියාට ගොඩක් ස්තුතියි,Pos
රන්ජන් ඉතින් Christian නේ ඒකට වඩා දෙයක් බලාපොරොත්තු වෙන්න බැ ඔයා දෙගොල්ලන්ටම ඕනේ බුද්ධාගම නැති කරන්න නේ,Neg
මගේ අම්මත් ඔයා වගේමයි අක්කේ ඔයාගේ කතාව කියනකොට මට මගේ අම්මා ගැන දුක හිතුනා,Pos
අනේ චූටි නංගියා දුකයි අනේ,Neg
දිපානි ඔයෝ හොඳට අහගන්න බන් වසක් පොයට සිල් ගන්න ගැණියේ,Neu
නොදකින් විතරක් පොන්නයා,Neg
වාව් හරිම ලස්සනට sing කළා ඔයා,Pos
පව් යකෝ බල්ලා,Neu
මේ සැරේ presentation එක නම් පට්ට අයියේ හැම එකෙම cost එකත් එක්ක දාලා තිබ්බ එක නම් සුපිරි,Pos
උඹටත් පිස්සු ලහිරු උඹ views වැඩි කරගන්න ඕනේ හුතත්තාක් කරයි ගොන් හරකා වටිනා දෙයක් කරන් බන්,Neg
මාරම ලස්සනම ලස්සන voice එකක්,Pos
නියමට වදින්න ඕන තැනට කියන්න පුළුවන් කාන්තාවක්,Pos
සිංදුව ලස්සනයි අර පොඩි කෙල්ලව අඩුව පව් ගායනය ලස්සනනම් මොකෝ අර උන් හරිනේ නැත්තේ,Pos
මේ අපරාද මැද නිහඬ නොවෙලා තරුණයිනේ,Neg
true අපේ හමුදුරුවනේ,Pos
පාර්ලිමේන්තුවේ ඉන්න ඔවුන් කුඩු නොගහුවොත් තමයි පුදුමය ලංකාවේ ඉන්න පිස්සෝ ටික ඔක්කොම ඉන්නේ පාර්ලිමේන්තුවේ නේ,Neg
අපි අනාව ඔබතුමා වෙනුවෙන් ලංකාවට මේ ලඟ චන්දෙට ජයවේවා,Pos
මම ගොඩක් ආදරෙයි ඔයාට මගේ ආසම නිළි රැජින ඔබයි ආදරණීය මවක් තුනුරුවන් සරණිසි දෝනිටත් ඔයාටත්,Pos
ඔබතුමාගේ කතාව සහතික ඇත්ත අහන ගමන් comment එකක් කරන්න ඕන කියලා හිතිලා ආවේ කතාව තව දිග උනාම තවත් හොඳයි කියලා හිතුනා,Pos
ඇත්තටම හොඳ මවක් තමන්ගේ ආශාවන් පස්සෙකලා දරුවට මුල් තැන දුන්න උදාාර මවක් බුදු සරණයි,Pos
එල්ස්ස් බට් සිංදුවට video එක ගැලපෙන්නේ නෑ,Neg
සුපිරි බන් සුභ පැතුම් සමන් ලෙනින් මහත්තයාගේ කටහඬ එනවා සමහර තැන් වල,Pos
ප්‍රියා අයියා යන්තම් කෝදුර කෝදුර හිටියා නේ කොහොම උනත් මං ඉතාලියේ song එක නම් තාමත් පිස්සුවක්,Neu
Hirustar feeling එකක් ආවේ,Pos
කුමාරි දිරිය ගැහැනියක්,Pos
පව් නේද මහන්සියෙන් ඉගෙනගත්ත එකට ලොකු scene කියවන්න ගිහින් උමාරියා ව තෙරුවා අම්මටසිරි තමයි,Neu
Wasthi පටන් ගත්ත කාලේ ඉදන් දැනන් හිටියා well done brother,Pos
Kasun chair එකෙන් බැස්සුවා වඩ්ඩෙක්,Pos
සම්පූර්ණ සහ වැරදි අදහස්ත් තියෙනවා,Neu
තව ක වගේ ඕන මිලියන් ගහන්න ජය වේවා,Pos
මහ දවල් හීනයක් මේක,Neu
යකෝ මේක යකාගේ නීතියක් මුන් ඔක්කොම බල්ලෝ මාර වැඩක් නේ,Neg
අක්කා කියන්නේ චරිතයක් මම ගොඩක් like,Pos
සුද්දෙක් හරි ඇවිල්ලා හරියට භාවනා කරන හැටි ඉගනුවොත් අපේ උන් පණ ගෙන කරයි හැබැයි මෙහේ හමුදුරුවෝ බණත් විකුණලා දේශපාලනෙත් කරලා බත් ගුලියට බුදු දහම විකුණලා කයි,Neg
මරු ආයෙ තේරෙන්නේ නැති උනත් බොක්කටම වදින්නවා band එකත් මරු අහ ආයෙ ඉතින් කියන්න ඕන නෑ,Pos
ලංකාවේ degree ගත්තම cricket ගහන්න තමයි වෙන්නේ,Neu
ගොඩක් ආදරේ කරන කෙනෙක්,Pos
ජාතිවාදේ චන්ද වැඩක් නෙහෙ සෑමෝම එකවී රට දියුණු කරමු ජාතිවාදින් තමයි අවුරුදු ගණනකට අපේ පොඩි රට ආපස්සට ගෙනියන්නේ,Neu
ගොන් බඩු ගන්න එපා බන් උඹ එල,Neg
ජයම වේවා ජේසු පිහිටයි,Pos
එයා සිංදුවත් එක්කම අඬනවා,Pos
ජීවිතේ අවසාන භාගයේ පිනක් දහමක් කරගෙන පඩුවේ ඉන්නවා හලෝ බෙරේ වැඩ කරන්න දගලන්න එපා,Neg
හරිම fun program fun bumps Shashika Umariya,Pos
මේ අපේ ගොන් හරකා අපේ ලංකාවේ අයව පහත් කරලා නේ ප්‍රශ්න අහන්නේ නිල් පාට shirt එක ඇඳගෙන ඉන්න එකාගේ කණ පලන්න ඕන ලංකාව පහත් කරනවට ගොනා,Neg
මේ කොල්ලා Voice Sri Lanka වෙනවා අනීවා,Pos
ඇස් වලින් කඳුළු වැටුණා මටත් මගේ අම්මා ආදරෙන් රැකබලා ගන්නවා හැමදාමත් අපේ හමුදුරුවන්ටත් අම්මටත් බුදු සරණයි,Pos
Chanuka මොරා comment කරයිද බලමු,Neu
ඔබට රට වෙනුවෙන් කැපවී ජනාධිපතිවරණය ජයගන්න ශක්තිය දහිරිය ලැබේවා සියලු දේවගේ ආරක්ෂාව ලැබේවා,Pos
Happy New Year ප්‍රියදර්ශන අයියේ build එක නම් super,Pos
අර අහිංසක බල්ලට ගහනකන් උඹ පුක දුන්නද,Neg
ජාති භේද බල බල හිටිය හින්දා තමයි ලංකාව විනාශ වෙලා තියෙන්නේ ආගම ජාති භේද බැලුවේ නැතුව එකට වැඩ කරලා තිබ්බානම් Singaporeව අපිට පරාදිලා,Neg
අයියේ competition එක පටන් ගන්නේ නැද්ද,Neu
Hari TV කියන්නේ හොඳ program තියෙන channel එකක් Dialog TV එකේ ඔයාලගේ channel එක දාන්නොත් හොඳයි,Pos
බෝම්බ ගහන්න තිබුණේ මුන්ට,Neg
පුදුම විදිහට ආදරේ කරන චරිතයක් thank you අයියේ,Pos
යකෝ සිංදුවක් ගහලා ඉද්දිත් මේකත් එනවා කියන්නේ මේකට නියම music පිස්සුවක් තියෙනවා,Pos
Gehanගේ interview තරම් හිතට ඇල්ලුවේ නෑ මොකවත්,Pos
ඒ ගමන මේ ගමන එතකොට සසර ගමන what an inspirational and respectable woman,Pos
මේ voice එක උදේට අහුවේ නැත්තම් සමහර වෙලාවට උදේ boring වගේ thanks අයියා,Pos
ගොඩක් දුක හිතුනා කුමාරි අක්කේ ඔයාගේ ජීවිත කතාව අහුවම මගේ ඇස් වලින් කඳුළු වැටුණා කවමදාවත් ගැහැනියගේ ජීවිතේ ඇතුලන්තය නොදැක අපහාස කරන්න එපා,Pos
අයියේ PC එකක් හදාගන්න ඕන නම් එක දන්නකෝ,Neu
Shashika ඔයා නම් හරි ලස්සනයි හදා,Pos
cigarette බොන්න කවුරුත් බලපෑම් කරන්න ඕන නෑ ඔයාගේ හිත හරි හයිය කෙනෙක් ප්‍රේක්ෂකයෙක් විදිහට ඉල්ලීමක් කරනේ ඔයා ගොඩක් කාලයක් ජීවත් වෙන්න ඕන,Neu
ඔයා නම් සුපිරි ප්‍රියදර්ශන අයියේ,Pos
අක්කි ඔයාගේ voice එක ගොඩක් ලස්සනයි මම online එන හැම වෙලාවකම මේ song එක අහනවා,Pos
යකෝ රෑට දාන්න ආවා රට දිපියව් උදේට අපි වැඩ,Neg
මේ තමයි චීවරධාරින් මතක තියාගන්න පොන්නා රන්ජෝ,Neg
අම්බෝ ඒක Shashikaගේ sister වගේම voice,Pos
අත්ත හමුදුරුවනේ රටේ වාසනාව තමයි අපේ ජනතාව ජීවිත පූජා කරේ රට බේරාගන්න තමයි දැන් පේනවා නේ,Pos
සුපිරි කිසි කුහක කමක් නැති මනුස්සයෙක් නියමයි මචන් එල,Pos
හරියටම හරි පුතා ජාතිය ඉස්සරහින් label ගහගත්ත උන් අදටත් ශ්‍රී ලාංකිකයන් බෙදාබින්න කරන්නේ තවමත් තියෙනවා අපි උන්ව පරාජය කරන්න ඕන එකම රටක් එකම නීතියක් එකම ජාතියක් ලෙස ජීවත් වෙන්න ඕන අපේ දරුවන්ට,Pos
Dulaj පට්ට පොරක් බොක්කෙන්ම කතා කරනවා,Pos
Samithaගේ දුවට මේවා දැකගන්න ලැබේවා,Neu
Good morning admin ඔයා සෙල්ලම් කරනවානේ ban කරන්න,Neu
එල එල අයියා good luck ආවෙන් බලුවේ ඔක්කොම good luck Lahiru අයියා,Pos
hats off හිතට ලොකු හයියක් ආවා thank you,Pos
අපි school යනකාලේ ඉදන් ගොඩක් ආදරේ කරන නිළියක් රඟපෑම අති විශිෂ්ටයි නිරහංකාර නිහතමානී මවක් සැමියගෙන් වෙන් වෙලා හිටියත් ඉතාම වැදගත් විදිහට ජීවත් වෙන ගෞරවය දිය යුතු සහෝදරියක්,Pos
ගල් ගහන්න මඩ ගන්න නෙමෙයි ඕන තොට ගූ බාල්දියක් ගන්න ඕන තොට ගොන් හුත්තී,Neg
අයියේ මට full used parts වලින් හදාගන්න හොඳ shop එකක් කියන්නකෝ,Pos
හොඳ අයට හරෙන්නේ,Neg
ඔබ වහන්සේට තෙරුවන් සරණයි,Pos
මෙතෙක් Voice එකේ අහපු මිහිරිම song එක අම්මෝ පිස්සු හැදෙනවා,Pos
අපිට කියන්නකෝ මොකද්ද ඒ hotel එක දන්න කවුරුත් ඉන්නවාද මේ වගේ වෙන්න ඉන්න කෙනෙක් උන්ව නම් මේ hotel එක ගැන දන්නවා නම් අපිට කියන්න ඔබට ජය,Neu
Wasthi ආපු මුල්ම කාලේ ඉදන් ඉදලත් අයියාව හරියටම දැනගත්තේ අද go ahead,Pos
ඔබතුමාට අජරාමර නිර්වාණ සම්පත්තිය අත් වේවා අත් වේවා,Pos
කාලෙකින් ලස්සන song එකක්,Pos
අවෝ දැන් නම් හරියට name එක කියවන්න පුළුවන්,Pos
voice එකට වචන වලට වටිනාකමක් සහ audience එකෙන් ජයගත් radio hero කෙනෙක්,Pos
කෑගල්ලේ අපේ කොල්ලෙක් ඉස්සරහට පලය මල්ලි,Pos
මට හිතාගන්න බැ මේ ඔක්කොම එක දවසේ කියපු අයද නැත්තම් coachලා හැමදාම එකම ඇඳුම ඇඳන් එනවද කියලා,Neu
මේ ඔක්කොටම සම්පූර්ණ ගාන කීයද අයියේ,Neu
Kasun coachගේ හිනා,Neu
ජයෙන් ජයම වේවා ඔබතුමාට තෙරුවන් සරණයි,Pos
වෙස ගෑණු තු නොදකින්,Neg
උමාරියා කැමති නැද්ද,Neu
පුළුවන් නම් මගේ channel එකටත් එන්න,Neu
වෙව්ල වෙව්ල කියන්න අමාරුයි සාමාන්‍යයෙන් ඔහොම හරි තාලෙට හැබැයි,Pos
ආයෙ UNP අන්න මම ඉර හඳ වගේ කියනවා මේ සැරේ අපට,Neu
දුන්නා තියන් කෙටා පොලෙන් විදපු dial එකක්,Neu
පව් යකෝ හොඳට කියුවා,Pos
Sirasa TV broadcast එකේ audio මේ තරම් හොඳ නෑ ඒක හදන්න,Neg
ඉතින් බන් ඇත්තනේ උඹ යන්නත් තම්මං Bengali Pakistan ගැන ඔච්චර හොඳට කියන්නේ හොඳ පළපුරුද්ද නැතුව කියන්නේ කොහොමද,Neg
කොල්ලා හේමල් වගේ ලස්සනයි video එක,Pos
කුමාරි අක්කා ගැන දැනුවත් කළාට ගොඩක් ස්තුතියි කුමාරි අක්කා ඔයාට සුභ දවසක් ජේසු පිහිටයි,Pos
ලංකාවේ හරි දේට හරි අයට තැනක් නෑනේ Iraj කරන්නේ වෙනස් දෙයක්,Pos
හැමදාම අලුත් වැඩක් කරන PC Guide LK එල,Pos
ඔයා වගේ හැම කෙනෙක්ම හිතනවානම් අද ලංකාවේ rape cases අඩුවෙයි,Pos
අමු අමු වරද්දගත් තැනක් මම ලමයාව තෝරාගන්න තිබ්බා වැරදි තිබ්බා මට වඩා වැරදි තිබ්බ ලමයි ඇතුලට ගියා,Neg
වැරද පිළිගන්නවා ආයෙ මූ අඬනවා නොදකින් මේ වගේ ගොන් අතල්,Neg
නියමයි brother අද තමයි මට ඔයාව set උනා video ඔක්කොම බලනවා මම අයියා මට help එකක් විදිහට කියන්නකෝ හොඳ හැමදාම cover වෙන IT course එකක්,Pos
උඹනේ යකෝ දිගාන ගිනි තිබ්බේ දැන් උඹ බබාද පල යකෝ ආයෙත් උඹ රට සල්ලි හොයන්න plan කරන්නේ උඹලා ඔක්කොම එකයි ජාතිවාදී බල්ලෝ,Neg
දුක හිතුනා බන් මන් මාරම අද ගායකයෙක්ගේ සිංදුවක් නියමටම කියුවා බන්,Pos
අයියලා නංගිලා ඔක්කොම ලස්සනයි sing කරනවා,Pos
අයියේ phone එක අනිත් පැත්තට තියන් ඉන්නේ මන් හිතුවේ අපේ පොරගේ bodyguard එයාත් call කරනේ phone එක අනිත් පැත්තෙන් නේ මාරයි Sandun අයියේ ඔයා,Neu
දවසක දිනනවා brother ජයවේවා උඹට,Pos
ජය වේවා Welgama පොහොට්ටුව කුඩුකරලා දාපන්,Neg
නියමයි කොල්ලෝ අනිවා final යමු practice කරමු ඔයාට පුළුවන් ජයෙන් ජය Jayod,Pos
ඔයාගේ කතාව ඇත්ත ලංකාවේ සමාජය ඒ වගේ අයට හරියට නින්දාව කරනවා මේ විදිහට හරි සමාජය දැනුවත් කිරීම වැදගත්,Pos
ගන්න boy කෙනෙක් හිටියෙම නැද්ද,Neu
සමනල රණ තව වැඩි කාලක් නැතනේ අපේ හමුදුරුවනේ රන්ජා කට හිදා ඉල්ලන් කනවා,Neg
ඔහොම කරන් යමු අපිත් ඉන්නවා ඔයාල එක්ක මේ සටනේදී,Pos
chance එකක් දෙන්න තිබ්බා මේට වඩා out sing කරපු අය ගත්තේ නේ අපරාදේ,Neg
මොනදේ උනත් දක්ෂ ලෙස කතා කරනවා භූමි,Pos
මගත් තියෙනවා Hikvision SSD එකක් ඒක sale කරනවා,Neu
චූටි දුවගේ dance එක මරු ආ,Pos
රට විනාශ කරන බලාන මිනිසුන්ට උදව් දෙන ජන නායකයිනි අසන මේ බුදු වදන් බුදු ඔවදන් හිතන දැනවත් ආදරණීය ලක් මණියන් ගැන,Neu
phone වලින් ගොඩක් දේවල් වෙනවා අපේ ගමේ phone එකකට එයාගේ කෙල්ල ගැන ආපු වැරදි message නිසා තරුණ කොල්ලෙක් එල්ලී මැරුණා,Neg
කුමාරි අක්කට බැනපු අයම දැන් හොඳ කියනවා ලංකාවේ මිනිස්සුන්ගේ හැටි නේ,Neg
අරගේ හඬ අහෙනකොට එක radio program එකක් කියලා හිතුණා ආය කො,Pos
මූ නටන්නේ මට පේන්නේ England උන්ට ඕන විදියට,Neg
ගොන් රන්ජා ගැන කතා කරලා වැඩක් නෑ අපේ හමුදුරුවනේ,Neu
singerගේ voice colour එක පට්ට dolkiya,Pos
මේ වගේ හිතන මිනිස්සු තව වැඩියෙන් ඉන්න ඕන හදෙන්න ඕන එතකොට මේ රටේ system එක හදන්න පුළුවන් respectful grateful and honest,Pos
රට වෙනුවෙන් මහඟු සේවයක් කරන පොඩි ගම හමුදුරුවෝ උතුම් සේවයක් කරන හමුදුරුවන්ට දිර්ඝායු ලැබේවා බුදු සරණයි,Pos
Kasunගේ voice අනේ පිස්සු හැදෙනවා,Pos
Dumal වගේ හොඳ ගායකයෙක් වෙයි අනාගතේ Shashika තමයි හොඳම coach මොකද Kasunව ඔයා follow කරලා ඉවරයි,Pos
උඹ වගේ කනක කොහොමත් වැඩක් නෑ බන්,Neg
ගෝඨාභය ජනාධිපතිතුමා ඔබතුමාගේ අවධානය යොමු කරන්න මේ දරුවා මොනවාද කියන්නේ කියලා,Neu
ගැබුරුයි හරිම සරලයි ගැහැනියක් වෙන්න ඕනත් එහෙම තමයි කියන චරිතේ ලග බොරුවක් නෑ ඒක කතාබහෙන් හැසිරීමෙන් සංයමයෙන් පෙනෙනවා,Pos
මෙහෙම PC හදන්න සල්ලි කොහෙන්ද අනේ ආසාවට බෑ,Neu
Flamingo style එක නම් අමරනත් රණතුංගගේ ගෝලයෙක් වෙන්න ඕන,Neu
admin පොඩ්ඩක් හෙමින් සිංදු upload කරන්නකෝ තාම අනිත ඒවා බලලා ඉවර කළේ නෑ,Neg
රන්ජන්ට ඒ කරපු දේට හෙන ගහපු වේ,Neg
සිංහලයට ආදරේ කොල්ලෙක් මේ අපි මේ වීරයාව ආරක්ෂා කරගන්න ඕනී,Pos
බුදු සරණයි අපේ හමුදුරුවනේ ඔබ වහන්සේට ඇත්තම දේක් වෙන්න ඕන දේක් තේරුම් යන්න,Pos
මං වගේ maths කරලා fail උන මේ කොණට,Neu
අර weight එකක් තියෙන එකට දුන්නට වැඩිය හොඳයි මේ කොල්ලට දුන්නානම්,Neu
හෙනම ගහපිය ඔවුන්ට,Neg
තේරුම් ගත්ත එකම දේ දක්ෂකම තිබ්බටම විතරක් බෑ,Neu
unlike කරලා තියෙන්නේ පක්කු වෙන්න ඇති,Neg
season එකේ එක ඔයිට වැඩිය හොඳට කියුවා වගේ,Neu
alien කෙනෙකට මොකටද ඔවා,Neu
ඔයා කියන ඒවා වෙනවා නම් හොඳයි,Neu
බොක්කටම වැදුනා සුපිරි,Pos
අන්න නියම අම්මාලා Samitha එකට නියම ආදර්ශවත් අම්මා,Pos
Hiru Star එකෙන් පස්සේ දැක්කේ ලස්සනයි නංගා ආදරේ මං ආදරේ song එකත් ලස්සනට sing කරනවා,Pos
අනේ ඔයා බඩුවක් නෙවෙයිද ගණිකාවට අලුත් හැඩින්වීමක් සංස්කෘතිය ඉවරයි උඹලා ළමයි හදුවොත් කියලා වැඩක් නෑ,Neg
එදාත් අදත් ඔබ සමගයි Muslim අයගේ නීතියම අපිත් ක්‍රියාත්මක කළ යුතුයි සිංහලයටත් නීති ගන්න ඕන හොඳින් හෝ නරකින්,Neu
කෙරියෝ,Neg
ලස්සන සංවර කෙල්ලෙක් බස්,Pos
අපි කැමති අය තෝරන්නේ නැහැනේ පිච්චිං හොඳයිලු ගායනයේ අඩුපාඩු නැහැලු තෝරන්න තිබුණේනේ,Neu
මට රට මේ වගේ කෙල්ලෙක් නම් හොඳයි මොකද බොක්ක හොඳයි,Pos
ලස්සනට කියුවා අක්කි ඔයා ගොඩක්,Pos
අම්මෝ ගොඩක් ලස්සනයි අක්කියෝ,Pos
අයියේ මම part අරන් ඔයාලට ඒක හදන්න දුන්නම කීයක් විතර ගන්නවාද,Neu
අපේ හමුදුරුවනේ කලවම් වෙච්ච උන්ට දේශ මමකත්වයක් නෑ ඔබ වහන්සේට ගොඩක් පින්,Neu
හදවතින්ම සුභ පැතුම් මල්ලි ඔයාට ඉදිරියටම එන්න ලැබෙන්න කියලා බුදු සරණයි ඔයාට,Pos
Kasun හරි හොඳයි ඔකට කියන්නේ මනුස්සකම කියලා respect,Pos
බල්ලෝ බිරුවට කඩු පහත් වෙන්නේ නෑනේ අපේ හමුදුරුවනේ ඔබ වහන්සේට යෝධ බල යෝධ ශක්තිය ලැබේවා අපේ බුද්ධ සසනය සහ අපේ මව්බිම රකින්න,Pos
මම Poco X use කරනේ සුපිරිම එකක් cam එක පට්ට performance top,Pos
හැමදාම මේ රටේ වෙන්නේ ඔක ඉහළින් ගෙන order එක කරන්න ආවොත්,Neu
බලන් හිටපු video එකක්,Pos
Iraj ජනාධිපති උනොත් හොඳයි කියන කට්ටිය කො බලමු,Neu
ගොඩක් දුකයි අක්කා ඔයාගේ කතාව good luck අක්කේ ඔයා වගේ කෙනෙක්ට වැරදින නැහැ,Pos
අවසානයට කියපු එක තමයි ඇත්තටම නියමට කියුව එක තමයි ඒ අයට හරියන්නේ style එක,Pos
කොහොමද ඒවා සම්බන්ධ කරගන්නේ contact number එකක් තියෙනවා නම් එවන්න please,Neu
ඇත්තම තමයි පල්ලේ වැටට ගැහුව නිසා තමයි හැම දේම හොයාගන්න පුළුවන් උනේ,Pos
එල එල ආදරෙයි Iraj ඔයා පොන්නා කියන ඒවා ගණන් ගන්න එපා,Pos
අනේ මන්ද මේ වගේ කොල්ලෙක් මෙච්චර කියලත් මෙහෙම වෙනවද,Neg
stage එකේ හරිම ලස්සනට perform කරනවා කටහඬත් ලස්සනයි ඒ නිසා හරිම ලස්සනයි බලන්න ආස හිතෙනවා,Pos
මම නම් ගොඩක් ගරු කරනවා අක්කා ඔයාගේ කතාව කෙලින් හරිම පැහැදිලි,Pos
ඇත්තටම පට්ටම පට්ට සුපිරි කියන්න වචන නෑ,Pos
දුප්පත්ගේ දුක උඹ දන්නේ නෑ නාගනන්ද මනුස්සයෙක්ට license එකක් උඩුවක් නොකරපු තමුසේ කොහොමද ඔයි උඩින් පහළ වෙලා දුප්පත් මිනිහගේ දුක දන්නේ නෑ යකෝ උඹ,Neg
නියමයි Suri අක්කි ඉදිරියටම යමු,Pos
වතාවක් අහුවත් එපා වෙන්නේ නෑ,Pos
රන්ජන්ට බැරි උන වැඩේ අපේ හමුදුරුවෝ කලනේ Christian පල්ලියට ගිහින් ඔක Catholic වලත් ගියේ නෑනේ,Pos
හමුදුරුවනේ බුදුන් වහන්සේ ඉගැන්වූයේ සත සීපාවත් කරුණාව දක්වන්න නාලා ගිරි ඇතාවත් සාමන්‍ය කරේ ගහලා නෙවෙයි කරුණාවෙන් නේ,Neu
පලා පකයා යන්න ඇයි ගෝඨා පරාදුනනම් උඹාව මරනවද කරියා,Neg
නිහතමානී කෙනෙක් සතුට සමග අඬන්නත් හැකි ඔබට සුභ පැතුම්,Pos
අයියේ used part භාවිතා කරන එක හොඳ නැද්ද,Neu
සිංහල චන්ද ටික කඩන්න තව මගුලක්,Neg
ඔබ දිරිය කාන්තාවක් ඔබට ජය,Pos
ඉලග එකට Chathura Alwis ගෙනන්නකෝ,Neu
ලංකා කිසිම රාජ්‍ය මැති ඇමති කිසිවක් කට අරින්නේ නැත,Neg
female version එකක් අහුවා වගේ,Neu
trending එන්න නම් ආයෙ රෙට්ට ගමු,Neu
ගම්පොළ කොල්ලෙක් ගැමක් ගහපන් Voice Sri Lanka වල ජය වේවා Chamila,Pos
නාගනන්ද වෙන කවුද හරිද බන් මේ කතා කරනේ එහෙම නෑ අවුලක් නෑ ආවොත් මම චන්දේ දෙනවා දැන් ඉන්න උන්ට වඩා තේරුමක් තියෙයි වගේ,Pos
ජනාධිපති නාගනන්ද එක ස්ථිරයි එක කාටවත් නවත්තන්න බෑ,Pos
නියමයි සුපිරි පැහැදිලි කිරීමක්,Pos
දවසකට එක පාරක් අහන්න පුරුදු වෙලා මේ voice එක සුපර්,Pos
මතුමග සංවාද නිතර නිතර ජනතාවට බලන්න රට දියුණු වෙයි බලාපොරොත්තු ඔහුයි,Pos
සහතික ඇත්ත අපේ හමුදුරුවනේ,Pos
සන්නියක් බලුවාද මන්ද නියමයි,Pos
ඇත්තටම ඔයාලා වගේ අය තමයි ඕන රටේ ආරක්ෂාව කරගන්න එන්න දේශපාලනයට අපේ කතිරේ ඔයාට,Pos
Redmi එකේ gyro scope එකත් අවුල් Redmi game ගහන්න ගන්න එපා,Neg
දුව ඔබ අපේ රටට සම්පතක් පැහැදිලි ජවා සම්පන්න හඬක් රංගනයක් සහ රුවක් සරසවියෙන් ලැබිලා තියෙනවා ඔබට මම ඔබ සහභාගි වූ chat n music program එකත් බලුවා කලාවෙ දිගු ගමනකට ඔබට ආශිර්වාද පතනවා,Pos
ඇයි බන් මේ හැමදාම මේ වගේ කෙනෙක් ගෙනලා මොනවා හරි අහනවා ඔයිට වඩා හොඳ නැද්ද sex movie එකක් දාන්න එතකොට ඔය rate වැඩි වෙයි නේ බන්,Neg
පට්ට set එකක් ආදරෙයි,Pos
ගෝඨාභය විතරයි ඕනේ,Neu
දැන් එලගට තියෙන මහමැතිවරණයදයි කොහොම හරි වැඩි පිරිසක් ශ්‍රී ලංකා නිදහස් පක්ෂයෙන් පත්කරගමු,Neu
ගොඩක් ලස්සන song ගොඩක් කැමති මේ song එකට ගොඩක් සැරයක් අහුවා ලස්සනයි,Pos
මොකද්ද අප්පා මේ,Neg
කවුද බන් මේ ගොන් admin ව වැඩට ගත්තේ,Neg
කිත්තානෙන් පස්සේ ඒ වගේ තාල සිංදු ගොඩක් අය කියනවා,Neu
ඔයා hackersලා සල්ලි ගන්න ක්‍රමයෙන් අපිට එගොල්ලන්ගේ details ගන්න බැරිද,Neu
අනීවා උඹ වැඩ්ඩෙක් බන්,Pos
GTX Super card එකෙන් පුළුවන්ද mine කරන්න,Neu
ගම්‍ය ඔබේ අදහස් ඉතා වටිනවා ඔබට ජයවේවා,Pos
අයියේ මම හිතන ඔයා AI අයියේ FM උනේ,Pos
gold ram බලන්න අපි උන් මේ කොණට,Neu
නියමට performance එක නියම සිංදුනේ මේවා හිනා වෙවි බලුවා ගොඩක් ලස්සන මොන උනත් පරකටත් වඩා බලුවා,Pos
මමත් ඔයා වගේ තමයි gym එකට ගෙවනවා යන්න බැරි වෙනවා,Neu
Aloka Asiri Ravana song එකේ blind audition round,Neu
හරිම ලස්සන voice එකක් අනේ,Pos
මිල කළ නොහැකි කටහඬක් සහ හොඳ මිනිස් හදවතක්,Pos
හොඳ කෙනෙක් ලැබුණොත් අනිවාර්යෙන් marry කරන්න අයියා බුදු සරණයි,Pos
බොරුව කියන්න එපා බං,Neg
කවුද මේ පොන්නයා මුන් රටට මොනවා කරපු ඒවද මේ මූ කරපු එක දේයක් තියෙනවද මොකෙක්ද මේ,Neg
වාව් දැන් මහත්තයා එදා කොහොමද කියන අපහසය,Neg
මේ පහසුකම් ඔක්කොම තියෙන laptop එක මොකක්ද,Neu
අමුතු ලස්සනක් තියෙනවා නේ ඒයි,Pos
නියම කොල්ලක් බුදු සරණයි පුතා ඔයාට,Pos
මේකට එන උන් එන්නේ fashion show කරන්නද කොහෙද Voice Teensලා ලගින්වත් තියන්න බැ,Neg
රන්ජන් යන්න ඕන ලදරු පේසල් මොළය නෑ අලයක් තරමවත්,Neg
අනිත පක්ෂවලින් මහින්දට support තියෙනවා,Neu
ඇත්ත ඇති සෙටියෙන් ප්‍රකාශ කරන මනුස්සයෙක් ආදරෙයි ඉදිරි ජීවිතෙත් සතුටින් ඉන්න ශක්තිය ලැබේවා තෙරුවන් සරණයි,Pos
ලස්සනයි අක්කේ all the best,Pos
බුදු සරණයි අපේ හමුදුරුවනේ,Pos
දන්නවානම් Chanuxව contact කරගන්න solution එකක් දෙන්නකෝ please Priya අයියා,Neu
මම Jordan ඉන්නේ මේ මනුස්සයා ඇත්ත කියන්නේ ලංකාවේ ගැණු රට ආවොත් බලු ජරාව වැඩ කරනවා,Neg
සමහර under pitch pitch out අය හදාගන්න පුළුවන් කියලා select කරා මේවා ඉතින් සිරසේම game තමයි,Neg
කවුරු මොන comments දාන්නත් මම නම් මේ song එකට හරිම ආසයි,Pos
අඩෝ Anushka උඹ දැන් Negombo ඉන්නවා කියලා ලෝකෙට talk දෙන්න එපා හරි,Neg
ඔබතුමාට මේ සැරේ තියෙන මන්ත්‍රීකමත් නැති වෙනවා,Neg
අම්මෝ අක්කි ඔයා නම් මරු නිහතමානීව අවංකවම ඇත්ත කියනවා ගරු කරනවා ඔබට මට අදාල නෑ ඔයා ගැහැනියක් උනත් පිරිමියෙක් උනත් කතාව හරි ජයවේවා,Pos
Wasthi උඹ පට්ට great video එකේ අවසාන ටික දෙපාරක් බැලුවා ඒක ජීවිතයට මාරම motivation එකක්,Pos
ඇයි Umaria හැරුණේ නැත්තේ,Neu
මෙතන ඉන්න Chanux fansලා මේ පැත්තට,Pos
yellow colour timeline එකක් දැකපු අය,Neu
Lahiru අයියා මං දැන් ඔයාගේ මේ program වලට addict වෙලා,Pos
බුදු හමුදුරුවෝ ආ කාලේ ගල් උඩ තියලා මිනිස්සුන්ගේ කට තෙල්වුවාද බුද්ධාගමට බැනන්න කියලා බුද්ධාගමට අගෞරව කරන්න වෙන උන් නෙවෙයි අපිමයි,Neg
මේට වඩා අවුල් ඒ උන්ටත් ඔක්කොම හරුණා music ගැන දන්නේ නැති නිසා මට නම් මේක සුපිරි,Pos
නියමයි මේ වගේ අදහස් තියෙන අය බොහේ අඩුයි ඔයාට තෙරුවන් සරණයි,Pos
ඔයා කියන තරම් මේකේ signal අවුලක් නෑ මං ගාවත් තියෙන්නේ මේකත් මං Samsung phone එකයි මේකේ දෙකම test කළා වෙනසක් නෑ ඒ දෙකම එකම විදිහ,Neg
පව් අයියාට කොච්චර ප්‍රශ්න තිබ්බද අපේ මොකක්ත් දන්නේ නැතුව අපේ comments කරා sorry අක්කේ,Neu
ඔබ වහන්සේට ඇත්ත කතා කරනවා ගොඩක් පින් හමුදුරුවනේ මේ මිනිස්සුන්ගේ කන් ඇරන්න කතා කරනවට තෙරුවන් සරණයි අපේ හමුදුරුවනේ,Pos
good luck Adithya අපිත් Italy වලින්,Pos
ඔයා වගේ song එකක් අහුවමයි,Pos
අහ නියම කොල්ලෙක් තමයි,Pos
මං මගේවත් නෙවෙයි කියා ඔබ මට මතක් කළා,Neu
මම හිතුවේ Anushka කියන්නේ හෙන ඔලුවෙන් ඉන්න හෙන ලොකුකම තියෙන කෙනෙක් කියලා මම ඇත්තටම ආසම නැති කෙනෙක් එත් අද තමයි දැනගත්තේ ඔහු ගැන,Pos
අනේ මට ආදරේ හිතුනා සුදු බණ්ඩාට,Pos
අක්කේ හරිම ලස්සනයි භාවනාවක් වගේ song එක හදවතට දැනුණා ගොඩක් කොච්චර අහුවත් එපා වෙන්නේ නෑ හදවතින්ම සුභ පැතුම්,Pos
අක්කි Umariya එපායි ඇස් දෙක අමුතුවෙලා,Pos
හිනාත් යනවා පව් ඉතින් කුමාර අයියාට,Neg
ලංකාව ඔවුන්ට හොඳ shot එකක් නියමයි,Neg
අම්මෝ හිතාගන්නත් බැ ගැහැනියකට මෙච්චර හයියක් එන්නේ කොහෙන්ද කියලා ඔබගේ කතාව මට ලොකු ආදර්ශයක් මටත් two years දුවයි පුතයි ඉන්නවා thanks දුන්න ආදර්ශමත් කතාව බුදු සරණයි,Pos
හරිම ආසාවෙන් බලපු video එක බුදු සරණයි දෙන්නටම,Pos
සුපිරි හංස ජය,Pos
අයියේ next එක ඕනේ ඉක්මනටම please,Pos
මොනද ඔය මේ සිංදු හොටු පෙරනවා I am surprised Umaria turned,Neu
කො බලන්න coach Shashikaට සුපිරිම set එකක් ඉන්නවා කියන අය,Pos
නංගි ඔයා හොඳ voice එකක් තියෙන හොඳ singer කෙනෙක්,Pos
අපේ school එකේ,Pos
හොඳ brand එකක් මං භාවිතා කරනවා,Pos
හහාහ ලස්සනයි අනේ sendu කෙල්ල,Pos
වාව් පට්ටම voice එක,Pos
ඇත්තටම හිතුවේ YouTube එකෙන් සල්ලි හම්බවෙනවා ඇති කියලා හොඳින් ඉන්න දියුණු වෙන්නකොට ඇඳුමෙන් සංවර වෙන්න එතකොට ඔයාට හැමෝගෙම ආදරේ ලැබෙයි,Neu
අදටයි වස්තු නොදන්න කරුණු love from SL,Pos
හොඳ අයව කපලා මෙලෝ රහක් නැති ඒවන් ඇතුළට ගන්නවා වෙලාවකට අන්න ඒක තමයි දුක,Neg
හැම Sunday වාරෙම බලන් ඉන්නේ weekly update එක ගන්න carry on brother,Pos
මේයාත් අපේක්ෂක වෙන්න කෙල අලමින් ඉටියේ,Neu
නාගනන්ද කොඩිතුවක්කු හැර වෙන විකල්පයක් කියපල්ල සහ රාජපක්ෂලා හැර විකල්පයක් තියෙනවද,Neu
හමුදුරුවනේ නියමයි අපි ඔබ වහන්සේ සමගයි,Pos
song එකයි visual එකයි දෙකම ගොඩක් ලස්සනයි ඔයාගේ voice එක නම් මාර ලස්සනයි Natasha අක්කි,Pos
මගේ hero අර,Pos
මේයා දක්ෂයි ඒත් මේ සිංදුව කවුරු කියුවත් ලස්සනයි පොඩ්ඩක් හොයලා බලන්න,Pos
කියන්න දෙයක් නෑ අපේ කම අගෙම තියෙනවා best,Pos
build with Aimee පට්ට අයියේ අලුත් music එකක්ත් දාලා නියමයි,Pos
කො බං admin තාම නිදිද night time data ඉවරයිද මන්දා upload කරපන්කෝ ඉක්මනට,Neu
තවත් ජනාධිපති කෙනෙක් අපිට වැඩක් නෑ තියෙන පාලන ක්‍රමය වැඩක් නෑ සිංහල රජෙක් බිහි කරන්න හැමෝම එකතු වෙන්න,Neu
අඩෝ ඇත්තටම mail කෙලින් උනා,Pos
යකෝ Milinda මොනවද මේ සිංදු,Neg
නියම ගැහැනු කෙනෙක් thank you Lahiru මේවගේ අය ගෙනාවට ලංකාවේ ඉන්න අයගේ ඔලු ටික හදන්න මේක මාරම වටිනවා,Pos
Lahiru මහත්මයා ඔබට පින් කුමාරිට සහය දෙන්න,Pos
school කතාව නම් සහතික ඇත්ත,Pos
මොකද්ද මෙච්චර add,Neg
අනේ පව් ගොඩක් දුකයි අක්කේ,Pos
ඔයිට වඩා දර්ම ටෝක් දුන්න Sirisena දුන්න,Neg
සුපිරි brother ආදරෙයි,Pos
Ayeshma song එකෙන් Shakya මතක් උනා,Neu
Adithya ලොකු වෙලා,Neu
උඹ එක්ක අපි ඉන්නවා අපේ රට ජාතිය වෙනුවෙන් අපි සටන් වදින්න ඕන,Pos
ඔයා හරි ලස්සනයි තාමත් ආදරෙයි අඩම්බරයි ඔයා ගැන Deepthi චරිතේට මම තාම ආදරෙයි එත් ගිය දේවල් ගැන කතා කරනවා වැඩි වගේ අපිට තේරෙන්නේ,Pos
දැනෙනවා ඔයාගේ හඬ තාමත් හදවතට,Pos
Adithyaට වඩා මේයා හොඳට කියුවා කියලා කියපු උන් නැද්ද comments වල,Pos
මේ Ranil Mahinda Gota මේ ඔක්කොම තම්බියගේ ගූ කෑවා,Neg
Nirodha පුළුවන් නම් game එකේදි rap නෙ bandi jodi එකේ thujme rap diktha hai song එක කියන්න ඔයාගේ voice එකට match වෙනවා ලස්සන game එකක් වෙයි,Pos
අවංක හදවතක් තියෙන එකම කෙනා ඇමතිතුමා බුදු සරණයි,Pos
මේකේ එක වචනයක් නෑ ගන්න අනුන්ගේ කුණු අවස්සන්න එපා මචං උඹවත් වෙනස් වෙයන්,Neg
අයියා පට්ට ලස්සනයි ඇස් දෙකට වශී උනා මගේ කොල්ලා දැන් මේක දැක්කොත් මං මල,Pos
එකනේ නාගනන්ද හැමදාම කියන්නේ මේ රටේ නීතියක් නෑ කියලා දැන් සියල්ලෝම නාගගේ විසඳුමට එකතු වෙයල්ල,Neu
මේ නූතන දෝලි බයිබලේ අතේ තියන් බුදු බණ කියනවා එකෝ බයිබලේ කියන්න ඕන නැත්තම් බුදු බණ කියන්න ඕන මෙතන යටි ගැමක් යනවා අර තම්බියා වගේ Deranaට ආවේ අපේ උන් අනේ අපොයි කියලා රවටෙනවා ඉවරයක් නෑ,Neg
ඔබතුමාට බොහොම ස්තුතියි මේ වැඩසටහන අපට බලන්න සැලසුවට Nilmini මහත්මිය වටිනා අදහස් ඉදිරිපත් කරා තෙරුවන් සරණයි හැමදෙනාටම,Pos
මගේ පුතාට රත්නත්තරේ පිහිටයි,Pos
respect Bumi බුද්ධිමත් විදිහට හිතට එකඟව කතා කරනවා,Pos
මාරම ලස්සනයි අක්කියෝ ඔයාගේ කටහඬ best of luck you,Pos
වාව් හරිම වටින කතාබහක්,Pos
ඔහු හිතන්නේ මේක තමයි ලංකාවේ තියෙන හොඳම build එක කියලා,Neg
ඔයා චේත්ත අඳින්නේ නැද්ද,Neu
කස්සා හැරෙනකම් කෙල්ල බලන් හිටියේ,Neu
අපි ඉන්නවා හමුදුරුවෝ බය වෙන්න එපා අපි ඉන්නවා,Pos
Redmi Note Pro එක India වල official release වෙනවා නේද March ත්,Neu
Windows reset කරලා pen drive එකෙන් Windows දාන විදිහ video එකක් ඕන,Neu
අපේ හමුදුරුවනේ අපි හොඳ සිංහල බෞද්ධයෝ රන්ජට පිස්සු,Neg
සරුම් අයියේ මම ගොඩක් කැමති song එකක්,Pos
ගොඩක් වැදගත් දේශනයක් අපේ ඔබ සමගයි ඔයාට තෙරුවන් සරණයි අපේ රටට ජාතියට ආදරේ ඇති සිංහලයෙක්,Pos
අම්මෝ Kingsley good choice,Pos
අනේ ඔබ වහන්සේගේ කතාව ඇත්තම ඇත්ත අපේ හමුදුරුවනේ,Pos
නියම චරිතයක් කාන්තාවන්ට බලන්නම ඕන භූමියේ කතාව නම්,Pos
Kasun සිංදු කලි කියන්න එපා බෝල අපිට මදි කියනවා නම් ඔක්කොම ඕන Sivatharshan good job කොල්ලා awesome performance,Pos
අනේ මිනිහෝ සඟ රුවට නින්දා නොකර ඉන්න ඔයා ආවත් ඒ ටික තමයි මහින්ද මහත්තයා ආවොත් හරි නැත්නම් ඔයාලට නිදාගන්න පුළුවන්,Neg
මට නම් එච්චර ලස්සන නෑ පොඩි ළමයෙක්ගේ සද්දේ අහෙන්නේ sound එක එත් ඉතින් අපිට වඩා දන්නවනේ ඔතන ඉන්න අය,Neg
බලුවට එපා වෙන්නේ හැමදාම බලනවා බැරිම තැන තමයි comment කරේ super නංගෝ,Pos
මම නම් දැකලා නෑ හැබැයි ගල් කාරයෝ නැතිවෙන්න බෑ අනිත සම්පත් ඔක්කොම හමුදුරුවන්ට ඕන බව අපිට පේනවනේ කන්න නැතිව මහන උනත් හැඟීම නැති වෙන්න නෑනේ,Neg
උඹලට කොහොමත් ලැජ්ජාවක් නෑ දැන් බබා,Neg
program එක නම් ගොන් පට්ට graphics එහෙම update නෑ,Neg
මම නම් මේයාට දොස් කියලා තියෙන්නේ නෑ කියන්නේ නෑ මේයා කොටට අඳන් විකාර කරනකොට,Neg
ඔච්චර game ගහන්නේ මොකටද මන්ද,Neg
අර ආසෙන් කියන්න අයටත් දෙන්න ඕන එල්ලලා,Neg
question එක මට ලොකු ප්‍රශ්නයක් වෙලා තිබුණා එකක් thanks,Pos
thanks Lahiru තෙරුවන් සරණයි ආදරණීය කුමාරි අක්කේ ඔයාගේ කතාවට thanks මොන මඩ පාරවල් ආවත් තමන් යන්නේ හොඳ ගමනක් නම් යන්න කියපු එක,Pos
කො මට mic එකක් දෙන්න,Neu
ඇත්තම ඇත්ත ජය වේවා භූමි,Pos
Kasun සද්දේ වහලා game එක අතට ගනී වගේ,Neu
අද කාලේ ගැණියෙක්ට කෙල්ලෙක්ට තනි රතු ඇඳුමක් තනි කලු ඇඳුමක් ඇඳන් පාරේ යන්න බෑ මොකද එහෙම ඇඳින හැම කෙනාම ගණිකාවෝ විදිහට සලකන සමාජයක් දැන් තියෙන්නේ,Neu
පාරයට චන්දේ ඉල්ලන්න නොදුන්නට කොහොමද මේකගේ කතාව,Neg
ඔයාගේ පට්ට කුණුහරුප අපිට අහලා තියෙනවා ඔයාට ඒ චෝදනාව,Neg
අර්ජුනගේ පවුලේ ඔයා නියම වැඩ්ඩෝ,Pos
අපේ පැත්තේ අයියා කෙනෙක් congratulations බස්,Pos
අර මිනිහා නම් එපා දිනිති හොඳයි,Neu
බොහෝම වැදගත් සාකච්ඡාවක් බොහෝමත් thanks,Pos
තෙරුවන් සරණයි හරිම අඩම්බරයි,Pos
ඇත්තටම මමත් ගොඩක් රසවිඳ ලස්සනයි,Pos
Redmi නම් එපා වෙනවා අප්ප,Neg
අද හොරූ අල්ලලා මුන්ට හෙන ගහනවා මුන්ගේ දරුවන්ටත් හෙන ගහනවා,Neg
අනේ සතුටින් ඉන්න කොහේ හිටියත්,Pos
ඇස් ගෙඩි දෙක අරගෙන හෙන ගහයිද සිංහලුන්ගේ,Neg
මොකද්ද unlocked scene එක,Neu
වාව් අක්කි ඔයා superb එක පාරක් දෙපාරක් නෙවෙයි දහ පාරක් වඩා බලුවා,Pos
මෙන්න මිනිස්සු Rajapaksha Ranil මොක්කුද කිසිම දැක්මක් නැති නිවටයෝ,Neu
මුන් කතා කරන්නේම උන්ගේ පුද්ගලික තරහවල් ගැන එහෙම නැත්නම් තමන් රජවෙන්නේ කොහොමද කියලා මිනිස්සුන්ගේ රටේ සත්‍ය ප්‍රශ්න ගැන කිසිම කතාවක් නෑ media එකත් එහෙමයි,Neg
ප්‍රියදර්ශන අයියා දැන් super character එකක් වෙලා congratulations,Pos
නෑ අපේ පොඩි හමුදුරුවනේ මං නම් හිතන්නේ පන්සලකට මොන හරි උනොත් දෙවියෝ කෝප වෙයි සිංහල අපේ තමයි ධර්මයට ආදරේ හොඳ පැත්තක් තියෙනවා මොකුත් කරන්න බෑ කාටවත්ම,Neu
ගොඩක් හොඳ ලමයෙක් ඔයාට ගොඩක් ආදරෙයි මගේ පුතා වගේ ඔයා මැනේජ් කරන ආදර දන්න හොඳ පුතෙක් ඔයාට බුදු සරණයි පුතා ,Pos
වාව් මේ සින්දුව international ජයගත්ත සින්දුවක් නියමයි බ්‍රෝ ,Pos
පින්වත් අම්මටත් අපේ හමුදුරුවන්ටත් නිදුක් නීරෝගී සුවය ලැබේවා තෙරුවන් සරණයි ,Pos
කෙඩ හලියක් සින්දුව කෙව්වා කුණු ගොඩ බංස්ලාට දාන්න ,Neg
ඔබ ජනපති සටනට එන්න නැත්නම් අපි සමූල ඝාතනය වෙන්නවා ,Neu
ශෂිකා තරඟකරුවන්ට ගැලපෙන හොඳ සින්දු තෝරලා දීලා නියමයි ,Pos
මාව හිරි වැටුණා හෙඩ්සෙට් නැතුව අහනකොට ,Pos
admin වෙලාවට දන්නකෝ ,Neu
ප්‍රශ්න අහන කෙනා අහන විදිහ කනට කටෝර වගේ සැහැල්ලුවෙන් අහන්න උසාවියක් වගේ සරල ප්‍රශ්න අහන්නේ ,Neu
දහපාරට වඩා බැලුවා ලස්සනයි ,Pos
කසුන්ගේ හද තමයි හද මුළු හිතම පිරෙනවා ඒ හදෙන් පට්ටම voice එක ,Pos
අඩ්ඩ දාන්න එපා යකෝ මෙච්චර කතාව අහන්න ඕනි ,Neg
තැන්ක්ස් අයියේ මං ලැප් එකක් ගන්න යන්නේ මේ වීඩියෝ එක ගොඩක් වටිනවා ,Pos
මම මේ වීඩියෝ එක එනකන් හිටියේ සොප්පා ප්‍රියදර්ශන අයියේ ,Pos
මං ආසම චරිතේ ,Pos
දකින දකින වෙලාවට අහන ගීතයක් well done ,Pos
ඔබතුමා අපි අගය කරනවා ජයවේවා ,Pos
අපේ හමුදුරුවෝ ඇත්ත කියනවා අපේ රටට ශක්තියක් ,Pos
තව ටිකෙන් සඳුදා ,Neu
ජේපුරේ කෙල්ලෙක් මාරම ලස්සනයි ,Pos
ඔක්කොම කට්ටිය හැරෙන්න ඕන එකක් ,Neu
දැනට හොඳම battle එක ,Pos
අනේ තෝ මොන පකෙක්ද ,Neg
ඒදාත් අදත් ආදරෙයි කරනවා මහත්තයට ජේසු පිහිටයි ,Pos
බුදු සරණයි හමුදුරුවන්ටත් අම්මටත් ,Pos
ජාති වාදේ ලොක්කෝ ඉන්නේ පාර්ලිමේන්තුවේ මුන් ටික අල්ලනකන් විසඳුමක් නෑ ,Neg
මේ නාකි නැතුව තරුණ නායකත්වයක් ඕන නැද්ද බං ,Neu
අයියේ bitcoin mining විතරක්ම වීඩියෝ එකක් දාන්නකෝ පොඩ්ඩක් තේරුණා අඩුයි ,Neg
කෙලින්ම ඇත්ත කතාව අද එන්න අපේ නිළියන්ට කිට්ටු වෙන්නවත් බැහැ බොරුව ෂෝ කපටි කම් නෑ ,Pos
වට්ටි අම්මා හූ හූ වට්ටි අම්මා බබා ,Neg
ඔයා තමයි ඉරාජ් අයියේ චරිතේ ඔයා බය වෙන්න එපා ඇත්ත කියන්න හැමදාම ,Pos
ඔයා hiru star හරි dream star හරි දන්න අනිවාර්යෙන්ම එන්න අපි බලන් ඉන්නවා ඔයා එනකන් විඳුල අනිවාර්යෙන් අපි ඔයාට vote කරනවා ,Pos
අයියේ ඔච්චර හොඳ එකක් හදලා mini game එකක් පෙන්නන්නේ ඇයි අකොම අසා නැතිවෙයි ,Neu
මේ අක්කා dream star හිටියා වගේ මතකයි ,Neu
ඊලඟ වීඩියෝ එක දෙන්න ඇති හලෙන්ම ,Neu
අනේ ඔබේ කටහඬ පමණක් හැමදාම අපට ඇති ඔයාගේ රූපයට වඩා ඔබේ කටහඬට ලොකු බලයක් තියෙනවා එක වශී වෙන හඬක් ඔබට සදා ජය ,Pos
විහිලුවකට අරන් බං ,Neu
අද කියුවා කියලා ලියලා තියගන්න මේ වීඩියෝ එක අනිවාර්යෙන්ම trending වෙනවා ,Pos
කේ වලට තව චුට්ටයි නියමයි අයියේ අයියාගේ build නං කොච්චර බැලුවත් එපා වෙන්නේ නෑ ,Pos
අනේහ් ඒ කටහඬ ඒ වගේම හිනාව ඇත්තමයි මට හිරිගඩු පිපුණා ,Pos
වැදගත් යමක් කියා දුන්නා respect භූමි ,Pos
ශෝක් අනේ හොඳින් එන්නේ හැමදාම ,Pos
අපිට ත්‍රස්තවාදීන් කියනකොට අපිට දරාගන්න බැහැ අය ඒහෙම අපිව බලන්න එපා අයියේ ,Neg
විනි කොල්ලෝ ටික ගෙන්දෝ ,Neu
අම්මෝ අන්තිම ටික ,Pos
උබ පට්ට මචං ,Pos
ඔයාගේ කටහඬ තමයි ඔක්කොම ,Neu
මගේ boss තමයි ලෝකේ හොඳම boss ලෝකේ හොඳම ටට්ටා කෙනෙක් එයා අපිට දෙයියෝ දෙන දේත් එක්ක මගේ bossට දෙන්න ඕනි ,Pos
ඇයි මේ මෙතුමාට බනිනේ වැඩ නැති කුහක මිනිස්සු හදන්න බලන්න ,Pos
අපිට ඕන ඔයා වගේ නායකයෙක් දැන් හොඳම වෙලාව මේ ඔබට ජය ,Pos
අනුෂාකා සුපිරි චරිතයක් ,Pos
වාව් ශෂිකා මිස්ගේ voice එක ලස්සනයි ,Pos
ඔබතුමිය උගත් බුද්ධිමත් කෙනෙක් මගේ අදහස බුදු සරණයි ,Pos
භූමි ඔයා හරිම බුද්ධිමත් හරිම ප්‍රිය මනාපයි මතු ආත්මයකදී ඔබ ප්‍රාර්ථනා කරන පූර්ණ ස්ත්‍රීභාවය හෝ පුරුෂභාවය ලැබේවා ආදරෙයි ගොඩාක් ,Pos
අම්මෝ ඒක පට්ට ,Pos
කියන්න වචන නෑ ඇත්තටම හරිම ලස්සනයි good luck ,Pos
ඉතුරු ටික අහන්න බලාගෙන ඉන්න අය අත උස්සන්න ,Neu
කාලකන්නියා උ හිතන් ඉන්නේ උ වගේ එකෙක් නෑ කියලා පණ්ඩිත වෙසියේ පුතා ,Neg
මං නම් හදවතින්ම ආඩම්බරයි මොකද ලංකාව රාජ පවුලක් ආශා දැක්කම සක්කා දළදා සමේදු පැහැතියි ,Pos
පැයම බැලුවා skip නොකර මාර ආසයි කතා කරන විදිහ ,Pos
ඇත්තටම ඇත්ත කටහඬත් එක්ක අරාව පෙන්නපු විදිහට මාවත් confused ,Pos
වාව් මාරම නංගි පිස්සු හැදෙනවා voice එකට congratulations ,Pos
කෙල්ලගේ චරිතයට අගෞරවයක් මේ වගේ අය නිසා තුහ් විතරක් ,Neg
අදේ ප්‍රියදර්ශන අයියා බඩලද ,Neu
කවදාවත් හිතපු නැති පැත්තක් දැන ගන්න හේතු කාරණා උනා මේ ප්‍රෝග්‍රෑම් එකට පතනවා ජය ,Pos
ඔයා හරි වැදගත් උගත් විදිහට කතා කරනවා ,Pos
ආදරෙයි ලංකාවේ ඇත්ත කියන එකම politics man ,Pos
මං මේ vlog එක බලන්නේ නෑ ඒත් මුල ඉඳලා අන්තිම වෙනකන් බලපු නියම episode එක මේ වගේ චරිත ගෙන්න ,Pos
ඇත්තටම අහන්න ආසයි බලන්න ආසයි හිත නැති කෙනෙක්ට ඇත්තටම නියමයි අයියා ,Pos
සිරියාවන්ත පිංකර අම්මා ඔබ වහන්සේගේ අම්මා අද කොටියකටත් වඩා අම්මා අම්මේ ඔබතුමී නිවන් දකී බුදුන් දකීත්ව ,Pos
මිහිඳු වර්ණකුලසූරියගේ voice එක වගේ නේද ,Neu
acer laptop වලට අවුලක් වෙන්නේ නැද්ද ,Neu
ලහිරු අපි වෙනස්ම සමාජ සේවයක් කරගෙන යනවා එක ගැන පොඩි ප්‍රචාරයක් දෙන්න පුළුවන්ද ,Neu
භූමි අක්කේ ඔයාට බුදු සරණයි අක්කේ ඔයාගේ number එක plz දෙන්නකෝ ,Pos
කටද ශෙමිල් අයියාව මතක් උනේ ,Pos
ගානි සින්දුවා කව්වා කොල්ලනම් හොඳයි ,Pos
අයියේ මටත් build එකක් කරගන්න ඕන ,Neu
අපේ හමුදුරුවන්ට තෙරුවන් සරණයි ජාතියේ පිණට පහළ උන අභාවහංසෙලා නොසිටින්න අද රටක් ජාතියක් ආගමක් නැහැ කාලකන්නි දේශපාලුවෝ රටම විනාශ කරලා ඉවරයි ,Pos
මම කැමති චරිතයක් ,Pos
හිතාගන්න අමාරුයි ඇත්තමයි මාරම ආසාවෙන් හැමදාම අහනවා ඉස්සරහටම යන්න ඕනි good luck බුදු සරණයි ,Pos
ලංකාවේ youtube වෙනස් කරපු ප්‍රසිද්ධ කරපු චරිතයක් තමයි real වැඩ්ඩෙක් ඉක්මනට video එකක් දාන්න ,Pos
මේ සින්දු mp එකෙන් download කරන්න බැරිද මෙයාලගේම voice එකෙන් ,Neu
මෙයා england වලට කඩේ යන කෙනෙක් රවටෙන්න එපා මමත් කලින් හිතුවා හොඳයි කියලා විජාතික බලවේගයක් සුද්දට කඩේ යන කෙනෙක් ,Neg
ඇත්තටම ලස්සනයි ගොඩක් අහන්න ඉන්න ආස හිතෙන කටහඬක් all the best ,Pos
මෝඩ choice එකක් ගත්තේ බං අනේ මන්දා ,Neg
ඩිනෝ වත් ගන්න next interview එකට ,Neu
guitar part එක ,Neu
නිහතමානි මනුස්සයෙක් දෙවි පිහිටයි ,Pos
මං හිතුවේ ඇත්තටම මේ මිනිස්සු කියන පොරක් කියලා ඒත් ඇත්ත වශයෙන් හොඳ ඔලුවක් තියන කොල්ලෙක් ,Pos
හැම පොරම mic එක අල්ලපුම මාර දුකක් නෑ කියන්නේ නිකන් තරඟේට වඩේ බුදු අම්මෝ ,Neg
මේක trending එන්න ඕන එතකොට ලොකු motivate එකක් ඔක්කොටම හම්බෙනවා ,Pos
අනේ ශෂිකා මිස්ගේ අද ලස්සනයි ,Pos
සමහර verse වල end එකේ පොඩි පොඩි අවුල් වගේ තියෙනවා voice එක නම් මරු good luck ,Pos
ස්තූතියි ඔබට මේ විදිහට පැහැදිලි කරනවට ඇත්තටම ඔබ අපේ සිංහල මිනිසුන්ට වටිනා සම්පතක් ,Pos
ඇයි මේ සින්දුවට coach උමාරියා හැරුණේ නැත්තේ කපේයි කියලා බයට හැරුණේ නැත්නම් අඩුම ගානේ comment එකක් දෙන්න තිබ්බ ,Neg
බැනලා comment දන්නේ කුමාරි අක්කට අනිසි යෝජනා දාපු සක්කිලියෝ ,Neg
තරඟේ ගැන හොඳට study කරලා ආවා වගේයි මට හිතෙන්නේ එතකොට ,Neu
ඔබ හරි අපේ හමුදුරුවනේ ,Pos
ගෝටාට help me මමයි wife ඉන්නේ බහරේන් වල ගෝටාට ඡන්දේ දාන්න ලංකාවට එවිත් යනවා god bless gota ජයනේ ජය ගෝටා sir ජය ,Pos
මුලින්ම sirasa super star ආව ඉට පස්සේ hiru star එකටත් ගිහින් ඉට පස්සේ voice එකටත් ආපු ගමන අතරින් නැති එළ කොල්ලෙක් ,Pos
මට සින්දුව අහන ඉද්දී නින්ද ගියා මාරම ,Pos
හොඳට කල්පනා කරලා උත්තර දෙන්න හොඳයි ,Pos
ආදරෙයි කොල්ලෝ පට්ට වැඩක් එකෙන්ම ,Pos
මේ ආණ්ඩුව උනේ බූනේ වගේ කෙනෙක් අලෙයට ආපු එකම වැරැද්දයි ,Neu
හරිම ආසාවෙන් බැලුවා හිතට වදින හදක් ඔබ දෙදෙනාටම සුභ පැතුම් ,Pos
මුන් රට වෙනුවෙන් මොනත් කරන්නෙ නෑ මුස්ලිම් ප්‍රශ්නයක් එනකොටවත් මොනදෙකටවත් මුන් නෑ ජාතියට ආදරයක් නැති ගති හිවල්ලු මුන් ,Neg
ඉරාජ් කියන ඒවා හරි කොන්ද පණ නැති හරක් කියන ඒවා අහන්න මූට පිස්සු නැති එකම අතිනේ ,Pos
මේ වීඩියෝ එක දැන් දැක්කේ යකෝ බබී ,Neu
මෙයා හොඳ නිළියක් මෙයාට සෑහෙන්න කතා හදුවා අනේ මන්දා ඒවා ඇත්තද කියලා එතත් මෙයා නිළියක් හරිම ලස්සනට රඟපානවා ,Pos
පෙරුම් පුරාගෙන ආ සංසාරේ ,Pos
අයියේ එකම වර්ගෙ GPU ද ඔයෙ ,Neu
මේ සින්දුව ප්‍රයිවට් කරලා තිබ්බේ දැන් තමයි දාලා තියෙන්නේ ,Neu
තෝ කඩේ යන ගෝඨා හිටියනම් අද උඹ නෑ ,Neg
උමාරියා ඔයා නම් පිස්සු ,Neg
මක කියක් වෙනවාද ,Neu
පොඩි එකා මරු බං අයියේ ,Pos
කවුරුවත් විශ්වාස කරන්න බැහැ කවුරුත් එන්නේ ඔහොම සිහින ලෝක මවගෙන ,Neu
මේ කොල්ලට වඩා සංගීතේ බැරි එවුන් ටීම් වලට ගත්ත හැබැයි මේකට වෙන්න ඇත්තේ රියැලිටි ශෝ කියන්නේ ,Neg
ඔයට පිස්සු බයිලා ,Neg
මේ කෝච්ලා මරු පිස්සු නටනවා මාර ආතල් එකක් ගන්නේ බසර් මාරු කරන එකත් හරිම එකමුතුයි උමාරියා තමයි ඔක පටන් ගත්තේ ,Pos
හිරුෂි හිටියානම් නිවේදනය කරන්න මරු ,Pos
හ්ම් ජීවිතයට ඉගෙන ගන්න දේයක් ගොඩක් ඉස්තුති නොසඟවා කතා කරන එකට ,Pos
කසුන්ට වඩා හොඳට කිව්වා ,Pos
තව කොච්චර හරි කතා කළානම් අහන්න ඉන්න පුළුවන් කොච්චර වෙලාවක් හරි ,Pos
ශෂිකා කියන්නේ කවුද කියලා ලෝකෙටම පෙන්නුවා වොයිස් නම් වොයිස් ,Pos
හිතුවට වඩා ඇත්ත මිනිහෙක් ,Pos
හමුදුරුවන්ට කුණු හරුප බණ කියන්න සලස්වලා තියන්නේ ආණ්ඩුව මටේ අමාත්‍යලා ගහ ගන්නවා පොඩි දරුවන්ට පන්නා ඔවුන්ව හම්බයෝ පන්නා දාන්න ඕන අපේ රටෙන් අම්මා අප්පා වැඩක් නෑ ,Neg
මේකේ තමයි වැඩකාරයෝ ඉන්නේ වෙන එක ප්‍රෝග්‍රෑම් එකකවත් නෑ මේ වගේ දක්ෂයෝ congratulations sirasa the voice ,Pos
මට හිතන්නේ මහින්ද මහත්තයාගේ මේ පුතා තමයි දේශපාලනයට හොඳ නාමල් නෙවෙයි ,Pos
දැනට දැකපු හොඳම female singer පට්ට ,Pos
අයියා ව contact කරගන්න විදිහක් නැද්ද ,Pos
පියදර්ශන් අයියේ ඇයි සින්දුව කිව්වේ නැත්තේ ,Neu
ඔයා නියම සිංහලයෙක් අපේ හමුදුරුවෝ තමයි හීරෝ ,Pos
කොහොම හරි සුපිරි වැඩක් උනා නේද අයියා ,Neu
අපේ හමුදුරුවනේ රංජන් කියන්නේ පිස්සු බල්ලෙක් උට පිස්සු තද වෙලා ඇති මේ දවස්වල කියන්න දෙයක් නැති වෙන්නකොට කියන්න දෙයක් හදා ගන්න අපි ,Neg
ලංකාවේ කතෝලිකයෝ නෑ මන් හිතන්නේ බෝම්බට අහුනා ,Neu
හිරු එකෙන් බැරි උන දේ සිරසෙන් ගන්න නමුත් හින්දි වලින් යන්න බැරි වෙයි ,Neu
දැන් හොම් කෝච් ශෂිකා select කරන් ගිහින් කට්ටිය අංගන්නෝ වගේ දැන් bands select කරන්නෙත් හදිසියෙන් ,Neu
අනේ දැන් හරෙයි හරෙයි ගා හිටියේ ඔයා දක්ෂයි මල්ලී all the best ,Neu
අපේ හමුදුරුවනේ රටේ ජනතාව මෝඩ නෑ මේ ප්‍රශ්නයට හරි විසඳුමක් නොදී කර අරින උන් දිහා මුළු රටම බලාගෙන ඉන්නේ ,Neu
ඔයාගේ හොඳ අදහස් ටිකක් එක වටිනා හොඳ ගමනක් යන්න d p god lake ,Pos
මෙයා ගොඩක් හැඩියාව නේද පව් අප්පා ,Neg
මෙච්චර කාලෙකට අහපු වැදගත්ම කතාව ජීවිතයට මාරම වැදගත් වස්තුවක් ,Pos
ගොඩක් දුකයි අනේ සින්දුවකටවත් එහෙම එපා දරාගන්න බැහැ අඳෙනවා ,Neg
අයියේ gaming pc build එකක් හදන්නකෝ plss ,Neu
සුපර් සියවතාවක් විතර අහුවත් අති වෙන්න නෑ සුපර් brother ,Pos
ගොඩක් වටිනවා හැමෝම අහන කරණයක් thanks අයියා ,Pos
සුද්දෙක් අරපු ගතියක් පෙනවා අරකට ,Neu
තෙරුවන් සරණයි අපේ හමුදුරුවනේ ,Pos
මූ පට්ට ප්‍රෝග්‍රෑම් මූගේ බලුවා නමුත් මේ interview එකෙන් පස්සේ අදහස මාර positive උනා නියම එකෙක් මරු ,Pos
කසුන්ට කොච්චර ආඩම්බර ඇතිද එයාගේ songs ගොඩක් මේ තරඟයේ sing කරා ඔහුගේ සින්දු කවදාත් අහන්න පුළුවන් නිහතමානි කලාකරු අපි ඔබට හැමදාමත් ආදරෙයි ,Pos
ෂා ෂා කිය කිය ඉන්නේ උමාරියා vote එක දෙන්නේ නැතුව ,Neu
අද අපේ සමාජේ ඉන්න හැම කාන්තාවක්ම මෙයා නරඹිය යුතුයි thanks ලහිරු අයියේ ,Pos
හමුදුරුවන්ගේ කතාව ඇත්ත පාර්ලිමේන්තුවේ ඉන්න උන්ගේ මොලේ සුද්ද කරලා ඉන්න ඕන ඔක්කොටම කාලෙන් ,Pos
band එක පට්ට සුපිරි backing එකට ආදරේ අය කො ,Pos
cover එකක් ගහපන් මල්ලිය වාසි උබේ voice එක ,Pos
අයියා අයියා එක්ක කතා කලා අනාගතේ නැත්තේ ඔයා විතරද මන්දා ,Pos
බුදු සරණයි සුදු බණ්ඩා ඔබතුමාට ලංකාවේ හොරට සුද්දන්ගෙන් ලමයි හදගත්ත අපේ රටේ ඉපදිච්ච අශේන් රංජන් ඇස් අරලා බලපියව් මේ තමයි මිනිස්සු ,Pos
උමාරියා ෂා ගානවා විතරිනේ අප්පා ,Neu
blok ampdino spoken english class එකක් කරනවට කවුද කැමති ,Neu
අම්මෝ මගේ ඇස් දෙකට කදුලුත් ආවා ඔබ නම් මාර කොල්ලෙක් බුදු සරණයි god bless you ජයවේවා ඔබට ,Pos
redmi phone වල google contact නිසා වෙලාවකට පිස්සු හැදෙනවා ,Neg
bro gadget mania program එක premiere කරන්නෙ කවද්ද ,Neu
ඔක්කොටම කලින් කියපන් මේ යකා කවුද ,Neg
අනේ උමාරියා ශෝයි ,Pos
මේකේ ආතල් දෙන්නනම් ඉතින් උමාරියා සහ කසුන් තමයි ,Pos
වීරසිංහේ බල්ලෝ තෝ පාඩුවේ හිටියේ නැත්තම් තොට අදන්ත වෙයි බල්ලා ,Neg
ලස්සනයි අයියේ සුභ පැතුම් ,Pos
අනේ පුතේ පරිස්සමින් දෙයක් උනොත් තමන්ට තමන් විතරයි තෙරුවන් සරණයි නුඹට ,Pos
අනේ ගොන් ගෑනි උබ වගේ මෝඩ ගෑණියෙක් ,Neg
එක දිගට බලපු වීඩියෝ එකක් ,Pos
මර වෙල්ගම පක්ෂය නෙමේ රට ආරක්ෂා කරගමු කලුතර කොල්ලෙක් ලෙස ,Pos
දැකපු හොඳම නිහතමානි ගැහැණියක් ඔබව follow කරන්න වටින කෙනෙක් ,Pos
ඔයා කොහොමද අයියේ ඉන්නේ ,Neu
දේශපාලුවෝ කියලා කියුවොත් හොඳයි නායකයෙක් ඉන්නේ මොකටද ඉත්තෝ ටිකට නටන්න ඉඩ හරලා ඉන්න එකද සාධාරණයක් නැද්ද මුන් සෙරම පණපිටින් අපායට යන්න ඕන ,Neg
කසුන්ට දුක හිතුණවා අන්තිමට ද ,Neu
දුලා අයියා බලකෝ මාර පොරක් නේ ,Pos
මෙලෝ රහක් නෑ ඔයි ,Neg
සින්දුවේ වචන වලට අදහසට ගැලපෙන්නේ නැති වීඩියෝ එකක් ,Neg
ඔබතුමාට දිර්ඝායුෂ ලැබේවා ඔබතුමාගේ කතාවේ ඇත්ත සජිත් දිනුවානම් අද ලංකාවට මොනව වෙයිද ,Pos
description එකේ තියෙන දේ නෙමෙයි නේ වීඩියෝ එකේ තියෙන්නේ ,Neu
අයියේ හිනා වෙන එකත් ජාති දෙකක් තියෙනවා සතුටට හිනා වෙනවා ඉරිසියාවට හිනා වෙනවා බන්දුගෙන් පස්සේ හිනා උනේ කුමාරි අක්කා නිසා එක එයට පිණක් ,Neu
කසුන්ගේ සින්දු ගැන කියලා වැඩක් නෑ මොකද එක විඳින්න දැනෙන්න ඕන එකේ feeling තියෙන අයට ලංකාවට ආවත් shot එකක් දන්න යනවා සිරාම හොයාගෙන කියක් ගියත් ,Pos
දවසේ හොඳම ඉදිරිපත් කිරීම ,Pos
ලහිරු ඔබට පිස්සුද මේ වගේ ගොන් ගෑණු ගෙනන්න ,Neg
එක වචනයක් කියන්නම් පට්ට ,Pos
ගෝඨාගේත් හොර සිං ටික ඉවර කරගෙන අවනම් හොඳ නැද්ද ,Neg
ආහ්ස් ඒක නම් මරු නේ first time සින්දුව අහුවේ ,Pos
අයියා ඔයා හිරු star ආව නේද ඔයාට ජය වේවා ,Pos
මේ කාලකන්නි බල්ලා රටේ සංස්කෘතිය විනාශ කරනවා ගෝඨා නිදි ,Neg
ගින්දර වගේ මරු ,Pos
හෙන උනා පණ යන්න ,Pos
unlike කරේ බූරු හෙත්ත ,Neg
තරුවන් සරණි අපේ හමුදුරුවන්ට ඇත්ත කතාව ,Pos
බොදුබල සේනාව මහසොන් බලකාය එකට උනනම් සුපිරි ඇල ගේමක් දුන්නාකි ,Neu
අද ලංකාවේ තරුණ අයට ලොකු ආදර්ශයක් ඔබතුමිය ලබා දුන්නා හරිම සතුටුයි ඔබට දිර්ඝායු වේවා සුභ අනාගතයක් පතනවා තෙරුවන් සරණයි ,Pos
harmony එකක්ත් set උනා නම් එක වටිනාකමක් ඉතින් ,Pos
මරු නියමයි නංගී ,Pos
මුන් හොයන්නේ ගිරිය කඩාගෙන කෑගහන උන්ට පකයි තුක් නොදකින් තොපි වගේ උන් ,Neg
ඔබ ආලෝකයක් මේ ලෝකෙට ,Pos
මයිකල් අයියේ අපිව මතකයිද දන්නම් ඉස්සරට වඩා හොඳටම සිංහල කතා කරනවානේ ,Pos
coach ශෂිකාට ගැලපෙනවා battles වලදි ,Pos
මං දැක්කාම විනීතව අයියා ඉන්න interview එකක් ,Pos
චනසාර හමුදුරුවන් වෙනුවෙන් ඔබ එල්ලන්න ඡන්දේ ,Neu
අපේ හමුදුරුවන්ව හැමෝම එකතු වෙලා නිදහස් කර ගමු එකට වැඩ කරන හොඳ නායකයෙක් ඉන්න ඕනි ඔබතුමා වගේ ,Pos
අයියා photo edit video edit කරන්න හොඳ intel ryzen ,Neu
ගොඩක් වටින කතාවක් හොඳ දැනුමක් තියන සාර්ථක පිළිතුරු ,Pos
මම ආසම ටෙලි නිළිය ගොඩක් ආදරෙයි ඔයාගේ කතාව අහලා ඇදුනා ආදරෙයි ,Pos
බුදු සරණයි හමුදුරුවනේ ඔබ වහන්සේ කියපු දේවල් සෙරම නියම සිංහල blood තියන අපිට තේරෙනවා අපිට දැක්කා මේ රටට මෙහෙම වෙයි කියලාත් ලේබල් සිංහලයා දැක්කේ නෑ ,Pos
song එකනම් මාර ලස්සනයි වෙන visual එකක් තිබ්බනම් ගොඩක් ලස්සනට තියෙයි ,Pos
චානක අයියා ඒදා වගේම නියමට කිව්වා එලම ,Pos
තැන්ක්ස් අයියා ගොඩක් පට්ට ආහ් එක well done bro ,Pos
මම භාවිතා කරන්නේ dell laptop එකක් එකේ gb ram එකක් තියෙනවා ,Neu
වග කියන්න ඕනි ගොන් ආණ්ඩුව හමුදුරුවනේ උන් හොඳට ආරක්ෂාව දාගෙන අහිංසක මිනිස්සු මරෙන්න අරිනවා ,Neg
එහෙනම් ඔන්න මේ සතියේ මගේ පිස්සුව මේක ,Pos
අයියේ උබ අපිට ඕන ,Pos
පල යකෝ යන්න නියම ගෑණියෙක් කියන්නේ දරුවෙක් මලෝවට බිහි කරන්න පුළුවන් කෙනෙක්ට තොපි වගේ පෝන්නයන්ට නෙමේ ,Neg
සම්පූර්ණ කතාව ඇත්ත අපේ හමුදුරුවනේ බස් ,Pos
මූ ජනාධිපති උනොත් my part two මූට වෙන්නත් බෑ ,Neg
මේක අන්තිමට කෙලින්ම බටහිර යටත්විජිත වෙයි අපිට වෙන්නේ තැන තැන කල්ලිය ගහලා සටන්කරන්න පරණ කාලේ වගේ නිදහස ලැබෙන්න ,Neu
අනේ රටේ හරක් මුන්ගේ නාට්‍ය වලට රෙවෙරෙනවා නේ මුන් මේ සල්ලි හොයන්න කරන film ,Neg
චනුක්ස් වත් ගෙමු නේද ,Neu
මෙන්න නියම කොන්දක් තියන පිරිමියෙක් පක්ෂ නෑ රටට ආදරේ මිනිස්සු එල බං අයියේ අපි ඉන්නවා එකෙන්ම ,Pos
දැන් ඔයා ඉන්න නාකි හත්ත එලවලා තරුණ නායකයෙක් පත් කරන්න ඕනි ,Neu
තත්තයන් ඇයි helmet දාන්න නැතුව යන්නේ නුබලා මරෙන්නද පිස්සෝ ,Neg
අම්මෝ ඇති ඔක ඉක්මනට අයින් කර ගන්න පුළුවන් නම් ගොඩක් ඉක්මනින් එක සාර්ථක වෙවා ,Pos
අයියා මොකක්ද මේ gta වල vsync කියන්නේ ,Neu
අම්මෝ ඒක නම් පිස්සුවක් ,Pos
ගොඩක් නිහතමානි ආදර්ශමත් අම්මා කෙනෙක් good luck ,Pos
අනේ මෝඩ ගෑණු මුන්ට ගාන්න ඕනි ,Neg
මෙකි බොරු කියන්නේ කියන දේවල් පරස්පරයි ,Neg
අහෙන්නේ නෑ බල්ලෝ ,Neg
අනේ කාලකන්නියෝ උබව ඕන නෑ මහින්ද මහත්තයට උබලා තමයි රට කන්න දැන් විශ්‍රාම යන්න ,Neg
voice එක ලස්සනයි මරු ,Pos
කසුන් හොඳයි යටට අදින්න ,Neg
යකෝ age mail ඔක්කොම කෙලින් උනා කියහන්කෝ ,Neu
microsoft ලට ලොකු storage area එකක් වගේම security එක ගැනත් ගොඩක් care කරලා හදන්න වෙයි වගේ ,Neu
ආඩම්බරේ කඳුළු වැටෙනවා යකෝ මට ,Pos
පෙර අකුසල කර්මයක ප්‍රතිපලයක් ,Neu
ඇයි කසුන්ට garfield කියන්නේ ,Neu
අනේ තොපිට ලජ්ජාවක් නෑ යකෝ මුන්ව form කරන්න එපා මල්ලී ඔයාලත් සවුත්තු වෙනවා මෙකි වෙසියෙක් ,Neg
වගේ කොල්ලන්ට අපි ගරු කරනවා නිර්භීත ගමනක් යන්න ලැබේවා අපි වෙනුවෙන් ,Pos
මෙයා දැන් ඇයි මේ බබා වෙන්න අපි රවටෙයි ඔවට මන් මෙතුමියගේ දේශපාලන චරිතේ සම්බන්ධයෙන් ලොකු කැමැත්තක් තිබුණ කෙල්ලෙක් ගැහැණියක් විදිහට මෙතුමිය කොච්චර ශක්තිමත්ද කියලා එත් දැන් දන්නේ දන්නේ නිළියක් කියලා හොඳ ,Neg
ගොඩක් ලස්සනයි අක්කියා all the best ,Pos
ගොඩාක් ලස්සනයි නංගියෝ බුදුසරණයි ,Pos
අම්මෝ තාම කොල්ලා වගේ ,Pos
මං අයියාගේ build සෙරම බලනවාත් මේ build එක බලුවේ අයියාගේ පට්ටම වැඩක් නිසා chanux bro හින්දා නෙවේ ,Pos
මේ pc එකේ price එක කියියද ,Neu
ඔබ වහන්සේගේ කතාව ඇත්ත සුමිණි බුදු සරණයි ඔබ වහන්සේට ,Pos
බහින දේශපාලනයට අපි එන්නවා ඔබ වෙනුවෙන් ,Pos
හිරිගඩු පිපුනා අන්තිම ටිකට නම් ,Pos
අපේ හමුදුරුවන්ට respect කරන නැති එකෙක්ට ආයෙ නම් ඡන්දේ නෑ දැක්කනේ මයිපලයා පත්කරපු දේ ,Neg
යකෝ ගහලා තියෙන්නේ දරුවන්ට බලපන් අද කාලේ දරුවෝගේ සල්ලි අරන් දෙම්පියන්ට සලකන්නේ නෑ කියන එක තියෙන්නේ ,Neg
පාරක් විතර අහුවා එපා වෙන්නේ මට මේ අක්කා grand final එනකම් බලන් ඉන්නවා ,Pos
අයියේ ඔයා pen එක button වැඩ කරන කොහොමද battery නැතුව charge කරන්නත් බෑ battery දාන්නත් බෑ programme කරන කොහොමද ,Neu
මම අදයි දැක්කේ මොහු දැන්ට මට ලොකු පැහැදිමක් තියෙනවා වැරදින්න හරි කමක් නෑ අර තක්කඩි අයින් කරන්න මොහුට දෙමු බලය ,Pos
හිරුට ආවා ඔයා ජය ඔබට ,Pos
ඇයි උමාරියා කැමති ,Neu
කොල්ලගේ හද සුපිරි ,Pos
අයියේ අපිට ඔයාව contact කරගන්න විදිහක් නැද්ද ,Pos
අයියාගේ number එක දෙන්නකෝ ,Neu
වෙනම angle එකක වැඩ්ඩෙක් ,Pos
මල්ලියෝ ඔයාට දිගු ගමනක් තියෙනවා අත අරින්න එපා ඉස්සරහටම යන්න ජය ,Pos
ලස්සනයි voice එක මල්ලී good luck ,Pos
amd ද intel ද හොඳ අයියේ ,Neu
අම්මෝ මේක හොයාගන්න මං කපු කට්ටක් මාර අමාරුවෙන් හොයාගත්තේ මාරම ලස්සනයි එකට හිත ඇදීලා යනවා පට්ට ලස්සනයි ,Pos
අනේ සින්දුව පට්ට අක්කේ ඔයත් ලස්සනයි ,Pos
හිරු star එකෙන් අයින් උනා කොල්ලෙක් good luck ,Neu
සින්දුව යනකන් comment කියවලා වෙච්ච කිසිම දෙයක් නොදක්ක මං වගේ අය තව ඉන්නවද ,Neu
වාව් තුන්දෙනාටම හොඳ ගමනක් යන්න ලැබේවා ජයනේ ජය ,Pos
එල කොල්ලෙක් නියමයි මචං ,Pos
පොලවේ පාය ගහලා ජීවත් වන හබම කාන්තාව ආදරණීයම අම්මා කෙනෙක් ,Pos
මාරම ලස්සනයි අයියේ එක භාවනාවක් ,Pos
බය වෙන්න එපා කවුරුත් මේ වගේ cartoon නම් ආයෙත් මේ පින්බිමේ පහළ වෙන්නේ නෑ ගෝටාගේ campaign launch කරපු ගමන්ම ලොකු බලාපොරොත්තුවක් එයි හැම මිනිස්සෙකුටම ,Neu
සුදිර්ම චරිතයක් තමයි අපේ දුලජ් බ්‍රෝ ,Pos
අපිත් magazine එකක් gift එකක් විදිහට දෙන්න බ්‍රිද් ,Neu
අම්බෝ දැනකම් බලන් හිටියේ බලන ගමන් ,Pos
තැන්ක්ස් අයියේ ගොඩක් වටිනවා ,Pos
හිතයි කටයි එකම තැනක තියෙන මං දැක්කා තුන්වෙනියා ,Pos
තෙරුවන් සරණයි අපේ හමුදුරුවනේ ඔබවස්තා ඉක්මනට චතුර්ආර්ය සත්‍ය අවබෝධ වෙවා සාදු සාදු සාදු ,Pos
බොරු කියන්න එපා පට්ට වෙසියේ ,Neg
අම්මා කියන්නේ පුදුම නිර්මාණයක් දෙවියනි ,Pos
නළුවෙක් විදිහට නම් හොඳයි එත් politics නම් මෙයාගේ අසම නෑ ,Neu
අනුෂකට වඩා තදියේ content එකේ ගන්න දේවල් ටිකක් වැඩියි එක සෑහෙන unique interview එකක් ,Pos
මූගේ කතාවෙන්ම තේරෙනවා මූ බොරුකාරයෙක් කියලා ,Neg
ඔයා නම් පට්ට චරිතයක් ,Pos
එල චූටි මල්ලියෝ උත්සාහය ,Pos
අති යන්තම් campaign පටන් අරන් ,Neu
ඔයා අපිව surprised කරා නේද අම්මෝයි ඊයි දිනිති ,Pos
voice වල ඉස්සරහටම යන්න wish කරනවා voice වල කොයි තරම් දුර ගියත් දවසක ලංකාවේ film industry එකට ලොකු වැඩක් ගන්න පුළුවන් voice එකක් ,Pos
වාව් ඒ කටහඬ ,Pos
programme එක skip කලේම නෑ good job ,Pos
ඔයාගේ number එක දන්නකෝ ,Neu
කසුන් තමයි ආතල්ම පොර ,Pos
ඔයා හරි අක්කේ නියමයි ,Pos
ලස්සනට කියලත් අක්කෙනි හැරුණේ ඇයි ආ ,Neu
අපොයි මේ මිනිහා මොනතරම් කුහකද අනේ ලජ්ජයි අප්පා රට ගැන හිතපන් මිනිහා ,Neg
වයසේ හැටියට වැඩ කරන්න චාටර් වෙන්න එපා ,Neg
කවද්ද ඔක එන්නේ එනකම් බලන් ඉන්නවා ,Pos
thank u අද වැඩසටහන ලස්සනයි ,Pos
තව ටිකක් පහුණානම් tech monday ඒ ,Neu
අපායේ හිටියත් නිවාඩුවක් දාලා එනවා නගාට ඡන්දේ දෙන්න love you නගා ,Pos
බතියා මොනහරි කියලා එයාලගේ පැත්තට ගන්න හදුවේ අන්තිමට උනේ වෙන දෙයක් ,Neu
එබා දෙකක් කනේ ගහන්නේ ඇයි interview එකේ ,Neu
දාපු ගමන් ආවා ,Pos
respect අයියා කෙලින් කතා කරනවා like a speech ,Pos
backing එක පට්ට guys ,Pos
පණ්ඩිත පකයා ලොකු ලයින් ,Neg
අද මේක ගැන හොයලා දැනගන්න ඕන කියලා හිත හිත ආවේ ගෙදර ආවම බලද්දි video එක දාලා මරු මරු ,Pos
ඔව් gameplay ඒවා දාන්න අයියා ,Neu
ඔක්කොමත් හරි මේ පකයාගේ පෝන්න හිනාව ඉයියා කෙටයි ඔයි ඔහොම හිනාවෙන්න එපා ඔයි ,Neg
මේ බණ නෙවෙයි නේ අනූන්ගේ දේවල් නේ හොයන්නේ ,Neg
marketing නම් ගැහෙන්න තමා ,Neu
pay more for less කියන්නේ මේවට තමයි sigh ,Neu
මිහිඳුගේ voice එක ,Neu
data නොමිලේ දෙනවා නම් හොඳයි ,Pos
අදේ තිමිර මරුනේ ඇයි කවුරුත් එයාව ගත්තේ නැත්තේ මේකාලු හොඳම එකත් කිව්වා ,Pos
madam මට නම් මරෙන්නම හිතෙනවා මගේ දරුවා මතක් වෙද්දි ,Neg
සතීෂාව දැක්කේ මුලින් මුතුහාර එකේ ලස්සනයි නංගී ,Pos
අපි නොදන්න වටිනා කතාවක් ,Pos
බතියා මොනද ඒ උමාරියාට කියන්නේ පැහැදිලි නෑනේ ,Neu
ලොක්කන්ටත් ප්‍රශ්න එනවා නේ ,Neu
ගොඩාරියක් ලස්සන song එකක් ඒ වගේම video එකත් ,Pos
කුමාරි අක්කේ ඔයා හරිම හොඳ කෙනෙක් ඔයා දිගටම සින්දු කියන්න මම ඔයාට හරිම කැමති ,Pos
මොනවා උනත් මං මනුස්සයා ටිකක් හොඳයි flirty කියන එකට වඩා ,Pos
ලහිරු හරිම වැදගත් විදිහට ඒ අම්මට ගෞරවයක් දීලා හරිම අනුකම්පා හිතින් කතා කරනවා වෙන announcersලා වගේ නෙවෙයි ,Pos
මං නම් හිතුවේ ඒ boy කියලා ඒයා ශෝක් ,Pos
ඉතාම දක්ෂ ගෑණු ,Pos
භූමි මමත් කාන්තාවක් හැබැයි ඔයාට හොඳ බුද්ධියක් තියන කෙනෙක් ඔයා සුපිරි කාන්තාවක් ,Pos
ජීවත් වෙන්න ශරීරය විකුණන්න වීම ගැන ඔබ මොකද කියන්නේ ,Neu
විනයගරුක අවංක පොලවේ පාය ගහලා ඉන්න ආදර්ශමත් අම්මා කෙනෙක් මොකක්ද පවකට ජීවිතේ එක පැත්තක් අඳුරු වෙලා ඇතිත් බොහෝම Positive minded ,Pos
උඹට night club අපහසයක් නෙමෙයි වෙන්න ඇති එත් අපේ රටේ කාන්තාවන්ට night club කියන්නේ සාමාන්‍ය දෙයක් නෙමෙයි අනේ ඔයා ඉන්න miss වෙස්කම් කරලා එළිවෙනකොට අනිත් උන්ට මඩ ගහනවා ,Neg
ඇත්තටම ගෑණු වැරදි කරන්නෙම නැද්ද කවුරු හරිද කවුරු වැරදිද කියන්න දෙවියෝවත් දන්නේ නැතුව ඇතිනේ පිස්සු ලෝකයක් ,Neu
සුපිරි පොරක් කටහඬ පට්ටම හුරුයි ගෙදර එකෙක් වගේ ,Pos
ඇයි ඔයා දෙවැනි විවාහය කඩුනේ ඒයා හොඳ නැද්ද තනියම ඉන්න හොඳයි ,Neu
ඒක මාරම ලස්සනයි අක්කියෝ ,Pos
මං හිතුවා ශෂිකා නංගිව තෝරනවා කියලා ,Neu
ඇත්තටම ඔබතුමා ද මයි wow ,Pos
මේ video එක බලලා හොඳ නම් subscribe කරන්න ,Neu
ඒක නම් මරු ශෂිකාගේ creativity එක අපේ කමට හොඳ තැනක් දුන්නා ශෂිකාට බනපු අයට නම් රිදෙයි ,Pos
අයියේ ඔයා ගැන දැනගත්තේ අද දැක්ක මාර චරිතයක් ඔයාට අයියේ එවගේම ලහිරු අයියේ මේ program එකත් නියමයි අයියේ අයටත් ,Pos
මට මතකයි නේහරා අම්මගේ බඩේ ඉද්දි අපේ ගෙදර හිටියා නේහරගේ father uncle අපිට ගොඩක් ආදරයි ,Pos
මෙකි form කරන youtube කාරයන්ට ගහන්න ඕනි ඔකිගේ බොරු අහන්නේ ,Neg
ඇත්තටම ඔයා හොඳ තැනකට එන්න ඕනි කෙනෙක් ඔයා එල්ලන්න ඡන්දේ අපි එන්නවා ඔයාත් අකල බුදු සරණයි ,Pos
ඔබට මං ගරු කරනවා අක්කේ ,Pos
කසුන්ගේ තැනට එන්න නම් ගොඩක් දුර එන්න ඕනි තව නේද ,Neu
හොඳ වැඩේ bands ට ශෂිකා ගාවට ගියා කසුන් සුපිරි කොහොමත් වැඩ්ඩනේ ,Pos
උඹලා ජනප්‍රිය උනේ නළුවෝ නිසා උඹලා කෙලව ගන්නේ මේවට ආවොත් තමයි ,Neg
ආසම චරිතයක් ,Pos
හොඳ දැනුම තියන මනුස්සයෙක් ,Pos
kingsly ඔයා වැඩක් නෑ ඔයාව ඔකට set වෙන්න ,Neg
කොහොමත් voice sri lanka එන්නේ මගේ කසුන්ගේ team එකෙන් එක මට විශ්වාසයි ,Pos
හිනෙන්වත් ගන්න බෑ ඔක අපිට ,Neu
මේකට කියක් විතර ගියාද අයියේ ,Neu
කසුන් පට්ට දක්ෂ කොල්ලන්ට වැටෙන්න දෙන්නේ නැහැ ,Pos
games build video ඕනේ ,Neu
ඔයා කියන්නේ comedy නිසාම හොඳයි ,Neg
ජාති වාදය උස්සන්නෙතුව එන්නවා ,Neg
ඇයි nanotec එකේ games දාන්නේ නැත්තේ අයියේ ,Neu
හම්මෝ අදයි තේරුණේ හරියටම වහබ් වාදය කියන්නේ මොකක්ද කියලා ,Neu
ඉවර වෙනකන් බැලුවා great ,Pos
band music පට්ට අහ් ,Pos
pc එකට වඩා laptop එක හොඳයි නේද අයියේ ,Neu
අකෙක් බැනපුදෙන්කෝ ආයෙ නම් ,Neu
අද නම් හොඳට කිව්ව කිහිප දෙනෙකුටම හැරුණේ නෑහේ ,Neg
අපේ රටේ ගොන් මිනිස්සුන්ට නෙහෙර දන් හොඳ වෙලා ගත යුතුක් නම් මේ අද programme එකේ නේ ,Neg
ඔයා හරිම නෙර්බිතයි ,Pos
නියම කතාව හරිම සරලයි ජයවේවා ,Pos
කතා කරන්නේ කොහොමද හමුදුරුවන් අපේ ඉන්න මැති ඇමතිලනේ තඹින්ට ගොට්ට අල්ලන්නේ පාර්ලිමේන්තුවේ ඉන්නේ ඔක්කොමලා සල්ලි වලට ගොට්ට මරිකනවා ,Neg
හිත පිරිසිදු නැති නිසා මුහුණ වහගෙන යනවා ,Neg
ඒයියා කුමාරි ඔයා නම් ,Neg
පිස්සු හැදුනා දෙයියනේ ,Pos
coach කසුන් දඟයා වෙලා ,Neu
අපරාදේ මං මේ video එක බාගයක් හරි බැලුවේ මූ වගේ දේශපාලනය බලගෙන talk කරන එකෙක්ගේ video එකක් බාගයක් හරි බැලපු එක අපරාදේ ,Neg
muslim රටවල් වලට යන්නේ රැකියාවට muslim ලට අපි ආදරේ නැතිවුනත් ඔවුන් අපිට බොහෝම ආදරෙයි ,Neu
අනේ මටත් මේ වගේ machine එකක් හදාගන්න තිබුණා නම් super ,Pos
දැන් coach ශෂිකා තෝරගන්න එක trending වෙලා ඇත්තටම ශෂිකා විතරයි දන්නේ සින්දුවේ යටගිය තේරුම ඇතුළු හැමදේම ලස්සනට පැහැදිලි කරනවා good luck ඔබට ,Pos
පෙන්න්න බැහැ මට මෙයාව වෙනදා සම්පූර්ණ time එකම මං බලනවා අදනම් බැලුවේ නෑ ඇත්තටම මීට වඩා වටිනා චරිත ඕන තරම් ඉන්නවා ,Neg
ඇයි බං මේ හැමදාම computer එකක් හදන එකක් පෙන්නන්නේ මොන විකාරයක්ද බං මිනිහෙකට ඉගෙන ගන්න දෙයක් දාපන්කෝ අම්මපා මේ විදිහට game ගහ ගහ ඉන්න මේ වගේ දියුණු වෙන රටවල් වල මිනිස්සුන්ට වෙලා තියෙනවද ,Neg
අපේ ඉස්කෝලේ මිස් ඔයාට සුභ පැතුම් ,Pos
මෙච්චර perfect sing කරනවා මේ අහුවමයි මෙකනම් හිතාගන්නවත් බැරි ගායනයක් කියන්න වචන නෑ ,Pos
නියමයි වැරදිනේ නෑ ඔයාට good luck ,Pos
මේක එනකම් කොච්චර කාල බලන් හිටියද ,Pos
අපි ඉන්නවා ඔබත් එක්ක අපි එනවා ,Pos
අපේ හමුදුරුවනේ රංජන් කියන්නේ අමු මෝඩ හරකෙක් මුන්ට ඡන්දේ දෙන අයත් මෝඩයි නළුවෙක් කුපඩි නළුවෙක් කාලකන්නි මිනිහෙක් ,Neg
අයියෝ අපරාදේ හොඳට කිව්වෙනේ සින්දුව ,Neg
වැඩක් නෑ සිරස අපි යනවා බල්ලෝ ,Neg
ඔබ වහන්සේ කියන කතාව ඇත්ත අපේ හමුදුරුවනේ පාර්ලිමේන්තුවේ ඉන්න එකයි රට පාලනය කරන්න කොන්ද තියන එකෙක් නෑ අපි ඡන්දේ දීලා රතු කොළ නිල් කියලා පක්ෂ වැඩක්ම නෑ ,Neu
පෝන්නයන්ව පූම්බන්න එපා ,Neg
කුමාරි අක්කේ ඔයා දිගටම සින්දු කියන්න එක ඔයාට මානසිකව සුවයක් ලැබෙයි ,Neu
බුද්ධිමත් ඔබතුමා මෝඩ කාලකන්නි උන් එක්ක හැප්පෙන්න යන්න එපා අපි ආදරෙයි ඔබට බයි විජේ වගේ ඔයාට අනතුරක් වෙයි කියලා ,Pos
ශෂිකාගේ කටහඬට කිට්ටුවෙන්න අමාරුයි ශධිකා මාර කටහඬක් ,Pos
ගෝටා president වෙන එක කාටවත් වලක්වන්න බැහැ වැඩ කරන්න පුළුවන් කෙනෙක්ට කතා කරන්න බැරි උනත් කමක් නෑ ,Pos
මල්ලේ පොල් video එකක් සින්දුවත් එපා උනා ,Neg
අනිත් ආවත් time දාමු ,Neu
මේ රංජන් කියන බල්ලට ඡන්දේ දීමෙන් සදාකල් වැළකී හිටපියව් ,Neg
ඔබ වැනි කෙනෙක් අපේ අනිවාර්යෙන්ම සිටිය යුතුයි ,Pos
මේ නාකි mental පකයෙක් අපේ සල්ලි විනාශ කරලා දැන් උපසක වෙලා කෙරිය ,Neg
නියමයි මං voice එකේ අහපු සංවේදීම voice එක නියමයි ,Pos
පාරකට වඩා බලපු අය මේ පැත්තට ,Pos
සින්දුව ලස්සනට කිව්ව අය තෝරගත්තේ නැත්තේ අසාධාරණයක් උනාද ,Neu
බුදු සරණයි පුතා ,Pos
මට මතකයි මෙතුමිය තවත් දුවෙක්ට අම්මා කෙනෙක් උනා derana එකතර වැඩසටහනක් තුලින් ,Pos
මම අර එක ගමනවා ,Pos
ගොන්නුන්ටත් මේ රටේ හොඳ තැනක් තියෙනවා නේ ,Neg
පදේට පදේ කියන්න නැතුව රොකට් එක කියන්න ද බං ගණන් ගන්න එපා බං මේ ලංකාව සිංහල බැරි මිනිස්සු ඉන්න රට ඔහොම පදේ වැදිලා කරන පෝන්නියෝ ඉන්නවා සලන්න එපා ,Pos
මොන දේ කළත් තියෙන තුරු ජීවිතේ ඔබ නැතුව මට එන්න බෑ වස්තුවේ ,Neu
පොඩි හමුදුරුවාගේ ප්‍රාර්ථනාව හරි ලබන ආත්මේ මගේ වෙන්න ඕන නෑ උතුම් වූ නිවන අවබෝධ වේවා ,Pos
නොදකින් මදුමදාව ගොනා ,Neg
සිංහල සමහර සංවිධාන කට්ටිය කඩු පොලු අරගෙන එවිත් ගෙවල් කඩවල් ගිනි තියෙනකොට බලන්ගෙන හිටියනම් ඔයාලට හොඳයි නේ ,Neg
බොරු ශෝබේ නෑ මෙන්න voice සුපිරි අක්කේ ,Pos
ගොඩක් හොඳ වැඩසටහනක් තැන්ක්ස් ,Pos
එලනේ ප්‍රියදර්ශන අයියේ pc වලට වගේම phone වලටත් අපි බලනවා ,Pos
අම්මා වෙනුවෙන් පොඩි හමුදුරුවාගේ ප්‍රාර්ථනාව ඉස්ට වෙන්න කියලා අපිත් ප්‍රාර්ථනා කරනවා ,Pos
ඔයා නියමයි parliament යන්න ,Pos
අයියා poco x එකත් review එකක් ඕන ,Neu
bro මේකේ next part එකක් බලන්න පට්ට ආසයි ,Pos
මම interview එක ඇහුවා බලන්නේ නැතුව අහපු අය මේ පැත්තට like එකක් දාගෙන යන්න ,Pos
මේ මොකක්ද අපේ ,Neu
නියමෙට song එක enjoy කරලාම කිව්වා ,Pos
music cover channel බලලා subscribe කරන්න ,Neu
mouse භාවිතා කරද්දී අයියා wireless ඒවාද හොඳ අනෙත් ඒවාද හොඳ ,Neu
එලා කිරි නියමයි පට්ට ,Pos
යකෝ මේ මනුස්සයා සිංහල කතා කරන හැටි බලපන්කෝ අපේ සිංහල උන්ට english ටිකක් අත ගාපු ගමන් සිංහල අමතක වෙනවා respect මචං උබට ,Pos
මම කැමතිම චරිතයක් කසුන් කල්හාර ,Pos
හරිම ලස්සනයි නවීසා කනට සනීප voice එකක් ලස්සනට සින්දුව කිව්වා ,Pos
හරිම ලස්සනට කිව්වා ,Pos
මිනිස්සු ඔච්චර හිනා වුණත් අද උබ කතාව අහනකොට ඇදුනා බං ,Neu
ශෂිකාට හැරෙන්න තිබුණා අපරාදේ ,Neu
ඔක්කොම බැලුවා ,Neu
ඔබ වැනි බුද්ධ පුතුන් මේ පුංචි රටට තවත් ඕන අපේ හමුදුරුවනේ ,Pos
රංජන් රම්‍යාගේ ඇත්ත කරපු නිසා තමයි මහින්ද රාජපක්ෂලා ගොට්ටලාට හන හතම ගහපන්පන් ,Neg
හිතගෙන හිටියට වඩා හරිම වෙනස් කෙනෙක් නී දනුගොඩ නිහතමානි have a bright future god bless you ,Pos
රත්තරන් කියලා පස්සේ ඇත්තම රත්තරන් නෙමෙයි කිව්වම තිබ්බ ගතිය ගියානේ ,Neu
බලපන්කෝ බං කියන හැම වචනෙම හිතන්න දේයක් තියෙනවා අපි මොනද බං රටේ වෙන දේවල් ගැන දන්නේ නියමයි අයියා ජයවේවා ,Pos
කතා කරනකොට අහන්න ආසයි වැදගත් විදිහට ඕනම ප්‍රශ්නයකට බුද්ධිමත් පිළිතුරු දෙනවා ඔබ නියම චරිතයක් ,Pos
ඔච්චර කුහක වෙන්න එපා මත්තයෝ පක්ෂ පාට අමතක කරලා රට වෙනුවෙන් එකතුවෙන්න ,Neg
අක්කා හරිම හොඳයි නිහරණ කර චරිතයක් මං ගොඩක් ආදරෙයි දවස අක්කා කතා කරා ඒ වගේම ආදරණීය අම්මා කෙනෙක් ,Pos
මං පොඩි කාලේ ඉඳන්ම ආසම radio speaker මේ තත්වේ තමා නෑ ,Pos
BNS ඕන හෙලුවන් උඩටගෙන නටන එවුන් ,Neg
කොහෙද මේ භාවනා මධ්‍යස්ථානය තියෙන්නේ ,Neu
ස්ටෙෆනි අක්කා ඕනී අප්පා ඒ නිසා මේක බලුවෙත් ,Neu
muslim උන් ගැන පවුලේ මට ඔක නම් ඔයාලට වැරදිලා මහත්තයෝ ,Neg
ඔයා ශෂිකා තෝරගත්ත නම් අනිවාර්යෙන් semi final යනවා ,Neu
වෙර ලියද්දගේ කටහඬේ එන vibration එක පොඩ්ඩක් අහෙන්නේ මට විතරද ,Neu
නියමයි ස්වාමීන්වහන්සේ ඔබ සමගයි ජන ප්‍රවාහය ,Pos
මේ කරන්නේ රතන හිමියගේ film එකට reply එකක් අපේ සංඝරත්නය දැන් දැන් රටේ දේශපාලන ඉත්තෝ වෙලා ඉන්නේ ,Neg
කසුන් පුටුවේ අවුල්ක් තියෙනවා නැත්නම් මිනිහා වෙන ලෝකෙක මන්දා ඉන්නේ ,Neg
ඔයා දෙන්න විතරක් නෙමෙයි මට පන්නන්න ඕන රනිල් මෛත්‍රී සජිත් මහින්ද ගෝටාබය චමල් බසිල් JVP ඇතුළු ඔක්කොම කාලකන්නි පන්නමු මුන් ඔක්කොම ,Neg
හොඳ gaming tab එකක් කියන්නකෝ ,Neu
ඇයි මේ අපේ ලංකාවේ මිනිස්සු අපේ අයත්ම මඩ ගහන්නේ කවදාවත් muslim tamil christian ආගමේ අය මේ වගේ නෑ සිංහල මිනිස්සු විතරයි මේ මඩ ගහන්නේ ,Neg
මම වතාවක් බැලුවා ,Pos
sirට අපි ආදරෙයි ,Pos
ගෙහන් ආසම චරිතයක් ජය වේවා ,Pos
build එකේ cost එක කීයද ,Neu
assistant පට්ට අයියේ ,Pos
පොඩි කෙනාගේ ආතල් එක බලහන්කෝ ,Pos
අද උමාරියත් ශෂිකත් කෙටයි ,Neg
ජාතියත් ලංකාවේ නම් නොඉපදෙවා බෞද්ධයෙක් වෙලා වෙන රටක ඉපදෙවා ,Neg
සුභ අනාගතයක් දුව ,Pos
අනේ ජගත් සර්ව දැක්කම ගොඩක් සතුටු හිතුනා සර්ගේ දුව ගොඩක් ලස්සනයි නංගී කටහඬ ඉදිරියටම යන්න ලැබෙන්න ඕන ,Pos
ඇස් කඳුලෙන් තෙමී ගියා අපේ හමුදුරුවනේ ,Pos
ශෂිකා උරේෂා කියන්නේ අපේ super singers ,Pos
මම ගොඩක් ගරු කරනවා මේ වගේ සහෝදරියන්ට ඇත්ත කතා කරන ජීවිතේ හැම අභියෝගයක්ම ජය ගන්නවා අද හොඳ ආදර්ශමත් කෙනෙක් නංගී ඔබට බුදු සරණයි ,Pos
මල්ලී ජනාධිපතිවරණයට එල්ලන්න ආපු උබ වගේ එවුන් හොඳයි ,Pos
දුලජ් උබට මං මාර කැමති බං පට්ට ආදරෙයි බං උබ මං වගේ ගති ගුණ තියෙන කෙනෙක් මටත් තඩියා කියලා තමයි කියන්නේ ,Pos
වාව් මාරම ලස්සනයි ශෝයි අනේ ,Pos
ඇත්තමයි කුමාරි අක්කා මම හැමදාම ඔයාට කැමතියි ඔයාගේ ජීවිතේ හැමදාම සතුටින් ඉන්න අක්කා ඔයාගේ හිත හොඳයි වැරදෙන්න නෑ ,Pos
ඇත්තටම ඔබනම් සුපිරි මනුස්සයෙක් ආගමක්ම තමයි ,Pos
උබ පට්ට වැඩ්ඩෙක් මේ රටට සම්පතක් උබ ගැන කියන්න වචන නෑ good luck ,Pos
මගේ ආසම song එක so nice ,Pos
අනිවාර්යෙන් මේක trending තමයි ,Pos
ජය අපි ඔබ සමග රැල්ලක් හදලා රට හදමු ,Pos
මේ බබාව තොටිල්ලට යවන්නේ මහ මැතිවරණයේදී ,Neg
ඇත්තටම කැමති විදිහට තෝරගන්න බෑ මොකද එහෙම උනොත් කට්ටිය සමනව බෙදෙන්නේ නෑ ha ha ha ,Neu
අපේ ශ්‍රී ලංකාවේ අහිංසකවි නිසංසල සුපිරි මේ ගායනයත් ,Pos
පාර්ලිමේන්තුවේ ගොන්නුම මූට ගොන් රංජා කියනවා එතකොට මූ කොච්චර ලොකු ගොනෙක්ද එහෙම ගොන මොලේ ඇති කතාවක් කියයිද මූගේ කට නෙවෙයි මොලේ තියන තැන හොයලා එතන තලන්න ඕන ,Neg
කුමාරි අක්කා සින්දු කියන නිසා මැරුණු අම්මා ඇවිත් දොරට ගහගහ කියන්නේ සින්දු කියන්න එපා කියලා ,Neg
ශෂිකා කොලයක් බලන් කියවන්නේ ,Neg
voice එකට හරිම කැමතියි ,Pos
පිච්චින් ප්‍රශ්න තිබ්බේ මෙයාට විතරද අපරාදේ හදාගන්න තිබ්බ හොඳ හදක් ,Neu
ඔබ වහන්සේලා පෙරමුණ ගතයුතු වෙලාවයි අපේ රට බාර ගමු මේක අපේ සිංහල රට ,Pos
අඩෝ ඒක ආතල් බතියාගේ මුහුණ ඔව්ල් උනා එකපාරටම coach ශෂිකා කියනකොට ,Neu
මේ සක්කිලි ජාතිවාදෙන් බිඳලා දාන්නේ උබ වැනි දරුවන්ගේ හදවත්යි ,Pos
කාලෙකට පස්සේ ගොඩක් ලස්සන song එකක් නතාශා ,Pos
ගෙහන් බ්ලොක් එල කොල්ලෙක් ,Pos
මේ ඉන්න artistsලා සෙරම නියමයි කසුන් කල්හාර කළේ වටිනා දෙයක් අද වැරදුන කෙනා next time හොඳට කරාවි හිතනවා කෙටියෙන්ම කිව්වොත් ඔයාල නියම artistsලා ,Pos
දිගටම යමු ඕන දෙයක් අපි ඉන්නවා ,Pos
අපි එකතුවෙලා මේ වහබ්වාදයයි අන්තවාදයයි ශ්‍රී ලංකාවෙන් තුරන් කරන්න ඕන ,Neu
සැහැල්ලු ලස්සන හිනාව all the best ,Pos
ධම්මික පෙරේරා ගෙනලා video එකක් කරාට වඩා මූගේ chat එකෙන් සෑහෙන ගන්න දේවල් තියෙනවා සුභ පැතුම් ,Pos
හිතේ වෛරයෙන් කතා කරන්න එපා පපුව පැලෙයි ,Neg
ගෙහන් අයියා වගේ english කතා කරන්න පුළුවන් උනොත් එච්චරයි ,Pos
පාලකයෝ රට හදන්නේ නෑ එයාල හදනකම් බලන් හිටියොත් අපෙන් පස්සේ පරම්පරාවට සිංහල රටක් නැති වෙයි ,Neu
අසාධාරණයක් උනා වගේ දැනුණා ,Neg
අනේ මන්දා මේ programme එක විතරක් video එක නොබලා ඇහුවා is the voice ,Pos
අනේ ඇත්තමයි ලස්සන song එකක් අක්කියෝ ඔයා ගොඩක් ලස්සනයි good luck ,Pos
මං ආසම නිළියක්නේ කවදා හරි selfie එකක් ගන්න තිබුණානම් ආසයි ආදරෙයි අක්කි ගොඩක් ,Pos
නියමයි නියමයි voice හරිම ලස්සනයි ,Pos
අනේ ගෙහන් අයියා ,Neu
වාව් voice teens එකේ අයෂ්මා තත්සරනිව මතක් උනා අය කො ,Neu
අම්මෝ මං ගොඩක් ආසම චරිතයක් ,Pos
අයියා programme එක ලස්සනට කරනවා dino අයියාවත් interview කරන්න ,Pos
පසු තැවෙන්න එපා අයියේ එක tragedy එකක් විතරයි හදවතින්ම සුභ පැතුම් ,Pos
අයියේ ඉගෙන ගන්න නම් ආසයි මේ දේවල් මෙහෙම දැකිනකොට ඒ වගේම ඔයා වගේ build එකක් මටම හදනට හිනයක් තියේ ,Pos
හොඳ වැඩ සටහනක් ,Pos
ඉයියා මෙහෙමත් සිංදුවක් මොන ජරාවක්ද මේ ,Neg
අයියේ මටත් build එකක් හදාගන්න ඕන gaming අයියේ ,Neu
අයියේ FT හොඳ මනුස්සයෙක් ,Pos
දිගටම phone review කරමු අයියේ පට්ට ,Pos
ලංකාවේ ගොඩක් අය උපන්නේ නැත බෞද්ධගම මේ වගේ මිනිස්සු තමයි නියම බෞද්ධ ,Neg
ඔයා තමයි චරිතය අයියේ good luck bro great mind ,Pos
හරිම ලස්සනයි උ පුදුම හිතෙනවා ,Pos
ඔබ කියන්න තියන දේ කෙලින්ම කිව්වා ,Pos
උමාරියා මෙන්න වන්දා කසුන් කියනකම් කට පියාගෙන ඉන්නකෝ ,Neg
සුපිරි ආදරණීය ශෞරියගේ අදහස් තෙරුවන් සරණයි ඔබ දෙපලට ,Pos
වස්ති එක්ක කවුද තරහ අපි තරහ නෑ අයියේ respect ,Pos
හා හා බොරුවලින් මිනිස්සු රවට්ටන මේ වගේ මෝඩ ජාතිවාදීයෝ ලංකාවට එපා ,Neg
ගිරිය කඩගෙන කඩෙන් හරි වැඩි බසාවෙන් හරි කිව්වනම් හෙරේ ,Neg
පියතුමා හරි අපේ කතෝලික අය මැරීලා හරි ඉන්න මිනිමරු අහු වෙන්න ආමෙන් ,Neu
ඔබ වගේ අය තමයි මේ රටට අවශ්‍ය ,Pos
Redmi එකේ බලන set එක ,Pos
සසංගිලා ගොඩක් ඉන්නවානේ ,Neu
මේක තමයි ජාතිවාදී අවුස්සන්න පොර ,Neg
මගේ ජීවිතේ වැටුණු හැම තැනකදීම මෙතුමාගේ වීඩියෝ බැලුවා ගොඩක් respect ,Pos
යකෝ ඒ මනුස්සයා American passport තිබුණත් ඇඟේ දුවන්නේ සිංහල ලේ ,Neu
කසුන් කල්හාර අයියේ ඔයා වෙනුවෙන් voice බලන කෙනෙක් මං thank you ,Pos
හැමදාම රෑට ඔයාගේ සිංදුවක් බලනවා ඔබේ හඬ හරිම මිහිරි ,Pos
අදෝ මේකත් පට්ට performance එකක් දෙන්නම පට්ට ,Pos
බුදු සරණයි අපේ භාමුදුරුවනේ ,Pos
මහින්දට නොවේ වරද උඹටයි මෝඩයා ,Neg
අය අයියේ gigabyte boards වල price එක asus වලට වඩා අඩු වෙන්නේ ඇයි ,Neu
කොහොම උනත් ලංකාවේ නරක දේශපාලුවෝ බලගෙන ඉන්නේ ,Neg
පිස්සෝ form කරන්න එපා මේවා බලලා මේ රටේ ගොන්නු නොමග යනවා ,Neg
මොකට ගන්නවද මන්දා මිනිස්සුන්ට විතරක් නෙමෙයි උඹටත් කතා කරලා ,Neg
wtf මුන් ගුලි කාලද යකෝ ,Neg
අම්මෝ ශශිකා නිසංසලා නම් පිස්සුවක් ඒ voice එක ,Pos
අම්මා දෙමළ තාත්තා සිංහල wife Muslim ,Neu
මෙයා ශශිකගේ කවුරු හරි ,Pos
ගොඩක් සතුටුයි අක්කේ අපේ සක්කිලි මිනිසුන් ගැන ගණන් ගන්න එපා ,Neu
මං බය උනා කවුරුත් හැරෙන්නෙ නැති වෙයිද කියලා ,Pos
පට්ටම ලස්සනයි all the best ,Pos
coach කසුන්ගේ set එකේ පට්ට bullet ටිකක් ඉන්නේ ,Pos
මේ coaches හිතන් ඉන්නේ මුන්ට විතරයි සිංදු කියන්න පුළුවන් කියලා ,Neg
හරිද කියන්න දන්නේ නැහැ sailor ගෙනාවොත් හොඳයි ,Pos
හොඳ අම්මා කෙනෙක් ,Pos
මත් හදනවා දවසක සුපිරි ,Pos
ආදරෙයි ගොඩක් අක්කේ ,Pos
Royal build එක දාන්නකෝ ,Neu
YouTubersලා එකතු වෙලා හොඳ channel එකක් හදලා දෙන්නකෝ ,Neu
නියමයි UNP පෝන්නයන්ට රිදෙයි ,Neu
කවුරු මොනවා කිව්වත් මේ සිංදුවට මං ආසයි ,Pos
තෙරුවන් සරණයි අපේ හමුදුරුවන්ට ,Pos
මම ආසම කෙනෙක් ඔයාගේ හැම video එකක්ම බලනවා ,Pos
වැඩකට ඇති දෙයක් කරන්න හමුදුරුවනේ ,Neg
අනේ ගැමියාව බඳින්න තිබුණානම් ,Pos
අපි එනවා බෙල්ල ගියත් ,Pos
ඔයාගේ කටහඬ අහද්දී හැමදේම අමතක වෙනවා ,Pos
වැරදිලා නෑ වගේ ඔයා දිනුම ,Pos
මං ගොඩක් ගරු කරන නිහතමානි පුද්ගලයෙක් ,Pos
ඔයාලා දෙන්නා දාගෙන ඉන්න සපත්තු දෙන්නා මාරු කරගෙනද ,Neu
සුපිරි stream build එක ,Pos
අන්තිමට දීපු වාදන මසුරන් ,Pos
රංජන් කට වහගෙන හිටපිය ,Neg
කෝ පාර්ලිමේන්තුවේ සද්දෙ දැන් නෑනේ ,Neg
අලුත් video එකක් ඕනමයි ,Neu
සරංග දාන්න තිබ්බේ kingly වෙනුවට ,Neu
ඔබතුමා දැන් විශ්‍රාමය හොඳයි ,Pos
අපේ කාලේ නිළියක් ගැන ආඩම්බරයි ,Pos
ඔයා රට ගැන හිතන්න බැරි කෙනෙක් ,Neg
Hiru Star ගොබ්බයන්ට voice set වෙන්නේ නෑ ,Neg
දපු ගමන් awa first comment ,Pos
මම මුල ඉඳන් අන්ශිකා ගැන දන්නවා ,Pos
එකට comment එකක් නොදා යන්න ලෝබයි ,Pos
මොන මගුලක් අහව්වද මන්දා ,Neg
උඹ වෙනුවෙන් comment එකක් දාන්න හිතුවා ,Neu
ජෝති මහත්තා හිටියනම් ,Neu
ඔයා ඉලඟ පාර ගෙදර ,Neg
ඔබ වහන්සේ කියන දේවල් සත්‍යයි ,Pos
මං මට එපා වෙනකන් අහනවා ,Pos
සිංහල අපි මධ්‍යම පාර ජාතිහිතෛෂීන් යවමු ,Neu
voice එකට හොඳ කටහඬක් තියෙනවා ,Neu
ඇත්ත ඔබ කිව්වේ ,Pos
සුපිරි චරිතයක් ,Pos
මං කල්හාර නිසා voice එක ,Pos
Allah හිටියොත් බෙල්ල කපනවා නෙමෙයි ,Neu
රටට හොඳ නිර්මාණයක් කරලා නැත්නම් ,Neg
මෙයාට ලංකාවේ ජනපති වෙන්න පුළුවන් ,Neu
Redmi phones ගන්න එපා ,Neg
මිහින්දු ආරියරත්නගේ තවත් ආත්මයක් ,Neu
හරිම වැදගත් කතා ,Pos
වස්ති ඉදිරියට යන්න ,Pos
රංජා නිසායි බැලුවේ ,Pos
පොඩි එකා නම් මාරු ,Pos
දෙවෙනි පාරටත් අහනවා ,Pos
පාර්ලිමේන්තුවට ගහන්න ඕන ,Neg
Chanux bro mask එකේ දෙපත්ත video එකේ ඇයි සුදු වුණේ ,Neu
වෙනදා කොහෙද වාඩේ වෙන්නේ කියලා දන්න කෙනෙක් කියන්න ,Pos
කන්තාවක් නෙවෙයි දෙවතාවක් ,Pos
බොරු show දාන්න ගියාම මෙහෙම වෙනවා ,Neg
සිංදුව නම් ගොඩක් ලස්සනයි ,Pos
යකෝ සිංදුවක් කියපල්ලකෝ ,Neg
මගේ කැමතිම නිළිය ,Pos
අද අපේ ගෙවල් ගාවට ආවා ,Pos
අයියේ adobe software වලට හොඳ PC build එකක් මොකද්ද ,Neu
ශෙහන්ගේ රූපේ පේන්නේ මට විතරද ,Neu
සිංහල චන්ද ටික කඩන්නේ නැතුව හිතං ,Neg
කියන රටාව වෙනස් උනාට ඇත්ත කියන මනුස්සයෙක් වගේම නිහතමානි කලාකරුවෙක් ,Pos
මරු ආ ඔයාව සුබ කරා ,Pos
කොච්චර ඇහුවත් ඇති වෙන්නේ නැහැ එතරම් ලස්සනයි මේ ,Pos
අයියෝ එයට ගැලපෙන්නේ ශෂිකාව ,Neg
ලංකාවෙන්ත් ඉල්ලයි බර ගානක් charger එකක් නෑනේ ,Neu
අයි ඔයි අයියේ මේ ගොන් ගෑණු form කරන්නේ යකෝ ,Neg
හරිම අහන් ඉන්න පුළුවන් voice එකක් ,Pos
ගම්පොළ කොල්ලෙක් ආදරෙයි මචෝ ,Pos
කරන මෙහෙවරට ඔබවහන්සේට උතුම් දළදා සමිඳු පිහිටයි ,Pos
ඇද්දි හිත සතුටු කරන්න බැරි ගෑණු මැරුණට පස්සේ මොන දානද ,Neg
මමත් පාවිච්චි කරා ඔයා phone එක හොඳයි ,Pos
මං කිව්වා විතරයි දැම්මා නේද thanks හොඳේ ,Pos
අපේ හමදුරුවෝ ඔබ වහන්සේට තෙරුවන් සරණයි ,Pos
මලානි බුලත්සිංහල බස් එකේ ගිය වෙලාවේ සිංදු දාලා තිබුණා ,Pos
මාර ලස්සන voice එකක් නියමයි ,Pos
මුන් එක්කවත් එපා මේ රටට ඕනි අලුත් කෙනෙක් ,Neg
උමාරියා අක්කට හොඳ ගමක් වේයි ,Pos
නියම කටහඬ ,Pos
බාලු වැඩේ හරියන්නෙ නැති එකනම් ,Neg
ලස්සන අක්කියක් ලස්සනට සිංදුව කිව්වා ,Pos
මේ වගේ රටට ආදරේ තියන අය පාර්ලිමේන්තුවට යනවා නම් නියමයි ,Pos
හමුදුරුවෝයි රණවිරුවෝයි නැත්නම් මේ රට ඉවරයි ,Pos
පවුල්වාදය ලැජ්ජා නැද්ද ,Neg
අලුත් ඇඳුම් ඇඳන් coachලා ටික නියමයි ,Pos
මොකක්ද බන් මේ උනේ ,Neu
මචං බොක්ක චානයක එළ ,Pos
උමාරියා turn උනේ නැත්තේ ඇයි කියන ප්‍රශ්නය තියෙන්නේ ,Neu
පට්ට interview එක ඉවර වෙනකම් බැලුවා ,Pos
පාවිච්චි කරපු processor එකක් අලුත් PC එකකට දාන්න පුළුවන්ද ,Neu
මිනිස්සු සාර්ථක වෙන එක බලන්න කැමති නෑ ,Neu
කිංස්ලි රත්නායකෙන් පස්සේ brand voice එක ,Pos
ඉක්මනට අනිත් episode එකත් දාන්න අයියා ,Pos
coach ශෂිකගේ නංගි වගේමයි මුන ,Pos
ඇයි හැමෝටම famous අය විතරක් ගන්නෙ ,Neg
අපි එකට ඉන්නවා මැරෙනකම් ,Pos
මොකද බන් මේ අඩන්නේ ,Neg
මරු මනුස්සයෙක් මං ගරු කරන කෙනෙක් ,Pos
බොරු කියන්න එපා hiru ,Neg
ගොඩක් වටිනවා මේ වගේ ජීවිත රකින්න ,Pos
සමිතලා වගේ ගෑණු එක්ක බලද්දි උතුම් ගැහැණියක් ,Pos
guitar ගහන සහෝදරයන් වැඩේ පට්ට ,Pos
මේ ප්‍රියදර්ශන අයියේ video එක මැද්දේ කතා කරන්න එපා ,Neg
මු පිස්සු මනුස්සයෙක් ,Neg
අනේ පලා යන්න උබවත් කවුරුද මෙහෙයවන්නේ ,Neg
steal කරන්නේ buzzer එක ගහලා නේද ,Neu
මේවා දෙවෙනි ප්‍රශ්න නෙමේ ලංකාවේ ,Neg
කරපු ගොන්ම තීරණයක් නේද මේක ,Neg
පෙත්ත ගියත් ඇත්ත කියන එක තමයි හොඳ ,Pos
එළ කොල්ලෙක් බන් උඹ ජය වේවා ,Pos
අපේ හමදුරුවෝ කියපු කතා සත්‍යයි ,Pos
කසුන්ගේ team එක තමයි ඔයාට ගැලපෙන්නේ ,Pos
මේ වගේ හම්බුරුවන් තමයි අපට ඕන ,Pos
ෂෝයි අනේ පොඩි එකා ආදරේ හිතෙනවා ,Pos
මේවා විශ්වාස කරන උන්ත් ඉන්නවා ,Neg
මේ අපේ රටේ විතරක් නෙමේ ,Neu
මං දැකපු සුපිරිම judge board එක ,Pos
ගොඩක් දුක හිතුනා පොඩි හමදුරුවනේ ,Pos
ඔයා මගේ වයසේ නෙමේ මටත් ඒ වගේ දුකක් ,Pos
අයියාගේ intro එක පට්ට ,Pos
නිළියෝ ඉගෙනගෙන නෑ ,Neg
ජීවිතයට හිනා වෙලා ප්‍රශ්න තේරුම් කරලා දෙන චරිතයක් ,Pos
Redmi note pro එකෙන් බලන මම ,Neu
සිංහල පෝන්නයන්ට මේ වෙසක් එකේ අවසන් කරනවා ,Neg
ඒ හඬ හරිම සංවේදී ,Pos
තෙරි දිවානි කියනකන් හිටපු මං වගේ අය ඉන්නවද ,Neu
හොඳයි කතාව හැබැයි කටින් කතා කර ,Neu
අයියා ඔයා හොඳයි ,Pos
ශෂිකා හරිම අහිංසකයි මං ආසයි ,Pos
එහෙම තමයි කරන්න ඕන ,Pos
content එක හොඳයි හැබැයි ads වැඩි ,Neu
ෂා මාර ලස්සනයි ,Pos
අනේ මුගේ කතාව ,Neg
ලියාරා බංචි අයියා නියමයි ,Pos
හේසරා වඩා හොඳට සිංදු කියලා ,Neu
අයියාගේ program එක හැමදාම බලනවා අද episode එකත් පට්ට ,Pos
කසුන් කරපු වැඩේ නියමයි ,Pos
video එක ටිකක් අවුල් ,Neu
cover song එකක් කරන්න ,Pos
අයියේ build එකේ price එක කියන්නකෝ ,Neu
පෙරුම් පුරගෙන ආ සසරේ ,Pos
කටද මතක් උනේ coach දුමාල්ගේ team එක ,Pos
ජාතිය ශ්‍රී ලාංකික කියද්දී පට්ට ,Pos
හරිම ආඩම්බරයි අක්කේ ,Pos
හරිම ලස්සනයි නංගි ,Pos
අපෝ වයසට නෙමේ වැඩ ,Neg
අනේ බන් උබලට එකපාරටම රටක් හදන්න පුළුවන්ද ,Neg
නියමයි ඔයා වගේම ලස්සන සිංදු කරන්න ,Pos
ඔයා Hiru Star ගියොත් select වෙයි ,Neg
ඔක එනකන් කොච්චර බලන් හිටියාද ,Pos
bro ඔයා මේ build එකට recommend GPU එක මොකද්ද ,Pos
පට්ට ඔයාගේ English accent එක ,Pos
හේසරාව මතක් උනේ කටද ,Neu
නෙදකින් සක්කිලි හෙත්ත ,Neg
මම හැම voice video එකක්ම බලලා තියෙනවා ඔයාගේ unique voice එක ,Pos
මේහෙම වෙන්න පුළුවන්ද ,Neu
ෂා ලස්සන song එක ,Pos
කවුරුත් හොඳ නෑ ,Neg
FT එයා නෙවෙයි උනත් අන්තිමට හොඳට ගත්තා ,Pos
අර ඔබට සුභ ගමන් ආදරෙයි ,Pos
නද්දිය පැත්ත අ වෙනස් වෙලා නේ ,Pos
හරිම හරවත් අහගෙන ඉන්න පුළුවන් බුද්ධිමත් තරුණියක් ඔබට ජය ,Pos
අම්මෝ පට්ට voice අපිව උදේට හිනාස්සපු අයියා ,Pos
කොලන් ,Neg
සුපිරි අයියේ ඉස්සරහට යන්න සුභ පැතුම් ,Pos
බුදු දහම තරම් බලවත් තවත් ආගමක් මේ ලෝකෙ නෑ ,Pos
වැරද්ද පිළිගන්න හැමදේම අයින් වෙන්න තනියම හොඳ විදිහට ජීවත් වෙන්න මේ වෙලාවේ කරන්න තියන හොඳම දේ එකයි නිහඬ වෙන්න ,Neg
මචං ගොන්නු හරින්නේ filthy වගේ ගොන්නුන්ට තමා ,Neg
ඉදකින් හැටි විතරක් වෛරේ නිසා ගූ වෙලා එන්නේ දැන් ,Neg
අපි උබත් එක්ක ,Pos
උමාරියා මොනහරි හොඳ comment එකක් දේයි කියලා මං බලගෙන හිටියේ ,Neu
මමත් මේ රටේ ඉපදුන කෙනෙක් ,Neu
සිරස ඔයාලනම් මරුනේ මේ එකෙක්වත් කපාන්න එපා අනේ ඔක්කොම අය මරු අනේ ,Pos
අපිට million තිබ්බනම් ගී වාදත් කරත හැකි ,Neg
අනේ කුමාරි අක්කා ඔයාට හැමදාමත් ඔයාට ආදරෙයි ,Pos
ලස්සනයි අනේ සින්දුව නතාශා අක්කි ඔයත් මාරම ලස්සනයි කටහඬත් ලස්සනයි තව song එකක් කරන්න ,Pos
මුන බලුවත් voice set නෑ වගේ ,Neg
පස්බර වා ගෙනකෝ දිස්නා අක්කාව ,Neu
රට ගැන ජාතිය ගැන බොරු කයිවාරු නම් ගහනවා මදුමදාව කොච්චර හොඳ නෝනා කෙනෙක්ද ,Neg
කියනවා බොරුත් නෙවෙයි ,Pos
මේ program එක dream එකක් ,Pos
අමුමෙන් කතා කරනවා respect ,Pos
වැල්ගම මනුස්සයා එපම උනා ජර මිනිහෙක් දැන් ,Neg
කසුන් කල්හාර කියන්නේ මාරම මාරම පොරක් ,Pos
ම්ම් ගොඩක් ආස ගොඩක් ගරු කරන මනුස්සයෙක් ,Pos
අද කාලේ සංවර නැති සසනය විනාශ කරන සංඝය ඉන්නවා මං දැක තියෙනවා උසාවි වල වැරදි කරුවන් වෙලා තියෙනවා අද කාලේ සංඝය ගැන තියෙන්නේ ප්‍රහේලිකාවක් ,Neg
තිත්ත ඇත්ත කිව්වේ කුමාරි අක්කා ඔයාට ජයවේවා ,Pos
මේ රටට වටිනා පුද්ගලයෙක් ,Pos
අල්ල හිටියනම් මුන්ගේ බෙල්ල කපානවා correct සාදු කියපු ඒවා ඔක්කොම හරි ඔයාට බස් dp සාදු ,Neu
අම්මයි දුවයි වගේ ,Neu
මුන් දෙන්නම එපා පල හොර මිනිනරු ,Neg
අනේ අයියා බබාව අනිත video වලටත් ගෙනන්නකෝ ,Pos
මොනද මේ මුන් කියන කතා එහෙනම් song එක වෙනස් කරලාද ඒ කොල්ල කියුවේ ,Neg
අමුමෙන් බත් කටක් ගිලපන් නංගි next round එද්දි වචන අයි බස බස ගාලා ,Neu
ඒ voice එක නම් තනි කර්ම පිස්සුවක් ,Pos
මහා ලොකු වැඩක් කරා වගේ අහිංසක බල්ලෙක්ට ගැස්සුවට තමන්ටත් කවදහරි ඔය දේවල් වලට විඳවන්න වෙයි ගොන්ජෝ හරි ලොකු වැඩක් කරලා වගේ කියවන්නේ ,Neg
ඔබතුමාටත් financial problem ද එක දවසේ විහිලුවද නැත්තම් අපිව විහිලුවක් වෙලාද ,Neg
ඔබට බුදු සරණයි සුභ ගමනක් ,Pos
මං ආසම song එකක් ,Pos
හිතපල්ල සිංහලිනි මුන් තමයි මේ සියලු අපරාධ වලට වග කියන්න ඕන ,Neu
උබලට අපිට තේරෙන දැනෙන දේවල් අපේ රටේ පකේ පාලකයන්ට තේරෙන්නේ නෑ ,Neg
නියම ශ්‍රී ලංකන් කොල්ලෙක් ,Pos
කවුරු කොහොම කිව්වත් අපි ආදරෙයි වස්ති ,Pos
ගොන් රංජා සක්කිලියා බෞද්ධයෙක් නෙවෙයි ,Neg
pitch out යනවා ගොඩක් ,Neg
perfect හොඳ අම්මා කෙනෙක් කෙනෙක්ට ගන්න පුළුවන් අක්කි ,Pos
wow voice එකයි පෙනුමයි දෙකම මිහිඳු වගේ ,Pos
huawei යේ revive එකක් ඕන ,Neu
හිරු star හිටියා නේද ,Neu
ආතල් එකේ ඉන්න පොරක් තමයි ,Pos
අර කොල්ල කපුවේ අපරාදේ nervous කියලා මෙයට හැරුණා ,Neg
නියමයි අපේ හමුදුරුවන්ව අපි ඔබවහන්සේ සමග ,Pos
මාරම ලස්සනයි අක්කියෝ මට ඔයා ඔකේ කියන කතාව මවීලා පේන්න අක්කියෝ ,Pos
උමාරියාගේ actions වලට කැමති අය කො ,Neu
අනේ ගැලපෙන්නේ නෑ video එක original video එකට වඩා කලින් තිබ්බ video ලස්සනයි මෙහෙම ගියොත් හොමම වැරදි කරලා සමාව ඉල්ලයි ඒ නිසා වැරදි නොකරන්න හිතෙන සින්දුවක් කරන්න ,Neu
රංජන්ලා තව ටික කාලයක්යි නටන්නේ අපේ හමුදුරුවනේ ,Neg
ආදිත්‍යාව මතක් උනා ආදිත්‍යගේ song එක තාමත් අහනවා ආදිත්‍ය කියන්නේ ගොඩක් දක්ෂ දරුවෙක් ,Pos
හමුදුරු වරුන්ට වැරදි කියන එකෙක් මූ ,Neg
ඒ build එක පට්ට ,Pos
මෙයා අර hiru star එකට ආපු කෙනා නේද ,Neu
හොයා හොයා හිටියේ ,Pos
phone ගැන කියුවා හරිටම හරි ,Pos
අනේ දෙයියනේ ලංකාවට වෙච්ච දෙයක් ,Neu
හොඳ දැක්මක් සහිත ආතල් පොරක් ජයවේවා මිතුරයා ,Pos
උබ හොඳ තමයි කිව්වා ,Pos
මේකනම් පිස්සුවක් බං අර්ජුන රනිල් හිරන් සහ නංගි wow මාර පවුලක් ,Pos
අනේ හොඳයි මේ වගේ අයට තැන දෙන එක අපි ගොඩක් කැමති god bless අක්කේ ,Pos
පුදුම වැදගත් කතාවක් ,Pos
ඇත්තම කිව්වොත් මං video එක බැලුවේ නෑ ඇහුවා විතරයි එලම ,Pos
කොල්ලාව band එකකට නියමෙට match වෙනවා ,Pos
school එකේ meeting එකේ මුලින්ම සින්දුවක් කිව්වා ඒවන් ඉන්නවද ,Neu
භූමිගේ number එක නැද්ද ,Neu
contact කරගන්න ඕනි ,Neu
පව් අනේ හරි අහිංසකයි ,Pos
ගෝටා කෙරි අමිලයා ,Neg
මේකේ අයට උබලට ඕන හුත්තවල් කරන්න බෑ වැඩිය දගලුවොත් උන්ට වෙන දේ උන් දන්නේත් නෑ හැමෝම සිංහලයට සහයෝගයෙන් ඉන්න ,Neg
දැන් උබ තරුණ උබට ඡන්දේ නෑ නාකියෝ තමන්ගේ ආගමට ආදරේ නැති එක මොන රටට ආදරයක්ද ,Neg
අක්කගේ කතාව අහන්න ඉන්න තරම් මාරයි අක්කි ,Pos
ඔයා ඔයෙ ඉවසීල්ලෙන් ඉන්නේ නියමයි ,Pos
මාරයි මං මේ ladyව දැකලා නෑ නමුත් මං කාලෙකින් දැක්ක හොඳම interview එක මං මේක මගේ දුවලටත් send කළා සුභ පැතුම් දෙන්නට මේයට ගැලපෙන නම සත්‍ය ,Pos
අද දවසේ සුපිරිම performance එක මට නම් ,Pos
chanux bro නම save කරලා තිබ්බෙත් වස්ති තඩියා කියලා ,Neu
කියවනවා වැඩි අනේ වල් වතුරම් ,Neg
අඩෝ ශෂිකා ඔයා මේවා දන්නේ කොහොමද ,Pos
admin හොඳ වෙලාවනේ ,Pos
දිරිය ශක්තිය තියෙනවා නම් තනියෙන් ජීවිතයට මුහුණ දෙන්න පුළුවන් අක්කේ ඔයාගේ වගකීම දුවට එහෙම නොවෙන්න ජීවිතේ කියලා දෙන ගමන් ජීවත් වෙන්න අක්කේ ,Pos
කොහොමද මේක අමතක කරන්නේ ,Neu
අපේ හමුදුරුවනේ ඒ නිළිය කොහොමත් මොංගල් නේද ඔබ වහන්සේට බුදු සරණයි ,Neu
කසුන්ගේ team එකේ කට්ටිය මදි නේ ,Neg
අනේ පකෝ කො තොගේ rocket එක ,Neg
කුඩු මේමද ගන්න කුඩු මේ පැත්තද ,Neu
තැනකොන් ආදර්ශමත් මවක් ඒ වගේම ආදර්ශමත් කාන්තාවක් ,Pos
මදු මදාව බදු මදාව උ කරපු පව් ලඟදීම ගෙවනවා ,Neg
ලොකු දෙයක් කළා ලහිරු අයියේ තඩියාව තනියෙන් ගෙනලා පට්ට චරිතේ තඩියා ඇති ඔහොම හරි කතා කළා හොරුව තිබ්බනම් මරු good luck අනූෂකයා හිනා වෙන්න ඇති තනියෙන් ,Pos
හරිම ආස චරිතයක් මෙතරම් උගත් බුද්ධිමත් කෙනෙක් කියලා අදයි දැනගත්තේ හරිම සතුටුයි මෙතක ඉඳන් බලන්න ගත්තේ මේ වැඩසටහන good job පුළුවන් නම් යුරේනිව ගෙනන්න ,Pos
හරිම ලස්සනයි ලහිරු කොයි තරම් වටින අදහස්ද අපේ සිංහලයන්ට ආදර්ශයක් ,Pos
ඇත්තමයි ඇගේ හිරිගඩු පිපුනා superb ,Pos
මේ පාර ජනාධිපතිවරණයට බොදුබල සේනාවෙන් එක නායකයෙක් ගෙනන්න ,Pos
වාව් උඹ පට්ට බ්‍රෝ ,Pos
කසුන් අවුලාවි අවුලාවිමයි ඉන්නේ දැන් ,Neu
නියමයි තඩියෝ thanks ,Pos
ඔයා වගේ පාලකයෙක් මේ රට පාලනය කරනම් ,Pos
අයියා මේක අයියට පෙන්නන්න ජීවිතේට scientists කෙනෙක් ගෙනවත් අහුවේ නැ ,Pos
හරිම සතුටුයි අද ඔයා ඉන්න තැන දැක්කම ,Pos
coachලා උබලා අපිට පව් පුරවන්න නම් ලැස්ති වෙන්න එපා ,Neg
හරි කෙනාව තෝරා ගත්තා good luck bro ,Pos
ගෙරි තම්බි ඔක්කොම මරන්න ඕනි ,Neg
තද bro ඔන්න ඔහොම තමයි ඉන්න ඕන ,Pos
මේක නම් අපිට හොඳා ,Pos
අනේ අපේ රටට වනා දාවල් නෙද කතාකරන්න ,Neg
සිරාවටම හිතට දැනෙනවා ආ ,Pos
බලන්න මයාගා හැඩියාව පට්ට ,Neg
කටහඬ නම් හොඳට හුරුයි ,Neu
යකෝ කොර වෙන්න දෙන්නවා ,Pos
මේ තරම් ලස්සන කටහඬ කාටවත් හරෙන්න නෑනේ ,Neu
වෙන නමක් තිබුණේම නැද්ද අප්පා ,Neu
ලංකාවේ නමක් හදාගන්න පුළුවන් voice එකක් ,Pos
රටේ සෙබා වෙනසක් වෙන්න ඕනි ,Neu
නොදකින් video එකක් හදාගන්න බැ ,Neg
යකෝ අය යකෝ කොණ්ඩේ කපුවේලා එල ,Pos
ඔයා නම් නියමයි ඔයාට සුපිරි අවබෝධයක් තියෙනවා ,Pos
රොහිතට හොඳ බුද්ධියක් තියෙනවා ,Pos
උඹ නියම මනුස්සයෙක් අයියේ ,Pos
ඔයාට ආදරේ හිතනවා මගෙ මනික ,Pos
යන්නේ කොහෙද මල්ලේ පොල් ,Neg
ඔබතුමා කතා කරන හැම වචනයක්ම අපට රත්තරන් වටිනවා ,Pos
අමුතු ජීවිත කතාවක් ගොඩක් දේවල් ඉගෙන ගන්න තියෙනවා ,Pos
Hiru Star ආපු ඉසුරිකා ද මේ ,Neu
ලහිරු අයියේ මේකට ශිහාන් මිහිරංග ගෙනාවොත් හොඳයි ,Pos
ඔයා නම් ගිනි ගොඩක් නංගියෝ ,Pos
හිතට වදින සිංදු මෙන්න මෙවනි ,Pos
කසුන් sirට අම්මාව මතක් වෙන්න ඇති ,Neu
අරවින්ද අයියා දැකීම සතුටක් ,Pos
අද නම් ගොඩක් සතුටුයි කියාගන්න බැ ,Pos
සුපිරි act එක ජයවේවා ,Pos
මම රාජපක්ෂ පවුලට පන උනත් දෙන්න ඉන්නවා ,Pos
Dream Star කේශාන් ශෂින්ද්‍ර වගේ ,Pos
මං ආසම පට්ට වැඩ්ඩක් ,Pos
ඊළඟට රත්තරං ගෙනන්න කියන අය කො ,Neu
අදේ ඉනුක මල්ලි වමෙන් ගහන්නේ ඇයි ,Neg
ඔකට ඔහොම කරලා මඩේ රජකලා වැඩේට දඩුකඩ ගහන්න ඕන ,Neg
තොපි කතා කරන්නේ ලංකාවේ පිස්සෝ ගැනද ,Neg
අපරාදෙ සිංදුව ලස්සනයි video එක නම් ගන්න දෙයක් නෑ ,Neu
මෙකට පිස්සුද සිංහල වචන කනවා ,Neg
වෙන්න බැහැ ශ්‍රී ලාංකිකයන්ගේ රට ,Pos
මමත් ඔයාගේ video ගොඩක් බැලුවා ,Pos
අයියේ අපි ඕන දෙකට ඉන්නවා ඔයාලා එක්ක ,Pos
අයි මේ වගේ ජරා ගෑණියක් එක්ක වැඩ කරන්නේ ,Neg
පිස්සු හැදුන එක හදට wow ,Pos
දැන් රට බාරගන්න කෙනෙක් නැ වගේ ,Neu
අනේ පැත්තී පැත්තී තියෙනම ගනීම් ,Neg
ඇත්තටම ජීවිතේ ජයගත් මිනිස්සුන්ගේ අත්දැකීම් තියෙනවා ,Neu
නියම දැක්මක් තියේ වගේ ,Pos
මම කැමතිම කෙනෙක් ,Pos
congrats බංචි අයියා ලස්සනයි ,Pos
ප්‍රියදර්ශන අයියාට වඩා හොඳට aim build හදනවා ,Neu
good luck නිරෝධා අක්කේ ,Pos
හිත හයිය ගැහැණියක් ඔබ බුදුසරණයි ,Pos
ලස්සනට කතා කරනවා ඔබට දිගායුස ,Pos
වැදගත් කතාවක් මෙකෙන් ගොඩක් දේවල් ගත්ත ,Pos
coach කසුන්ට සුපිරි කොල්ලෙක් හම්බ උනා ,Pos
ඔයා නිසා හුරු එකෙන් සියයට මාරු උනා මිනිස්සු ,Pos
හැමෝම ගොබ්බෙක්ට කඩේ දුවන ගමන් ,Neg
bro උඹ මොනදේ කරත් මේ ගත්ත තීරණය හරි ,Pos
අවංක වැඩි උනාම පිරිමින්ට ඔය වැඩේ වෙනවාමයි ,Pos
මේ මෝඩ channel මොන වැඩ කරේ යකෝ ,Neg
ශෂිකා miss stage එකට එද්දි stage එකට වඳා ,Pos
අයියේ number එක එවන්න ,Pos
හම්මේ ඉතින් පෙඩ්ඩිත් මාර සතුටක් ,Pos
එක මරු අයියේ ,Pos
ලස්සනට සිංහල කතා කරනවා ,Pos
නාගෝ නාගෝ song එක කියන කෙනා වගේමයි ,Neu
මෙතනම් දෙන්නම fail ,Neg
coach ශෂිකට පට්ට අමාරු වෙයි ,Pos
ඇත්ත දේවල් ගොඩක් කිව්වා මේ මනුස්සයා ,Pos
මේ දේශපාලනය කියන්නේ කවදාවත් රටකට වැඩක් නෑ ,Neg
AMD තමයි intel සල්ලි ගසා කනවා ,Neg
metropolitan එකෙන් ගත්තා අය review එකක් දෙන්න පුළුවන්ද ,Neu
මව් ගුණ ගීත අහද්දි ඇස් දෙකට කඳුළු එන්නේ ඇයි ,Neu
ගැහැනියක් නම් මේ වගේ වෙන්න ඕන ,Pos
අනේ ආසම කෙනෙක් ,Pos
අනිත් එකත් දාන්න ඉක්මනට ,Neu
fact එකක් වගේ එකක් ලංකාවේ ,Neu
ඔන්න මගෙන් subs එකක් ,Pos
දෙන්න නියමෙට ගැලපෙනවා බුදුසරණයි ,Pos
අයියේ ඔයාගේ ලැජ්ජා බය නැති උනේ thanks ,Pos
ගොඩක් හොඳ programme එකක් ,Pos
කසුන් කල්හාර අපේ legend ,Pos
අයෙෂ්මා නෙමෙයි නේද මේකේ මුල් ගායනය ,Neu
ගොන් පකයා රටට ආදරේ නැති එකෙක් ,Neg
තව සතියක් ඇතුළත century ගහනවා ,Pos
සිරාවටම කිසි දෙයක් හංගන්නැතුව open කතා කළා respect ,Pos
අයියේ මුල් video එකේ ඉඳන්ම බලනවා ආදරෙයි ,Pos
සිංදුව පට්ටත් video එක නම් වැඩක් නෑ ,Neu
අනේ මන්දා හැබැයි කුමාරි අක්කා අහිංසකයි ,Neu
තව පැයක් තිබ්බත් අහන් ඉන්නවා ,Pos
ඉරාජ් අපි උඹත් එක්ක මැරෙන්නම් ,Pos
පිස්සු වසංගත උඩ දන්නෙ නැතුව ඉන්නවා මෝඩයෝ ,Neg
ලස්සන voice එකක් වෙනස් දෙයක් කරන්න බලන්න ,Neg
අයියේ මේ වගේ songs කරන්න එපා ,Neu
එක නම් පට්ට තම ගාන තමයි අවුල ,Neu
අයියා superb ආදරෙයි නිහතමානිකමට ,Pos
භූමි ඔබ ගොඩක් විවෘතයි ,Pos
මං ආසම song එකක් ඔයා බය වෙලා නේද ,Neu
ගමන වගේද සසර ගමන great ,Pos
video එක ගාලා පෙන්න අප්පා ,Neg
නිදකින් නොදකින් හැදි ගව්වියන් ඔය වැඩේ කළපු උන්ට හොඳකම් වෙන්න එපා පණුවෝ ගාලම් මරියා තු නොදකින් ,Neg
මෙයා hiru star එකටත් ආවා ,Neu
බුදු සරණයි අපේ හමුදුරුවනේ බය නැතුව කතා කරන්න අපේ ගනසාර හමුදුරුවෝ වගේ ඔබ වහන්සේටත් අපි ගොඩක් ආදරෙයි ,Pos
ආදිත්‍ය කියන්නේ කවුද මෙයත් එක්ක බලනකොට මෙයා පට්ට ,Pos
මට ඇදුනා ඒ තරම් ලස්සනට sing කරා දිගු ගමනක් යන්නට ප්‍රාර්ථනා කරනවා ,Pos
දේශනා කළ හැමදේම සිංහල ජාතිවාදියෙක් විදිහට අනුමත කරනවා සංහිඳියාව රකින්න ගිහින් රටේ උන දේවල් හොඳටම ඇති ,Neu
අනේ ඔනෙලි ඔයාට කොච්චර ලස්සනට සින්දු කියන්න පුළුවන්ද ,Pos
යකෝ band එක බලපල්ල කොහොමද එක ,Pos
ඉරාජ්ට රජයෙන් නැති වෙච්ච fb page එක ගන්න support එකක් දෙමු මෙන්න ඇත්ත කතාව ,Neu
cricket වලට නම් කරිම නොන්ඩිය දාම්ම එල එල ,Pos
ඔබව අගය කරනවා ඒත් මේ තිරිසන් මිනිස්සු ඉන්න ලංකාව වගේ රටක ඉන්න එක තමයි මට දුක අපේ ලංකාවේ පිරිමි තමයි වැඩිම තිරිසන් පරිස්සමින් එන්න දෙවි පිහිටයි ,Neu
අපිට කියගන්න බැරි දේවල් ඔබතුමා කිව්වා ,Pos
ශෂිකාගේ voice එක අම්මෝ මාරම ලස්සනයි ,Pos
සිංහල නම් vehicle petrol නැතුව පොල්තෙල් තගන්න එයි එක muslim රටවල් වලින් ගන්න ,Neg
මෙකි saudi arabියේ හොඳ gangbang එකක් ගත්තා සුපිරි price එකකට තම්බිලාට කියලා දැන් ඒ සල්ලි වලින් saloon එකක් open කළා පව් ඉතින් දුව ,Neg
රංජගේ කටයි අශේන්ගේ වචාලකමයි දැන් ඉතින් ගතිය ගියා ඔක්කොටම කිව්වේ කට පරිස්සම් කියලා කෙනෙක්ව රිදවා කෙනෙක් ලබන ජයග්‍රහණය පරාජයක් කියලා දැන් තේරෙනවද ,Neg
මට වඩා පුටුව sure ද coach කසුන් ,Neu
අනේ මේ අම්මනම් හොඳට දුක අදින අම්මා කෙනෙක් බුදු සරණයි ,Pos
බුදු සරණයි ඔබ වහන්සේට ,Pos
පන්සල් වලට දුන්න සල්ලි block කරලා අපේ පන්සලේ වහල ගලවලා තාම තෙමි තෙමි තියෙනවා ,Neg
මං ඔයාගේ cover video එකක් බලුව fb එකේ කලකට කලින් හරිම ලස්සනයි ,Pos
ඉතින් gadget mania ,Neu
නගහ නන්ද මහත්තයෝ අපි ඔබ සමයි ,Pos
මරු මරු මරුයි ලස්සනටම කිව්වා ඉදිරියටම යන්න ,Pos
trending එනවා අනිවා program එක බලන්න කලින් like කරපු අය මේ පැත්තට එමු බලන්න ,Pos
සතුටුයි හැබැයි අවසානේ දුක හිතුනා muslim එකියක් බෙදාගන්නවා කියුවා නේ උ ලබන මාසෙන් පස්සේ භාවනා වැඩසටහන් කරාවි ,Neu
ඇයි කුණු වැඩ කරන්නේ ලජ්ජා නැති ගෑණි ,Neg
පුතා බල්ලා අපිව කෙව්වට අපි බල්ලාව කන්නේ නෑ ,Neg
මේක නම් පිස්සුවක් අයියා ,Pos
කටහඬත් ලස්සනයි ඇයත් ලස්සනයි ,Pos
වෙසියෝ මුල අමතක කරනවා ,Neg
මොන සිංහයාවුනත් වැඩක් නෑ ප්‍රායෝගිකව හිතන්න බැරි නම් ,Neg
හරි ලස්සනයි දුක හිතුනවා ,Pos
හදවතින්ම ආදරෙයි සමරසිංහ මහත්තයනි ,Pos
voice එක පට්ට ,Pos
අන්තිම ටිකේදි ඇහැට කඳුලක් ආවා wish you all the very best මල්ලී ,Pos
ඒ සින්දුව අහන අය කො ,Pos
හොහො හදවතක් තියෙනවා අන්න දේශපාලනට හම්බන්තොට අපි බලන් එන්නවා රෝහිත dear ,Pos
කොච්චර හිනා වෙලා හිටියත් එයාත් ඒ story එක මාරම දුක් කතාවක් ,Pos
announcer හෙන ලොකු කමක් වගේ set නෑ down to earth නෑ කියන්න අපි අහනවා case ,Neg
අම්මෝ ඒ කටහඬ පට්ට ලස්සනයි ,Pos
සමහර උන්ට මුන් නිකන් අහරෙනවා ඔයිට වඩා අඩුපාඩු තියන අයට මුන් හැරෙනවා අනේ මන්දා ,Neu
ගොඩක් හොඳයි අවබෝධයක් තියනවා ඔයාට ,Pos
ඔයා විදිහට හැම එකේම prices දාන්න එල ,Pos
මේක ලංකාවේ තියන හොඳම band එක කියන අය මේ කොනට ,Pos
කවුද බොල unlike කරපු කෙරි කුණු හම්බයෝ ,Neg
ඒ කොල්ල කරපු වැඩේ ඒ තරම් හොඳ දෙයක් නෙමෙයි කියන කට්ටිය ,Neg
ඇත්තටම කෙලින් කතා කරනවා ලමයි හදන්න බෑ කියලා කෙලින්ම කියනවා වෙන උන් වගේ නෑ සුපිරි චරිතයක් බොරු show නෑ ,Pos
ඒ voice එක මරු සුභ පැතුම් අක්කේ ,Pos
අයියේ ඡන්දේ ඉල්ලපන් අපි ඔක්කොම ඉන්නවා ,Pos
නියමයි අයියා ඔයාට මං මාර කැමති ඔයාගේ කතාවට ,Pos
ඇයි හමුදුරුවනේ අනූන්ගේ දේවල්ම කතා කරන්නේ ,Neg
කසුන් කොර උනා මං හිතන්නේ ශෂිකාගේ performance වලට ,Pos
සුපිරි සුපිරි thanks අයියේ පටන් ගත්තට ,Pos
දිස්නා අක්කයි අරවින්ද අයියාවයි දෙන්නම එකට තියලා interview එකක් කළා නම් superb ,Neu
well done sweet baby ජයවේවා හොඳට channel එක කරනවා ,Pos
අනේ දෙවියනේ ඔබ වහන්සේට ගොඩක් පින් අහිංසක සත්වු දිහා බලුවට ,Pos
රාජපක්ෂ family එක ගොඩක් හොඳයි but වෙනම මේ හැර වෙන අලුත් කෙනෙක් ආව නම් ලංකාවට හොඳයි ,Pos
චමල් නාකියා පාර්ලිමේන්තුවේ එක කතාවක් කරලා තියෙනවද රටට ජාතියට වැදගත් ,Neg
පෙම් බැඳීමි හදවතින් ,Pos
මල්ටි බෙරල් එකක්ද මේ ,Neu
ශෂිකාව කපන්න ගිහින් බතියාගේ මුහුණ අන්තිමට ,Neu
හාමුදුරුවනේ අපි ඔය නපුංසක රංජට හොඳ punishment එකක් දෙන්නම් ,Neg
මම හදවතින්ම ආදරේ කරන හවතේ සමදා ඉන්න ආදර්ශමත් සහෝදරියක් ඔයා හැමදාම මමනම් ඔයාට ආදරෙයි අම්මා යන අරුත්බර වචනයේ සබා සරූපය ඉටුකරන දිරිය ගැහැණියක් ,Pos
සිරාවටම සුපිරි පොරක් ,Pos
මේවැනි battle මේවැනි සින්දු ,Pos
ලස්සනයි සින්දුවයි video එකයි දෙකම ඔවා කොල්ලන්ට කෙල්ලන්ට හොඳ පාඩමක් ,Pos
අයියේ අයියා ගැන video එකක් interview එකක් කරන්නකෝ ,Neu
coachesලා දෙන moral එක හදන්න try කරන විදිහ මරු ,Pos
මනුස්සකම දන්න ඔබ වැනි කාන්තාවන්ට කවදාවත්ම වැරදෙන්නේ නෑ මං හරිම ආස නිළියක් ,Pos
schoolේ අපේ කෙනෙක් නේ මේයා ,Neu
මං කාලෙකට කලින් බලාපොරොත්තු උන video එකක් ,Pos
ඔබට තෙරුවන් සරණයි ,Pos
අපේ කොල්ලෙක් දැන් එල ,Pos
ඇත්තටම කටහඬෙන් හිතන්න බැහැ පෙනුම ඔයා වගේ කියලා ,Pos
ඉනුක මල්ලීට apex legends tip එකක් දුවනකොට weapon එක අයින් කරලා දුවන්න speed එක වැඩි ,Neu
පට්ට ආ නියමයි ඉස්සරහට හොඳ වැඩක් කරන්න good luck ,Pos
අපේ හමුදුරුවනේ අපේ ආගම අපේ ජාතිය අපේ රට රැක ගන්න පිනට පහලවුණු යතිවරයෙක් ඔබ වහන්සේ ඔබ වහන්සේට තෙරුවන් සරණයි ,Pos
song එක වගේම ඔයත් හරිම ලස්සනයි ආදරෙයි ගොඩක් ,Pos
ඔයාට හොඳ අනාගතයක් තියෙනවා නංගි කවදාහරි හිනාවෙයි අයලාට ඕන මෙලෝ රහක් නැති අය ,Neg
තෙරුවන් සරණයි අපේ හමුදුරුවනේ හරිටම හරි ඔබ වහන්සේගේ මතයට අපි එකඟයි ,Pos
ස්ටෙෆනි වගේ කෙනෙක් නියමයි ,Pos
මගේ ආසම ගමක් ,Pos
අනේ මාවත් subscribe කරන්න plz ,Neu
කුමාරි ඔයා හරි ධෛර්යවන්තයි සැලෙන්න එපා ඔයා දිනාගෙන ඉවරයි ජේසු පිහිටයි ඔයාට කල්පනාවෙන් ජීවත් වෙන්න ,Pos
සිංහල උන් අපේ අයගෙන් වැඩි දෙනෙක් ජාතිවාදීව හිටන්නේ නැති එක ගැන සතුටුයි ,Pos
පිස්සු හැදෙනවා ඔයාගේ කතාව කොච්චර දුක් විඳලාද අම්මෝ පට්ට ආතල් පොරක් ,Pos
මං කවදාවත් ඔයාට දොස් කියුවේ නෑ ඔයා හරි ශක්තිමත් හෙතක් ඇති කෙනෙක් ඔයාට බුදුසරණයි ,Pos
ප්‍රශ්නයක් නම් තිබ්බා fb වල හැබැයි එක තිබ්බේ minute we are technically fixing ,Neu
මුට තමයි බෝම්බ දාන්න ඕන ,Neg
බ්‍රෝ ඒවත් අහන්න කොල්ලෝ උස්සපු අර ගැණියෙක්ගේ පලු එරපුව ,Neg
වාව් මාර voice එකක් ,Pos
හරිම ලස්සනයි අයියා dont give up ,Pos
අයියේ මං බඩ උනා කියුවේ උබලයි අම්මද ,Neg
පව් අනේ voice එක ලස්සනයි ,Neu
ඉවසීමෙන් යන ගමනක් මම ඒ වචන ටිකට ගරු කරනවා වස්ති ,Pos
අපේ හමුදුරුවනේ එකට මූගේ හක්ක පයින්න ගහන්නකෝ මොනවද මේ කරන්නේ ඒ සිද්ධිය හම්බකරගෙන කනවා ,Neg
voice tone එක ලස්සනයි එත් මගේ ආසම song එකක් කාවා ,Neg
මං කවුද බන් පිස්සු හ ,Neg
වෙන එවුන් තමන්ගේ අම්මා තාත්තාගේ සිංදුවක් කිව්වම නඩු දාන්න යනවා එත් කසුන් thankz කලා respect ,Pos
හැමදාමත් සතුටින් පරිස්සමෙන් ඉන්න අයියේ wish you all the best ,Pos
apex ගහ ගන්න තිබ්බානම් ඇති ,Neu
මම ආසම මනුස්සයෙක් කියන දේ හොඳට තේරෙනවා ,Pos
ඔබ නිහතමානි ඔබ සුහදශීලී ඔබේ වචනේ ,Pos
ඔව් අපේ හමුදුරුවනේ බය නැතුව කතා කරන අය ඔබ වහන්සේලාට ,Pos
තෙරුවන් සරණයි අපේ පොඩි හමුදුරුවන්ත ,Pos
advertisements ටිකක් වැඩියි වගේ ,Neg
unlimited internet ගැන පුළුවන් නම් video එකක් කරන්න ,Neu
ඒ පට්ටයි ඔබේ කතාව පැහැදිලි ,Pos
video එක ලස්සනයි ,Pos
comment බලපන් චාල උඹ දිනාලා ඉවරයි ,Pos
free games download කරන්නේ කොහොමද ,Neu
පිස්සුවෙන් වගේ ආවොත් මේක බලනවා ,Pos
එක හුස්මට බලපු youtube video එකක් ,Pos
අදේ මං හිතුවේ නංගි කියලා ,Neu
gaming වලට pc එකක් හදුවොත් මොනවාගෙද parts ,Neu
ලොකු ආදර්ශයක් සමාජයට ,Pos
bass ගහන එකාගේ අච්චිට ,Neg
කස්ස එකක් ආසයි පොඩ්ඩක් set වෙන්න ,Pos
උබලට මතකද විජය කුමාරතුංගටත් jr දුන්න දසාව ,Neg
දුකයි අයියේ අපේ රට ගැන ,Neg
අන්තිම වචන ටික පට්ට ,Pos
very high play කරන්න නම් මොනවද ඕන ,Neu
අයියත් සිංදුවක් කරන්නකෝ ,Neu
මේකෙන් online වැඩ කරන්න පුළුවන්ද ,Neu
මට නම් මේ කෙල්ලගේ voice ලස්සනයි ශෂිකට වඩා ,Pos
මදු වගේ ගොන් හරකෙක්ගෙන් වෙන උන එක හොඳයි ,Neg
හැමදාම aim එකක්ම videos ගෙනන්න ,Pos
මේක අහද්දී ඇඟේ රෝම කෙලින් උනා ,Pos
තඩියා ටිකක් ගහලත් වගේ ,Neu
කඳුළුත් ආවා එකටනම් ,Pos
අයියේ සිංදුව හොඳයි ,Pos
පට්ට සිංදුව මල්ලි ඔයා හොඳයි ,Neu
මාරම ලස්සන ගායනයක් ,Pos
යොහානි වගේ කෙනෙක් මේකේ දැක්කේ මම විතරද ,Neu
කියන්න සෙබා චරිතයක් ,Pos
sound proof ගැන හැමදේම දැනගන්න ආසයි ,Pos
song එක නම් හොඳයි but video එක චාටර් ,Neu
අපේ මිනිස්සුන්ට අපේ දේ වටින්නේ නැති උනත් පිටරටට වටිනවා ,Neu
මඩකලපුවේ police දෙනවා අමානුෂික විදිහට මරලා තියෙන්නේ ,Neg
අයියේ මං mining කරනවා bitcoin ,Neu
unlimited දුන්නට aniwa fup add කරයි ,Neg
අයියේ හරිම ලස්සනයි කටහඬ ,Pos
amen thank you jesus ,Pos
ඇත්ත මොකද්ද බොරු මොකද්ද ,Neg
ඔක්කොමත් හරි උමාරියාගේ බොරු සෝබන ,Neg
හමුදුරුවනේ අරින්න කතා බුදුසරණයි ,Pos
ලස්සනට කිව්වා ආසයි ආදරෙයි ,Pos
අයියේ contact number එකක් නැද්ද whatsapp ,Neu
coachලා හුවක් කිව්වත් ලස්සනයි joke එකක් ,Pos
අයියා pc ac current වැඩ කරන්න හදන්නේ ,Neu
ගොඩක් බුද්ධිමත් කෙනෙක් ,Neu
කරපු හොඳම program එක තමයි මේ ,Pos
නියමයි තිමෝ ගොඩක් සතුටුයි ,Pos
කොල්ල මහ පණ්ඩිතයෙක් ,Pos
නියමයි බන් පොඩි මිනිස්සු ගැන කතා කළාට ,Pos
අනිවාරෙන් අපේ හමුදුරුවනේ අපි එකගයි ,Pos
ඒවුණත් privacy එකට ප්‍රශ්නයක් වෙයිනේ ,Neg
අනේ මේ song එක download කරන්න බැ ,Neg
ඔන්න දාලා විනාඩි දෙකෙන් බැලුවා ,Pos
මේක කරනකොට full pc එකට කීයද ගියා ,Neu
hari tv thumbnail එකෙන් ප්‍රශ්නයක් වෙන්න පුළුවන් ,Neg
මං ගියින්නෑ කවදාවත් එත් Negombo ගැන හිතනවා ,Neu
සම්පූර්ණ ඇත්ත ලංකාවේ පිරිමි ගැන ,Neg
කියන්න වචන නෑ දුවේ ඔයා ලස්සනයි ,Pos
cl number එකක් දෙන්න පුළුවන්ද bitcoin ගැන ,Neu
සුපිරි ප්‍රියා අයියේ thanks ,Pos
බන්දුල විජේවීර වගේමයි ,Pos
අයියේ bitcoin withdrawal video එකක් ගන්නකෝ ,Pos
මෙන්න නියම ගැහැණියක් ,Pos
හෙන හතම ගහනවා ඔවුන්ට ,Neg
කසුන්ගේ voice තමයි wow ,Pos
මේ kinglsey මේකට හරි යන්නේ නෑ ,Neg
රංජන්ට අපිත් කැමති ,Neu
ආදරෙයි මම ආසම නිළියක් ,Pos
කියන්න වචන එන්නේ නෑ නියමයි ,Pos
super සුභම සුභ අනාගතයක් වේවා ,Pos
coach කසුන් දිනනද මන්දා ,Pos
කියන්න වචන නෑ පුදුම ලස්සනයි ,Pos
මලීෂාගේ නංගි නේද මේක ,Neu
මම laptop එකෙන් minute video එකක් හැදුවා ,Pos
කියන්න නම් දෙයක් නෑ ,Neu
first time youtube interview එකක් බැලුවේ ,Neu
මං නම් කියන්නේ මේ වගේ ගොන් වැඩ form කරන්න එපා ,Neg
million වෙන්න ඇති නේ ,Neu
ඇත්තටම ආඩම්බරයි අයියේ ඔයා ගැන ,Pos
හොඳ කෙනෙක් ගෙනලා thanks ,Pos
අනුෂකා සුපිරි බුදුසරණයි ජය වේවා ,Pos
මේ අක්කා එක්ක ආව අයියා දිහා බලන් හිටපු අය ,Pos
අයි බන් මේ සිංහල අපිටම මෙහෙම වෙන්නේ ,Neg
ජීවිතේට වටින කතාවක් ,Pos
අයියේ මේකේ full budget එක කීයද ,Neu
hari tv එක දැන් නියම කට්ටිය ගෙනාව ,Pos
aws එකට වඩා ලාභද ,Neu
මහින්ද රාජපක්ෂලා ගැන තිබ්බ idea එක වෙනස් උනා ,Neu
අපි මේ විස්තර ගමින් ගමට ගෙනියමුද ,Neu
රංජන්ගේ හැමගලවීම යුතුමයි ,Neg
දැක්කනේ හැකියාව කෙල්ලගේ ,Pos
අයියා මම video edit කරනවා games ගහනවා school වැඩ කරනවා මට ඔක්කොටම හරියන acer aspire core i හොඳද ,Neu
සමිතා වගේ ගැණුන් අතරින් ඔයා රත්තරන් අම්මා කෙනෙක් අක්කා ජේසු පිහිටයි ඔයාට ,Pos
හරියටම හරි සිංහලයා එක එක ජාතින්ට කලවම් උනා එකයි අවුල අපිත් එකට ඉන්නවා එහෙම උන් මොනවා කිව්වත් muslim මිනිස්සු කවදාවත් සාහජීවනයෙන් ඉන්න එවුන් නෙවෙයි උන්ගේ කතාවෙන් ඒක තේරෙනවා ,Neg
තෙරුවන් සරණයි සත්‍ය පවසන හිමියනි ,Pos
භූමිගෙන් ඉගෙන ගන්න පිඋමි හංසමාලි ශර්මි කුමාර හෂිනි සැමුවෙල් අනිත ඔක්කොම ජරා විදිහට කතා කරන ගෑණු මෙයගෙන් කොහොමද respect කරන්න කියලා ,Pos
ගංජා ගහන හමුදුරුවරයා ගැන මොකද කියන්නේ ,Neg
අම්බෝ මම මරුණා යකෝ thank you sir and thanks hari tv for this ,Pos
මම ආසම ආදරේ කරන නිළියක් මහත්මියක් මේ දෙන්න ගොඩක් ආදර්ශවත් හැමදාමත් ,Pos
හරිම ලස්සනයි දුව good luck ,Pos
ඔයාගේ බබාලා ලස්සන වෙයි ඔයාගේ පසුබිම හා wifeගේ mix එකත් එක්ක මම දන්න ගොඩ අය ඉන්නවා එකයි කිව්වේ ඔයාට ගොඩක් යා වෙලා තියෙනවානේ god bless you ,Pos
නේ මේයා හරි යන්නේ නෑ අපි හරි යන්නේ ,Neg
බලා හිටිය video එකක් thank you ,Neu
ඇත්තට අපි මේ අක්කා ගැන දන්නේ බොහොම ටිකයි පව් බස් අක්කේ ජේපී ,Neu
අන්න හරි අපේ හමුදුරුවනේ මුන් දැන් වැඩිකන උරෝ වගේ ඡන්ද ලඟ නිසා මේ සංඝ රත්නයටත් අපේ බුදුදහම අපහස කරණ මුන්ගේ කටවල් තලා මදි ,Neg
බොරු කියන එක කියන්න එපා ,Neg
මං ආසම කලාකරුවෙක් ඔබතුමාට බුදු සරණයි ,Pos
රංජන් පිස්සෙක් හමුදුරුවනේ ඉන්න ඡන්දේ සිංහල බුදුදයෝ හොඳ තේරීමක් ගන්න ගොන හරක් ටික එලවන්න ඕන ,Neg
කොල්ලෝ චාමර වීරසිංහගේ සින්දුවක් cover එකක් කරන්න ,Pos
ඒ කතාවේ මම තුන් පාරක් අහපු කොටස විනාඩි තත්පරට පටන් ගන්නවා ඇත්තටම මිනිසෙකුට සාර්ථක වෙන්න නම් ඒ වගේ හිතන්න පුරුදු වෙන්න ඕන අනිකගේ දක්ෂතාවය අගයම ඔබට සුභ අනාගතයක් ,Pos
phone ගැන අහනවට වඩා මෙයගෙන් අහන්න වෙන හොඳ දේවල් තිබ්බේ නැද්ද ,Neg
මොන පකයා ඔක තමා කරන්න ,Neg
සිංහල දෙමළ muslim කියලා හිතනකම් අපේ රටේ ජනතාවට අත්වෙන්නේ වහල භාවයයි රටේ පාලක කල්ලියේ සපයි ශ්‍රී ලංකිකයෝ වෙව් අතකොට රටට හොඳ පාලකයෝ ටිකක් හැදෙයි ,Neg
අනේ අයියේ බුදුබව ලැබේවා මේ පාර ජනාධිපති මැතිවරණයට තරඟ කරන්න අපේ රටත් සසනයත් රැක ගන්න මේක අහිංසක ඉල්ලීමක් අපි ඔබත් එක්ක ඉන්නවා ,Pos
කසුන් අයියා කසුන් මරු ,Pos
මේ මනුස්සයට ඉස්සර සිංහල මිනිස්සු කොච්චර බනද්ද ජාතිවාදය අහුස්සනවා කියලා නෑ ,Neu
පව් අනේ තඩියා ,Neu
කියන්න ඕන දේ කෙලින් තේරෙන්න කිව්වා ,Pos
කවුද බොල මේ නටවන රිළවා ,Neg
මේ වෙසියන්ට ඕන ආණ්ඩුව රට හෙන ගැහුවත් ,Neg
අනේ song එක නම් මාර ලස්සනයි ඔයත් මාර handsome අනේ හී indian නළුවෙක් වගේ ,Pos
ජයවේවා brother තව තවත් ජය ලැබේවා ,Pos
අනේ කට වහගෙන යන්න තමුසේගේ හොඳ හොඳ දේවල් අපි නොදන්නවාය ,Neg
ඇයි බං earpods ගහගෙන කතා කරන්නේ තියෙනවා කියලා පෙන්නන්නද ,Neu
ඔයාලා වගේම දුක් වෙන්නවා අපි හැබැයි දුක පස්සේ සතුටත් තියෙනවා ඒකයි යථාර්ථය බස් ,Pos
ඔයාගේ හිනා ටිකක් වැඩි ,Neg
ඔබතුමා නම් රජෙක් වෙන්නේ වටිනාම කෙනෙක් මම ගොඩක් ගරු කරනවා ඔබතුමාගේ වටිනා අදහස් වලට ,Pos
අදාලම වෙලාවට අදාලම දේ දාලා තියෙනවා පාටි අයියා බොහෝම වැදගත් දෙයක් මේ කාලෙට ,Pos
ශෂිකා අක්කේ ඔයා නම් නියමයි ,Pos
video එක හොඳ නැති උනත් song එක හොඳයි ,Neu
මේ අයියා hiru star හිටියා නේ ,Neu
උබ තාම නැවතුනේ නැද්ද ,Neu
ශෂිකාගේ කටහඬ අම්මෝ දවසම අහගෙන ඉඳින්න පුළුවන් ,Pos
අන්තිම වෙද්දි පරාමාණු බෝම්බ ගහයි කියලා sure මචං superb ,Pos
අනේ කුමාරි ඔයාගේ කතාව අහලා මට ඇදුනා මම dubai ඉන්නේ මම ලංකාවේ නුවර ,Neu
ඔයා තමයි දිනන්න ඕන ,Pos
නියමයි නියමයි ගොඩක්ම ලස්සනයි කියලා වැඩක් නෑ ,Pos
හරිම ආසාවෙන් එවරා වෙනකම් බැලුවා බස් අක්කේ ,Pos
ලංකාවේ ඉන්න පඩසොවලට වඩා මේ ගැහැනිය කොයිතරම් වැදගත්ද ,Neu
ගොඩක් ලස්සනයි ඔයාගේ voice එක වගේම සින්දුවත් ,Pos
අපිත් ඔබේ මතයේ ඉන්නේ ,Pos
අපිත් මේ අවුරුදු ගණන් මේවායේ දුක් විඳින්නේත් කුමාරිට තරම් පිස්සුවක් නෑ ,Neg
ලොක්කා අපි ඔයා පස්සේ ඕන වෙලාවක එනවා සිංහල bold නටනවා මේවා ඇහුවම ,Pos
ශෂිකාට කැමති අය මේ පැත්තට ,Neu
භූමි අක්කේ එල ආදරෙයි ගොඩක් ඔයාට ,Pos
කතාව තිබ්බට වැඩක් නෑ වැඩ බැරි නම් ,Neg
කියන්න වඩා වචන කිව්වොත් සාර්ථක මිනිහෙක් ,Pos
සුපිරි අහ් කෙලින් කතා කරනවා ගම්මට ,Pos
ඊලඟ පාර ගොඩ යමු කොල්ලෝ ,Pos
අයියේ පුළුවන් නම් phone එකේ price එක දන්නන්ම accessoriesත් එක්ක ,Pos
ඔවුන් නිළියෝ නෙවෙයි හමුදුරුවනේ ඔවුන් ඔක්කොම සල්ලි වලට යටයි ,Neg
සියදිවි නසාගන්න එකේ ගෑණු හිටියේ නෑ මේ ගණිකාවෝ හිටියේ ,Neg
අපි ඔබත් එක්ක අයියා good luck ,Pos
එල භූමි තිත්ත උනත් ඇත්ත කිව්වා ,Pos
මදුමදාවට හොඳ කණේ පාර miss කිව්වා වගේ එකගේ වැඩේ බොරුවට කවි ලියන එක තමයි ඒයා හරි කියලා කියන්න තමයි දඟලන්නේ ,Neg
ඔබ වහන්සේට සහ ඔබ වහන්සේගේ අම්මටත් දිර්ඝායුෂ පතමි ,Pos
කොච්චර බැලුවත් එපා වෙන්නේ නෑ ,Pos
දැන් නම් වස්ති බලු ,Neg
coach ශෂිකා කිව්ව එකත් සුපිරි ,Pos
අම්මෝ කොච්චර අහුවත් එපා වෙන්නේ ,Pos
battles බලලා ආවේ ආයෙ බලන්න ,Neu
කියන ඕන ඔක්කොම කෙලින් කියුවා උබට ජය ,Pos
කශ්ෂෝ අපි පට්ටම ආදරෙයි සර් ඔයාට ,Pos
මම කැමතිම දේශපාලකයා පක්ෂ පාට නෑ ,Pos
ආග තැබ්බට මොලේ නෑ ඔකගේ ,Neg
ඔබ වහන්සේට බොහෝම පින් මේ රට වෙනුවෙන් ගොඩක් දුක් වෙනවා ,Pos
අනේ ඔයාගේ කටහඬ ලස්සනයි ඔයාට අසාධාරණයක් උනා කියලා මම හිතනවා ,Neu
අම්මෝ අයියා කාදත් බැඳලාද මං හිතුවේ තවම කොල්ලෙක් කියලා ,Neu
හොඳයි අවුලක් නෑ ,Neu
මූ තෝරගන්න ඕන එක පස්සේ කිව්වේ යන්තම් බේරුණා ,Neu
කෙලින් කතා කරන චරිතයක් politician කෙනෙක් විදිහට පුළුවන් වැඩක් කරපු කෙනෙක් දැනට ගරු කරනවා ,Pos
අනිත් මේ හරක් දෙන්නත් උබ වගේ උනා නම් අද මහින්දට මුලු රටම ආදරෙයි ,Pos
යකෝ මුන් සින්දු අනුභව කරනවා ,Pos
නියමයි අයියේ video එක ,Pos
අම්මෝ ඇඳෙනවා අප්පා ,Pos
අනේ ඔයාලා කරපු වැඩසටහන ගොඩක් හොඳයි කුමාරි අක්කා පව් අක්කා ඔයාට තෙරුවන් සරණයි ,Pos
youtube channel එකෙන් ඔයාගේ download කරපු mp කරන් songs අහනවා ,Pos
core duo processor එකක් pentium processor එකකට මාරු කරන්න පුළුවන්ද help ,Neu
බලුවද අර මෙලෝ රහක් නැතිව කියපු කෙල්ලෙක්ව කසුන්ට turn උනා ඒදා pitching තියා පටන් ගත්ත වෙලේ ඉඳන් මෙලෝ රහක් නෑ තමන්ලා අඳුනන උන්ට මොකෙක් උනත් තැන දෙනවා කියලා තේරෙනවා හැමතැනම රටේ තත්වෙ ඔකයි ,Neg
දළදා හමුදුරුවන්ටත් ලොකු පපයක් බං මේක මොනද මේ අ ,Neg
ආදරේම චරිතයක් බුදුසරණයි අක්කේ ඔයාගේ address එකක් හෝ phone no දෙන්නකෝ ,Pos
බලන්න මෙයාගේ තියෙන හැඩියාව ,Neg
මට මෙතුමාව හම්බ වෙන්න ආසයි මෙතුමා නුවර කොහෙද ඉන්නේ ,Pos
මරියා ගොඩක් ලස්සනයි ,Pos
එයා හරිම සාධාරණයි ,Pos
අනේ අපිටනම් සදුන් අයියේ ඔයාගේ songs ලස්සනයි හොඳයි ඔයාගේ හැම songs එකකටම මං නම් ආසයි ,Pos
පොඩි අක්කනත් අක්කම දිගටම program කරන්නකෝ අයියේ ,Pos
අඩෝ අපරාදේ බං සුපිරිම කිව්වා ,Pos
දෙවියනේ ඇයි මගේ ඇස් වල කඳුලු ,Pos
ඔබතුමාට නිදුක් නීරෝගී දිර්ඝායුෂ ලැබේවා දළදාහිමි සරණයි ,Pos
හොඳ තේරීමක් යමු නේ ඉදිරියටම ok ,Pos
මේකේ යුක්තිය ගැටුක්ද ,Neu
මම ගොඩක් කැමති කෙනෙක් ඔබතුමා බස් ,Pos
ගාලේ අලෝයිසියස් එකේ hike එකක සිංදුවක් කිව්වා මු වගේම dial මතකේ ,Neu
සුපිරිම චරිතයක් තමයි ඉතින් ,Pos
ජීවිතේ ලස්සනයි teledrama එකේ නෙහාරා ඉන්නවද ,Pos
එකනම් අවුල් signal වල fault එකක් ආවා phone එක ගත්ත දෙකෙම ,Neu
හම්බ ත්‍රස්තවාදී කෙරියෝ unlike කරලා ,Neg
සමහර මිනිස්සු ඉන්නවා ලෝකෙට පරකාසේ ගෙදරට මරගතේ වගේ ,Neu
ඔයාලා හැමෝටම thanks අඩු පෙන්නලා support කරනවට ,Pos
අඩෝ නියම ඇත්ත බන් උබ කෙලින් කතා කරනවා ,Pos
අපේ හමුදුරුවෝ මේ පාර ජනාධිපති කරලා ,Pos
සාදු සාදු සාදු ඔබ වහන්සේට තෙරුවන් සරණයි ,Pos
ඔබතුමාට ජනතාවත් සමඟ සුභ ගමනක් යන්න ලැබේවා ,Pos
rocket එක යවනවා ගෙදර ඉඳන් ,Neu
අනිත් ටිකත් user experience එකක් එක්ක review ඕන ,Neu
බුදුසරණයි මගේ අගෙ එකේමයි ,Pos
අත්ත ටිට්ටයි නේ මෝඩ මිනිස්සු එන්න රටක් ,Neu
මං නම් ඔයාට හුඟක් කැමතියි අක්කියෝ ,Pos
අද ඉඳන් මේ miss ව follow කරනවා ,Pos
අනේ අයියේ video එක speed නේ ,Neg
මෙතුමා පෙර පාසල් නොගියත් ජීවිතය ජයගත් පුද්ගලයෙක් ,Pos
ඇත්තටම ගොඩක් හොඳේ ,Pos
මම ඔබතුමාගේ video හැම එකක්ම බලනවා ,Pos
ඒ උනත් මේ video එක කුඩ්ඩන්ට අනුකම්පා කරන වගේ ,Neg
රොහිත හොඳ නියම බෞද්ධයෙක් ,Pos
Kingsley අයින් වෙනකන් voice live බලන්නේ ,Pos
ඔයා කන විදිහට තමයි මමත් කන්නේ ,Neu
Sirasa ඔහොම යන හොඳ හොඳ show ටික telecast කරනවා ,Pos
පල ගොබ්බයා යන්න සිංහල දන්නෙ නැති බූරුවා ,Neg
හද ආගමක් එකක් නම් ,Pos
බෙදපන් අයියේ දුප්පත් කෙල්ලෙක් කවදාහරි අම්මාට තාත්තාට සලකයි ,Pos
අපි ඔබ සමගයි මල්ලි ,Neu
ඔබ වහන්සේ ඉතාමත් බුද්ධිමත් ගෙස්ට් ස්වාමින් වහන්සේ නමක් ,Pos
අනිවාර්යෙන් මචං කස්සා කියන්නේ පට්ට පොරක් ,Pos
Allah කියන්නේ Muslim එවුන්ගේ දෙවියෝ විතරක් නෙවෙයි ,Neu
ජීවිතේ ඇත්ත දැකපු කෙල්ලෙක් ,Pos
මල්ලි වැඩේ දිගටම අරගෙන යමු ,Pos
මුට කඩේට ගියාට හොඳ වැඩේ ,Neg
ඔවට පදිනවා ඇත්ත කතා කරන මිනිස්සුන්ට ,Neg
බලු වැඩ කරමින් පලි ගන්න එපා ,Neg
සහෝදරයා ඔයාගේ කතාව අහන් ඉන්න ආසයි ,Pos
දවසක හරි අහන්න හිටියා voice එක ,Pos
මෙතුමාගේ දේශන වලට මම ගොඩක් කැමති ,Pos
කසුන් අතේල් දානෝ ,Pos
කෙලින් කතා කරන සිංහල බෞද්ධයන්ට ලංකාවේ කතා කරන්න බැ ,Neg
කෝ අලුත් video එකක් ආවේ නැ නේ තාම ,Neu
සිංදුවේ තේරුමට අදාළ නැති video එකක් ,Neg
සුපිරි වැඩ්ඩක් තමයි මුයි යාලුවයි ,Pos
wow music පිස්සු හැදෙනවා ,Pos
බුමි සර්ස්ව සම්පූර්ණ ඇත්ත කතා කරනවා ,Pos
මු වයසට යන්න කලින්ම mental වෙලා ,Neg
අයියා කොහොමද ඔයාට කියලා pc එකක් build කරගන්නේ ,Neu
ඔක්කොමත් හරි music එක ,Neu
කසුන් අනේ මන්ද ,Neu
editing quality එක හොඳයි දැන් shadows තියෙනවා ,Pos
ඇසට කඳුළු එනවා හමුදුරුවනේ බුදුසරණයි ,Pos
අනේ මං කි පාරක් නම් මේක අහුවද අපරාදෙ ,Neu
දැන් තමයි දැනගත්තේ අද ඉරිදා කියලා ,Neu
මේ වැඩසටහන් වලින් ජීවිතේ ගැන අවබෝධයක් ලැබෙනවා ,Pos
video එක ඉවර වෙන්නත් කලින් like එකක් දැම්මා ,Pos
ඔයා නම් respect අක්කි නිහතමානී කෙනෙක් ,Pos
ඔල් විතරයි කියන්න වල්ගම හොඳට කොණ්ඩක් තිබ්බ ,Neg
තෙරුවන් සරණයි සියලු දෙවියන්ගේ පිහිට ලැබේවා ,Pos
ඔයා ප්‍රශ්න ටික වෙන මනුස්සයෙකුගෙන් ඇහුවානම් වෙනස් ,Pos
අයෝ අයි අනේ admin මෙච්චර පරක්කු ,Neg
ෂා හදවතට එකගව කතා කරනවා ,Pos
තමන්ට ගැලපෙන ගීතයක් තෝරගත්ත නම් හොඳයි ,Neg
එක දිගට බැලුවා වෙලාව ගියේ නැවත්තේ නැ ,Pos
Acer veriton එකකට gb graphic card එකක් දාන්න පුළුවන්ද ,Neu
ලංකාවේ මෙච්චර ලස්සන voice තියන අයට තැනක් දෙන එක වටිනවා ,Pos
ආඩම්බරයි මම ගොඩක් කාලෙ ඉඳලා දන්නවා මයා ගැන ,Pos
මල්කොලන් නාකි වයසයි ඔහොම වෙන්නම ඕනි ,Neg
මං හරිම ආසයි අපි තුන්ගොල්ලම සතුටින් ජීවත් වෙන්න ,Pos
Kingsleyගේ මුනේ හැටි එපා වෙනවා ,Neg
ඔයා දැන බබා ද ඔයාත් මේ වගේ interview කරලා channel එක chatar කරගන්න එපා ,Neg
මුන්ගේ Allah තමයි මේ හැමදේටම මුල ,Neg
සුපිරි කොල්ලෙක් අපි උබට ආදරෙයි bro ,Pos
ශෂිකා උගත් දක්ෂ කෙනෙක් ,Pos
උමාරියා අනිත අය දිහා බලන්නේ ඔයා හරිනම් තිබුණානේ ,Neu
Hindi songs වලට පොඩ්ඩක්වත් කැමති නෑ ,Pos
සිරිවයි ඔයා අම්මා දිගායු ලැබේවා ,Pos
ඒ හඬ පට්ට හිත නිවනවා ,Pos
රංජා උබ මොනා කලත් උබට මිනිස්සු චන්දෙ දෙනවා ,Pos
phone වලටත් බහිමු අයියා ,Pos
මං හොරකම් නොකරපු එකෙක් කියාපියව් බලන්න ,Neu
කවුරු හරි පොඩ්ඩක් ආරක්ෂාව ගන්න ,Neu
යකෝ ප්‍රභාකරන් හොඳයි අපේ ආගමට අගෞරව කළේ නෑ ,Neg
බුමි හරි බුද්ධිමත් කෙනෙක් ,Pos
මල්ලි උබ පිනා ගොබ්බයා ,Neg
පෙන් නද්ද කොණ්ඩේ හදලා පට ගාලා ඉන්නේ ,Neg
ආදරෙයි අක්කි tc බුදුසරණයි ,Pos
දෙවෙනි comment එක මු පට්ට විදිහට කිව්වා ,Pos
වීරසිංහේ ඔයා ජනාධිපති වෙන්නකෝ ,Pos
voice එක Anila වගේ ගතියක් නැද්ද ,Neg
select වෙන්න ඕන කෙනෙක් මචං උබ ,Pos
wow ඒ voice එක නියමයි congratulations ,Pos
අයියේ ඔයා පට්ටයි ,Pos
ලස්සන voice එකක් ,Pos
අපේ අයියා නියමයි ,Pos
ඇත්තටම simple කෙනෙක් ,Pos
ඇත්ත කතා කරන කාන්තාවගේ පැත්තේ කවුරුත් නෑ ,Neu
හරිම ලස්සනයි මෙයාගේ ඇත්ත කතාව ,Pos
මේ හද අපරාදේ බලු වැඩක් උනේ ,Neg
මං නිකමට බලුවේ කතාව අහුණා ගමන් අඳුරගත්තා ,Pos
කට ඇයි බං මේ තරම් ලොකු ,Neu
මයිල් කෙලින් උනා යකෝ ,Pos
හිතේ සතුටින් බලපු program එක බුදු සරණයි සුදු බණ්ඩා ,Pos
පරක්කු උනා නේ ,Neg
යකෝ උ lithmbara කියුවානම් ඔයා ඔක්කොම හැරෙනවා ,Pos
එක ඇත්ත අපේ හමුදුරුවනේ ,Pos
ඇයි බං අයියේ ගහල අත අරියේ ,Neu
මරු නංගි ඔයාගේ සින්දුව මාරම ලස්සනයි ,Pos
මේකේ comments කරලා තියෙන රත්තරන් සිංහල මිනිසුනේ අපි මේ සුන්දර රට බේරා ගන්න පෙළ ගැසෙමු බුදු සරණයි ,Pos
ඇත්තටම මං හිතුවා කසුන් මල්ලියව තමයි තෝරන්නේ කියලා හරියටම හරි ,Pos
මොකද මිනිහෝ මේක list එකෙන් අයින් කළේ ,Neg
මේ pc එක කීයද ,Neu
මේ වගේ උනනම් ඔක්කොම දේශපාලනය කරන අය මේලහකටත් රට හොඳ තැනක ,Pos
අයියෝ change the announcer immediately අප්‍රියයි බලන්න voice ,Neg
බලන්න අපේ හැඩියාව ,Pos
නියම build එකක් super chanux bro දැන් ලෝකෙම හොල්ලයි ඔකෙන් ,Pos
මගේ machine එකම ram එක තරම්වත් නෑ ,Neu
අද මම අහන්නේ දහවෙනි පාරට ,Pos
මෙච්චර කාලයකට බලපු perfectම interview show එක එක මිනිත්තුවක්වත් අත අරින්නේ නැතුව බලුවා really appreciated and proud to say you are the true srilankan dhanu ,Pos
හැමදාම interview බලනවා ලහිරුගේත් මේක නම් බර වැඩිද මන්දා කියන ඒවා කතා කරන ඒවා නම් මගේ ඔලුවට ගියේ නෑ අනේ මන්දා ,Neg
මේ වගේ කොල්ලෙක්ට chance එකක් දෙන්න තිබ්බ මගේ අවංක අදහස ,Neu
මේ pc එකේ ඕනම game එකක් ගහන්න පුළුවන්ද ,Neu
ජය වේවා ඔබතුමාගේ කතාව සත්‍යයි ,Pos
හුකන තම්බි ඔහොම තමයි new government එකක් ඕන එකම විසඳුම ,Neg
අම්මේ ආදරෙයි ගොඩක් ඔයාට මටත් අම්මෙක් තාත්තෙක් හිටියානම් අනේ ,Pos
මොකද්ද බං අර hairstyle එක ,Neg
සුපිරියටම කිව්වනේ බං අඩෝ පාරක් ,Pos
fiver site එකෙන් සල්ලි හොයන හැටි video එකක් ගෙනන්නකෝ අයියේ ,Pos
කාලෙකින් දැක්ක ඉතාම හොඳ interview එකක් ,Pos
අයියා samsung review එකක් ගෙනන්න පුළුවන්ද ,Neu
නියමයි අක්කා ඔයා හොඳ නිහතමානි කෙනෙක් ,Pos
මම කැමතිම නිවේදකයා ආදරෙයි ගොඩක් ,Pos
මේහෙම අය තව එනවද ,Neu
ගොඩක් කාලෙකින් build එකක් thanks ප්‍රියදර්ශන අයියේ දිගටම කරගෙන යන්න ,Pos
අලුත් දවසක අලුත් video එකක් නියමයි ,Pos
ලොකු දෙයක් thanks ,Pos
no views likes මොන විහිලුවක්ද මේ ,Neg
ලස්සන වැඩසටහනක් බුදු සරණයි නමුත් අපිටම ඉපදිලා ඉන්න අයට අගයක් නෑ ,Pos
අදේ බොරු කියන්න එපා බං උදන ,Neg
කියපු කතාව ඇත්ත ඒ කුතුහලය තමයි රසවින්දනයත් එක්ක එකතු වෙලා තියෙන්නේ ,Pos
මෙයා පවුලක් කඩලා දැම්ම කෙනෙක් නේ ,Neg
පවුලම හොඳ බෞද්ධයෝලු හැම පොයදටම සිල් ගන්න අය බෞද්ධයෝ නෙවෙයි ,Neu
මූගේ පපුව හොඳ නෑ ,Neg
nice song එකක් කිව්වට වතාවක් අහුවත් එපා වෙන්නේ නෑ video එකත් මාරයි අහ් ,Pos
අයියා hikvision cctv camera ගැන video එකක් කරන්නකෝ ,Neu
උඹ හැදියං මේ රටේ ඉන්න සමහර සිංහල මිනිස්සු ටික මෝඩයෝ කරන්නේ මුන් උඹලාගෙන් හදෙන්නේ මෝඩයෝ ,Neg
නපුංසකයා තොගේ පුකට පේන හනගන්නිග ,Neg
ඇත්තටම සහජීවනය ගැන අපිට කියලා දෙන්න ඕන නෑ අපේ රටේ එක තිබ්බේ ඉස්සර ඉඳලාම ,Neu
ඇයි රාජ සන්තක නොකරන්නේ ,Neu
සිත් නිවන කටහඬක් හරිම ලස්සනයි ජය වේවා ,Pos
nice අයියා dream එකක් නෙමෙයි target එකක් අයියාගෙනම ඒක හදාගන්නෙත් ,Pos
ඔයා interview එකට face කරන ඔයාට හම්බවෙන තැන ගැන දුකයි ,Neu
හදවතටම දැනුණා හෙම ,Pos
පට්ට පොරක් හරි හොඳ චරිතයක් ,Pos
thumbnail එක ඔහොම දාන එක අවුල් වගේ ,Neg
අයියේ මම redmi එකෙන් game ගහනකොට slow වෙනවා ,Neg
නියමයි අයියේ අපි ඔයත් එක්ක සදහටම ,Pos
මල්ලී next time try කරන්නකෝ නංගියාව සතුටු කරන්නකෝ please ,Neu
හරි වටිනවා නංගි ඔයාගේ නිහතමානි බව bless you සුභ පතනවා ,Pos
උබලට වෙන වැඩ නෑද ,Neg
අපේ කසුන් මල්ලියා ඉතාම නිහතමානි කොල්ලනේ ආදරෙයි හැමදාම අපේ ඒ කලාකරුවන්ට ,Pos
ඒ පවුල දැක්කමත් ආදරේ හිතෙනවා ජයවේවා ඔක්කොටම ,Pos
සින්දු නම් ශෂිකා ශෂිකානම් සින්දු ,Pos
අනිවාර්යෙන් කුමාරි ගැන සලකා බලන්න එයාට තැනක් දෙන්න රටක් හිනස්සුවා ගොටිපාළ වගේ ,Neu
ගෝටාබය තමයි ඕන ,Neu
අයියේ මේ රට අපි හදමු අයියේ මේ හොරුව ම ඉවත් කරලා ඔබ වැනි අය අවශ්‍යයි please ,Pos
ඔබ කාන්තාවන්ට හොඳ බොරු සෝබන නැති පුහු අටෝපා නැති පාඩමක් කියා දුන්නා පිරිමි සියයට අනුවක් ඔයා ජාතිය ,Pos
හත්ත යථාර්ථය දැන නැති මිනිස්සු ඔයාට හප්පා කරනවා හැටි හන්ති ඔයා හොවා ගන්න එපා ඔයාගැන ඔයා දන්න තරම් වෙන කවුරුත් දන්නේ ,Neu
මං දන්න විදිහට දෙවැනි පාරට බැඳලා නේද මං හරිද වැරදිද දන්නේ නෑ දන්න කෙනෙක් කියන්න ,Neu
performance එකට වඩා coach ශෂිකාගේ ලස්සන බලන් හිටියේ ,Pos
මේක බලනකොට කවිඳියා අධිකාරිට නම් මොනවා හිතේද ,Neu
ඔකෙන් game ගහන්න විතරද කරන්න පුළුවන් ,Neu
wow නියමයි මාරම ලස්සනයි lovely voice ,Pos
ලෝකේ කොහෙවත් නැති විදිහට මුන් වෛරය වපුරලා ආර්ථිකය විනාශ කරනවා ,Neg
youtube ඇවිත් මේ සින්දුව බලලා යන වෙන කවුරුත් ඉන්නවද මං වගේ ,Pos
මිනිහා නළුවෙක් වගේ ,Pos
ආයත් අල්ස් ඉවර උන ගමන් jobs කරා කියුවහම මතක් උනේ මතකද තලහේනේ මාලබේ හිටිය කාලයක් ,Neu
කවුද unlike කරන බත් කන හරක් ,Neg
අයියේ desktop ගැනත් ඔහොම video එකක් කරන්නදෝ ,Neu
මම redmi එකෙන් free fire පැයක් විතර ගහලා තියෙනවා ,Neu
video editing වලට pc එකක් හදන video එකක් ,Neu
ඔයා ගොඩක් බුද්ධිමත් ,Pos
පබෝදාව marry කරානම් හොඳයි පව් ඒ දෙන්න වෙන්න උනේ මාර couple එක ඉස්සර ,Neu
hiru starට වඩා මේකේ coachesලා දිහා බලන් ඉන්න ආසයි ,Pos
මම නම් මේකේ දැක්කේ මේ කතා කරන කෙනා තමන් කරන දේ කරනවා කියලා social media වලින් කියනවා ,Neu
කසුන් ගත් තීරණය හරිද වැරදිද කියලා අපි බලමු ඉදිරියේදී ,Neu
සදුන් අයියාගේ කටහඬත් ලස්සනයි සින්දුවත් ලස්සනයි ,Pos
මෙයාට සල්ලි ලොකු නෑ ,Neu
ගස් බල්ලි උබලා වගේ උන් අක්ක එන්න උන්ට මොංගල් එකයි කියන්න තියෙන්නේ මොංගල් ඩයල් එකක් උබ ,Neg
coach කසුන්ගේ හද coach ශෂිකාගේ හිනාව ,Pos
කොල්ලෝ අපි ඔබත් එක්ක එනවා ,Pos
ඔබට මහ දැනුමක් තියෙනවා ලංකාව ගැන මං හිතන්නේ ඔබ අනිවාර්යෙන් ජනාධිපති වෙන්න ඕන බුද්ධිමත් පුද්ගලයන් විතරයි අද රටට ඕන අපි ඡන්දේ ඔබට පාවිච්චි කරනවා ඔබ ලැහැස්ති නම් ,Pos
අයියේ lap එක sleep mode එකේම තියන එක හොඳයිද ,Neu
අවංකයා බං උබ ,Pos
මේ ගීතය උදානි පබසාරත් කිව්වා අහන ඉන්න ආසයි වෙනම මනෝ පාරක් ගහනවා වගේ ලස්සනට කිව්වා මෙයත් ලස්සනට කිව්වා good luck ,Pos
ඔයාට ජයම වේවා ,Pos
hiru star එකෙන් ලැබුණේ නැතත් මේ පාර නම් උබට ජය bro ත ගන්න ඕන බොක්ක ,Pos
අනේ හරිම ලස්සනයි voice එක හරිම clear ඔයාට ලොකු අනාගතයක් තියෙනවා ඉස්සරහටම යන්න good luck ,Pos
නියමයි iraj ඇත්ත කතා කරනවට ,Pos
voice teen ආදිත්‍යාව මතක් උන අය කො ,Pos
හිතට වදෙන song එකක් ,Pos
AMD ද Intel ද හොඳම ,Neu
හොඳට මේක බලලා මොලයක් කියලා දෙයක් තියෙනවා නේ ,Pos
ඔව් එයා අපුරු මිනිසා හරිම හොඳයි ,Pos
ගොඩක් ලස්සනයි මල්ලි ,Pos
record එක ඇස්සේ cameraman ප්‍රශ්නයක් අහනවා ,Neu
English song එකක් අහෙනකොට උමාරියාගේ reaction එක කොහොමද ,Neu
හොඳ අම්මා කෙනෙක් වගේම හොඳ නිළියක් ,Pos
හරි ගියොත් හොඳයි නැත්නම් ලොකු problem එකක් වෙයි ,Neu
අනික අය හැරුණේ නැති එක ගැන නම් කෙන්ති ,Neg
ගොඩක් වැදගත් මේක SSD එකක් install කරන විදිහ ,Pos
කොමද හැඩියාව ගෑණියෙක් නිසා නෙවෙයි ,Neg
අඩුවට තියන computer මොනවද ,Neu
අනේ ඇත්තටම හරිම ආඩම්බරයි ,Pos
ඔබතුමා වගේ රජෙක් තමයි සිංහල දේශයට හරි යන්නේ ,Pos
මහින්ද රනිල් මේ ඔක්කොම තම්බියගේ ගු ,Neg
ආදරේ කුමාරෙ අක්කා අත කතා කරනවා ,Pos
මම හරිම කැමති තැනක ආඩම්බරයි අක්කේ ,Pos
පට්ට lose තියෙන කෙල්ලන්ව තෝරාගත්තා ,Neg
අයෙෂ්මාව මතක් උනා ,Neu
මම Muslim ඔබතුමාට ගොඩක් ගරු කරනවා ,Pos
අපේ ගෙදර අය අද hiru star බලනවා ,Neu
මහ පොලවේ ගායකයෙක් එක මරු ,Pos
මං හිතුවේ කසුන් සීවේ ලැබූ උපන් එකෙක් කියලා ,Neu
මට අද නිදි ගන්නකොට අනිවාර්යෙන් build එකක් මැවිලා පේනවා ,Pos
ඉවර වෙනකම් බැලුවා video එක ,Pos
මේ voice එක මොන තැනකදී වුණත් හඳුනාගන්න පුළුවන් ,Pos
තොට වෙන එකෙක් හිටියේ නැද්ද interview කරන්න unsubscribe කළා ,Neg
ඇත්තටම අපට හරිම දුකෙන් ඉන්නේ අපේ රටට බෞද්ධ සසනයට ,Neg
අපට නම් graphic card එකක් ගන්න සල්ලි නෑ ,Neg
මෙකට gcam install කරන විදිහ video එකක් දාන්න ,Neu
voice teens එකේ අයෙෂ්මා මතක් උනා ,Neu
අපි බලන් ඉන්නවා wasthi film එයි කියලා ,Pos
පක්ෂය ආරක්ෂා කරාම ඇති රටට හෙන ගහුවත් කමක් නෑ ,Neg
යකෝ dislike කරපු කලාකන්නිත් ඉන්නවා ,Neu
මෙතරම් වටින භික්ෂුවවත් අපාවත් කරිද දන්නේ නෑ ,Neu
coach ශෂිකා මේයාවයි රිද්මිකාවයි battles වලට දාන්න එපා finalට දෙන්න ,Pos
අනාගත presenter අයිමේට සුභ පැතුම් ,Pos
මට නම් අදුන කෙනෙක්ට හරි හරන්න තිබුණා ,Neu
මම ආසම චරිතයක් අදත් ඒ වැඩසටහන අහනවා ,Pos
පුළුවන් දෙයක් කරපන් බුද්ධාගමට අගෞරව කරන්න එපා ,Neg
ජය වේවා මල්ලි ,Pos
දෙවියන් වහන්සේ එවලා තියෙන්නේ ,Neu
අම්මෝ ඒ ගැම්ම පට්ට ,Pos
උමලි තිලකරත්න අක්කාවත් ගෙනන්න ,Neu
අයියේ උබ real legend කෙනෙක් ,Pos
අපි උබට support එක දෙන්නවා ,Pos
මේ වගේ lip kiss scene එකක් මේ video එකට ගැලපෙනවද ,Neg
පිස්සු දොඩවනවා ,Neg
timeline performance කොහොමද ,Neu
කොච්චර බැලුවත් එපා වෙන්නේ නෑ ,Pos
අයියට කවුරු මොනවා කිව්වත් අපි අයියා එක්ක ,Pos
අයියා නිසා ගොඩක් දේවල් දැනගත්තා ,Pos
අයියේ ඔයා නම් පට්ට ,Pos
මේ වගේ අය දිගටම programme එකට ගෙනන්න ,Pos
මෙ රටේ දේශපාලකයෝ නිසා ප්‍රශ්න තියෙනවා ,Neg
සතුටුයි අද ඔයා ඉන්න තැන ,Pos
එයාගේ භාෂාවෙන්ම නියමයි ,Pos
හොඳයි මේකෙන් ගත්ත දේ බොහොමයි thank you ,Pos
අයියේ රට වෙනුවෙන් කරපු වැඩේට පින් ,Pos
දන්නෙම නෑ මුලු video එකම බැලුවා ,Pos
Samsung phone review එකක් ඕන ,Neu
මරු බන් මරු සෙලවෙන්න එපා ,Pos
දී දාපු pic එක වැරදිද ,Neg
දැනට තිබ්බ සුපිරිම battle එකක් ,Pos
අනා බබා ඔයා බය වෙලා කියන්න බෑ ,Neg
ලස්සන නම් ඕන නෑ performance තියෙන එකක් තිබ්බොත් ගන්න පුළුවන් ,Neu
අම්මෝ මමත් ආදරේ කරන එකක් අතර ,Pos
කුමාරි අක්කා නිළියක් වගේ ලස්සනයි ,Pos
මම කැමතිම අයියේ ඔයා ,Pos
ඔබතුමාට බුදුසරණයි ,Pos
අද මගේ උපන්දිනේ video එකක් දාලා සතුටු කරා thanks ,Pos
Kingsley set වෙන්නේ නෑ මේකට ,Neg
මේ clip එක බැලපු වාර ගණන මතක නෑ ,Pos
ජාතිය ශ්‍රී ලාංකික කතා කරන භාෂාව සිංහල ,Neu
ශෂිකා ඔක්කොම සිංදු ගැන දන්නවා ,Pos
අනේ පව් හරි දුකයි ,Pos
මම ඔයාගේ කතා කරන style එක පට්ට ,Pos
අම්මෝ ඔව්වා හීන තමයි ,Neg
admin නිදිද great performance ,Pos
රංජන්ගේ කතා නෙවෙයි හමුදුරුවන්ට ගහන්න ඕන ,Neg
ඔබ වහන්සේ කියන්නේ සත්‍යය ,Pos
මෙයට කාලේ නැද voice එකක් ,Neu
පොඩි කොල්ලෙක්ත් නෙමෙයි ,Pos
සහෝදරයා පාරට බහින දවසක කියන්න ,Pos
ඔබ වහන්සේට තෙරුවන් සරණයි පොඩි හමුදුරුවනේ ,Pos
ඔයාල හොඳ කලාට විරුද්ධයි parliament එකට ගැලපෙන්නේ නෑ ,Neg
දෙන්නටම තෙරුවන් සරණයි ,Pos
ගොඩක් ආදරෙයි නෙහාරා ,Pos
මේ ආණ්ඩුවට හොඳක් නම් වෙන්න එපා ,Neg
Wasthi නැත්තම් ලංකාවේ YouTube නෑ කියන්න බෑ ,Neg
අයියේ phone එක hit වෙනවා ,Neu
ශෂිකා madam සුපිරි ,Pos
notify එක එනකම් හිටියේ ,Pos
හම් අනේ කටහඬ අවුල් ,Neg
මේහෙම කෙල්ලොත් මේ ලෝකේ ඉන්නවා ,Pos
අනේ ඒ අම්මයි තාත්තයි ,Pos
bitcoin ගැන video එකක් නිසා බලුවා ,Pos
මේ ගණිත සුරූපී කියුවම මොකද්ද කියන්නේ ,Neg
සිංහල වතුර වගේ කතා කරන හොඳ සුදු ජාතිකයෙක් ,Pos
මම මුස්ලිම් එකෙක් උනත් ඔබ වහන්සේට මාරම ගරුත්වයක් තියෙන්නේ ,Pos
හොඳ තාත්තා කෙනෙක් වගේ ,Pos
ජාතිය ලංකාවේ කියනවා අහුවමයි ,Neu
මෙයත් සිරිසේන වගේ කියවන ඩයල් එකක් ,Neg
ඉඟුරු දීලා මිරිස් ගත්තා වෙයිද ,Neu
මේකේ adobe premiere photoshop cubase වගේ install කරලා වැඩ කරන්න පුළුවන්ද ,Neu
අනේ චානක ගොඩක් සතුටුයි අපි හොඳ යාලුවෝනේ ඉස්කෝලේ යන කාලේ ඔයාට ගොඩක් love අයියේ බුදු සරණයි ,Pos
වෙලාවට නිදාගත්තේ නැත්තේ ,Pos
video එක අහසට පොළව වගේ bro ,Neg
දැන් නම් ඔක්කොම දේශප්‍රේමියෝ අනේ පලයන් බං යන්න තොත් ඒ set එකේම පකෙක් තමයි ,Neg
කසුන් හැරීලා ඉද්දිත් පිනක් නෑ ,Neg
මේ මනුස්සයා හිටියෙම හීනෙන් බයවෙලාද කියවන්නේ නැත්තම් කාගෙන් හරි dollar ටිකක් අතට ලැබිලාද මඩ ගහන්නම ආයේ රට කෑවා මදිවෙලා ඉගෙනගෙන තියෙන්නේ රෙදි හොදන්න විතරද ,Neg
මරු අද program එක ඔක්කොම එක දිගටම බැලුවා ආසවෙන් ,Pos
ගොඩක් useful interview එකක් ,Pos
මොකෙක්ද බං මූ ගුගහලා දාමු හෙතන් අතේ මූ හෙන පොරක් කියලා ලහිරු don't waste your time like this ideate ,Neg
නොදකින් මූසලයා මැරුණත් අපේ ගම්වලට නම් අන්න එපා මේ ගොන් පව්කාරයන්ව ,Neg
ගොඩක් ආදරෙයි ශෂිකා madam ,Pos
කරි තම්බි මරලා දාන්න ඕන පවුල පිටින් පකයි ,Neg
මම හොයා හොයා හිටපු video එක ,Pos
හුඟාක් කාලයක් ඉඳන් ගෙහන්ගේ interview එකක් බලන්න ආසාවෙන් හිටියේ love you bro ,Pos
අයියා editing pc එකක් හදන්න කොච්චර යනවද ,Neu
අනේ පව් අක්කා ඔයා දුකයි ආදරෙයි අපි ඔයාට ,Pos
නිවේදකයන් නම් වැඩක් නෑ අප්පා ,Neg
තමෝද්‍ය අතුරලියට වඩා කොච්චර හොඳයිද ,Pos
කොහොමහරි ගහන්න ඔයාට සුභ පැතුම් ඔයානම් පට්ට අයියේ ,Pos
වචන පැහැදිලි නැහැ වගේ ,Neg
අවංක කොල්ලෝ set එක all the best වස්ති ,Pos
කුමාරි අක්කේ මමනම් ඔයාට ගොඩක් කැමතියි මම ගොඩක් ආසයි ඔයාගේ සින්දු වලට නෑ අක්කේ ඔයාගේ වැරදක් නෑ වැරදි මේ අපේ මෝඩ මිනිස්සු ,Neu
thank you මෙයාව ගෙනාවට පැයක් හිනා උනා දුක කතාවක් අස්සේ උනත් ,Pos
මොනවා උනත් හමුදුරුවෝ ඇත්ත කියනවා බුදු සරණයි සාදු සාදු ,Pos
voice දෙකක් තියෙනවා යකෝ මේ කෙල්ලට පට්ට යකෝ ,Pos
සිංහලයන්ට ජාතිවාදියෝ කියපු සැමෝම හිර කරලා දාන්න ඕන ,Neg
පට්ට අප්පා ඒක ,Pos
අම්මෝ music පට්ට ,Pos
යකෝ හැම comment එකක්ම තියෙන්නේ සින්දුව ගැන නෙමේ admin ගැනනේ ,Neu
මෙයත් දෙවෙනි විවාහයක් උනානේ ,Neu
ඔයාගේ ජීවිත කතාව අපිත් එක්ක share කරාට thanks හිතුවෙන කට්ටක් කලා ගොඩ ආව කෙනෙක් කියලා මුල මතක නිසා කවදාවත් වැරදින්නෙ නෑ හොඳින් ඉන්න ලහිරු අයියාටත් thanks හොඳට interview කරනවට ,Pos
ගල් මූසල හත්ත කවදාවත් රට ගැන හිතන්න උන් නෙවෙයි ,Neg
අතීතයට යනවා මේ songs එකේ voice එකට ,Pos
ඒ song එක එකෙන්ම කෑවා චෝර හතයි ,Neg
පොලවේ පාය ගහපු කාන්තාවක් ,Pos
hiru star final ඉන්න set එකට වඩා මේකේ ඉන්න ඔක්කොම වැඩ්ඩෝ ,Pos
උමාරියා හැව්ක් පනිනවා වගේ ආදරේ එයාට ,Pos
මං ආසම මනුස්සයෙක් දක්ෂයෙක් ,Pos
තනියම නැගිටපන් මචං උබට පුළුවන් ,Pos
පට්ටම song එකක් මාර විදිහට විඳින්න පුළුවන් ,Pos
ලියත් අබරට හොල්ලලා ගියා හැරෙන්න නෙවෙයි ඉදියේ මුල් එකනම් අවුල් ගොඩක් අහෙන්නත් නෑ කසුන්ටත් රිදුනා අන්තිම එකට ,Pos
අයියේ අනේ මට මෙතුමාව සම්බන්ධ කරගන්න පුළුවන් ක්‍රමයක් කියලා දෙන්න please ,Pos
හින්දි සින්දුවකට මෙච්චර සාධාරණයක් කරනවා ලංකාවේ reality තරඟයක දැක්කමයි ,Pos
වෙනස් දෙයක් කරපු එක හොඳයි මේ song එක ලස්සනයි ,Pos
අර ගණිත පිස්සුද අනිත coachලාගේ turning button එක ඔබන්නේ ඇයි එහෙම ඔබනවා නම් ඒ ගණිත ඔබන්න ඕන පිස්සු හුත්තියෙක්නේ ,Neg
අක්කි හොඳටම කිව්වා හරිම ලස්සනයි ,Pos
සින්දුව හොඳයි එත් video එක ගැලපෙන්නේ නෑ සින්දුවේ තේරුමට එකයි මගේ අදහස ,Neg
අපේ පැත්තේ පහුගිය කාලේ මරුණු අමාත්‍ය සමාලිංගිකයෙක් හරි ශෝක් කතා සක්කි තියෙනවා ,Neu
මොනදේ කළත් තියෙන තුරු ජීවිතේ ඔබ නැතුව මට ඉන්න බැහැ වස්තුවේ ,Neu
deep fake video එක ඉක්මනට ඕනේ ,Neu
දවස තිස්සෙම මේක අහනවා ,Neu
මටත් build එකක් කරගන්න ඕන bro ඔයා පට්ටයි ,Pos
morning show එක අහනවා මත් ඔක්කොම අක්කිතයි අයියට ගොඩක් ආදරෙයි ,Pos
voice එකේ නම් මරු ,Pos
hiru star එකේ හිටියා කියලා මතකයි මට විතරද ,Neu
admin අක්කියෝ ඔයා දැන් මරුනේ ,Pos
ආරක්ෂක හමුදාවේ රහස් එළියට දෙනවා වැඩි ඇත්ත අපේ හමුදුරුවනේ news එළියට දාන්න බෝම්බ ලොරියක් ආවා කියලා අන්තිමට ලොරියේ බඩු නෑ උන් වෙන එකක දන්න ඇති හ්ම් ,Neg
නාගානන්දේ ඉතා හොඳයි නමුත් මිනිස්සු ඡන්දේ දෙන්නේ නෑ ,Neu
battle එකේ තේරුවා හොඳම සින්දුව ,Pos
video එක බලුවේ නෑ ඇහුවා අහ් හද ,Pos
මුන්ට පාඩමක් උගන්නන්න ඕන camera උස්සන් හැම මගුලේම රිංගන අරූටත් පිස්සු අශේන්ට කටට වචන දීලා අහන්නේ ,Neg
මොකද්ද benchmark කරනවා කියන්නේ ,Neu
දන්නෙ නැත්නම් නා කෝකටත් දැනගෙන ඉන්න එක හොඳයි ,Pos
මේ පන්නයා කොහෙද ඔයි ltte එකෙන් බඳවාගන්නේ lol ,Neg
තෝ ගස් පෝන්නයා views ගන්න interview කරනව මොන හුත්තක්ද බල්ලෝ පෝන්නයා මනියා කියපු කතාව ඇත්ත තොගේම content කරලා හම්බකරපන් ,Neg
ඔකක් ගන්න තියා reload එකක්වත් දාගන්න සල්ලි නෑ මේකත් බලන්නේ loan එකක් අරන් ,Neg
මේ වගේ අය දිගටම ගන්න ,Pos
bns team එකේත් battle එකක් දෙන්නකෝ ,Neu
ඇයි out උන කෙනා hold කරගන්න බැරිද වෙන coach කෙනෙකුට ඊයේ වගේ ,Neu
ඔයාගේ දේශපාලනයේ මොනවද මතුගමට කළේ ඔයාට බදුල්ලට නොදී ඉන්න පුතාව කලුතරින් යවන්න බැරි උනේක අවුල නෑද ,Neu
මේ වගේ ඒවා tv එකේ පෙන්නන්න ඕන අනේ එතකොට අපේ අම්මලා තාත්තලාටත් බලන්න පුළුවන් නේ ,Neu
රංජන් කියන්නේ ගෑණියෙක් නේ උ පිරිමියෙක් නෙමේ ඔකාට කුණු තක්කාලි ගහන්න ඕන බල්ලා ,Neg
ශෂිකා අක්කා කියන්නේ මාරම හොඳ ගායකාවක් ආදරෙයි අක්කේ ,Pos
සසදා සසදා කියපු කෙනා එක්ක battle වටෙයි වගේ ,Pos
ඔබේ තිමියෙද ආදර්ශමත් ජීවිතයට ගරු කරනවා ,Pos
හොඳ අයට හැරෙන්නේ වදුරු කුණුහරුප කියන උන්ට හැරෙනවා ,Neg
හිතට දැනෙන කතා කරනවා ඔබ වහන්සේ ,Pos
උබ මහ ජරා යකෙක් සල්ලි හම්බකරන්න තෝ අම්මවත් විකුණයි ,Neg
ඔබ වහන්සේට දිර්ඝායු වේවා ,Pos
මං හිතුවට වඩා මේ මහත්තයා ඇත්ත කතා කරනවා කෙලින් කතා කරනවා ඇත්තටම හොඳ මහත්තයෙක් ,Pos
build එකට එහා ගියා වෙනම ආතල් එකක් ,Pos
ශෂිකා දක්ෂයි දෙන්නම ඒක වගේ දක්ෂයි ,Pos
ආදිත්‍ය වගේද බලන්න ආපු උන් කො ,Neu
සිංහලයා සිංහලයාට කෙලියේ නැත්තම් අද ජීවත්වෙනවා ,Neg
සක්කිලි බල්ලෝ ඉන්නකම් ඇත්ත කතා කරන මිනිස්සුන්ට මේ වගේ දේවල් වෙන්න එක පුදුමයක් නෙවෙයි ගොඩක් දුකයි අතේ මොනවා කරන්නද උඩ ඉන්න දෙවියෝ තමයි බලන්න ඕන ,Neg
මේ ටිකම කීයද වෙන්නේ ,Neu
හී හරිම කටයි මොකද්ද මේ කොලම් ඔයාලාගේ channel වල මේ විහිලු දාන මිනිස්සු පවල් දාන මගුල ඇයි ,Neg
bitcoin mining කරන්න කොච්චර කාල යනවද ,Neu
හැම අතින්ම ඔයා success අක්කේ මටත් ගැම්මක් ඔයා මගේ life එකත් ටිකක් ඔයාට සමානයි සුභ පතනවා ඔයාටත් දුවටත් බුදු සරණයි ,Pos
යකෝ කුමාරි අක්කා ජනාධිපති හම්බවෙන්නත් යයි වගේ ,Neu
දුමින්ද නියම වෙලාවට නිශ්චිතව හිතාගත්තා ,Pos
නියම මනුස්සයෙක් අයිශ්වර්යා අක්කාවත් ගෙනන්න අයියේ අයියාව මේහෙම දැකින එක ලැබීමත් සතුටක් සුපිරි මනුස්සයෙක් ,Pos
අනේ ලස්සනට කියනවා ,Pos
අපේ පැත්තකනම් අහුවෙන්න බුර්කාව ඇඳගෙන ගිහිල්ලා රෙදි ගලවලා යවන්නේ ,Neg
හිතට දැනෙන කටහඬක් ,Pos
බන්ස් උන් සිංදු අහනවද කියලා හිතෙනවා joke එකක් වගේ ,Neg
මගේ පණ ඔයා අර ,Pos
සමහර තිරිසන් පිරිමි මේ මනුස්සයට කරලා තියන දේවල් ,Neg
හරිම ආදර්ශමත් නිළියක් ,Pos
රංජන් කියන්නේ පට්ට සක්කිලියෙක් ,Neg
අපිට මේ වගේ build එකක් හීනයක් තමයි ,Neg
හොඳ වැඩක් ගන්න පුළුවන් voice එකක් ,Pos
මරු ඔයා බඩු ටික දාලා තව ටිකක් අඩුවට හදන්න පුළුවන් ,Neu
කෝ අර parliament එකේ තිබ්බ කතා ,Neg
හිත ගියේ band එකටයි දෙයියෝ ,Pos
ගෝටා ආවම එහෙම වෙන්නේ නෑ ,Neu
කඩු තියගන්නේ සිංහ කොඩියේ කඩුවක් තියෙන නිසා ,Neu
අඩෝ voice එක පට්ටම බන් ,Pos
වල්ගමයෝ සුදානම් වෙන්න එපා ,Neg
ඔබ හරි යටම හරි ,Neu
යකෝ සිංහලයෝ එකතු වෙලා විසඳුමක් හොයමු ,Neu
මේ මොන හුට්ටක්ද මුන් සමාජය දූෂණය කරනවා ,Neg
සිය පවුලටම දිර්ඝායු ලැබේවා ,Pos
ඔයාට ලොකු accident එකක් උනා නේද ,Pos
ලහිරු මහත්තයට ගොඩක් thanks මේ වගේ අදහස් වලට ,Pos
ඔයා රඟපාවේ වැරදි විදිහටනේ ,Neg
ගොඩක් ලස්සනයි අක්කේ අපේ school එකටත් ආඩම්බරයක් ,Pos
ඇත්තටම ඉතා දක්ෂයෙක් අයියේ ,Pos
ලහිරු අයියා පට්ට ආදරේ කරන චරිතයක් ,Pos
කවුරු බන්නත් අපි නම් බන්නේ නෑ ,Pos
නියමයි මාර cute congratulations ,Pos
අපි ඔයා එක්ක ඉන්නවා ,Pos
හොඳ බණකට සවන දුන්නා වගේ ,Pos
මේක මගේත් හීනයක් ,Pos
යකෝ අපිත් ශ්‍රී ලංකා නිදහස් පක්ෂයේ නමුත් උබට දෙන්නේ නෑ ,Neg
ඇත්තටම නියම අදහස් තියන ගැහැණියක් ,Pos
පහත් තැනෙන් යා ගලා ජලේ ,Neu
අවුරුදු කතා කලින් මට හිතුන දෙයක් ,Neu
නොදකින් විතරක් ලැජ්ජාවක් ගාවිලාවත් නෑ ,Neg
අක්කයි නංගි වගේ දෙන්නා ,Pos
විශ්ව කියන්නේ රත්තරන් කොල්ලෙක් ,Pos
ඔබත් දේශපාලනයට එන්න රහිත bro ,Neu
ජාතිය මොකද්ද කියලා අහනවා ලැජ්ජයි ,Neg
සිංදුව නම් ලස්සනයි එත් මේ නාකි voice එක ,Neu
අහ් මේයා නේද පද ගැන දන්නේ නැති තාත්තා ,Neg
සම්පූර්ණ කතාව ඇත්ත ,Pos
ඉස්සර ඉඳන් මු ගොටාබයට බනින්නවා ,Neg
ශෂිකා coachට කැමති ගොඩක් ,Pos
මෙයාට හදට Hindi songs කියන්න පුළුවන් ,Pos
දෙන්නම ගෙනාවනම් හිතුණා ,Pos
කතාව හරි brother ,Pos
program එක බලන්න තවත් හේතුවක් coachලා දෙන්නා ,Neu
ෂා excellent ඔයාගේ idea ,Pos
අනේ ෂෝක් මම ආසම ලස්සන නිළියක් ,Pos
මරු නියමයි වැඩේ ,Pos
like වලට වඩා unlike වැඩි අයියෝ ,Neg
එක පට්ට සුපිරි ,Pos
තෝ වගේ තප්පහි රෝඩි පක්කෙක් ,Neg
ඇයි එහෙම කරේ ,Neg
වයස අහුවම වයස ගැන කියන එක ,Neg
ගෙහන් අයියා මම හිතුවට වඩා වෙනස් ,Pos
unlike දාලා තියෙන අය මහ අකි තම්බින්ට ,Neg
උබට වෙන වැඩක් නැත්නම් හන්තානේ ගිහින් වනා සත්තු ගැන වැඩසටහනක් කරපන් ,Neg
wow excellent ශෂිකා අක්කි ඔයාගේ voice එක ,Pos
Etisalat ad එකේ sim එක misplaced කරන scene එකෙන් දැක්ක ,Pos
අයියේ Tron trx ගැන video එකක් කරන්න ,Neu
මොකක්ද මේ ad කෙනෙක් හොයනවා කියන්නේ ,Neu
යකෝ එක පාරක් ජෝති කලේ ,Pos
යකෝ උබාව මරගෙන කන්න ඕන පරයා ,Neg
රංජන් රාමනායකට හොඳ පාඩමක් ,Neu
මට නම් මාර ලස්සනයි ,Pos
මම ආදරේ කරන follow කරන channel එකක් ,Pos
මොකක්ද ඒ නම skin colour එක ,Pos
පිස්සෙක් කරා මාව ලඟ හිටියා නම් kiss එකක් දෙනවා ,Pos
background music එක නියමයි ,Pos
පිස්සු හැදෙන singing එකක් ,Pos
මුන් නපුංසකයෝ අපේ හමුදුරුවනේ ,Neg
ගයියා කොඩිත්තුවක් ගෙනවන්න ,Pos
station switch කර කර ඉද්දි ඔයාගේ talk show එක set උනොත් එතනම නවතිනවා ,Pos
build එක හොඳයි gaming channel එකේ metro studios ගාව ,Pos
BMW එකෙන් තියෙන මේ ටික හදනම් රට හදෙනවා ,Neu
අම්මේ රෙද්ද තමයි යකෝ මේ උන්ට ,Neg
coachesලා super කියන අය මේ පැත්තට ,Pos
අහ් ලස්සනයි coach කසුන්ගේ English song battle එකෙන් පස්සේ ,Pos
අනේ උඹ දඟලනවා වැඩි ,Neg
කියන්න වචන නෑ ජීවිතේ ගැන ලොකු කතාවක් ,Pos
ගොඩක් ලස්සනයි ගොඩක් ආදරෙයි ,Pos
අම්මෝ band එක ,Pos
මමත් මේ වගේ හිතාගෙන බලන්න ආසාවෙන් හිටියා ,Neu
ආදර්ශමත් චරිත ගෙනන්න කියලා ඉල්ලනවා ,Neg
අද Sunday නෑ ,Neu
හදවතින්ම ආදරයි මේ කතාව ,Pos
ගාන කියාද මේ දවස්වල ,Neu
video එක එනකම් ඉඳන් බලන් හිටියේ ,Pos
උබ නම් කොල්ල ඉන්දියා වටා තමයි හරි යන්නේ ,Pos
ඇත්තටම ගහන්න අයියාගේ චරිතය ගත යුතු දේවල් තියෙනවා ,Pos
එයාව ගන්න මගේ team එකේ ඉන්නවා ,Pos
ඔයා අයට මිත්‍රී වුණොත් ඔයාගේ ගමන සාර්ථක වෙනවා ,Neu
හනේ DDR සෑහෙන්න වටිනවා ,Pos
කොල්ලගේ කතාව නම් හොඳයි හැබැයි රාජපක්ෂලා එපා ,Neu
telegram group එකක් හදන්න please ,Pos
හරිම ලස්සනයි අක්කියෝ good luck ,Pos
මේ PC එකේ PUBG PC එක ගහන්න පුළුවන්ද ,Neu
අනිවාර්යෙන් ශ්‍රී ලංකාවේ miss ශෂිකා නිසංසලා ,Pos
මුන්ට කියන්න ඕන යටගිරියෙන් කෑගහන සිංදු ,Neg
අපේ college එකේ පොරක් නියම වැඩ්ඩෙක් ,Pos
කී පාරක් බලුවාද දන්නේ නෑ තාම බලනවා ,Pos
කොකටත් වරයක් නම් තිත්තයටත් වරයක් එවි අත්තේ කතා කරන්න මිනිසාගේ දුකේ මඩොන්නා කෙනෙක් රංජනිව දේශපාලන පළිගැනීම තමයි ,Neg
අඩුම නම් අන්තිමයි ,Neg
මොකද්ද යකෝ මේ ,Neg
business pc build එකක් හදන්න පුළුවන්ද ,Neu
පෙරූම් පුරාගන්න කියපු ලස්සන හැම තිස්සේම කනේ පිරලා තියෙන්නේ එක මාරයි ,Pos
අයියා පට්ට කතාව ඇත්තටම ඔයාගේ කෙලින් කතාව සමහරු හදවතට දාලා තනිකර බොරුව ඔයා තමයි අපේ ජනප්‍රිය හොඳම නළුවා වගේම හිත හොඳ මනුස්සයෙක් බුදු සරණයි ,Pos
ඔයාට ගොඩක් දුර යන්න පුළුවන් මට නම් song එක ලස්සනයි ,Pos
මීට වඩා බැරි අයත් තේරුණා ,Neg
ඔච්චර ගණන් දීලා හදන්නකෝ pc මං නම් second hand අරන් හදන්නේ මං නම් ඔව්වා කරන්නේ නෑ ,Neg
හරිම සුන්දරයි ඔබතුමිය respect to you sister ,Pos
මම මෙයාව දන්නෙ නෑ ඒත් ලහිරු අයියාගේ එක program එකක්වත් miss කරන නැති නිසා බලුවා බලුවට පස්සේ හිතුණා නොබලුවානම් අපරාදේ කියලා ,Pos
ආසම කරන නිහතමානි කලාකරුවෝ දෙන්නෙක් දෙන්නටම ජය hari tv එකේ program වලින් ජීවිතයට ගන්න දේ බොහෝමයි thanks ලහිරු ,Pos
කාලෙකින් අහපු දැක්ක හොඳම interview එක සහ හොඳම පුද්ගලයෝ දෙන්නා මාරයි ,Pos
මොකද්ද හුත්තෝ මේ ලැට් එක නොදකින් ,Neg
ශෂිකා madam මේකට first time buffer එක press කළා එ wisharadලාත් එහෙම කරනවා නම් ලංකාවට බුදුන්ගේම පිහිටයි ,Neu
පව් අනේ කෙල්ල අඬා උනා ඉලඟ පාර හොඳට sing කරයි කියලා හිතෙනවා congratulations ,Pos
මම ඉදන් විනෝදෙට එකතු කරනවා දැන්ට තියෙනවා ,Neu
අනේ අයියේ එක ගොඩක් වටිනවා ඒ කතා බහ ,Pos
තරුණ නායකයෙක් අපේ රටට ඕන කියලා හිතුණා නේද එකට ඕන කෙනත් ඉන්නවා රටේ ජනතාව නිවැරදි තීරණයක් අරගන්න ඕන ,Neu
මොනවා උනත් කසුන්ව තෝරගන්න තිබ්බේ ,Neu
පට්ටම පට්ට මොන දේ කළත් තියෙන තුරු ජීවිතේ ඔබම නැතුව මට එන්න බෑ වස්තුවේ ,Pos
ඇයි බලන්න ඕන හින්දා youtube එකේ හොයපු තරමක් ,Pos
අනිවාර්යෙන්ම හමුදුරුවනේ ඔවුන්ව පන්නලාම දාන්න ඕන අපි මේ පාර අපේ ඡන්දේ පාවිච්චි කරන්නේ හොඳට හිතලා ,Neu
ස්තුති ගොඩක් හොඳයි ඔබට ජේසු පිහිටයි ,Pos
million ගහමු congratulations pcguide ,Pos
වැඩ්ඩෝ වැඩියෙන් කතා කරන්නේ නෑ ,Neu
හදවතින්ම සුභ පතනවා අනුෂක ඉදිරි වැඩ සාර්ථක වෙන්න කියලා ඔයාගේ ආදර කතාවත් මගෙ ආදර කතාවත් එක වගේ අන්තිම වචන ටික මගේ හිතට ගොඩක් තදින් වැදුනා මමත් වයස කොල්ලෙක් ,Pos
අර වගේ මනුස්සයෙක් ලැබෙන්න පෙර අකුසලක් තිබිලා නිහතමානි නිළියක් ලස්සන හදවතක් ඇති අම්මා ගොඩක් ආදරෙයි තෙරුවන් සරණයි ,Pos
million build එකක් කරගන්න ඕන අයියේ ලගදිම ,Pos
හරිම ලස්සනයි මල්ලී ,Pos
අයෂ්මා තමයි මේ song එකට හොඳම performance එක දුන්නේ ,Neu
මං උබට කියන්නේ legend කෙනෙක් ,Pos
අම්මෝ ඒක නම් පිස්සුවක් ඔයි ,Pos
ඔබතුමා ආදර්ශමත් තෙරුවන් සරණයි ,Pos
අක්කාගේ voice එක හරිටම අහෙන්නේ නෑ අයියාගේ voice එකනම් කන පලෙනවා ,Neg
අද පරක්කු උනේ ඇයි අයියේ උදේ ඉඳන් බලන් හිටියේ tech sunday එනකම් ,Pos
අද රෑ උනා නේ මම හිතුවේ නැති වෙයි කියලා ,Neu
අයියා ඔයාලගේ ගෙවල් හදන්න පුළුවන්ද pc එකක් card වලට ,Neu
සඳුන් ඔයාගේ song එක නම් නියමයි හැබැයි video එක song එකට match වෙන්නේ නෑනේ ,Neu
අනේ බඩ්ඩා පට්ට වෙසි නොදකින් ගණිකාවෝ ගෙනල්ල මේකට පිස්සු වෙසි මේකි සුද්දවන්ති බඩුව වෙසි ,Neg
ඔබ අනාගත ජනාධිපති නෙවේ නමුත් මට ඇහුණා ඔබ එතුමාගේ නම කියනවා ,Neu
මං ගොඩක් ආදරේ චරිතයක් ,Pos
මොනවා නැත්තත් ගප්පියාව අමතක කරේ නෑ ,Pos
කවුරුහරි දන්න කෙනෙක් අයියාගේ number එක හොයලා දෙන්නකෝ plz ,Neu
පරබල්ල කොහෙද එටිය බල්ලද අලියද ආවාද ,Neg
පව් නේද මේ අක්කා අහිංසක මිනිස්සු ,Neu
මේ dislike කරලා තියෙන්නේ කවුද ,Neg
වැඩියෙන්ම ඉන්න කැමති තැන ජාෆ්නා ද කොළඹ ද ඒ පවුල ඉන්න තැන තමයි හොඳම තැන අනේ මන්දා පොතක පිට කවරෙන් පොත මැනින්න එපා කියලා අහලා තිබ්බට ඇත්තටම අද තමයි තේරුම් ගත්තේ සන්තෝසයි දැන් ඔයා ඉන්න තැන ගැන හදවතින්ම ,Pos
හදාපන් සින්දුවක් මට පුළුවන් සුපිරි එකක් දාන්නම් ,Pos
ලහිරු උබලා දැන් තමයි වැඩක් කරන්නේ ඉස්සර ගොන් බඩු form කර කර හිටියානේ ,Pos
මේ වගේ බඩු ඔක්කොම හොඳයිද අයියේ මං අලුත් එකක් build කරන්න ඉන්නේ ඔයාගේ video එක බලගෙන ,Pos
මෙයට සල්ලි ගිහිල්ලා තියෙන්නේත් thawhid එකට සල්ලි ගිහිල්ලා තියෙන්නේත් එකම account එකින්ලු ,Neg
අනේ ශෝක් හැමදාම පොඩි එක්කෙනා එක්ක build කරන්න ,Pos
මගේ age උබ ගැන මං අදයි දැනගත්තේ ජය වේවා බං බොක්ක මත් ටිකක් තඩි එල ,Pos
වෙන song එකක් select කරගන්න තිබ්බ කමක් නෑ ඉලඟ පාර එන්න අයියේ අනිවාර්යෙන් ,Neu
voice teen එකේ අහපු ලස්සනම සින්දුව show නැති පට්ට කොල්ලෙක් ,Pos
unlike කරන්නේ වැඩසටහන නෙමෙයි වැඩසටහනට එන කෙනාව නෙමෙයි මේ වගේ ads ,Neg
නියම video එක මේ build එකේ games ගහන්න බැරිද ,Pos
unp කියන්නේ රට කපු කාලකන්නි පක්ෂයක් සිංහල බෞද්ධයට කිසිම සහනයක් නෑ සිංහල අපි හොඳට හිතලා ඡන්දේ පාවිච්චි කරන්න ඕන ,Neu
ඉස්සර ආසම ගායකයා ආයත් එපා උනා දැන් උබට ඇයි ආදරේ මම ,Pos
අනිත් අය හැරෙන්නේ නැත්තේ කට්ටිය ගානට set වෙලා තියෙනවා ඒ team වලට ,Neu
කසුන් ඉන්න set එක මදිද ,Neu
මේ ඔක්කොම ප්‍රසිද්ධිය ලබන්න කරන ගොන් නාට්‍ය බං අපේ මෝඩ යක්කුත් ඒවට රවටෙනවා ,Neg
මුළු කතාවෙම තියෙන්නේ රාජපක්ෂලාට ගහන එක ,Neu
indian වගේ නේ බලද්දි sri lankan නේ බං පට්ට අයියේ ,Pos
ශෂිකා miss ඔයා තමයි මගේ හදවතේ ගායකාව කටහඬ භාවනාවක් වගේ ,Pos
සබ්බත් නන්දසිරි මහත්තයාම හද ,Pos
අම්මෝ ලියත් අබර ජය වේවා bro ,Pos
weni voice teen එකෙන් පස්සේ හිතට වැදුන හොඳම song එක ,Pos
අල්ල හිටියනම් බෙල්ල කපලා වලල්ල අතට දෙනවා ,Neg
කියන්නේ ගෑණුන්ගේ හැලුවා විකුණලා video හදලා සල්ලි හම්බ කරන බල්ලෙක් උ කොහොමත් දන්නේ උගේ අම්මා හරි විකුණගෙන සල්ලි හොයන්න උ දන්නේ කොහොමද ගෑණියෙක්ට ගරු කරන්න මූසලයා ,Neg
coachලා කැමති අය තමයි තෝරගන්නේ වැඩ නෙවෙයි ඉලඟ වටෙට ආපුහම බලගන්න ,Neu
බලයට ඇති කැදර කමක් මිසක් මම මේ රාජපක්ෂ වරුන්ගෙන් වෙනයම් දෙයක් දැක්කේ නෑ ,Neg
ඇත්ත ඔකට හෙන ගහනවා ,Neg
මාර කට්ට කළා තියෙන චරිතයක් ,Neu
කසුන් කල්හාර කියන්නේ ඒ කාලේ අපේ hero කෙනෙක් ,Pos
සටන් කරපල්ල කොහෙට හරි වෙලා රට හදන්න ගොඩ දාන්න පුළුවන් මහත්තුරු ටිකක් පාර්ලිමේන්තුවට යවපියව් මිනිසුනේ ,Neg
ඔයා මේ program එක හොඳට කරනවා හරිම ලස්සනයි ,Pos
මේ program එක ඔක්කොම live බලන්න දෙන්නකෝ ,Neu
නොදකින් පෝන්න වෙසියේ පුතා ,Neg
ඇයි බං උඹලා ශෂිකාගේ comment එක edit කරලා bns එක විතරක් full දාන්නේ කොච්චර හොඳ comment එකක් දුන්නද ශෂිකා සින්දුවේ මුළු background එකම කිව්වා ,Neu
ඔයා කලින් මිනිහෙක් කවදාවත් වැරදිලා නෑ ,Pos
රංජා කියන්නේ ගොන්ජා මන්ද බුද්ධිකයෙක් අඟ තිබුණට මොළේ නෑ අනිවාර්යෙන්ම ගොන්ජා සමාව ගත යුතුයි ,Neg
voice teen එකේ battle එක තරම් set නෑ ,Neg
අනිත් ඔක්කොම හොඳයි මේක හැමදාම hari tv බල බල ඉන්නේ app එකෙන් කියන එක අයින් කරලා දාන්නකෝ channel එකෙන් ,Neu
සාර්ථක මවක් වගේම ඔබ ආදර්ශමත් කාන්තාවක් අක්කේ ඔබට සියලු දෙවි පිහිටයි ,Pos
ආදිත්‍යව මතක් කරපු comment එකක් නෑනේ ඇයි බං එහෙම ,Neu
මේ පවුලේ අරෙන්න වෙන කවුරුත් නැද්ද president වෙන්නේ අනේද කියන්නේ අපේ රටේ තරම් බුරුවෝ රට හදෙයි යා ,Neg
මම කැමති ඔයා sri lankan කියුවා ,Pos
මදු මදාව හෙන බොරුව රඟපෑමක් කරනවා කලයක් ජාතිය විකුණා කලයක් දුක විකුණා දුව විකුණා අර මල්ලී ධනංජය විකුණ ගන්න බැරි උනා ,Neg
බොරුවෙන් ජීවත් වෙන උන්ට අද තැනක් නෑ ඇත්තට තැනක් නෑ ,Neg
ශෂිකා නිසංසලා නියමයි ,Pos
මුන්ට ඕන බලය විතරයි රට නෙමෙයි රනිල්ගේ පස්සේ යන්නේ ,Neg
නියම කතාව ,Pos
අන්තිමට දාපු music එක මොකක්ද දන්න කෙනෙක් ඉන්නවද ,Neu
මම පස් පාරක් බලුවා තවත් මදි ,Pos
ඔයා හරි අපි කනට අහෙන කෙනා අපි හිතන මාව ගත්ත විදිහ නතිකොට මේ ඔයාද මේ අරයා නෙද කියන දේට හෙට දොලනය වෙනවා මගේ මතය වැරදි නම් සමාවෙන්න ,Pos
මං ආසම චරිත දෙකක් ,Pos
වරකාපල කොල්ලෙක් hiru star එකේ හොඳට කිව්වනේ එකෙක්වත් හැරෙයි කියලා හිතුවා අරින්න එපා ජයවේවා ,Pos
මම හිතන්නේ කසුන් හැරුණාට පස්සේ තාත්තට ඇඩුණා ,Neu
ඔයාගේ අදහසට අපේ උදෙනම කැමතියි එත් ලොකු අවුලක් තියෙනවා ,Neu
මල්ලිත් ගොඩක් හිනා උනා නේ හරිම ආදරේ හිතෙනවා ,Pos
හරේ යට හරේ අපේ හමුදුරුවනේ මේ වගේ අවාජාතක සක්කෙලෙන්ට ඔහොම තමයි කතා කරන්න ඕන ,Pos
කෙලින් කතා කරනවා openly ,Pos
අපේ හමුදුරුව රට බල්ලට ගියත් නිහිරියක් නෑ ,Neu
පලවෙනි view එක ,Pos
නියමයි පුතා කතාව නියමයි ,Pos
අහනවනම් මෙන්න බඩු ,Pos
අනේ මට නම් හරිම දුකයි පව් හොඳේ ,Neg
busser එකට fingerprint දාන්න හොඳද ,Neu
මේච්චර serious උනේ කොහොමද හිතුවේ නෑ ,Pos
ඔයා හරිම ලස්සනට song කරා ,Pos
මේකේ coachesලා නම් සුපිරි ,Pos
නිවේදකයෙක් නැද්ද බන් sirasa එකට ,Neu
Iraj එල මචං බය නැතුව යමු ,Pos
මට නම් දුක හිතුනා ඉස්සරහට යන්න සහෝ ,Neu
තීරණ දෙකම හොඳයි ,Pos
ලෝකට පෙන්න කතා කරන්නේ බල්ලට වගේ ,Neg
මේක නම් හරිම අසාධාරණයි ,Neg
හත්වෙනි පාරටත් බැලුවා ,Pos
පිටිපලා යන දාක මගේ වටිනාකම ආදරෙයි ,Pos
Allah නෙමෙයි අපේ හමුදුරුවනේ ඉන්න තිබ්බේ ,Neu
පෙර පින්ම මතුවේවා ,Pos
එනකන් බලන් හිටියා video එකක් ,Pos
හැකියාවයි බුද්ධියයි දෙකම තියන කොල්ලෙක් ,Pos
Hiru Star නැති කරගත්තා ,Neu
වචන නෑ කියන්න මේ බලන්නේ තුන්වෙනි පාරට ,Pos
තෝ පුක දෙන්නේ නැතුව ගූ කාලා මරියන් කුමාර ,Neg
අපේ හමුදුරුවගේ කතාව රන් හා සමානයි ,Neu
අනේ අක්කි ඔයාගේ කටහඬ අහන්න ආසයි ,Pos
අයියලාගේ shop එක කොහෙද තියෙන්නේ ,Neu
ඇත්ත කතා කරන නියම ,Pos
subscribe කරපු channel වලින් quality content තියෙන එකක් ,Pos
ලංකාවේම එකක් වගේ හිතෙනවා ,Neu
නතාශා ඔයාගේ voice එක ලස්සනයි ,Pos
මට විතරද හිතෙන්නේ දිනිති stefanie ව follow කරනවා කියලා ,Neu
ලස්සන අවංක ආදිතර ගැහැණියක් ,Pos
නියමයි අයියා සුපිරි build එක ,Pos
කියලා වැඩක් නෑ නිළිය ගැන ,Neg
hair style එක හරිම කැතයි ,Neg
කසුන් අතල් දෙනවා ,Pos
විමල් ගොන්ගවංශ කියන්නේ අපේ පාර්ලිමේන්තුවේ ගොනා ,Neg
වව් නියමයි ඉන්දියාවටත් හොඳ talent එකක් වෙන්න පුළුවන් ,Pos
මේ මොන පිස්සෙක්ද ගෝටාබයට බනින්නේ ,Neg
අනේ අයියේ බයිලා නැතුව රට ගැන හිතන්න ,Neg
අඩෝ blocka උබ සුපිරි ,Pos
වස්ති අක්කා අපි අදත් හිටියා ,Pos
පොඩි හමුදුරුවනේ ඔබ වහන්සේගේ අම්මට දිගායු ලැබේවා ,Pos
හිරිවටුනා නංගියෝ ,Pos
රංජන් හොඳ මනුස්සයෙක් එත් කාලෙන් කාලෙට කතා කරනවා ,Neu
චීවරේ දාගෙන මේ සක්කිලි කරන වැඩ ,Neg
මාරම නිහතමානී කෙනෙක් ,Pos
congratulations ජනිත යමු ඉස්සරහට ,Pos
හොඳ වැඩේ රංජන් බල්ලගේ කට තල්ලලා මදි ,Neg
මං හිතන්නේ බොරු show නැති හොඳ චරිතයක් ,Pos
Ryzen එක දාපු එක අපරාදේ ,Neg
ඔයා ගොඩක් බුද්ධිමත් සුභ පැතුම් ,Pos
පරම්පරාවටම සපා වේවා හෙන හත ගහපන් ,Neg
මේ වගේ ඒවටත් unlike දාන පරයෝ ,Neg
song එක වගේම visual එකත් ලස්සනයි අක්කි ,Pos
please ayeshma shakya ගැන කතා කරාද ,Neg
ගොඩක් ලස්සනයි good luck ,Pos
අප්‍රියයි උබේ බොරු ,Neg
හරිම මිහිරි ලස්සන හඬක් ,Pos
ලහිරු ඔයා නම් පට්ට අයියේ ,Pos
අයගත් කට වහුවා රිමන් කරලා ,Neg
මේ නංගි recording එකක් වගේ කිව්වා ,Pos
battle එකෙන් coachලා තේරුම් ගන්න ඕන ,Neu
ජොගී කරත් පොර හමදේම ගැන මීටර් එකෙන් ඉන්නවා ,Pos
දක්ෂයාට කොහෙත් එකයි ,Pos
දිගටම මේ වගේ අය ගෙනන්න ,Pos
ඔයා තමයි මං ආසම නිළිය ,Pos
අනේ එයා නියමයි ,Pos
සිංදුව කාලා මේ වතුර ටික බොන්න ,Neu
හමුදුරුවනේ ඔබ වහන්සේගේ කතාව ඇත්ත ,Pos
අනේ බන් තේරුමක් නෑ ,Neg
එක මාර මොලයක් ,Pos
නොවැම්බර් එකේ මේ සිංදුව අහන කට්ටිය කො ,Pos
මං අඩුවා යකෝ ,Pos
ඔකට ඔහොම වෙලා මදි ,Neg
එක නම් මාර ලස්සනයි ඉදිරියට සුභ පැතුම් ,Pos
මේ song එක එකපාරට අහපු set එක කො ,Pos
coachලාට වෙන ඇඳුම් නැද්ද ,Neu
අපෝ වැඩක් නෑ bro මේ විදිහට ගියොත් ,Neg
පට්ටම පට්ටයි සුපිරියට කිව්වා ,Pos
එල bro කියන ටික බොක්කෙන්ම කියනවා ,Pos
මේ සිංදුවේ video එකේ match වීමක් නෑ ,Neg
හොඳ දැනුමක් තියනවා ,Pos
මන්ස් ටිකක් Sasuke වගේ නේද ,Neu
මට නම් මාර දුකයි මෙයාව තේරුම් ගත්තේ නැති එකට ,Neg
කියන්න වචන නෑ වැඩසටහන මාරම වැදගත් ,Pos
ලංකාවේ music industry එක බාරගන්න new comersලා තමයි මේ අය ,Pos
advertisement වැඩි දාලා තියෙනවා ,Neg
band එකේ උන් ටික නම් පට්ට ,Pos
සිංදුව ලස්සනයි බන් video එක ගැලපෙන්නේ නෑ ,Neu
ඔබ වැටෙන්න එපා ජය වේවා ,Pos
අයියේ pc එකක hard drive එක detected උනම මොකද කරන්නේ ,Neu
unlike කරා මොක්කුද ,Neu
unlike දාපු ගොබ්බයෝ ටිකක් ඉන්නවා නේද ,Neg
මොන මගුලක්ද ඔයි මු කියුවේ ,Neg
පට්ට කොල්ලෙක් උබ ,Pos
මේ පාර ඉන්න set එකම සුපිරි එකෙක්ට එකක් දෙවෙනි නෑ ,Pos
game ගහන්න ආසාවෙන් එත් pc එකක් නැතුව දුක් විඳින මම විතරද ,Neg
lap එක රත් වෙන එකට මොකක්ද කරන්න ඕන ,Neu
ඔබේ කතාව හැමෝටම ආදර්ශයක් thank you very much for you ,Pos
එක හොඳ දෙයක් කිව්වා tamilවත් muslimවත් නෙමෙයි problem එක chinese උන් තමයි ,Pos
ගරු කරනවා කවුරු උනත් ඇත්ත කියනවා respect ,Pos
ලස්සනයි පට්ට හිතට වැදෙනවා නතාශා අක්කේ සුපිරි දැන් තියෙන නහයෙන් අඬන ඒවාට වඩා හොඳයි voice super ,Pos
මම කැමතිම පියතුමා ,Pos
අපි ඔබත් එක්ක ,Pos
admin නැතුවත් බෑ නේ ,Neu
ඇත්තටම ගොඩක් දුක හිතුනා ,Pos
භාවනාවක් වගේ app semi final වටෙට යන්න කසුන් coach ,Pos
අරි අනේ ලමයා පොඩි කාලේ වෙන කරදරයක් කරගත්තේ මතක නැවගේ ,Neu
හරිම ලස්සන කතාව මගේ ජීවිතෙටම අහුව සුපිරිම කතාවක් ,Pos
ආසම නිවේදකයෙක් thanks ගෙනාවට ,Pos
ඔය මිනිස්සුන්ට දෝෂ කියන්න එපා ඔයාගේ ජීවිතේ අනිත් අයට විහිලුවක් කළේ ඔයයි දැන් ලංකාවට ඇවිත් කරන්න හදන්නේ එකයි ,Neg
ඇයි පිපෙන්න පරක්කු උනේ ,Neu
උබ තිබ්බ love එක තවත් වැඩි උනා බං much love ,Pos
ඔබලාට ලමයි හදන්න බැරි උනාට අපි පාලිද තොපිලට කොන්ද පණ නෑ ,Neg
අනේ හරිම ලස්සනයි අක්කි ,Pos
අහන්න ඕන හොඳම ප්‍රශ්න ටික හදලා තියෙනවා මහත්තයා එක දිගට කතා කරන වෙලාවට topic එකෙන් පිට පනින අවස්ථාවල නැවත track එකට ගන්න විදිහ නම් ඒ talent එක skill එක නියම නිවේදක ගුණය පෙන්වනවා සුභ පැතුම් ජය වේවා ,Pos
පෝන්න ගෝටාට හෙන ගහපන් ,Neg
ගොඩක් ආස කරන character එකක් good luck ධනු ,Pos
රට රකින්න රටට ආදරේ නම් ජනාධිපති වෙලා දගලන්න ඕන ජනතාවත් පෙලගස්සන්න බොරුවට youtube channel වල රඟන්න නැතුව ,Neg
අයියේ shop එක කොහෙද තියෙන්නේ ,Neu
අහන්න අහන්න ඇති වෙන්න හරිම ලස්සනයි ,Pos
ආදරේ හිතෙනවා dub එකට නම් ,Pos
අපේ කම හිතට දැනෙනවා ශෂිකා miss ,Pos
battle එක එනකන් බලන් ඉන්නේ චමිලා ගම්පොළ කොල්ලෙක් ,Pos
පට්ට ගති හිත ඇදිලා ගියා lt ,Pos
ඔබතුමියට තෙරුවන් සරණයි ,Pos
ම්ම් ආසාවෙන් බලනවා මෙයාලා වගේ අයගේ interviews well done ,Pos
භූමි ඔයා තමයි හරියටම කිව්වේ මේ සමාජේ තියෙන ඇත්තම තත්වේ ඔයා හරි ,Pos
මේවා පව් වැඩ අනේ දෙයියනේ රංජන් අයියාට නිදහස දෙන්න ,Neg
මේක පුදුම ලංකාවක් ,Neu
උ මචං සතුටුයි මල්ලියෝ life is a roller coaster ,Pos
මේ සින්දුව voice teens එකේ චූටි දෙන්නෙක් කිව්වා නේ නියමට ,Neu
යක්කෝ අන්තවාදියට අන්තවාදී නොකියවට තොපි තත්ත දේ කියන්නේ ,Neg
ඔයානම් හරිම ධෛර්යවන්තයි අක්කි ,Pos
කාන්තාවක් වශයෙන් කතා කරන්න දන්නෙත් නැති ජරාවෙන් ගැලවෙන්න හදනවා ,Neg
අනේ මෙහෙම අමුදුරුවෝ මුන් දර්මය කනවා මුන්ගේ සිවුර ගලවලා පාරට යවන්න ඕන අනේ යකෝ අමුදුරුවෝ ,Neg
ඔබ ජාතිවාදී දේශද්‍රෝහි කාන්තාවක් ,Neg
ගොඩක් හිනා උනා හැමෝටම බුදුසරණයි ,Pos
ඔයා ගොඩක් ලස්සනට sing කළා අතහරින්න එපා ඔයා තව හොඳට practice කරන්න next time යන්න වඩා හොඳ singer කෙනෙක් වෙලා nice voice wish you all the very best ,Pos
ඔව් මේක විතරයි ලෝකේ එකම සිංහල රට අපිට වෙන රටවල් නෑ ඒ නිසා රටේ අනන්‍යතාවය සිංහල නොවන හැමෝම පිළිගන්න වෙනවා ඒ අය ආරක්ෂාවෙන් ඉන්නෙත් නිදහස තියෙන්නේත් සිංහලයන් නිසා ,Pos
ඇත්ත හමුදුරුවනේ තෙරුවන් සරණයි ,Pos
අනේ මචං හත පනලා හොත බිම අනිච්චා උන් ගෙන් නැතුව තරුණ ජවයක් තියෙන පන ඇති නායකයෙක් ගෙමු බං ,Neu
bamps comment එක නිසා වෙච්ච දෙයක් ,Neu
මදුමදාව ලෝකෙටම බොරුකාරයෙක් කියලා පේනවා එයාගේ අපහසත්මක හිනාවෙන්ම ,Neg
අනේ ඔයාගේ මිනිහගේ වැරදි කියලා කියවලා යන්න එපා අක්කේ ඔයා විතරක් නෙවෙයි මගුල කඩුනේ ඔයා පන්දර දරුවා අරගෙන ආපු කතාව අපිට දැන් කතා පාඩම ,Neg
බලපන් ගරාදි පියාඹනවා වගේ සින්දු කිව්වත් ඒ හින්දා කුමාරිට ගිය කාලේ tv program වලටත් invite කරනවා නළුවකට වඩා ප්‍රසිද්ධයි ,Neg
අනේ අයියේ අනිත් කෙනත් ගන්න දිස්නා අක්කාවත් ගන්න ,Pos
කවුරු මොනවා කිව්වත් සින්දුව ලස්සනයි video එක ගැලපෙනවා තේරෙන උන්ට තේරෙයි ,Pos
කසුන් හරියට හැරෙන්න ,Neu
sir කසුන් ඔයා නම් මාරයි අනේ ,Pos
song එක නම් එල එල එල ,Pos
ඉරාජ් ඇත්ත කියනවා ,Pos
දිපානිට හොඳටම පිස්සු යකෝ උගත් මිනිස්සු මිනි මරනවාද ,Neg
ඉවර වෙනකන්ම බැලුවා නියමයි ,Pos
දැන් මවුලවිලගෙන් කලින් අවසර ගන්න ඕනලු පල්ලිය check කරනවා නම් යකෝ හොර අරක්කු අල්ලද්දි කලින් උට call කරලාද පොලීසියෙන් යන්නේ යකගේ ආණ්ඩුවක් මේක ආයුෂ නෑ මම නම් මේ ආණ්ඩුවට වෛර කරනවා ,Neg
මේ අක්කාව නායකයා කරමු please ,Neu
අපිත් sid sriram කෙනෙක් ඉන්නවා කියලා හිතුවේ මට ,Pos
උබ මගේ එකා බං ,Pos
radio එකෙන් ඇහුවා වගේ ,Pos
මොකද්ද මේ වගේ එකෙක් ගෙනාවෙ ,Neg
නිකමට බලුවේ ඇත්තටම වාසි කොල්ලෙක් ,Pos
මේ සින්දුව කිපාරක් අහුවත් ඇතිවෙන්නේ නෑ පිස්සුවෙන් තාමත් අහනවා ,Pos
කෙලින් කතාව ගොඩක් අගය කරනවා හැබැයි ,Pos
කලාකරුවෙක් කරන්න ඕන මෙක තමයි ගීතයකින් හෝ video එකකින් මිනිසුන්ට පණිවිඩයක් දෙන්න ඕන සම්ප්‍රදායිකත්වයෙන් මිදිලා වැඩ කරනවට කෙලින් කතා කරනවට මං ගොඩක් ගරු කරනවා ,Pos
ඇඟ හිරිවටෙනවා අහන ඉද්දී superb ,Pos
දැන් සන්තුෂ් අහලා button එක ඔබන්නේ ,Neu
හමුදුරුවනේ ඔකගෙන් අහන්න ඔගේ ආගම මොකක්ද කියලා ඔක දේශපාලනයට ආවම ආගමත් පාවලා දීපු පෝන්නයෙක් ,Neg
ලංකාවේ පිරිමි පොරවල් වෙනවා මොකක්හරි කට කපෙන මොනවහරි කෙල්ලෙක්ට කිව්වම ගැණුන්ට හපන් ලංකාවේ පිරිමි ,Neg
මෙතන වැරැද්ද මේ singerගේ නෙමෙයි simple song එකේ haha අයියෝ වැඩක් නෑ බං ,Neg
තෝ මෝඩයෙක් හින්දා දෙවියෝ තෝ කියන දේ අහන්නේ නෑ දෙවියෙක් නෑ බං ,Neg
මෙයට තියෙන තරහා එයාට ජනාධිපති වෙන්න chance එක දුන්නේ නැති එකයි මෙයා හැමතීසම කිව්වා ඉලඟ ජනාධිපති වෙන්නේ රෙද්දයි බනිමින් ඉන්න එකෙක් කියලා ,Neu
නාගානන්ද ඒ අර t එක්ක බලද්දි අහසයි පොළවයි වගේ ඔබගේ ඉදිරි වැඩ කටයුතු සාර්ථක වේවා තෙරුවන් සරණයි ,Pos
දෙවියන් වහන්සේ කියවොත් මුන් ඕන අපරාධයක් කරයි ,Neg
මේ set එකම superstar වෙලා ඉවරයි ,Pos
දැන් පාරක් විතර බලුවා හරිම ලස්සනයි ,Pos
අර කෙල්ලට වඩා මෙයා කොච්චර හොඳද පව් අනේ ,Neu
හෙන ගහනවා නේ අරගෙන පිස්සු නටනවට ,Neg
මු කලූතරටවත් වැඩක් කරපු එකෙක්ද බං උබට වෙන්නෙත් මහින්ද සමරසිංහට වෙච්චදේම තමයි ,Neg
ඔය මත් ඔයාගේ වයසට කිට්ටුයි මත් israel ඉන්නේ රටේ ජීවිතේ කොච්චර දුක්බරද කියලා දන්නේ ඒ අය විතරයි ,Neu
අපේ හමුදුරුවනි ඔබ වහන්සේ කෙලින් කියන්න තියෙන දේ කියන නිසා මේ කුහක මිනිස්සු බලන් ඇති ඔබ වහන්සේටත් බෝම්බ ගහන්න ඔබ වහන්සේට තෙරුවන් සරණයි ,Neu
අම්මෝ අක්කේ ඔයාට ආදරෙයි පලන්න අර පෝන්නයගෙන් අයින් උන එක ගොඩක් හොඳයි උම්මා ,Pos
අපරාදේ කසුන් ඇයි ඔයා හැරුණේ නැත්තේ මම බලගෙන හිටියේ ඔයා දෙන් හැරෙයි කියලා අපරාදේ ඔයා අහිමි කරගත්තා වටිනා කෙනෙක් ,Neg
අලා විරාජ් අලා උනා attack කතාකරලා ,Pos
මු කොල්ලෝ ජරයෙක්ද නපුංසකයෙක්ද ,Neu
අපිත් radio අහන්න පුරුදු උනේ අර නිසා good job ,Pos
අනේ තෝ කියන හැම කුප්ප කතාවක්ම ඔප්පු කරන්න ඉත්තෝ කියලා හිතුවද තෝ කියන ඒවා තෝ ඔප්පු කරපන් එතකොට එහෙම නැත්නම් නෑ කියලා ඔප්පු කරයි ගොන් ආතල් දෙන්න එපා ,Neg
ලහිරු අයියේ ජීවන් කුමාරතුංග sir ව ගෙන්න පුළුවන්ද ,Neu
කෙල්ලගේ youtube channel එක මොකද්ද බං ,Neu
හරිට සිල්වත් හමුදුරුවරු කෝප වෙන්නේ නෑ ,Neg
උමාරියා කෝර තියෙන ඉරිසියාවට හැරුණේත් නෑ මොකුත් කිව්වෙත් නෑ ,Neg
ඇයි සිවතුරන් bro bns යන්න එපා කියද්දිත් කසුන්ව choose කරේ ,Neu
ජේසු පිහිටයි ඔබතුමාට ,Pos
ලස්සනයි good luck අක්කි ,Pos
thank you අයියේ මේක ගොඩක් වටිනවා ,Pos
unlike දාපු සේරම කිසිම ජාතියක් නැති කලවන් උන් අපේ හමුදුරුවනේ ,Neg
ඔය music එකේ නම මොකක්ද අයියේ ,Pos
ඔයා කියන තරම් විදිහට දේශයට ආදරේ කරන කෙනෙක් ආවොත් හොඳයි නැත්නම් පචචා ,Neu
ඇත්තටම මෙයා හරිම හොඳ කෙනෙක් කතාව හරිම වැදගත් ,Pos
ඒ කාලේ ඉඳන්ම Wasthi video බලනවා ,Pos
ඔයාට ගැලපෙන්නේ සමාජවාදී දේශපාලනයයි අයියේ ,Pos
ඇත්තමයි මම සතුටුයි ඔයා ගැන ජය වේවා ,Pos
අයියේ description එකේ gain කියලා දාලා තියෙන්නේ ,Neu
මහානීය චරිත තමයි ගැණවිය යුතු කට්ටියට සෑමවිටම ආදර්ශයක් ,Pos
මේ වේශ මාරු කරලා මොකෝ මිනිස්සු සිංදු කියන්න එන්නේ විහිලුවක් ,Pos
video එක සම්පූර්ණයෙන් බලලා බනින කුහක කට්ටියක් ඉන්නවා ලංකාවේ ,Neg
band එකට ගහන්න බැරි genre එකක් ඇත්තේම නැද්ද ,Neu
රාජන් ඉක්මනින් ආයෙත් එන්න ලැබේවා ,Pos
අපේ අය සිංහල කතා කරන්නේ වචන දෙකයි English වචන ටිකයි දානවා ,Pos
ඔක්කොම ඔයා phone මගුල නිසයි ,Neg
ඔබ වහන්සේ හරි ඇත්ත කතා කරනවා අපේ රටට අපි ආදරෙයි ,Pos
සිංදුවේ වේගය කොහොමද පදිල්ල අයියේ ,Neu
මෙච්චර views තියෙද්දි Hiru Star trending උනේ කියන එක ,Neu
දැම්ම ගමන් ආවා වගේ ,Pos
පේන හැටියට brand එක හොඳයි ,Pos
හරිම ආසාවෙන් මුල ඉඳන් අගටම බැලුවා ,Pos
ඔක්කොම එක එක comment දාලා තියෙනවා ,Neu
ලස්සනයි කතාව ඔබයි දේශපාලනයට එන්න තිබ්බේ ,Pos
අපිටත් PC එකක් හදාගන්න තිබ්බානම් ,Neg
එකනම් ඇත්තටම පට්ට ලස්සනයි මේ boy ,Pos
පාරකට වඩා ඇහුවා තාමත් අහනවා ,Pos
එකෙන්ම කෙලින් කතා කරනවා ,Pos
පලවෙනි වතාවට සිංදුව අහන ,Neu
සිය පාරක් විතර බැලුවා ඔයි ,Pos
මට ආසම නිවේදකයෙක් ,Neu
මම ගොඩක් ආඩම්බර වෙනවා නෙහාරා ගැන ,Pos
රංජන් රාමනායක කියන්නේ රටේ සම්පතක් ,Pos
තොපිට හන ගහනවා යකෝ ,Neg
පස්සේ කියන එක ලස්සනයි ,Pos
අනේ පලයන් යන්න ,Neg
අනේ මේ පලි ගැනීම කවදා ඉවර වෙයිද ,Neg
අයියේ giveaway එකක් දෙන්න බැ ,Neu
අපිටත් සල්ලි තිබ්බානම් ගන්න තිබ්බා ,Neg
සංජීවනි teacher ඔයා ලස්සනයි ,Pos
මාර ලස්සනයි නංගි ඔයාට හොඳ future එකක් තියෙනවා ,Pos
ඔයාට වරදිනේ නෑ අක්කියෝ ,Pos
මේක නම් නියමයි සුපිරි කියන්න වචන නෑ ,Pos
මේ රටේ නීතියක් නෑ හමුදුරුවනේ ,Neg
නියම කතාව වැල්ගම ඔයා නම් නියමයි ,Pos
කාගේ දරුවෝද හුත්ත මේ ,Neg
hari tv මදිං පැනින්න එපා ,Neg
ගොඩක් හොඳ අම්මා කෙනෙක් ,Pos
price එක කොහොමද අයියේ full build එකට ,Neu
video එකක් එනකම් බලන් හිටියේ ,Pos
අම්මා නිළියක් වෙන්න ඕන නෑ හොඳ අම්මා වෙන්න ඕන ,Neu
මු යන්නේ නැති තැනක් නෑ ,Neg
අද තමයි ගොඩක් දේවල් ගැන දැනගත්තේ ,Neu
අම්බෝ මේකේ සුපිරි ,Pos
සිංදුවට වඩා පට්ට මුලින් ගිය ad එක ,Neg
review Sri Lanka ගැන කිව්වේ නෑනේ ,Neg
මේ වෙසක් එකට මම තමයි බෝම්බ ගහන්නේ ,Neg
ඔයා බොරු voice වලට නොයන්න ,Neg
coach ශෂිකගේ සම්පූර්ණ comment එකම දාලා නෑ ,Neu
Muslim උන් වැඩකරන දෙමළු නටවන නායකයෙක් ඕන ගෝටා තමයි හොඳම ,Pos
හොරු අතරේ හොඳම හොරයා තමයි ,Neg
දැන් උබලට සපද තම්බි burka තහනම් කරපු එකට ,Neg
hair style එකට මං ආසයි ,Pos
මෙයා හරිම බුද්ධිමත් ,Pos
සුදු බණ්ඩා අයියා පුළුවන් නම් අපේ රටේ හරක්ගේ ඔලු හොදලා දෙන්න ,Neg
Microsoft Mesh කියන්නේ මොකක්ද ,Neu
එකෙන්ම සිරා කතාව ,Pos
වැඩසටහන YouTube එකේ දැක්ක ,Pos
ඔහොම කියන වැල්ගම ගෝටා දිනුවට පස්සේ බලමු ,Neu
මුව පෙන්න්න බැ මට ලොකු dial එකක් වගේ ,Neg
මට නම් voice එක fall එකක් ,Neg
skip නොකර බලපු එකම video එක ,Pos
ජය වේවා අයියේ ජය ගමු ,Pos
සුදුසු ගෝටාබය රාජපක්ෂ පමණයි ,Neu
බුද්ධිමත් රූමත් උගත් ශක්තිමත් චරිතයක් ,Pos
හොඳ දැනුමක් තියෙනවා ,Pos
good luck ආදිත්‍ය පුතේ අපි ඉතාලියෙන් ,Pos
කවුද මේ සිංදුව දාපු එකා ,Neg
ඇත්තම කිව්වොත් පට්ට ,Pos
කිසිම ගැමක් නැතුවම කිව්වා ,Pos
alien scene එකේ ඉන්නේ set එක ,Neu
English song එකක් කිව්වනම් ,Neu
මං ආසයි ගොඩක් බුමි අක්කට ,Pos
සුපිරි චරිතයක් blocks ,Pos
මේ සතිශ දෙවෙනි ඉනිමේ අක්ෂා රොෂෙල් වගේ නේද ,Pos
පට්ට අනේ දෙන්නම ,Pos
ඔබ වහන්සේ ඇත්ත කතා කරනවා ,Neg
යොහානි මොකද මේකේ කරන්නේ ,Neu
අපේ රටේ ඉන්නවා වගේ හරක් ටිකක් මේ ලෝකේ කොහෙවත් නෑ ,Neg
මොකද බන් මේ නිවේදකයා ,Neg
ස්තුති කරන්න ඕන මේ ගැහැණියට ,Pos
ආසම නිවේදකයෙක් ,Pos
කියවෙන පාර දන්නේ නෑ මම බලන්නේ ,Pos
visual එක තිබ්බත් audio එක හොඳයි ,Pos
දුවට තියෙන ආදරේ අම්මා ,Pos
මේ සිංදුව හරි ලස්සනයි ,Pos
මාරම ලස්සන voice එකක් ,Pos
අනේ පොඩි pc guideත් ඉන්නවා ,Pos
ටිකක් හම්බවෙලා කතා කරන්න තියනවානම් ,Pos
කොච්චර බැලුවත් එපා වෙන්නේ නෑ ,Pos
ලහිරු ඔයාගේ වැඩසටහන හොඳයි ,Neu
කසුන් ඉන්නවද මේ judge board එකේ ,Neu
මම ආසම චරිතයක් ,Pos
නියමයි අයියා thanks ඔයා කියලා දෙන දේවල් වලට ,Pos
ශෂිකා වගේම ඒ ලමයාත් මරු wow හරිම ලස්සනයි ,Pos
පොලිස් uniform එකට චාටර් කරන්න එපා උබේ අම්ම ගනින් ඔකට තොපි තමයි ලංකාව කන්නේ ,Neg
සුපිරි කොල්ලෙක් ජය වේවා ,Pos
මුන්ගේ set එකම එක වගේ ගොඨයෝ ටිකක් ඒ නිසා අපිට නම් උබලා set එකම පිළිකුලයි ,Neg
coach ශෂිකා හරිම විනීතයි අනෙත් අයට වඩා ,Pos
ඇත්තටම හරිම ලස්සනයි කතාව අහන්න ඉන්න ආසයි ,Pos
අයියේ හදක් නගන්න රට වෙනුවෙන් ,Pos
redmi customer care එක නම් අන්තිමයි colpetty වල තියෙන ,Neg
ආසම radio එක දුක හිතුනා සතුටුයි තමා ,Pos
සරලව අපිට අපේකම හා සංහිඳියාව ගැන හොඳ දෙයක් කිව්වා ඔබට සුභ අනාගතයක් හිත හොඳ කොල්ලෙක් ,Pos
දැන් ඔබතුමාවත් හෙර දමන්නේ මේ ආණ්ඩුව උන්ට හෙනම ගහනවා මනුස්සයාට කරන වැඩ හෙන තොපෙට පණුවෝ ගහලා මරන්න බලපෑය ,Neg
start එක කරගෙන යනවා පස්සේ වැඩසටහන් කරනවා අවුලක් නෑ හොඳයි මොනවා උනත් smart පොරක් ,Pos
මෙච්චර කාලයකට අහපු ලස්සනම interview එක මේකට voice විතරක් තිබ්බනම් හොඳයි කියලා හිතුනා ,Pos
මෙයත් නියම නළුවෙක් තමයි ලංකාවේ නීතිය සෙවොත්ම එකයි සමහරු කරපු වැඩ තමයි රංජා කියන්නේ ,Neg
උබට වඩා කාන්තාවෝ මේ ලංකාවේ දේශපාලනය කරලා තියෙනවා අපේ සිරිමාවෝ මැතිනිය කොයි තරම් හොඳට දේශපාලනය කරාද උබලා අපේ රට කෑවා නොදකින් තොපි ,Neg
එයාට නම් ආදරෙත් හිතුනා ,Pos
මිනිස්සු දැන්වත් හිතන්න අපේ මහ එවුන් ටික අපේ දරුවන්ව බිලි දෙනවා සක්කිලි හෙත්ත එලවමු ,Neg
interesting තව ටිකක් video එක බලන්න තිබුණා නම් කියලා හිතුනා ,Pos
ප්‍ර ගෝටා පාර සක්කිලි රාජපක්ෂලා හෙනම ගහනවා උන්ට පාර හතයි ,Neg
තව තව ලෝකයේ ඔබ වජබේවා කවදා හරි මගේ ඇස් ඉදිරිපිට ඔබතුමිය දැකගන්න ලැබුණොත් ඔයාට මම කකුල් දෙක අල්ලලා වදිනවා අම්මා පල්ලයි ,Pos
මාරම මාරම සුපිරි අයියා all the best ,Pos
හිතපු තරම් ලස්සන මදි ram එකටයි cooling එකටයි casing එක match වෙන්නේ නෑ ඔච්චර ගානක් වියදම් කරපු එක liquid cooling system එකක් ගහන්න තිබ්බා අපරාදයි ,Neg
අර කොතනද vocally or visually we are there ,Pos
ඔබතුමාගේ වැඩසටහන් මම බලනවා ඉතාමත් අගය කරමි ජීවිතය ඇත්ත වශයෙන්ම වෙනස් වෙනවා ඒ වගේම ඔබට තවත් දෙවියන් වහන්සේගේ ශක්තිය දහිරිය ලැබේවා ඔබටත් thanks god bless you ,Pos
පොහොට්ටුවට ගියා නම් මෙතුමා වීරයෙක් නැත්තම් රට පාවා දාන එකෙක් ,Neu
අයියේ මෙතන වැරදිලා rtx එකට gtx කියලා කියන්නේ ඔයා ,Neg
මේ කරපු හෙන හතක් ගහන වැඩේට එකතු උනු බල්ලු හතිකාරෙම හැදි ගා වෙලා යන්න ඕන පව් යකෝ මේ දේවල් කරන්න හොඳ නෑ ,Neg
ශතිෂා ශෂිකා නියමයි ශතිෂා ඔයාට සුභ පතනවා ආදරෙයි ගොඩාක් ,Pos
පිස්සුවෙන් වගේ තවමත් අහනවා පපුවටම වැදෙනවා එක පට්ට හැකියාවක් එකනොව ,Pos
දැන් ඔයා රට හදනවා කියලා ආවා එව්න් හදලා ගියේ ලස්සනට ,Neg
මේකට මේ දාලා තියෙන music එක අයින් කරන්න කොහොමද අහගෙන ඉන්නෙ ,Neg
පෙන්න්න බැරි කෙනෙක් අලි ඔලුව එයාට වඩා කෙනෙක් නෑ වගේ ඉන්නේ husbandට කිසි ගරුත්වයක් නැති කෙනෙක් ,Neg
පල පල පෝන්නයා එක තමයි පළවෙනි අන්තවාදියා ,Neg
මු සිරාවටම කලක් ගහල ආවෙලා තියෙන්නේ dance එක ,Neu
කතාවෙන් තේරෙනවා සමාජය ගැන හොඳම අවබෝධයක් තියෙන පුද්ගලයෙක් බව ජය වේවා ,Pos
අයියා මහසොන් බලකාය තමා තියෙනවාද අපිත් ඕන දෙකට එනවා ,Pos
ඔන්න st view එක මගෙන් ,Pos
අම්මෝ මේ song එක අහුවම පිස්සු හැදෙනවා ,Pos
යකුනේ ලැජ්ජාවෙන්න මේ ගෑණිගේ video විකුණගෙන කනවට ,Neg
wow what a voice පරණ මතකයන් ගොඩක් අරන් ගියා අක්කි ඔයාගේ voice එක ,Pos
අම්මෝ කසුන්ගේ මනමාල හිනාව ,Pos
original song එකෙන් පස්සේ අහුව ලස්සනම එක මේක ,Pos
පොහොට්ටුවේ උන්ගේ කීමට තමයි මේ ආණ්ඩුව ආවෙ අවුරුද්දෙන් රංජන් අවුරුදු ගණනකට හිරේ දැම්මේ රංජන්ගේ කට වහන්න මේ තීරණය දෙන උන්ගේ දරු පරම්පරාවලට උන්ට පවා පටිසන් දෙන්න ඕන ,Neg
අයියා මේකේ monitor keyboard mouse ඇතුළු කීයද වෙන්නේ ,Neu
අනේ මේ යකා ලංකාවේ නෙමේ වෙන්න ඇති ගෝටා එන්න ඉස්සෙල්ල උන්නේ ,Neg
coach කසුන්ගේ voice එකට ගොඩක් සමානයි අනේ හරිම ලස්සනයි ,Pos
මෙච්චර ads දාන්න එපා යකෝ එපා වෙනවා ,Neg
ඇත්ත අපේ හමුදුරුවනේ උ නළු බට්ටෙක් වගේ හැසිරෙන්නේ දැන් උන්ට ආගමක් තියෙන්න අපේ හමුදුරුවනේ අවසානයේ සපයි උන්ට ,Neg
නිහතමානි නිදහස් අදහස් ,Pos
ආදරණීය මවක් ඔබතුමිය ,Pos
ම්ම් ආසම ඒ හිනාවට ,Pos
රංජන්ට කරපු අපරාදෙට කරපු උන්ට හෙනම ගහනවා ඔබතුමට ස්තූතියි රංජන් ගැන කතා කළට පලි ගැනීම මේවා රංජන් ඔබතුමට බුදු සරණයි ,Neg
උමාරියා හැරෙන්න කලින් කසුන්ගෙන් අහන්නේ ,Neu
වැඩ්ඩෙක් no words to say ,Pos
උත්තර නම් මරු ඇත්තම ගින්දර වගේ මරු අක්කි ,Pos
හරිම සතුටුයි මේ වගේ දක්ෂයෝ ලංකාවේ ඉන්න එක ගැන හරිම ආඩම්බරයි ,Pos
මුහුණේ තියෙන්නේ තණහාවක තරම ,Neg
රංජන් පුක නොදී ඉඳපන් කෙරිය ,Neg
ඔබගේ චරිතය හොඳයිද ඔබයි උන්ගයි කිසිම වෙනසක් නෑ ,Neg
ගොන් මන්ද බුද්ධික රටක් ,Neg
unlike කරපු උන් තමයි අපිට කෙලවන උන් ,Neg
beautiful song එක guitar එක play කරපු විදිහත් නියමයි ,Pos
ඔයාට පොඩි හමුදුරුවෝ වටිනාකමක් දුන්නා ,Neu
අනේ පලයන් බං නෙහාරා අක්කා උබ බබා එකෙන්ම injection ගහලා තමයි උබ සුදු වෙලා ඉන්නේ ,Neg
comment වලට like දාන්නේ ඇයිද ,Pos
කීපාරක් නම් බලුවාද අපාවෙන්නෙ නෑ ,Pos
ආයෙත් වස්ති අයියාව ගෙනන්න ,Pos
මගේ mac එකේ screen එක වැඩ නෑ contact කරගන්න විදිහක් නැද්ද pc guide ,Neu
හරිම ලස්සනයි well done ,Pos
පිස්සෙක් ගොන්නෙක් පණ්ඩිතෙක් අහංකාර බල්ලෙක් ,Neg
හැමෝටම එකම comment එක දාලා කම්මැලිකම එතනත් adminගේ ,Neg
international යන්න පුළුවන් voice ටිකක් තියෙනවා ,Pos
ඔබතුමියට සහ දුවට තෙරුවන් සරණයි ,Pos
මම බලපු දෙවනි video එක ඔයා ලංකාවේ සමාජයට වටිනාකමක් දෙන කෙනෙක් ඔයාට සුභ පතනවා ,Pos
අයියේ මට gaming machine එකක් හදාගන්න ඕන ,Neu
කාද මේ චී මේහෙම අය එක්ක මිනිස්සු යනවද අප්පා චී ,Neg
මුගේ ඒවා ඉස්සරහට trending එන scene එකක් තියෙනවා ,Pos
භූමි ආදරෙයි අපි ඔබට ගරු කරනවා ,Pos
සංසාරෙන් සංසාරයට ගෙනියන දක්ෂතාවයක් ජය වේවා ,Pos
ඔයා කියපු කතා හරි ,Pos
band එකත් චුට්ටක් පෙන්නන්නද ,Neu
හරිම මිහිරි කටහඬක් තියෙන්නේ ,Pos
ඔබතුමාගේ කෙලින් කතාවට මම හරි කැමති ,Pos
hi mick well done i am very happy and very proud of you බොහොම පින් thanks hari tv sri lankans should follow that ,Pos
hiru star ආවා වගේ මතකයි ,Neu
අනේ බං හිතන් මේට වඩා බණ කියලා ආවේ හැම පකයම එකයි ,Neg
අන්තිම ටිකට නම් ඇදුනා කඳුළු ආවෙ නැති එක විතරයි ,Pos
මේ ගෑණු හොඳ ගෑණු නෙමෙයි මොකද රට යන්න ඔක්කොම ගෑණු වැස්සම් කරනවා කියලා මේ කියන්නේ මොංගල් ,Neg
pc එහෙම මිලදී ගන්න පුළුවන්ද ඔයාලගෙන් ,Neu
මු පාරේ වෙසියේ පුතා මු හදට rocket අරල මහජනයගේ සල්ලි විනාශ කළා ,Neg
හැරෙනකොටම බුහ් කියන්න තිබ්බේ ,Neu
ආඩම්බරයි ඇත්තටම ආඩම්බරයි සමහර ලොකු ලොකු english කතා කරන සිංහලයන්ට වඩා ගොඩක් හොඳයි ,Pos
කිසිම තේරුමක් නැති කිසිම රසයක් නැති හරයක් නැති මල ජරාව හෙළුවා market කරලා කරනවා disgusting sad ,Neg
මං ඔයාගේ දිය සුළිය බලුවා එක ලස්සන රඟ පෑමට මං තාමත් ආදරෙයි ඔයා ඉතාම හොඳ පොලවේ පාය ගහලා එන්න කෙනෙක් ,Pos
මේක video editing වලට හරිද ,Neu
ආයෙත් උබට හංගන්න දෙයක් නෑ හංගපු සේරම මුලු ලෝකෙම දැනගත්තා back side baba ඔයා පව් ,Neg
අයියා කිව්වේ hari tv channel ඇවිත් youtube කවලා මහන්සි වෙලා ගොඩ එන්න හිතන් වැඩ කරන කෙනාට තැනක් නැති උනා ,Neu
කවුද ඒ බල්ලට ගහපු කරි බල්ල ,Neg
පටන් ගන්නකොටම ගොඩක් උච්ච ස්වරයෙන් උනු නිසා අඩුපාඩු උනා මම හිතන්නේ සහ තව ටිකක් soft උනානම් ලස්සනයි ටිකක් අමුයි වගේ voice එක එත් හොඳ උත්සාහයක් ,Neg
coach කසුන් නිසා trending වෙයි කියන අය කොයි බලන්න ,Pos
redmi එකට emui update එක ආවාද ,Neu
මේකයි මෙයාගේ ඒවා විතරයි සංස්කරණය කරලා තියෙන්නේ ,Neg
ජව සම්පන්න කො තමා ජවය පෙන්නලා නෑ ,Neg
ඇත්තටම ලස්සනයි great program ,Pos
අනිවාර්යෙන්ම අපේ හමුදුරුවනේ ,Neu
AMD වල cores threads වැඩි නේ ඇයි Intel තෝර ගත්තේ ,Neu
අනේ මෙහෙමත් තිරිසන් ගෑණු ,Neg
මම school යන කාලේ bomb blast අහලා තමයි යන්නේ ,Pos
ලියත්ඹර song එක නම් පට්ට ,Pos
මං මේ Hari TV program එකක් බලුවා ,Pos
ඔයා නම් ෂෝක් අක්කි ,Pos
අනේ බබා දැන් තූ විතරක් ,Neg
කෙනෙකුට මඩ ගහන්නේ එර්ෂ්‍යාවට ,Pos
මම ආස කරන song එකක් වගේම singer කෙනෙක් ,Pos
ඔබ වහන්සේට බුදුසරණයි ,Pos
පිස්සොන්ගේ රට හැමෝම ගොබ්බෙක් පාලනයට ගෙනෙනවා ,Neg
මේ මොන හුට්ටෙක්ද ,Neg
අඩෝ පට්ට නේ මේක trending ගමු ,Pos
ඔබ හරි අපුරු මනුස්සයෙක් මහත්මයා ,Pos
අයියෝ අයියා මොකක්ද මේ visual එක ,Neg
පට්ට මේ වගේ build එකක් කරන්න ආසයි ,Pos
Google map එකක් බලන්න බැ ,Neg
අර්ජුන රුකන්තා අයියාද මගේ ආසම ගායකයා ,Pos
අයගේ කොණ්ඩේ ලස්සනයි ,Pos
මේ පාර එන්න ජැජ්ලා කට්ටියන් සුපිරි ,Pos
සිය වගේ ඔබත් ඉදිරියට දේශපාලනයට එන්න ,Neu
Iraj එල කොල්ලෙක් කියලා හිතෙනවා ,Pos
සුපිරි එල එල හොදියේ ,Pos
voice එක කසුන්ගෙන් ආවෙ නැත්නම් ,Pos
නියමයි හැමදාම happy එකේ ඉන්න ඕන ,Pos
නියමයි අහන් ඉන්න ආස හිතුනා ,Pos
Hiru Star තව ආව නෑ මෙයා ලස්සනට කියවා ,Neu
coachලාගේ hair style ටික කොහොමද ,Neu
අයියේ මට rog build එකට parts වල price දැනගන්න පුළුවන්ද ,Neu
ඔබතුමාට පමණයි අපේ මවුබිම බේරගන්න පුළුවන් ,Pos
අක්කි මං ගොඩක් ආසයි ඔයාට ,Pos
හැමෝම ආදරේ කරන කෙනෙක් වෙන්න වාසනාවන්තයි ,Pos
මට කතාකරන කෙනාගේ number එක අවශ්‍යයි ,Neu
හොඳටම කිව්වා මේට වඩා out pitch sing කරපු අයට ,Neg
හරි සිංහල වචන ටික කටට හුරුයි ,Neu
ජීවිතේ ලොකු දැනුමක් හම්බ උනා thanks අයියේ ,Pos
මෙයා Hiru Star එකේ කලින් හිටියා වගේ මතකයි ,Neu
ඇත්ත ඇති සතින් කතා කල විවාහය ගැහැණියකට අත්‍යවශ්‍යයි ,Pos
coach කසුන් click කරද්දී හිනා උනා ,Pos
අපේ රටේ තවත් දක්ෂ නිළියක් ,Pos
අපේ ශ්‍රියා ගෝෂාල් ශෂිකා miss තමයි ,Pos
ජනගහනයේ විනාශයේ ආරම්භය අධර්මය ,Neu
brother මට ඔයාව contact කරගන්න පුළුවන්ද ,Pos
Redmi එකේ signal අවුලක් තියෙනවද අයියේ ,Neu
ඔයා කිසිදා පාඩමක් ඉගෙන ගන්නෙ නෑ ,Neg
අනේ නියමයි best ශෂිකා දෙන්නම දක්ෂයි ,Pos
දැන් ඉන්න හමුදුරුවන්ට කරුණාවත් නෑ ,Neg
අනික් battle වල steal chance නැද්ද ,Neu
මුන් කරන්නේ සල්ලි හොයන එක විතරයි ,Neg
ආඩම්බරයි බන් නුවර ගැන සිංහලකම ගැන ,Pos
පට්ටම video එක නියමයි ,Pos
රොහිත දිගු ගමනක් යන්න සුභ පැතුම් ,Pos
අපේ හමුදුරුවෝ කියන කතාව හරි ,Pos
ලහිරු නියමයි වැඩේ ,Pos
ලහිරු ඔයා රත්තරන් කෙනෙක් ,Pos
මේ channel එකේ interview එක ඉවර වෙනකම් බැලුවා ,Pos
සිංදුවට set visual එකක් දැක්ක කාලෙකින් ,Pos
නෙහාරා ලහිරුට සල්ලි දීලා program එකට ආව වගේ ,Neg
ගන්න හිතුනා ගාන වැඩි නිසා අත අරලා දැම්මා ,Neu
Wasthi නැත්තම් අද productions එන්න කාලයක් යනවා ,Pos
ඔයා ඔයාගේ අම්මට ආදරේ නම් cigarette බොන එක නවත්තන්න ,Neg
වැඩසටහනේ නමට සිංහල නමක් දාන්න ,Neg
ගෙන මාර ආදරයක් හිතෙනවා හොඳ inspiration එකක් ,Pos
අනේ ලස්සන නංගි කෙනෙක් ,Pos
Garfield ඔයා හොර ගෙඩිය ,Neu
ඇත්තටම ලස්සන song එකක් ,Pos
good boy පට්ට පොරක් ,Pos
මෙයා කතා කරන දේවල් අහන්න ගොඩක් ආසයි ,Pos
අයියේ poco x එකත් video එකක් කරන්න ,Neu
song ලස්සනයි අයියේ එත් video නම් අවුල් ,Neu
Chanux bro පව් බන් ,Neg
Sadun අයියා ඔයා මොන හුට්ටක්ද කරේ ,Neg
අම්මියෝ මේයාගේ වචන වල තියෙන ගැඩ ,Neg
වෙන කිසිම අවුලක් නෑ සුපිරි phone එකක් ,Pos
මම Christian එත් කාටවත් තරහ නෑ ,Pos
මේ දවස්වල laptop එක plug කරලා තියන්න හොඳද ,Neu
වහල්ගේ රට පුදුම කඩේ යීමක් ,Neg
මේකි මහ මුඩුක්කු අම්මන්ඩි කෙනෙක් ,Neg
අයියා ආදරෙයි ගොඩක් ,Pos
අනේ බොරු නොකියා ඉන්න ,Neg
අනේ තෝගේ ගොන් joke පලයන් බන් ,Neg
දවසක මං මේ වගේ කතාවක් මගේ audience එකට කියනවා ,Pos
බලු වැඩ කරන්න එපා ,Neg
අයියේ සිංදුව අහලා comments බැලුවේ ,Pos
කසුන් අද ගහල බන් ඉන්නේ ,Neu
ඒ දවස්වල බනිනවා මූ ,Neg
කවදාවත් කතාවට රවටෙන්න එපා සිංහලයිනි ,Neu
මොන උනත් හොඳ පුතා කෙනෙක් ජය වේවා ,Pos
ගොඩක් හොඳ මහත්මයෙක් බොහොම හොඳ වැඩසටහනක් ,Pos
මං බලලා හරි trending ගෙනාවා ,Pos
ගම්මක් එකෙන්ම bullet එකක් ,Pos
කසුන් අතල් එකක් ගත්ත වගේ ,Neg
අම්බෝ මගේ හීනෙකවත් නෑ ,Neu
හිතෙනවා අපරාදේ කියලා මේක බැලුවේ ,Neg
gaming build එකක් හදන්න කීය වියදම් වෙයිද ,Neu
ගොන් රංජා රංජන් චීතයෙක් ,Neg
voice එකට match වෙනවා song එක ,Pos
ඇපි එකක් ගන්න ගමක් දෙනකොට මෙන්න මෙයා ,Neg
කොයි දැන් තොගේ කට ,Neg
වස්ති පට්ට good luck ,Pos
සමන් අයියාගේ ඒ අලංකාර ටික හොඳටම තියෙනවා ලස්සනයි තිවුර backing පට්ට ,Pos
කොහොමත් ඔයාගේ අන්තිම දේශපාලනය තමයි මේ ගෙවෙන්නේ බබා ඔයාටත් ගෙදරට වෙලා ඉන්න පුළුවන් ලබන පාර මැතිවරණයෙන් පස්සේ ,Neg
කොච්චර ලස්සන දෙයක්ද මේක සිංහල භාෂාව නැති වෙන්න දෙයක් බැ කියලා හිතෙනවා ,Pos
ගොනජාට පිස්සු හමුදුරුවන් මැයලා යවන කාලය ලඟයි ,Neg
මේකට මොකක් හරි ඉක්මනට ගන්න ඕන ආරම්භෙ හදාගන්න ඕන ,Neu
යකෝ admin කෙල්ලේ තමා වැඩද බං අවේලාවේ මතක් වෙන්නේ video දාන්න ,Neg
අයියේ පොඩි කාලේ ඉඳලා tv එකේ දැක්ක පට්ට චරිතයක් තමයි ඔයා පුළුවන් නම් අයියාගේ ජීවිතේ ගැන video එකක් කරන්න කොහොමද tv එකට ආවේ සහ අද ඉන්න තැනට එනකල් ,Pos
රාජපක්ෂේ පවුලේ උන්ට ඇයි කවුද ජනාධිපතිකම දෙන්නේ ,Neg
අනේ හරි ලස්සනයි ඒ හිනාව දුක් විඳලා උඩට ආපු මනුස්සයෙක් ආදරේ හිතෙනවා ,Pos
බම්බුව තමායි කටවෙන් කවුරුත් වැඩ්ඩෝ කරලා පෙන්නන්න කියමුකෝ බොරදියේ මාළු බන්න කවුරුත් දන්නවා ,Neg
මූව කවුද උස්සන්නේ ,Neg
අපි කොහොමද අයියේ ඔයාලගේ වැඩ වලට සම්බන්ධ වෙන්නේ ,Pos
phone ගැනත් මෙහෙම video එකක් කරන්න ,Neu
රංජා වෙඩුවට වඩා හොඳයි රිව්ව නම් කාලකන්නියා ,Neg
ජීවිතය කියන්නේ අනිත් කාටවත් කරදරයක් නැතුව ජීවත් වෙන එක ,Neu
කොච්චර හොඳ තැනකට ආවත් අතල් එකෙන් කතා කරනවා ගොඩක් අය දියුණු උනාම posh වෙනවා english වලින් great respect bro ,Pos
අහන්න ඉන්න ආසයි සිය පාරකට වඩා බැලුවා ,Pos
ලස්සන පද මාලාවක් ft video එකක් අක්කගේ හදට මේ ඔක්කොම mix වෙලා ගොඩක් ලස්සන song එකක් ආව ගොඩක් ලස්සනයි අක්කි ,Pos
මේක dislike දාලා තියෙන්නේ අම්මාලා නැති සහරාන්ගේ උන් අම්මේ ,Neg
හොඳ කොල්ලෙක් රාජපක්ෂ පවුලේද කියලා හිතෙන තරමටම ,Pos
පොලීසියයි හමුදාවයි කරන මෙහෙයුම් වලට බාධා වෙන්නත් පුළුවන් අනවශ්‍ය විදිහට කියවනකොට ,Neu
අද ගොඩක් උන්ට අමතක උනත් youtube එකට ගැම්මක් දුන්නේ උබලායි bro ,Pos
අනිවාර්යෙන් සාදු පුංචි පවුල රත්තරන් කියලා තියෙන්නේ සිංහලයට විතරද ලංකාවේ වැඩිම ළමයි කරන්නේ හොඳටම ඇති ,Neu
good luck මල්ලී අපි ඔයා සමගයි බුදු සරණයි ,Pos
ඉශාදි අක්කියෝ congratulations ලස්සනයි අක්කි ,Pos
තෙරුවන් සරණයි ඔබ වහන්සේ කියූ කතා නම් බොහොම හොඳයි ,Pos
shit මේ වැඩේට professionalම හරිම announcer stephanie අක්කි අනේ ඒයාව දෙන්නකෝ ,Neu
ඔක්කොමලා හොඳට කතා කරනවා හොඳට ඉන්නවා හැබැයි බලය ගත්තහම මන්දබුද්ධික වෙනවා ,Neu
මෙයාගේ violin skill එක දැක්කනම් ,Pos
අමිතා වයස කියද ,Neu
අපිත් පොඩි කාලේ කොණ්ඩේ කැපුවේ deepthi cut ,Neu
අයියේ interview එක ඉවර උනේ කියලා හිතුනා නියමයි ,Pos
මේ මනුස්සයාට සහය දෙන්න ඕන ,Pos
කසුන් මාර අතල් දෙන්නේ අප්පා ,Pos
ගහගන්න වගේ ප්‍රශ්න අහන්නේ ඇයි බං ,Neg
මේ වගේ විහිලුත් කරනවා ලංකාවේ බාගෙකට වඩා තියෙන මිනිස්සුන්ගේ ජීවිත වල කෙදන්ත ඒ හැම එකක්ම මේ වගේ විහිලුවකට ලක් කළ හැකිද වලපල් දොඩවන channel තවත් බිහි නොවේවා ,Neg
මුන් බිව්වේ මව් කිරිද මදු වල වල කිරිද මුන්ගේ ඡන්දය නිසා රට ජාතිය පාවා දෙනවා ,Neg
උබත් ඔක්කොම දන්නවා වගේ නේ උබත් එකනේ කරේ ,Neg
ඔයා හරි ලස්සනයි මං කැමති චරිතයක් ,Pos
ඔන්න දාන්නා කුණු හරප වැඩ කරනවා නේ ,Neg
කසුන් ඔයානම් මරු ආ ,Pos
ආයෙ සින්දු කරන්න එපා මල්ලී ඔයා මලා ගෙවල් වල කුලියට අඬන්න යන්න ගිහින් ඔයාගේ අනාගතය සාර්ථක කරගන්න ඔයා පැයට රුපියල් ට අඬන්න පටන් ගන්න ඔයාට කොටිපතියෙක් වෙන්න පුළුවන් මේ සින්දු වල අඬලා හිටිනවට වඩා ඉක්මනට ,Neu
මොන විකාරයක්ද රටේ සාමාන්‍ය මිනිසෙක් වගේ ගැහැනියෙක් මේවට වැඩිය දේවල් ලංකාවේ තියෙනවා ,Neg
ඇත්ත නංගි ඔයා නම් නියම කාන්තාවක් ඔබට ඉදිරි අනාගතයට ධෛර්ය ශක්තිය ලැබේවා ,Pos
ගොඩක් intelligent කොල්ලෙක් ,Pos
ආදරෙයි අයියේ ලංකාවේ හොඳම ජව සම්පන්න හඬ ,Pos
පට්ට අන්තිම ටික හිතට වැදුනා ,Pos
සුභ සුභ සුභම පතනවා ,Pos
එල ඔකාව මරන්න ඕන රංජන් බල්ලා ,Neg
කසුන් කල්හාර තමයි super අනිත හැම කෙනාටම වඩා රහ හොඳටම දන්නවා ,Pos
සිත් නිවන හඬක් ,Pos
මට තේරුණේ නෑ ,Neg
මෙයාට ඡන්දෙ උගේ ගෙනිවත් දෙන්න ,Neg
ලංකාවට තව මේ වගේ අය ඕන ජය වේවා ,Pos
රංජන්ට කරදර කරන සියලුදෙනාටම දඩුවම් දන්න දෙවියන් වහන්සේ ,Neg
හයෝ ලහිරු කවුද මේ ගෙනාවෙ ,Neg
ඇත්තටම ඇඩුනේ කාටද ,Neu
පට්ට මම ඔයාව දන්නවා ඔයා මාව දන්නේ නෑ මම hilton එකේ chef කෙනෙක් ඔයා නිතරම එනවා but මම හිතුවේ මේ වගේ හොඳ පොරක් කියලා දැන් ,Pos
මම හරිම ආස කරන නිළියක් දැන් ඉන්න අය වගේ නෙවෙයි ,Pos
මෙය කෝටු පනින හාමුදුරුවෝ නේද මුටත් කන්න දෙන්න වියදමක් නැතුව මහන කරපු එකෙක් නේද ,Neg
අනේ ඇයි මේක අයින් කරලා තිබ්බේ ,Neu
අයියේ පිට රටින් බඩු ගෙනල්ලා හදාගන්න පුළුවන්ද ,Neu
අඩෝ උබ හෙන තැන්පත් වෙලාද ,Neu
උඩ බලගෙන කෙල ගැසුවොත් මුහුණට වැටෙන බව ඔබතුමා දන්නවද ,Neg
මු මොන කරලාද රටට මු මොකෙක්ද ,Neg
ඔව් ඔබතුමා තරම් කවුරුත් දක්ෂ නෑ එක හැමෝම දන්නවා ,Pos
අද ලස්සන program එකක් ,Pos
අනේ පුදුම ලස්සනක් හරිම feel මාරයි all the best ,Pos
ගවේෂණය කරන්න ඕන ජීවිත කතාවක් ,Pos
එහෙනම් දඩුවම් විඳින්න ලෑස්ති වෙන්න ,Neg
දිසනා මුනවීර ගෙන්න ,Neu
මම singapore ජීවත් වෙන්නේ මෙහෙ mp ලා රටේ ජනතාවට තැන දෙනවා ,Pos
ලහිරු අයියා ඔයා මේ වැඩේ කරනවට මං කැමතියි tv වලින් එළියට ඇවිල්ලා youtube ආපු එක හොඳයි හැබැයි ,Pos
ඔබතුමියට එන හැම ප්‍රශ්නයකටම මුහුණ දෙන්න ශක්තිය ධෛර්යය ලැබේවා ,Pos
මුන් හැමදාම රජ වෙලා ඉන්නේ නෑ රංජන් මහත්තයා අවශ්‍ය කාලෙට එළියට එනවා ,Neu
degree එකක්ත් අරගෙන ඉන්න නිසා නම් ගොඩක් මදි වගේ නේ ,Neg
ඔයා කාලකන්නි බල්ලෝ හැබැයි රංජන්ට මොනවා හරි උනොත් තොපිට නම් සාපම වෙනවා ,Neg
full cover එකක් කරන්න මං ආසම සින්දුවක් ලස්සනම විදිහකට ,Pos
කසුන්ට ගෙදරින් තමයි ගෙන්න වෙන්නේ මෙහෙම ගියොත් ,Neu
casing එකේ price එක මගේ lap එකේ price එකට සමානයි ,Neg
උබ වැඩ්ඩෙක් මල්ලියේ රැල්ලට යන්න එපා උබේම පාරක පලයන් උබට ජය ,Pos
රංජන් රාමනායකලා කියන්නේ මේ සංසාරේ පුරාවට අකුසල් කරන මිනිස්සු තමයි අපේ හමුදුරුවනේ ,Neg
ඔබ වහන්සේට තියෙන පෞෂත්වය රටේ පාලකයන්ට නෑ බල ලෝභයට රට කෑවා අපේ හමුදුරුවන්ව තම්බි මරන්නම ඔය හැම්බ හත්ත ,Neg
මාර දැනුමක් තියෙන අයියා කෙනෙක් ඔක්කොම explain සුපිරියට තේරෙනවා නියමයි present කරන විදිහ bro pc guide ,Pos
මං ආදරේ කරපු නිළියක් ඔයා බුදු සරණයි ,Pos
කතාවත් උදාහරණයක් කියලා හිතන්න එපා ලංකාව එපා දැන් අය මේ භාෂාව අමතක කරනවා තෙරුවන් සරණයි ,Neu
අයියා මටත් පරණ pc එකක් හරි දෙන්නකෝ ,Neu
ආයෙත් aimy එක්ක video එකක් ඕන ,Pos
කසුන් හෙන අතල් දෙනවනේ අප්පා ශෝක් ආ ,Pos
මං අහපු ලස්සනම intro music එක ,Pos
මේ මනුස්සයත් මහ බ්‍රිතාන්‍ය කියන්නේ ,Neu
රත්තරන් අම්මෙක් අද කාලේ හොයාගන්නම අමාරු ,Pos
අනේ එයා හරි ශෝක් අප්පා එයා එක්ක කතා කළ ඒවා අහන හිටියා පයක් ගියා නෑ ,Pos
mining කරන software එකක් මොකක්ද අයියේ ,Neu
සුපිරි කෙලින් කතා කරනවා තරුණයෙක් වශයෙන් ,Pos
මම ආසම නිළියක් අක්කියෝ ඔයා ,Pos
brother ආසයි ඔයාගේ කතා අහන්න බොක්කෙන්ම කතා කරනවා ඔයා අපේ රටට ආඩම්බරයක් ,Pos
අමු වෙලා කතා සද්ද නැතුව හිටපන් බං ,Neu
පොඩි දරුවා දැක්කම ඇත්තටම මටත් ඇඳුනා ,Neu
තව අවුරුද්දකින් ඔයට වඩා price වැඩි වෙයිද ,Neu
හීනයක් තමයි මගේ ,Neu
ජනාධිපතිතුමා ඔබගේ අවධානයට ගෙන එගන්න තියෙනවා ,Neg
කොල්ලගේ තාත්තාගේ face cut එක coach කසුන් වගේ ,Pos
respect you mr michael ,Pos
මේවා බලන්න එපා සහෝ මල ජරාවක් ,Neg
ලංකාවේ culture එක ගැන කිව්වා එක නම් ඇත්ත ,Neg
එක voice එකක් නෙමේ තනි භාවනාවක් ,Pos
මෙයා නැවත විවාහ උනා වගේ මතකයි ,Neu
කඩු පිහි තියගන්න තැනට තල්ලු කරා උබලාමයි ,Neg
වෙනස පට්ට පොඩි එකත් එක්ක අද video එක සුපිරි ,Pos
wow ඉශාදි නංගි great job congratulations ,Pos
අනේ දෙන්නම මරු අප්පා ,Pos
trending එනවා මෙකනම් ,Pos
YouTube වලට පලවෙනිම හිත ගියේ Wasthi නිසා ,Pos
අර කියන්නේ මිනිස්සුන්ගේ හදවතේ කොටසක් ,Pos
ගොන් අතල් දෙන්න එපා ,Neg
minding කරන හැටි video එකක් කරන්න කොහොමද ,Pos
ඔබලා දෙන්නට වැරදුනේ නෑ මේ රටේ මිනිස්සුන්ටයි වැරදුනේ ,Neg
අද නම් සුපිරි set එකක් ,Pos
time එක යනවා දැනුනෙවත් නෑ අයියා ,Pos
සල්ලි නෑ කියලා මරෙන්න එපා ,Pos
ඔකෙන් stream කරන්න පුළුවන්ද ,Neu
රංජන් හෙට ගානෙන් එන්න ,Neg
අයිවලට Apple Mac Pro PC එකක් use කරන්න නැත්තේ ඇයි ,Neu
ඇයි දිනිති නැත්තේ ,Neu
මේ සිංදුව Dream Star එකේ ආව එකක් ,Neg
ගොඩක් හොඳ ගැහැණියක් හොඳ අම්මා කෙනෙක් ,Pos
අපි එනවා ඔයා එක්ක මල්ලි ,Pos
bro මං උබගේ big fan එකක් ,Pos
adminට නිදා ගිහින් ,Neu
වැල්ගම ගැලපෙන්නේ චන්ද්‍රිකාටමයි ,Neg
නියමයි details ගොඩක් තියෙන review එකක් ,Pos
මොනවා උනත් පට්ට චරිතයක් ,Pos
මුන්ගේ තීරණ වෙනස් වෙන්නේ වචන දෙකෙන් ,Neg
වැඩකට ඇති දෙයක් දාපන් ,Neg
ඔයා අයියාව ආයෙ ආයෙ ගෙනන්න ,Pos
අයියේ price range එක තමයි වැදගත් ,Neu
කුමාර වැල්ගම මහත්මයා ඉතාම අවංක මහත්මයෙක් ,Pos
හොඳ හින්දා හොඳයි නැත්තම් දේලා අඩේ ,Neg
මෙන්න නියම කාන්තාවෝ නියමයි ,Pos
link එකට ගියට models ඔක්කොම නෑනේ ,Neg
උමාරියා ගන්ති හිනා වෙනවා ,Pos
අමාන ගණයක් අර කොල්ල ඉස්සරහ කියන ජරාව ,Neg
අහංකාර දේශපාලකයන්ට වඩා හදවතින් කතා කරන එක වැදගත් ,Pos
music එක මහ කරදරයක් ,Neg
මුන්ව එලවලා උගත් අය එවන්න ,Neu
පව් කියලා හිතෙනවා මොන උනත් ගැහැණියක් නේ ,Pos
අයියා දක්ෂ artist කෙනෙක් නේ ,Pos
මම දැකපු favorite voice එක දුර ගමනක් යනවා ,Pos
අක්කේ මේක බලලා ගොඩක් ඇඩුවා ,Pos
හදවතට කතා කරන මිනිසෙක් ,Pos
මම ලඟදී ඔයාව flower book එකේදි දැක්කා ,Pos
සමිත කරන්න ජරාව වැඩ ,Neg
අපේ හමුදුරුවනේ පෙරමුණ අරගෙන කටයුතු කරමුකෝ ,Pos
ප්‍රිය අයියේ ඔයා price දෙකක් දානවා ,Neu
කටහඬ අහනකොටත් හිනා යනවා ,Pos
අනේ එයාගේ voice අර ,Pos
එකේ සිංදු කිව්ව සතිශ නේද ,Neu
හරිම වටිනා කතාවක් ඔබට ජය ,Pos
මේක නිසා subscribe කරා ,Pos
චමිලා නම තව උඩින් තියන්න ,Pos
ආසාවෙන් බලන්න YouTube channel එකක් Hari TV ,Pos
තෙරුවන් සරණයි අපේ හමුදුරුවනේ ,Pos
අම්මෝ ඇති යන්තම් ,Neu
අඩෝ ඇඟ හිරිවෙලා ගියා යකෝ ,Pos
තොපි වගේ ජාතියක් ලෝකෙ කොහෙවත් නෑ ,Neg
අම්මෝ එක හදවතටම වදින්නෙ ,Pos
next year එරන්දේ දාපු end එක දාන්න ,Neu
එකපාරට දාන්න බැයිද ඔක්කොම ,Neu
ජනතාව බුද්ධිමත් වුණාට දිනන්න පුළුවන් ,Neu
අයියෝ යන්න ගියපු වෙලාවේ ගියානම් අපිට සැනසීමෙන් ඉන්න තිබුණා ,Neg
අයියෝ Hiru Star ගොඩක් දුර ගියා නේද ,Neg
අනේ පව් අර කොල්ල ,Neu
දැන් YouTube morning show අහනවා විතරයි ,Pos
මම use කරන්නේ Redmi ,Pos
ආශීර්වාදය දෙන්නම් හදවතින් ,Pos
ශෂිකා කවුද කියලා අහුවොත් පෙන්නන්න ,Neu
එලියට ගන්න ඉට පස්සේ අනුව වැඩ කරමු ,Neu
වැද්දෙක් නෙවෙයි යකෝ ,Pos
මට නම් ප්‍රශ්නයක් සුබන්දාගේ wife බුද්ධගමට එනවද ,Neu
බොක්කත්ම දැනුනා එක නම් much love ,Pos
අනේ මන්ද අපි කාගේත් කතාව අහනවා ,Neg
මෙතෙක් දැකපු හොඳම විනිසුරු මඩුල්ල ,Pos
මේ වැල්ගමයා මහ ලොකුවට හිතනවා ,Neg
ඔයා තමයි voice Sri Lanka ,Pos
චමර වගේ ඉස්සරහට යන්න තිබ්බ කොල්ලෙක් ,Neg
කිව්ව නංගිට chance එකක් දුන්නානම් ,Neu
අක්කි ඇත්තටම ඔයා ගොඩක් උගත් කෙනෙක් ,Pos
මටත් ඔහොම හිතෙනවා වයසේ වැරද්ද ,Neu
thanks අයියේ ඔයා ලස්සනට කියලා දෙනවා ,Pos
මෙයා නම් නියමයි ,Pos
voice එක විතරක් ඇති බන් ,Pos
stage වල ගොන් joke දානවා ,Neg
අයියේ පලවෙනි view එක මගෙන් ,Pos
අපි දන්නවා bro we trust you ,Pos
කුමාරි අක්කට cartoons වල වගේ voice එක ,Pos
ඔකට අන්තිමට වෙන්නේ aids හදාගන්න ,Neg
මේ දුව ඉතා දක්ෂ ලෙස සිංදුව ගායනා කරනවා ,Pos
super තව මේ වගේ අය ඕනේ ,Pos
ප්‍රියා අයියාගේ බබාව මතක් වෙන අය එකක් දාන්න ,Neu
සුපර් සුදු බණ්ඩා අයියේ ,Pos
සිරා සින්දුවයි video script එක නම් මෙලෝ රහක් නැහැ ,Neu
pc එකකින් සින්දුවක් record කරන්නේ කොහොමද ,Neu
මේකටත් ජනාධිපති වෙන්න ඕන වෙලා ,Neg
මුට ඕන රට විනාශ වෙන්න මු තිරිසන් බලෙක් මු මන්තලයක් නෙමෙයිද බල්ලෝ තොපිට හෙන වදින්න ඕන රට විනාශ කරනවට තොපි මැරිලා ගියත් කමක් නෑ ,Neg
බබාගේ මුන රතු වෙලා නේ පව් මේයාගේ හැඩියාව ,Neg
රසික ප්‍රතිචාර අම්මෝ ඒක ,Neu
බල්ලට කරපු වැඩේ නම් පව් ,Neg
අම්මෝ මේක නම් කොච්චර බැලුවත් එපා වෙන්නේ නෑ කිව්වෙනි partද බලන්නේ කියලත් මතක නෑ ,Pos
සමනේර හාමුදුරුවන්ට වෙන දේ කවුරුත් දන්නවා ,Neu
අයියේ මට ඔයාව contact කරගන්න බැරිද මට pc එකක් build කරගන්නෙ ,Neu
මොන බම්බුවක්ද මේ මේ ළමයා කොච්චර ලස්සනට කිව්වා ශික් එකෙක්වත් හැරෙන්න තිබ්බා powerful voice එකක් ,Neg
ඔබ වහන්සේට දළදා සමිඳු පිහිටයි ,Pos
හිනාව පිටිපස්සේ තියෙන දුක් ගොඩ i respect you and dino ,Neu
ඒ සින්දුවට දුක හිතුන අය කො ,Neu
මේක තම channel එක පට්ට bro ,Pos
මම ආසම කෙනෙක් ඔයා අයියා ඔයා මාව motivate කරනවා ගොඩක් දේවල් වලට ,Pos
දැනට battle round එකේ දැක්ක ලස්සනම battle එක මේක ,Pos
ඔයාගේ කතා හරිම කෙලින් වදින්නම කියනවා නියමයි මිනිස්සුන්ගේ ඇස් ඇරෙන්න කතා කරනවා ,Pos
එක තප්පරයක් skip කරේ නෑ ,Pos
thank you අයියා දිස්නා අක්කාවත් ගෙනන්න wish you all the best ,Pos
ඇත්තම අපේ රටේ english කතා කරනේ පෙන්වන භාෂාවවත් නොදන්නා ,Neu
අයියා කාගේද ළමයා ,Neu
සමාජ සේවිකාවක් මේට වඩා කටේ සංවරය රැකගෙන කතාත් ආදර්ශමත් නොවුණොත් බලේ හැමදාම තියෙන්නේ නෑ උන්ට අබ සරණයි මෙතන් සිට ,Neg
කාලෙකින් අහපු voice එකක් ,Neu
ගොඩක් හොඳ සින්දුවක් ,Pos
dancer කෙනෙක් කියලා මුලදී දැක්කම හිතුණා ,Pos
අනේ මේ කියන එකා කොහොමත් සමාජෙට joke එකක් තමයි ,Neg
derana dream star ආව කෙනෙක් නියමෙට කියනවා ,Pos
මාරම ලස්සන voice එකක් අක්කි ඔයාට තියෙන්නේ wish your all the best ඒ වගේම මේ song එකේ වෙන විදිහට කවදාවත් ආදරේ කරපු දෙන්නෙක්ට මෙහෙම වෙන්න එපා කියලා ප්‍රාර්ථනා කරනවා ,Pos
ඇයි bns තෝරාගත්තේ නැත්තේ ,Neu
සිවුර නැති කරන්නේ තොපිනේ හුත්තෝ ,Neg
මෙච්චර කාලයකට වෙන අයගෙන් අහපු නැති දෙයක් අහුවා වෙන talents මොනවද කියලා එක නම් හරිම අමුතුයි ,Neu
සුජාතා හාමුදුරුවගේ භාවනා මධ්‍යස්ථානය නුවර කොහෙද තියෙන්නේ ,Neu
සුදු අක්කේ ඔයා දිනන්නම ඕන ,Pos
warranty නැතුව වැඩක් නෑ ,Neg
හරිම ලස්සන සුන්දර මනුස්සයෙක් ඔබතුමාගේ සියලුම පැතුම් ඉටුවේවා බුදු සරණයි ,Pos
judgesලා මරු ආ ගෙදර කොහෙද ඉන්නේ ,Pos
redmi එක නම් මමත් බැලුවා ,Pos
විශ්ව අයියේ ඔයා සාධාරණයි ,Pos
අනේ මුන්ට පිස්සු ඔව් උබලට තමයි උරුම ,Neg
indra chapa liyanageටත් invite කරන්නකෝ ලහිරු ,Neu
රංජන් කියන්නේ පෝන්නයෙක් ,Neg
බොරුවකාරියා තොගේ content වල තියෙන බොරු තොට හෙන ගහනවා පෝන්නයෝ බලපන් තියෙන ads ගොඩ ,Neg
දෙන්නටම පිස්සු රට විකුණයි ඔක්කොම හොරූ ,Neg
අපේ රටේ දේශපාලකයෝ පළිගනි කියලා ඒ නිසා ඔයාල නම් පරිස්සමෙන් වැඩ කරන්න good luck ,Neu
අම්මෝ ඒක කිපාරක් අහුවත් එපා වෙන්නේ ,Pos
මේ pc එකෙන් streaming කරන්න පුළුවන්ද pubg play කරන්න පුළුවන්ද ,Neu
කියන්න වචන නෑ සුපිරි වැඩසටහන අද මත් subscribe කරා ,Pos
respect coaches හරිම නිහතමානි හරිම ආසාවෙන් බලන program එකක් ,Pos
ඒ කියන දේ feel වෙනවා එකනම් සුපිරි ,Pos
මූව උස්සලා වැඩක් නෑ ,Neg
ඔයා වැඩේම මටත් උනා අයියේ ol bio කරලා කැලම උනා ,Neu
අයියා ඔබ ඉතාමත් නිහතමානි අවංක ගුණ යහපත් මනුස්සයෙක් ඒ දේවල් සදා රැකගන්න ඔබට ශක්තිය ලැබේවා ,Pos
උමාරියා කෑගහන්න එපා සින්දුව අහන්න වාදක් නෑ ,Neg
ගොන්ජා ගෙනත් එක්ක ගස් වටේ නැටුවට ඔක පෝන්නයා පෝන්න ආණ්ඩුවත් එක්ක එකතුවෙලා දැන් ඔය විකාරෙන් පිස්සෙක් වගේ කියවනවා ,Neg
ඉතින් යකෝ හැම පවුලේම ඔක්කොටම තියෙන්නේ එකම ප්‍රතිපත්තියද නංගි unp උනට අයියාට වෙන ප්‍රතිපත්තිය නැද්ද ඔයා ගිහින් ට පෙන්න ගන්න ,Neg
පොඩි එක කඩුවොත් එම ,Neu
කවුද ඔයි unlike කරපු උබලා සිංහලයෝ නෙමෙයිද ,Neg
මේ වෙලාවේ ලංකාවේ කාන්තා සංවිධාන යම් කිසි හඬක් නැගිය යුතුයි සෙලෙන්න එපා ඔබ ශක්තිමත් වෙන්න ,Pos
අදේ මේයාගේ mic එක mute කරලා කසුන් කියනවා වගේ මට හිතුනේ ,Neu
මොනවා උනත් කොල්ල ලස්සනට sing කළා ,Neu
බුද්ධගම විනාශ කරන්නේත් මුන් තමයි ,Neg
අනේ coach ශෂිකාට මේ වගේ ලස්සන සින්දු තියනවනම් ශෂිකාගේ සමහර ලඟදී ආපු සින්දු වලට කැමති නෑ ඇයගේ දක්ෂතාවය පෙන්න්නේ මේ වගේ සින්දු වලින් ,Pos
අනේ මේ කුමාර වෙල්ගම මහත්තයෝ ඔයාට අපි සලකනවා ඒක නිසා පොඩ්ඩක් කට වහගන්න please ,Neu
බලන් හිටියා දැන්කන් ,Pos
මාලනී බුලත්සිංහලගේ සින්දුවක් අහුවාද මන්දා voice එකේදී ,Pos
මං ගොඩක් කැමති චරිතයක් කෙලින් කතා කරන ,Pos
සල්ලි වලට මුන්ට කරන්න දෙයක් නෑ ඉතින් මූ වීරයෙක් කියලා පිළිගන්න උන්ත් ඉන්නවා ,Neg
දුප්පත් රටේ සල්ලි කෑවා මුන් තුන් දෙනා වෙනුවෙන් kandy rugby team එක කෑවා පෙරේතයෝ ,Neg
මත් battle එක බලලා මේක බැලුවේ ඔය battle එක perform කරපු හැටිට පේනවා කොච්චර මහන්සි වෙලාද කියලා ඒ courage එක ගන්න ,Neu
මට පෙන්නන්නම බැ මධාව පොන්සියා තුහ් නොදකින් තට්ට මුසලයා ,Neg
අර michael කියනවා michael ලහිරු මහත්තයා කියනවා ලහිරුව michael interview කරනම් හොඳයි බං ,Neg
දිගටම ඔයා වගේ ලස්සනට song කරන්න ,Pos
කෙලින් කතා කරන කෙනෙක් උගත් කෙනෙක් ,Pos
ශෂිකාගේ team එක මාර ලස්සනට performance එක හදලා තියෙනවා ශෂිකා නම් සුපිරි talent coach කෙනෙක් ඕන එකක් ඔට්ටුයි ,Pos
ඉල්ලපන් ජනාධිපතිකම සිංහලයෝ ඔක්කොම දෙනවා සත්තයි අපි ඉන්නවා එකෙන්ම ,Pos
අන්තවාදී ජාතිවාදී මාධ්‍යවේදීන් මේ වගේ අය interview කරන්නේ නැහැනේ රට ජාතිය ගිනි තියන එවුන් බලලා ඉගෙන ගන්න මේක තමයි මනුස්සකම ,Neu
චමිලා මල්ලී wish you all the best ලස්සනම ලස්සනයි ගොඩක් සම්මාන බුදු සරණයි මල්ලීට ,Pos
අපේ ග්නසාර හමුදුරුවෝ එළියට ගමු කොහොමහරි ,Pos
මේ ත්‍රස්තවාදියා එළියට ,Neg
රංජන්ට පාඩමක් ඉගන්විය යුතුයි ඔය පල්බෝරුව පෝන්නයෙක් ,Neg
දැන් දා මිනිහෝ video එක හදන්නේ ,Neg
නියමයි iraj අයියේ සුපිරිය political ටික කෙලින් කතා කරන කොල්ලෙක් ,Pos
අනේ ශෝක් අනේ ඔයාලා දෙන්නම ලස්සනයි ,Pos
දෙන්නගේ interviews දෙක legends ,Pos
බුදුසරණයි අපේ හමුදුරුවනි ඇත්ත කියනවා ,Pos
කොන්ද පණ නැති මේ පෝන්න රනිල් කොහෙද ඔවා කරන්න ඔබ සමගයි call me ,Neg
අනේ උබ බබා කුඩු බෙලි තොපේ තට්ට තමයි ලංකාවට කුඩු ගෙනාවෙ අහ ගන්න තොගේ අම්මගෙන් බෙලි ,Neg
කස්සා කියන එක නම් මරු යකෝ පිස්සු හැදිලා ආයෙත් හැදුනා යකෝ ,Pos
අපිත් ඔයාලත් එක්ක එකවෙන්න කාලේ ඇවිල්ල ,Pos
එකෙත් අමුතු ගතියක් තියෙනවා නේ ,Pos
chanux broගේ පරණ pc එක මට දෙන්නකෝ ,Neu
මොන සින්දුවද බං මේ ,Neg
දුක හිතුනා හොඳ අම්මා කෙනෙක් ,Pos
මොන එක අන්නෙත් අපට ආදරෙටද රටට ආදරෙටද නැහැ තමන්ගේ පරම්පරාව දියුණු කරන්න මහින්ද මහත්තයා අවුත් වෙතත් චන්දේ දෙනවා ,Neg
සුපිරි මනුස්සයෙක් ඒ වගේම දිස්නාටත් ගොඩක් ආසයි ,Pos
මෙහෙම videos upload කරන නිසා තමයි මේවා එකක්වත් trending එන්නේ නැත්තේ ,Neg
මට නම් මේ battle එක ගැන අදාලම නෑ කසුන්ට ගොඩක් ආදරෙයි ඔයා දෙන්න ලස්සනට ඉන්නවා ,Pos
කොල්ලට කට වැඩේ කරේ අපෝ ,Neu
ඇත්ත අපේ හමුදුරුවනේ ඔබ වහන්සේ කෙලින් කතා කරනවා ,Pos
දැන් යවන්න බැ නේ තම්බි මේ රටින් ,Neu
හෙංගි හොර නෑ කෙලින් කතා කරන අවංක මනුස්සයෙක් ,Pos
බයිලා ටිකක් කියලා ප්‍රශ්නේ මග අරියා කො rocket එක ,Neu
අශ්කා නම් සුපිරි මේවට ආවත් නැවතත් ඔයා දක්ෂයි ,Pos
මේ වගේ දේවල්ටත් unlike කරන මෝඩයෝ ඉන්නවා නේ ,Neg
කුරුනෑගල ගෑණු තමයි ගොඩක් වැරදි කරන්නේ කියලා කියන්නේ ,Neg
මොන උනත් කසුන් තමයි අතල් dial එක ,Pos
නොදකින් සක්කිලි හැත්ත ,Neg
හමුදුරුවනේ කතාව හොඳයි ,Neg
කතෝලික අපෙටත් ලැජ්ජාවයි ,Neg
මහින්ද මහත්තාගේ චන්දේ කඩන්න ආපු කෙනෙක් ,Neg
ආදරෙයි අක්කේ thanks අක්කා ගෙනාවට ,Pos
අයියෝ හොඳ අය ඔක්කොම කසුන්ගේ එකට ගියම කපෙනවා ,Neg
අනේ පකෝ උබ joker කෙනෙක් නේ ,Neg
මේ සබන් කපු දඟයා නේ ,Pos
බයින්න නෙවෙයි කතාව මොලෙන් අහන්න ,Pos
හරිම ලස්සනයි මේ song එකට මං ආදරෙයි ,Pos
ඔයාට හොඳ වැදගත් කෙල්ලෙක් ලැබේවි ,Pos
අනේ තොපි රටට ආදරේ කරන්න ඉගෙන ගන්න ,Neg
මේක බලනකොට තේරෙන්නේ foreigner value කරන දේ ,Pos
රට බාරයි ඔබතුමාට ආශිර්වාද වේවා ,Pos
වාව් ගොඩක් ආඩම්බරයි ඔබතුමියගේ කතා විලාශය ගැන ,Pos
අම්මා එක්ක මදු පල්ලිය ගියා කියුවම මුනට එන්නේ අමුතු හිනා ,Neu
බයින උන් මොකටද අහන්නේ ,Neg
හොඳ ආකල්ප තියන කොල්ලෙක් ,Pos
coach ශෂිකා මේ දෙන්නගේ අම්මා වගේ ,Pos
හරිම ආදරණීය තරුවක් දුලජ් අයියා ,Pos
මෙතෙක් කාලෙට දැකපු සුපිරිම video එක ,Pos
අපේ හමුදුරුවනේ ඔකට මහත්තයා කියන්න එපා ,Neg
wow මාරම voice එකක් ,Pos
පව් ගාල්ලෙන් බාගයක් උඩලු ගාවලු ,Neu
දන්ඩ තේරෙන්නේ රාජපක්ෂලා සක්කිලි ,Neg
ඇයි අනේ කසුන් හැරෙන්නේ නැත්තේ ,Neg
තව කොච්චර වෙලාව program තිබුණත් අහගෙන ඉන්න පුළුවන් ,Pos
මම මුකුත් කියන්නේ නැහැ ,Neu
කලින් හිතන්න තිබුණේ රට ගැන දැන් කල් වැඩි ,Neg
pc එකක් කරගන්න ඕන ,Neu
ඇත්ත කියලා කතා කරනවා ,Pos
හිනා කලා මල ,Pos
අම්බෝ මේක එනකම් බලන් හිටියේ ,Pos
අනිවා loweth chamall ආවත් gota ආවත් ,Neu
ශෂිකා නියම තැනක් singer කෙනෙක් ,Pos
මේ විනාසයට තෝහිත සහ උන්ට උදව් කරන පාලකයෝ ,Neg
ඇත්තෙන්ම කෙනෙකුට දෙයක් ගන්න පුළුවන් කෙනෙක්ව ගෙනාවා ,Pos
ඔයා වගේ setup එකක් හදන්න බලාපොරොත්තු වෙනවා ,Pos
සිරා talk එක ,Pos
කියන්න වචන නෑ හොඳම කෙනා තෝරාගත්ත එක ගැන සතුටුයි ,Pos
හොඳ කටහඬක් ලස්සනයි ,Pos
Hiru අයින් වෙන දවසෙත් පට්ට සිංදුවක් කියලා යනවා ,Pos
නියමයි අපේ හමුදුරුවනේ ,Pos
මලා ගෙවල් මගුල් ගෙවල් යන්නේ නෙවෙයි රට දියුණු කරපියව් ,Neg
මචං උබලා එක්ක අපි මුල ඉඳන් හිටියා ,Pos
එකට ආස හිතුනා ,Pos
තව congratulations අයියේ මම subscribe කරා ,Pos
මෙයාව highlight වෙන්නේ කසුන්ට ගියනම් ,Neu
කසුන් අයියා කියන්නේ legend කෙනෙක් ,Pos
අපේ හමුදුරුවනේ උදේට හවසට පාසල් වල පිරිත් දාන්න ,Pos
ඉදිරිපත් කිරීම නම් මරු ප්‍රිය අයියාට ,Pos
ගැහැණියක් නම් financially independent වෙන්න ඕන ,Pos
රංජාගේ පවුලේ වටා ගොතා අහපල්ල ,Neu
wow එකනම් මාර ලස්සනයි ,Pos
කසුන් කියද්දි ඇගේ මයිල් කෙලින් උනා ,Pos
කොහොම උනත් Muslim උන් ඉන්න රටක් develop වෙලා නෑ ,Neg
සුපිරි කොල්ලෙක් superb bro ,Pos
Iraj ඔබ රට වෙනුවෙන් කාලෙන් කතා කරනවා ,Pos
දැන් මිනිසුන් හිතන විදිහ වෙනස් වෙනවා ,Pos
build with baby කියලා channel එකක් ගන්න අයියා ,Pos
ඇත්තටම හරිම අගනා කතාවක් ,Pos
කියලා වැඩක් නෑ සුපිරි මචං ,Pos
ඔයාගේ වැඩසටහන හොඳයි එත් ප්‍රශ්න අහන විදිහ හොඳ නෑ ,Neg
අපේ හමුදුරුවනේ මේ ටික permanent එකක් කරන්න ඕන ,Neu
මං කැමතිම නිවේදකයෙක් ,Pos
සුන්දරයි ඔබ ස්තුති ,Pos
ඔබතුමාට ජය දිගායු ,Pos
අනේ සිහලුනේ කුරගලට උන් වගේ පන්සලක් වේවිද ,Neu
අයියේ මට ඔයාගේ phone number එක දෙනවද ,Neu
උබලා මුලු පවුලම එකී තම්බියන්ට කඩේ යන උන් ,Neg
මීට වඩා වැදගත් ප්‍රශ්න අහන්න තිබ්බා ,Neu
මුන් එකෙක්ටවත් සිංහල වචන හරි කියන්න බැරිද ,Neg
හිතට වදින කතාවක් full බැලුවා ,Pos
මං ආසම කෙනා ඔයා ,Pos
එහෙම කරන්න එපා අය පව් ,Neg
භාවනාවක් වගේ අහගෙන හිටියේ ,Pos
අහන තාමත් නොමැකෙන ලස්සන සිංදුවක් ,Pos
මරදනේ අලුත් video එක ,Neu
another quality content ,Pos
අඩෝ why ban coachලාම උව හලලා ,Neu
program එක ඉවර වෙනකම් බැලුවා very excellent ,Pos
ආදරෙයි බන් එකට ,Pos
අපිට ඔයාට order කරන්න බැයිද ,Neu
කඩෙන් කුණුහරප කියුවම කොහොමද ගම්ම ,Neg
ලහිරු මෝඩ ප්‍රශ්න අහන්න එපා ,Neg
පොඩි දවසවල ඉඳන්ම කැමති චරිතයක් ,Pos
ලස්සන හඬක් අපරාදේ ගොඩක් දුක හිතුනා ,Pos
ඔයා කියපු ගොඩක් දේවල් මගේ ජීවිතේ වෙලා තියෙනවා ,Neu
ඇත්තටම Wasthi නැත්තම් YouTube අය නෑ ,Pos
රතු නංගිත් කසුන්ගේ fan කෙනෙක් ,Pos
ලඟ නොරන්දි රන්දි කසුන් කියද්දි ලස්සනයි ,Pos
සමිතා වගේ ගෑණු ඉන්න කාලේ මේ වගේ කෙනෙක් වාසනාව ,Pos
චානක අයියාගේ කටහඬේ අමුතු feeling එකක් තියෙනවා ,Pos
ශෂිකා කියන්නේ කවුද කියලා දැන්වත් තේරුම් ගත්තනම් ලොකු දෙයක් ,Pos
පවුලේ නම set වෙලා ,Neu
හෝ හෝ හොරේ අල්ලගත්ත කමට මෙච්චර news tag දානවද කියලා අදනේ අහු උනේ පොඩි මොලකරය ,Pos
උනම් පට්ට ඩයල් එක ,Pos
ඉරාජ් ඔබට ජය වේවා ඔබ වැනි කලාකරුවෝ රටට සම්පතක් ඕන දෙයකට අපි ඔබ සමග ,Pos
අපේ රටේ උන්ට නැති කකුමක් ඒ මනුස්සයාට තියෙනවා ,Pos
මේ වගේ pc එකක් හදාගන්න කීයක් වගේ යනවද ,Neu
සුපිරි mindset එකක් රනිදුත් ආවා නම් සුපිරි ,Pos
හා හා ලංඩේ delete කළේ ඇයි ,Neu
වෛරෙන් වෛරය නොසන්සිඳේ ,Neu
මන් ආසම නිවේදකයි දෙපළක් අයියා ගොඩක් ආස කෙනෙක් ,Pos
පට්ට පොරක්නේ හොයාගෙන තියෙන්නේ ,Pos
නියමයි යකෝ කෙතුරු මුරුගා යකෝ වෙතේ මුරුගා ,Pos
thanks අයියා අර එකක් කරන්න කිව්ව ඉක්මනටම කළා ,Pos
කවුුරු කොහොම කිව්වත් අයියා තමයි මට නම් සුපිරි අයියට ආදරේ අය like කරගෙන යන්න හොඳද ,Pos
කොල්ල හොඳයි කියන උන් මේ පැත්තට එමුද ,Pos
good ටිකක් sound එක මදි අයියේ ,Neu
අම්මෝ කොල්ල මරු dance එකක් දානවා පැත්තක ඉඳන් ,Pos
බලන්නම ඕන කතාවක් thanks ලහිරු අයියා ,Pos
අනේ ඒ පොඩි කෙල්ල ,Neu
කවුද ඔයි dislike කරපු පරයෝ ,Neg
අහිංසක අක්කි එකේ අනේ හරිම ලස්සනයි song එක ,Pos
අයියේ හොඳ games කොහෙන්ද download කරගන්නේ ,Neu
මලා පයිනවා දැන්ම ඉල්ලපන් අයියේ තව කාල ගිහින් ඉල්ලුවට සිංහල ඔක්කොම චන්දේ දුන්නත් දිනන්න බැරි වෙයි ,Pos
සුපිරි අයියේ මම මේක build කරනවා ,Pos
මහින්ද හොඳයි ගෝටා හොඳයි මොනවද මේ කතා ඔයා දැන් සමූගන්න දෙන දේ කළා වෙන දේ බලන් ඉන්න ,Neu
අනේ ඒ යාලුවගේ සතුට ,Pos
අයියා මේ pc එක editing කරන්න පුළුවන්ද ,Neu
නියමයි ලහිරු මේක නම් වැදගත්ම program එකක් කුවේට් අක්කා ගැන වැරදිට හිතපු හැමෝටම මේක හොඳම program එක ,Pos
යකෝ voice teens වල sing කරපු කෙනෙක් කිව්වම බනිනවා song එකේදී විතරක් එපා ලු මේකේ විතරක් නෙවෙයි කතාව නෑ හැබැයි ,Neu
අයියා මට gift එකක් ඕන ,Neu
මු හොඳයි බං ,Pos
මේවන් පිරිසිදු අවංක පුද්ගලයෙක් මේ රටේ පාලනයට උබලට එපාද ,Neu
අඩෝ පට්ට බං පිටින් පෙනෙන මනුස්සයට වඩා කොච්චර වෙනස්ද ,Pos
coach ශෂිකා වෙනුවෙන් coach ඔයා නම් මාරම දක්ෂයි ,Pos
හරිම ලස්සනයි දරුවෝ ,Pos
ඔයත් අක්කි මම වගේම කෙනෙක් හැම දෙයක්ම සාධාරණයි සත්‍යයි වැරදිනේ නැහැ මගේ නෝ actress රංගපෑම වගේම ඔයත් සාර්ථකයි ජයම වේවා ,Pos
මන් ඔයාට ගරු කරනවා ඔයා ඇත්තටම හොඳ කෙනෙක් කෙලින් කතා කරන කෙනෙක් අනාගතයට සුභ පතනවා ,Pos
මේවා ඔක්කොම marketing කියලා හිතෙනවා ,Neg
ඉරාජ් කියන විදිහට දවසක් මන් අමාත්‍ය කෙනෙක්ගේ squad එකක් බලෙන් overtake කරන්න ගියා මන් හිතුවේ වැඩි තියා කියලා ,Neg
පිස්සුවක් හොදේ good luck අක්කා ,Pos
ඔක්කොම මේයාගේ දැන් baila තමයි ගේ කටහඬට මේයා බැඳත් උනා නේ ,Neg
යකෝ බබෙක්ත් ඉන්නවනේ මම හිතුවේ පොඩි කොල්ලෙක් කියලා ,Neu
ගෝටාබයට බැනලා ඔබට දිනන්න බැ ,Neg
ඔවා බලන්න පුළුවන් බං ඒත් අන්තිමට price එක බලුවට පස්සේ ගන්න හිතෙන්නේ නෑ ,Neg
නාකියෝ මේවට ගාව ගන්න එපා නාකි වයසෙට ඉහේ කියනවනේ ,Neg
හොඳ වැඩසටහනක් අක්කේ ඔයා දිරිය දේවියක් බස් ,Pos
ඔයාලට වැරදුන එක තීන්දුවක් මේක පොඩි කෙල්ලේ මටත් කඳුළු ආවා ඒ ආදරේ දැකලා අයියා දවසක දිනනවා ජය ,Neu
නියමයි අයියේ නැගිටපු ගමන් බැලුවා හොඳේ දවසේ මුලින්ම බැලපු video එක ,Pos
යකෝ මුන්ට පිස්සු ,Neg
ගිමන් හරින සින්දුවට හැරුණා වෙවුලා වෙවුලා කියලාත් මෙතරම් හොඳට කිව්ව කෙනාට හැරුණේ නෑ disappointing worst judgement ever ,Neg
paypal ගැන video එකක් ඕන account එකක් හදන විදිහ ඒකෙන් සල්ලි හොයන විදිහ ,Neu
කසුන්ව තෝරගන්න තිබ්බේ ,Neu
alien කෙනෙක්ට අයියාට යට උනා build එකට alien power එකෙන් pc එකක්වත් හදාගන්න බැරි chanux bro ,Neg
පැසේ වැඩක් නෑ බං රටයි බේරගන්න ඕන දැන් තියෙන තත්ත්වේ අනුව කොන්දක් තියෙන නායකයෙක් එන්න ඕන පැසේ මලාවගෙන කපියාව සිංහලයට ඉන්න රටක් තියෙන්න ඕන ,Neu
කට තලන්න නෙමෙයි අපේ වැරදි අපි හදාගමු ,Neg
ලංකාවේ මිනිස්සුගේ හැටි මෙහෙමම තමයි කියලා හිතාගන්න හිරුනිංකා ,Pos
අන මායා කයිවාරුකාරයෙක් මන් නම් විශ්වාස කරන්නේ මේ හොඳ කයිවාරු පප්පක් අන මිනිසුන් අයට රවට්ටන්න එපා ,Neg
අම්මෝ ඒක පට්ටම වටිනවා ,Pos
පපුවටම වැදුනා එකනම් ,Pos
මොකක්ද බං මේකේ තේරුම ,Neg
කසුන් sirගේ සින්දුවක් මේ වගේ කියන්න පුළුවන් කියන්නේ උබ වැඩ්ඩෙක් bro ,Pos
ඔබ දිරිය කාන්තාවක් ඔබ ගැන සතුටුයි madam ,Pos
අපෝ ජරාවක් මේයා නම් ,Neg
සින්දුව හොඳයි ටිකක් අඩුමක් අන්දනම් ,Neu
thank you අයියේ ගොඩක් දේවල් ඉගෙනගත්තා එනකන් බලන් හිටපු video එකක් මගේ lap එක hp gb ram එකක් මේක හොඳයිද අයියේ coding වලට ,Pos
මන් ආදරෙයි ඔයාට ,Pos
අනේ ශෂිකා ඔයා hindi සින්දුත් කියන්නකෝ හරිම ලස්සනයි ,Pos
ftt අක්කි and අයියා respect ,Pos
සින්දුනම් ටිකක් හොඳයි මුව බලලා අපරාදේ අයියෝ කවුද මේ visual හදුවේ ,Neg
ඊයේ ඔයාට කිරි තිබුනේ නැද්ද ,Neu
chanux bro ඔන්න මගෙන්ත් subscribe එකක් මාවත් subscribe කරන්න ,Pos
නියම ගැහැණියක් respect ,Pos
පට්ට ලස්සනයි සුභ පතනවා ඉදිරියටම යන්න ,Pos
අපි ඉස්සර deepthi කියලා කියන්නේ මතකයිද ඔයාට දුදරු එකේ ,Neu
ඔයා ගොඩක් නිර්භීත කෙනෙක් ,Pos
කසුන්ගේ song එකක් කියලා කසුන්ගෙන් buzzer ටික ඔක්කොම අරගෙන කසුන්ගෙන් හොඳ comment එකක් අරන් වෙන එකෙක් ලගට ගියා ,Neu
අයියෝ sri lankan team කියන්න පුළුවන් හොඳම විදිහට කිව්වා නියමයි මචං ,Pos
අම්මේ බුදු වෙවා පොඩි හමුදුරුවෝ ගොඩක් පින් කරලා තියෙනවා ,Pos
මම ආසම සින්දුවක් ,Pos
මේක අයියේ graphic designing වලට set වෙනවද ,Neu
තව ටිකක් දිගට තිබ්බනම් නියමයි ,Pos
අම්මෝ මේයාගේ තියෙන හැඩියාව ,Neg
අයියේ ඔයානම් මාරයි කියලා වැඩක් නෑ ,Pos
අක්කි ඔයාගේ voice එක මාරම ලස්සනයි ඇත්තටම ඔයා song එකට ලස්සනට කියනවා මට වඩා අපේ මම ඔයාගේ voice එකට කැමති wow අක්කි ඔයාගේ voice එක ,Pos
time එක නියමයි මේ වෙලාවට දාන්න හැමදාම unlimited internet ගැන update දාන්න දිගටම ,Pos
wow ඔයා මාරයි ,Pos
මමත් ඔයාට කියලා pc build එකක් හදාගන්න පුළුවන්ද ,Neu
මේයා දුව ගැන කිව්ව කතාව සම්පූර්ණ ඇත්ත ඒ girl පුදුම අහිංසක නිහතමානි ළමයෙක් ,Pos
අනේ මගේ සුදු රත්තරන් මහින්දගේ සරීරේ රත්තරන් කිලෝ කොච්චරක් බලුවද සුදු ,Neu
රංජන් කියන්නේ මීහරෙක් හමුදුරුවනි ඔබ වහන්සේට පින් ඔකට කණ අල්ලන්න ගහන්න ,Neg
ඔබටත් ඔබගේ පවුලේ සැමටත් තෙරුවන් සරණයි දෙවි පිහිටයි ,Pos
සිරකරුවෝද මිනිස්සුවෝද එතකොට මේ රංජන් වැනි ඇත්ත කතා කරන අයව පෙන්න්නේ මොන වගේද දන්නහ ,Neu
මුන්ටනම් එහෙම කරපු එක හොඳයි ජයවේවා ,Pos
සුපිරි video එක lap එකක් ගන්න ඕනේ දැනගත්ත ටිකම ඇති නියම video එක ,Pos
කැමතිම නිවේදකයා පණ උනත් දෙන්නම් සිරාවටම එච්චර ආසයි ,Pos
ඔයා ගොඩක් හොඳ කෙනෙක් ,Pos
මොකද්ද ඔයා music එක ,Neu
system එක වෙනස් කරමු ,Neu
වල් පාරයෙක් සජිත්ට දුන්නොත් ලංකාවට දෙවි පිහිටයි මුළු ලංකාවම විකුණගෙන කයි නිදන් හොරා ,Neg
ඔකට million ගියාද බං ලංකාවේ price ගණන් නම් අනේ මන්දා ,Neu
පිටනම් මේවා හිනාවට තමා ,Neg
දැනවත් බෞද්ධයෝ තේරුම් ගන්න ,Neu
අයියාව contact කරගන්න විදිහක් නැද්ද ,Neu
ඔයා බේරුනා වෙලාවට ,Pos
උගත් නම් ඔවා කරයිද ,Neg
මම හරිම ආදරේ කරන චරිතයක් වැදගත් ගැහැණියක් මවක් ඔබට බුදුසරණයි ,Pos
අක්කියෝ දහස් පාරක් විතර බැලුවා අනේ ලස්සනයි ,Pos
අඩේ ඇයි බන් voice ගියේ ,Neu
ඔබ වහන්සේට සම්මා සම්බුදු සරණයි ,Pos
ගොඩක් වටිනවා අයියේ දිගටම කරගෙන යන්න ,Pos
කොල්ල මරු සුපිරි ,Pos
ඔයා ගොඩක් බුද්ධිමත් හොඳටම තේරුම් කරා ,Pos
අයියේ ආදරෙයි පට්ටම අලුත් video එක ,Pos
නාගානන්ද බරක් ඔබාම වගේ ,Neu
Tron coin එක ගැන video එකක් ඕන ,Neu
හැමදාම YouTube ආවම ඉස්සෙල්ලම අහන්නේ මේ සිංදුව ,Pos
හොඳ පොර කතා කරනවා ,Pos
අයියාට පණ වගේ ආදරේ කට්ටිය මේ පැත්තෙන් එන්න ,Pos
මේ video එක දහ පාරකට වඩා බලපු අය ඉන්නවද ,Pos
අවංක කතා කරන හොඳ මනුස්සියක් ,Pos
ඔබට ඉස්තුතියි ඔබගේ කතාව ආදර්ශමත් ,Pos
මේවා ගොන් අතල් නේ අයියෝ ,Neg
හොඳට මතක තියාගන්න මෙයාව අපි දන්නේ නෑ ,Neu
ඔයා කියපු දේ හරියටම හරි නංගි ,Pos
අඩෝ මමයි likes කළේ ,Pos
radio එකේ පොරක් ,Pos
ඔබ වහන්සේගේ කතාව සම්පූර්ණ ඇත්ත ,Neg
මේ කියන හැමදේම කරනවා කියලා සහතිකය මොකද්ද ,Neu
මං දැක්කා funම coachලා set එක ,Pos
වචනයේ පරිසමාර්ථයෙන්ම නියම අම්මා කෙනෙක් ,Pos
උඹ අයියේ international level එකේ dial එකක් ,Pos
මේ ශෂිකාගේම දුව කියලා දැනගන්නකොට වයස කීයද ,Neu
අන්තිම ටික හිතට වදිනා ,Pos
ඔබ වහන්සේට දිර්ඝායු වේවා ,Pos
රංජා නිසා subscribed කරා ,Pos
ඔබ වහන්සේ කියන කතාව සම්පූර්ණ හෙත්ත ,Neu
යකෝ hahaha මාර දෙයක් උනේ ,Neu
ස්වාමීන් වහන්සේ අනෙක් ආගම් වලට ගරු කරලා කතා කරන්න ,Neu
මේ තරම් ලස්සනට කියලා ඇයි මුන් හැරෙන්නේ ,Neg
හදවතේ සිංදුවක් අහන්න ආසයි ,Pos
මේ Hiru Star එකට ආපු කෙනෙක් ,Neu
අනේ අයියා good luck මම DDR RAM එකක් ගත්තා ,Pos
මටත් පෙට්ටුනා ඇත්තටම දේශපාලුවෝ පස්සේ යන්නේ නෑ ,Neu
නියම ළමයෙක් ඔයාට ලොකු ගමනක් යන්න පුළුවන් ,Pos
සමහර පිරිමි අවස්ථාවදි තමන්ගේ ගෑණිය ගෙදර තියගෙන අනෙක් ගෑණු එක්ක ඉන්නවා ,Neg
ඇත්තමයි හමුදුරුවනේ බෝම්බ ගහලා ජීවිත නැති උනා එක ගැන දුකයි ,Neu
අනේ ෂෝයි අම්මා හිනා සිරිවයි ,Pos
එයාට උදව් කරන්න ලහිරු පුතේ ,Pos
ලස්සනයි දිගු ගමනක් යන්න සුභ පැතුම් ,Pos
වැඩපිළිවෙලක් නෑ බයිලා විතරයි ,Neg
sweet අනේ පට්ට අහිංසක චරිතයක් ,Pos
අයියා සිංදුව ලස්සනයි ,Pos
අහපු වාර ගණනට වඩා ,Pos
සමරසිංහට දැන් හොඳ කිව්වට කලින් බනලා තිබ්බා නේ ,Pos
මධු කාරි පොන්න වේශිගේ පුතා ,Neg
ඇයි ඔයා එන්නේ නැත්තේ ,Pos
කියන්න තියන දේ කෙලින් කියන super චරිතයක් ,Pos
ලස්සන හිනා ඔයාගේ ආදරෙයි ගොඩක් ,Pos
චේතා අක්කා ලස්සනට song එක කියනවා ,Pos
මේ පාර coachesලා මරු ,Pos
ඇත්තම කියනවා කියලා පේනවා ,Pos
නියමයි ඇත්තටම හරි ආසාවෙන් අහනවා ,Pos
අම්මෝ එකනම් කියලා වැඩක් නෑ ,Pos
wow හිතාගන්නවත් බැ marama ලස්සනයි ,Pos
ඉදාවා වගේම ආදරෙයි අක්කේ ,Pos
PS මාවත් subscribe කරන්න ,Pos
කොහොමත් කතා කරන්නේ තමන්ගේ වාසියට ,Neg
මේච්චර knowledge තියෙන කෙනෙක් ගෙනාපු එක හොඳයි ,Pos
ඔයාගේ වැඩසටහන හොඳයි ,Pos
මම සූදානම් එකතු වෙන්න ,Pos
මේක දාපු එක හොඳයි ,Pos
web site link එක දාන්න අයියා ,Neu
අපේ හමුදුරුවනට කතා කරන දැන නෑ ,Neg
ජාති නමින් පක්ෂ තියෙන එක නැති වෙයිද ,Neu
උමාරියා ඔයා සුපිරි ,Pos
පාරකට වඩා ඇහුවා හිරිගඩු පිපුනා ,Pos
Hiru Star finalට වඩා හොඳට sing කරන අය ඉන්නවා ,Pos
මට අද වගේ මතකයි ,Pos
film එකත් අනිවා බලනවා අපි ,Pos
මොකක්හරි පොඩි අවුලක් ගියා වගේ ,Neg
අනේ හුකේ හුබටත් තියෙන්නේ බල තන්හාව ,Neg
ඔයා ITN එකේ වැඩසටහනක් ඉන්නවා නේද ,Neu
සුපිරි Iraj අයියා අපිත් එකඟයි ,Pos
අක්කා ඔයානම් super ,Pos
තරගයේ තේරුම අරගෙන ශෂිකාව select කරපු එක හොඳයි ,Neu
උමාරියා දෙන අතල් ,Neg
ධනු බොරු කියන්න එපා ,Neg
ඔන්න බන් සිංදු ,Pos
Dialog signal නම් මරු ,Neg
wow ඔයා කෙලින් කතා කරන කෙනෙක් ,Pos
උමාරියා ඔයාගේ comment එක පට්ට ,Pos
record කරපු එක නෙමෙයි ප්‍රශ්නය ,Neg
මදු මදාවා වගේ ගොනෙක් බැඳේ අපරාදේ ,Neg
අනා පාර බල්ලී ,Neg
වැදගත් කතා කරපු සෙරම respected බූමි ,Pos
සිංදුව නම් ලස්සනයි visual එක අවුල් ,Neu
සෙන්කඩගල සුදු බණ්ඩා ඔබට සුභ පැතුම් ,Neu
admin නිදි ඔයි මේක අහලා ,Neu
මගේ අම්මා මට රැජිනක් ,Pos
පොන්යෝ ඉන්න parliament එකේ ඉන්න මුන් ඔක්කොම අල්ලන්න ,Neg
උබ මේ ගැන මොකවත් කියුවේ නෑ ,Neg
අක්කේ ඔයාගේ කතාව අද අහුවේ මට ඔයා ගැන ලොකු ගෞරවයක් ආවා බුදු සරණයි අක්කේ මත් තනිවුන කෙනෙක් මට ඉන්නේ මගේ අම්මා විතරයි ජීවිතට මුහුණ දෙන්න ඔයා ශක්තියක් ,Pos
අපිටත් තිබ්බා නම් ,Neg
අපි ඉන්නවා මරෙනවත් සත්‍යයි ,Pos
song එකත් ලස්සනයි අක්කා ඔයත් ලස්සනයි ,Pos
මිනිස්සුන්ව රවට්ටලා ජීවත් වෙන්න බලන කිසිම උගත්කමක් නැති ගොන තමයි විමල් ගොංවංස ඔයා වගේ අයට කිසිම රැකියාවක් කරන්න බැහැ බොරු කියන එක හැර ,Neg
එපා වෙනවා මේ stepsils ad එක නම් මහ කරදරයක් ,Neg
අනේ උබලත් සිවුරක් කසිප්පු ගහන මේ වගේ හමුදුරුවන් තියාගෙන තමයි ජාතිවාදීන් නටන්නේ ,Neg
මේ comment එකේ මගෙන් මුල ඉඳලා අගටම බැලුවා අක්කි ඔයා එදා වගේම අදත් හරිම ලස්සනයි ඒ වගේම කටහඬත් හරිම ලස්සනයි ගොඩක් ආදරෙයි අපි ඔයාගේ නිහතමානිකමට හැමදාමත් ආදරෙයි ,Pos
අදේහ් සිරාවටම garfield වගේනේ ,Neu
මෙයාට නම් හොඳ punishment එකක් දෙන්නම ඕන අමු පිස්සෙක් ,Neg
භූමි මට කතා කරන්න ඕන please phone number මේ video කරන ඔබ උනත් කමක් නෑ මට එයාගේ number දෙන්න ,Neu
එක තප්පරයක්වත් skip කළේ නෑ ගෙහන් දෙනෝ කියන්නේ පට්ට කොල්ලෝ දෙන්නෙක් ,Pos
කසුන්ගේ තමයි හොඳම team එක බලන්න එයා තමයි voice එක දෙන්නේ ඒක sure මගේ කසුන් විශ්වාසයි ,Pos
ඒ චරිතය ගෙනාවට thanks ,Pos
හඳුනා ලස්සන ළමයෙක් කියලා පේනවා ,Pos
ඔබ වහන්සේලා රට ජාතිය ආගම වෙනුවෙන් කරන මෙහෙය අගය කරනවා ,Pos
හරිම ශෝක් චරිතයක් ,Pos
video එක ගැලපෙන්නේ නෑ ,Neg
ආදරණීය අම්මා කෙනෙක් ගොඩක් දේවල් ඉගෙනගන්න තියෙන වැදගත් කතා බහක් බුදු සරණයි ඔයාලට ,Pos
ලංකාවේ ගොබ්බොන්ගේ මේ ගොබ්බන්ට මෙයත් වීරයෙක් ,Neg
බලු වැඩ බං මේවා කොච්චර ලස්සනද බං song එක ,Neg
අයියා පාවිච්චි කරන්නේ xiaomi phone එකක් නේද අනේ අයියාගේ experience එකෙන් කියන්න please ඔයා හැමෝම කියන xiaomi signal case එක ඇත්තක්ද ,Neu
හප්පෝ අයියා ඔයා එන්න එන්නම තරුණ වෙන රහස මොකක්ද අපි ගොඩක් ආදරෙයි ඔයාට ,Pos
මෙන්න voice hiru star මොනද ,Pos
ඊයේ බලන් හිටියා රෑ වෙනකන් දැම්මේ නෑනේ ,Neg
අම්මා පින් කරලා තියෙනවා ගොඩක් ,Pos
චමිලා ලියත්බර song එකේ full song එක ඕන ,Pos
feel ට ඔබේ අවධානය පිණිසයි දැන් එතකොට දෙන්නම ගහලා ගුටි කෑව මං වෙන්න ඇති ,Neg
අද ඉඳන් කියපන් මම sri lankan ,Neu
ලියත්බර කිව්වනම් කෙනෙක්ම ගොඩ මේක බුරු වැඩක් කළා නුලෙන් බේරුණා ,Neg
තෙරුවන් සරණින් ඔබට සුභ අනාගතයක් ,Pos
සමහරු ආදිත්‍යට ඉරිසියාවද කොහෙද මතක් කරනවත් කැමති නෑ මේ මිනිස්සුන්ට හෙන ගහන්න ඕන ,Neg
දෙහෙට පෙනෙන්න බැරි පෝන්නයෙක් ඔක ,Neg
අනිවා voice යනවා ඒ වගේම trending එනවා කියනවා අය කො ,Pos
මං එකක් කියනවා මේ comment එක මතක තියාගන්න මු තමයි මේලේ star වෙන්නේ නැති උනොත් මං වෙඩි තියාගන්නවා ,Pos
ඔබතුමියට මං ගොඩක් ආසයි වගේම ගරු කරනවා ඔබතුමියට ගහන අපිට ඔබ ගුරුතුමිය කෙනෙක් ආදරෙයි හැමදාම ,Pos
voice එක නම් weak වගේම posh විදිහට වචන pronounce කරන්න ගියා වැඩි parties වලට sing කරන්න වගේ නම් හොඳයි ,Neg
මං නම් කිසිම දවසක මේ අම්මට කිසිම දෙයක් කියලා නෑ මොකද පව් අපි තව කෙනෙකුට දෙයක් කියන්න කලින් අපේ වැරදි හදාගෙන ඉන්න ඕන ,Neu
graphic design gaming කියන දෙකටම අවුල් නෑද මේ build එක ,Neu
wow කොණ්ඩේ ටික ලස්සනයි ගොඩක් ,Pos
plz මේ song එක දාන්නකෝ instagram හරිම ලස්සන කටහඬක් ,Pos
උන්ට වෙන්නේ එතනින් හැමදාම බඩු වෙලා රෙද්ද උස්සන් එන්න තමයි ඒ දාම එක උනා එක හොඳයි නැත්තම් පස්සේ උනත් තමයි ඒක දුක good luck අයියේ ,Neu
ඔක්කොම ලස්සනයි ඇත්ත මේ වගේ ජීවිත තියෙනවද ,Neu
ඔයාගේ interviews වල තියෙන superb ම එක ,Pos
කවුරු ගිරව් කිව්වත් radio කලාව වෙනස් කළා සුපිරි මිනිහෙක් respect ,Pos
ඔයාගේ gaming rgb keyboard mouse එක සහ headset වල price දන්න ,Neu
කියන්න වචන නෑ අපේ හමුදුරුවනේ සියලු දෙවියන් අපේ හමුදුරුවන්ව රැක දෙවා අපි පින් කදා ,Pos
අද නම් පරක්කුයි ප්‍රියා ,Neg
උබ ගොඩ යන්නම ඕන එකෙක් බං ,Pos
මොන මගුලක්ද බං මේ ,Neg
සුභ පැතුම් හමුදුරුවනේ ,Pos
බඩර ඔබට නිදුක් නීරෝගී දිර්ඝායුෂ ,Pos
උමාරියාගේ හිනාව මරු ,Pos
අම්මෝ නියමයි feeling එක ,Pos
ඕක engineers ලට plans වගේ ඒවා අඳින්න use කරන්න පුළුවන්ද අයියේ ,Neu
පට්ටම කතාව ඇත්තටම ආඩම්බරයි උනා ගැන මොකෙන් ගැහුවත් උබට ජනතාව ඉන්නවා උනා අක්කා විරාජ් ,Pos
රංජා බෙල්ලේ දාගන්නකෝ දැන්වත් ,Neg
මොකද හලෝ ලජ්ජාවක් නැතුව අනිත් ආගම ගැන බොරු ප්‍රචාර කරන්න තමන්ගේ වැඩ කර ජීවත් උනා මැරලා ගියා කියලා ඉන්න තුළ ,Neg
එයා හොඳට කිව්වා මුන්ට පිස්සු ,Neg
අපි කැමති එල්ලන්න චන්දේ ,Pos
වැඩ්ඩෙක් තමයි ඉතින් ,Pos
මේ අයත් අනිත් අය වගේම තැනදීය යුතුයි ඉගෙනගන්න හොඳ රැකියාවල් කිරීමට ඉඩදිය යුතුයි ඔබ හරි ,Pos
මුට පිස්සු අමෙරිකාව දාලා මේ පිස්සන් කොටුවට ආවේ ,Neg
ඔයා මොන දේ උනත් ඇත්ත කතා කරනවා ,Pos
ශෂිකා miss ව තෝරගත්තා කියද්දි ගොඩක්ම සතුටු වෙන්න ඇති මෙකදි good job bro ,Pos
voice යනවා කියන අය කො ,Neu
මම use කරන phone redmi එක superb phone ,Pos
මාත් radio එකේ මිනිස්සු ඉන්නවද කියලා බලලා තියෙනවා ,Pos
අපිවත් subscribe කරන්න ඔයාව කළා ,Neu
අයියේ low budget vga ටිකක් ගෙනන්නකෝ ,Neu
අපේ school එකේ අක්කි කෙනෙක් all the best අක්කි ,Pos
ගොඩක් වෙලාවට නංගියේ target එක තියෙන්න ඇති coach කසුන්ගේ team එකට යන්න ඒත් කසුන් කිව්වා හරි මන් paused උනා ,Neu
සින්දුව ගොඩක් ලස්සනයිත් video එක ගැලපෙන්නේ නෑ මේ song එකට ,Neu
සුපිරි gaming pc එකක් ,Pos
වටිනා අදහස් ටිකක් අනිත් අයට ගන්න දේවල් තියෙන කතාවක් ගැහැණියක් ඉන්න ඕන මේ වගේ ඉදිතර චරිතයක් මම හරිම කැමති අදමයි මම දැක්කේ සුභ අනාගතයක් ,Pos
කවදා බං ලංකාවේ deep learning කරන customer අහන්නත් ආසයි ,Neu
පොඩ්ඩක් ඉන්න ලඟතම තැන දන්නම් ඔයාගේ video එක ,Neg
අපිට හීන තමයි මන් ලග තියෙන්නේ core duo එකක් ,Neg
සිරිසේන මේයා ගැන අපි කිසිම දෙයක් දන්නෑ රටක් කොහොම කරයිද අරු හොඳට හොඳයි මුන් ඔක්කොම එකයි ,Neg
නියමයි මචෝ බ්ලොක් ,Pos
ආදිත්‍ය මතක් උනේ නැද්ද ,Pos
ඉරාජ් එල අයියේ ඔහොම කෙලින් කතා කරපන් ,Pos
චූටි build එක අයියා සුපිරි video එක ,Pos
මල්ලී උබ නියම කෙනාව තෝරගත්ත බං ,Pos
wow super talent හොඳ අනාගතයක් බස් ,Pos
අරවින්ද අයියා සුපිරි ,Pos
චාමරගේ voice එක පට්ටට කියනවා ,Pos
මේකමයි බලන් හිටියේ thanks ,Pos
මල්ලී ඔයා හොඳ වැඩසටහන් කරනවාත් මේ වගේ බල්ලියෙක් ගෙනල්ලා ඔයා මොනවද බලාපොරොත්තු වෙන්නේ ,Neu
වැරදින්නෙ පේනව ඔයා මාරම වැටෙන්න එපා ඔයාට පුළුවන් ,Pos
අයියේ මං hikvision pen එකක් ගත්ත දවස දෙකයි වැඩ කළේ pen එක ඉවරයි මොකද්ද එකට කරන්නෙ ,Neu
කුසල් මෙන්ඩිස් මහත්තයා වගේ මු ,Neu
අන්න වෙල්ගම මහත්තයෝ කතාවටම නෙමෙයි ඔයාට පාර වැරදුනා ජනාධිපතිකම ගන්න ඔබ සුදුසුද කියලා ආපහු හැරලා බලන්න කරුණාකරලා ,Neg
හරිම වැදගත් චරිතයක් ,Pos
ඇත්තටම හරිම ලස්සනයි හිතට ගොඩක් දැනෙනවා ,Pos
කියන්න වචන නෑ best of luck sister ,Pos
ගොඩක් පින් ඔයාට මේ මනුස්සයා ඇත්තටම පව් ,Pos
උමාරියා සුපිරියටම සින්දුව විඳා නේද ,Pos
sirasa මේයාව දාලා sirasa movie හෝ drama එකක් හදන්න ,Neu
අපිත් අයියාට vote කළේ ඔයාගේ තියෙන නිහතමානිකම සහ නිවැරදි වීමයි ,Pos
කතාවක් කරපු හැටි ඔයාගේ කටහඬ ඇහෙද්දි වෙලාවකට ඇඩෙනවා හේතුවක් දන්නේ නෑ සහෝදරයා ,Pos
කටට වැඩිම network speed එන්නේ මගේ Mbps එකටද ,Neu
ඔබ ලස්සනට වැඩසටහන කරනවා මං ගොඩක් කැමති ,Pos
මේක එනකම් බලන් හිටියේ මං ,Pos
මොලෙන් ගහපන් ගේම කවදාවත් Muslim කඩවලට යන්න එපා ,Neu
ඇයි මේවටත් unlike දාන උන් ඉන්නවා ,Neg
ඇත්තටම ගොඩක් සතුටුයි අක්කි ඔයා ගැන ,Pos
ඔයාට රටේ ජනපති වෙන්න බැරිද ,Pos
හමුදුරුවන්ට ගරු කිරීමක් නෑ මේයාගේ කතා ,Neu
ඔබේ ගමන හොඳයි අපට පැහැදිලි උනොත් අපි ඔබට චන්දේ දෙන්නම් ,Neu
එහෙත් ඔයත් මන්ටලයක් නේ නාකි මල හොන්තු ,Neg
පට්ට වැඩ්ඩෙක් තමයි ඉතින් ,Pos
අයියෝ මේයා හරේ තරුණයි නේද ,Neu
සිංහල වචන හරියට කියන්න ,Neu
යකෝ පවුල් ප්‍රශ්න අපිට වැඩක් නෑ ,Neg
අයියේ මට YouTube channel එකක් හදාගන්න උදව් කරන්න පුළුවන්ද ,Pos
රංජන් කියන්නේ ගොන් බඩින කණුවක් ,Neg
බති‍යාලට වහ කන්න වෙනවා ,Neg
music නියමයි නේ පට්ට ,Pos
සිංදුවත් එක්ක මාර ලස්සනයි ,Pos
ඇත්ත කතා කරන එකට මං කැමති ,Pos
එක පට්ට වටිනවා ,Pos
සිංහල සිංහල විදිහට කියපන් නගේ ,Neg
අනේ හමුදුරුවනේ කතා කරන්න ඉගෙන ගත්තොත් හොඳයි ,Neg
හොයන comment එක තමා නෑ ,Neu
කවුද බන් මේ Kingsley ගත්ත එකා ,Neg
ඇයි අනේ බති‍ය කියුවේ ආපු ගමන් යනවා කියලා ,Neu
කි පාරක් බැලුවත් එපා වෙන්නේ නෑ ,Pos
මෙකෙන් Lumion වගේ වැඩ කරන්න පුළුවන්ද ,Neu
රංජන් බෞද්ධයෙක් නෙවෙයි ,Neu
හරිම සරල මනුස්සයෙක් හොඳ දේවල් ඉගෙන ගන්න පුළුවන් ,Pos
ඔයාලට ලස්සන අනාගතයක් ලැබේවා ,Pos
මෙකත් අහන්න සුක්ෂමව මෙතුමා කරන දේ ,Neg
ඇයි Sirasa marketing බන් ,Neu
ලංකාවේ ඉන්නේ TikTok මානසික පිස්සෝ ,Neg
ඔයට අපේ ගොඩක් ආදරේ ,Pos
උමාරියා අනේ මන්ද පිස්සු වගේ ,Neu
ලහිරු බොහොම ස්තුතියි සුපිරි සිංහල කතා කරනවා ,Pos
පුකෙන් හිනා යනවා බන් ,Neg
Iraj උබ මහින්ද දාලා video එකක් කරපන් ,Neu
උබ පට්ට පොරක් බන් best of luck ,Pos
පට්ට voice එකක් මචන් අතාරින්න එපා ,Pos
තැනට හොඳටම ගැලපෙන කෙල්ලෙක්ගේ වටිනාකම ලෝකයටම ආදර්ශයක් ,Pos
skip කරා කලින් බලලා තිබ්බා ,Neu
ගොන්ජා රටට ජාතියට ගරහන මිනිහෙක් ,Neg
මං ගොඩක් සතුටු වෙනවා අපේ ලංකාවේ දක්ෂයෝ ඉන්න එක ගැන ,Pos
හමුදුරුවනේ තවමත් ඇයි ඔය බල්ලෝ විවෘතව එලියට දාන්නේ නැත්තේ ,Neu
හංගිලා ඉන්න සුපිරි වැඩ්ඩෝ එළියට එනවා ,Pos
මා බෙල්ල අල්ලලා ගහන්න ඕන පොලවේ ,Neg
සිංදුව නියමයි එත් video එකට ගැලපෙන්නේ නෑ ,Neu
ඔයා මාර මිනිහෙක් නේ අයියේ ,Pos
ලහිරු අයියාගේ හිනා හරිම ,Pos
රටේ විරුවන් වෙනුවෙන් කතා කරන්න කවුරුත් නෑ ,Neg
පොඩි එකා PC guide අයියා වගේ වෙයි ,Pos
සල්ලි තියන අයව තමයි ගොඩක් තැන් දෙන්නේ ,Neu
ඔයා බුද්ධිමත් ගැහැණියක් ,Pos
අනේ පලා පෝන්නේය අපි මොකද්ද තේරෙන්නේ ,Neg
අනේ බලන්න මේයාගේ හැඩියාව ,Neg
ඔකට Ryzen එකක් දාමුද ගාන කීයද ,Neu
ගොඩක් ආදරෙයි අක්කේ ,Pos
ඒ song එක අහද්දි ඇඟ හිරිවටුනා ,Pos
පලමු ප්‍රශ්නය මල්ලි වචනය කී පාරක් කිව්වා ,Neu
අනේ hacking වලට PC එකක් හදන්න ඕන මොන දා ,Neu
කොච්චර දක්ෂ දරුවෝ අපේ රටේ ඉන්නවාද ,Pos
ඔයාට හොඳම අනාගතයක් තියෙනවා මල්ලි ,Pos
ඔයා උතුම් මවක් ඔබට අපි ගරු කරනවා ,Pos
මට පේන්නේ බෑ මු ,Neg
අනේ මෙතන ඉන්න විශාරදයෝ ටික ,Neg
පට්ටට වැඩේ කලා කෙල්ල ,Neg
මෙච්චර උගත් කෙනෙක් ඇයි එතනට වැටුණේ ,Neu
පට්ට අතල් පොරක් හිනා පට්ට ,Pos
මේ මොන අහවල් සිංදුවක්ද ,Neg
voice එකට match වෙන නියම song එකක් ,Pos
රෙද්දක් අඳන් එනවා මේකි ,Neg
කසුන්ගේ මුන දැක්කම මටත් ඇඩෙනවා ,Neu
නියමයි හමුදුරුවනට අතහරින්න එපා ,Pos
ශෂිකා අක්කගේ කටහඬ හදවතට දැනෙනවා ,Pos
කසුන් අතල් දෙනවා අෆ්ෆා ,Neg
පියතුමනි අපි ගොඩක් ආදරෙයි ,Pos
ලමයා ලොකු වෙද්දි tech පොරක් වෙයිද දන්නේ නෑ ,Neu
ඔයා build එක හදන්න කීය ගියාද අයියේ ,Neu
මේ කලාකන්නි අවිච්චි මහ නරකයි ,Neg
රාජපක්ෂලාට හෙන ගහන්න ඕන ,Neg
සිංදු කියන්න එපා යකෝ ,Neg
කටේ දරුවෝද මුන් ,Neg
මට නම් හිතෙන්නේ නැහැ මෙතුමා සුදුසුයි කියලා ,Neg
wish you අයියා ඔයාගේ හැම video එකක්ම බලනවා ,Pos
මේ රාජපක්ෂලා දේශපාලනයෙන් ඉවත් වෙන්න ඕන ,Neu
මම නම් මොකුත් කියන්නේ නෑ අම්මෝ ,Neu
අපි හැමදාම ආදරෙයි Iraj ,Neu
මේ පිස්සු බල්ලව නැති කරලා දාන්න ,Neg
original singer වගේමයි ,Pos
අම්මගේ අගය දන්නේ නැති අය තමයි unlike දාලා තියෙන්නේ ,Neg
bitcoin ගත්ත නම් ලාභයක් ලැබෙනවා ,Pos
මම හරිම ආස වැඩසටහනක් ,Pos
ඔගොල්ලන්ගේ බොරුව විතරයි ,Neg
නියමයි දුලජ් අයියේ අදහස් ටික පට්ට ,Pos
කොච්චර බැලුවත් එපා වෙන්නේ නෑ ,Pos
අනේ අක්කි මං ඔයාට ගොඩක් ආදරෙයි ,Pos
නංගිලා ගැන හොයන්නේ ඉට කලින් ,Neu
අනික් ජනතාව කරන්න ඕන ,Neu
දිතදාම්ම කර්මය තමන් වපු දේවල් කපගන්නවා ,Neg
btc වලින් trading කරන හැටිත් video එකක් දාන්න අයියා ගොඩක් අය ඒක ගැනත් දන්නේ නෑ වැඩිය ,Pos
දෙවෙනි සින්දුව අඩේ ඒක best of luck bro ,Pos
කෙලින් කතා වා නියමයි බුදු අම්මෝ මෙහෙමත් ප්‍රේක්ෂක ප්‍රතිචාර සුභ අනාගතයක් god bless you ,Pos
මොක කියන්නේ මොකද කන්නේ හා ,Neu
මාරයි අනේ ඔයා ,Pos
අම්මෝ නංගියේ කට ,Neu
ඔබ වැනි හමුදුරුවෝ ලංකාවට තව තව පහළ වෙවා සාදු සාදු ,Pos
හැම එකම බලෙන් western වෙන්න ගිහින් සින්දු කනවා ,Neg
video එක ඉවර වෙනකන් බලුවා ගෙදරින් එළවුවේ නැති එක විතරයි ,Pos
voice teen අයෙෂ්මා කිව්වා ඔයිට වඩා හොඳට කොහොමත් අයෙෂ්මා හොඳට sing කළා ,Pos
සින්දුව ලස්සනයිනේ දෙයියනේ ,Pos
අනේ ඔය ඔයා දුව නැතිකරන්න මතකද කිව්වා අන්නසි කාලත් හරි ගියේ නෑ අනේ කිව්වා ,Neg
කවුද මේවට unlike කරන පර බල්ලෝ තොපි තම්බිද සිංහල තම්බිත් ඉන්නවා මේ ගොඩේ බල්ලන්ට දාව උපන් බල්ලෝ කියනවත් ලැජ්ජයි ,Neg
අපි මේ සක්කිලි රට කුඩුකරලා දානවා උබ අන්න එක ඔලුවේ තියාගනින් ,Neg
කියන්නේ සුපිරි මනුස්සයෙක් ,Pos
බොන්නෙ නැති මිනිහෙක් ලැබෙන්න පෙර පිනක් තියෙන්න ඕන ,Neu
ඔන්න මත් එකතු උනා සුභ පැතුම් ,Pos
හරිම ලස්සනයි අක්කි ඔයාගේ voice එක ,Pos
වහලු වහල් වහලා මුන්ගෙන් මේ රටට ගන්න පුළුවන් ලාභක් නෑ තොපි වගේ හරක් දැක්කනම් හොඳයි ,Neg
ඔබ වහන්සේ කියන දේ සම්පූර්ණ ඇත්ත ,Pos
අයියේ මේකට ගිය total price කොහොමද ,Neu
අම්මට හකන් පකයා තෝ cocaine ගහනවද මේක මතක තියාගනින් ගෝටා කියන අමෙරිකන් කාරයා කවදාවත් මේ රටේ ජනාධිපති වෙන්නේ නෑ ,Neg
පොරගේ රූපයට voice එක ගැලපෙන්නේ නෑ මට ඒ කාලේ ඉඳලාම හිතුන දෙයක් ,Neg
උබලා වගේ මිනිස්සු තමයි ඉන්න ඕන ලංකාවේ ,Pos
අපගේ බලාපොරොත්තුව ඔබතුමාව ,Pos
වැරද්ද වැරදියි තමයි ,Neg
මුන්දා බං දැන් ලංකාවේ ඉන්න ගායකයෝ නොදකින් ,Neg
video එක සුපිරි උනත් software එක නම් වැඩ නෑ ,Pos
නියමයි අපේ රටේ ජනතාවගේ හදවතේ ජනාධිපතිගේ පුතුන්වන් තෙරුවන් සරණයි ,Pos
මෙවැනි චීවර දරියෝ නිසා රටට හෙන ගහනවා ,Neg
superb අද ඉස්සරහටම යන්න සුභ පතනවා ,Pos
කාලකන්නි රංජන් බල්ලා රටින්ම පන්නා දැමිය යුතුයි ,Neg
vote නොකරපු කට්ටියගේ අවසානය මාරම ලස්සනයි පට්ට ,Pos
අපරාදේ මුඩුක්කුව ගූ කකා ඉන්න තිබ්බේ මුඩුක්කුවට වෙලා ,Neg
ආසාවෙන් බලුවා අද program එක මං ආසම ගුවන් විදුලි නිවේදකයා ,Pos
අයියා ඉතින් ඒකේ show එකක් කරන්න යනවද ,Neu
සුන්දර මිනිසෙක් හරිම සතුටුයි බුදුසරණයි ,Pos
යොහානිද නැත්තම් copy එකක්ද ,Neu
ගෙනන්න වෙන අය හිටියෙම නැද්ද ලංකාවේ ,Neg
ඔබට ත්‍රිවිද රත්නයේ පිහිට සියලු දෙවියන්ගේ පිහිට ආරක්ෂාව අල්ලා දෙවියන්ගේ පිහිටයි මම ඉන්නේ saudi වල ,Pos
අපි මරෙනවත් එනවා හමුදුරුවනේ මේ සක්කිලියෝ එලවමුත් එකටම ,Neg
අහිංසක කොල්ලක් අම්මමල්ලි කොච්චර සතුටු වෙන්න ඇතිද ඉදිරියට යන්න ශක්තිය ලැබේවා ,Pos
කසුන් මල්ලී මගේ ආදරණීයම ගායිකාව තමයි මාලනී aunty මට ඔයා මේක ගැන කිව්වෙදි මට ඇඩුණා එයා හොඳ ලෝකෙක ඇති මගේ මල්ලී ,Pos
ඇත්තටම හරිම ලස්සනයි ,Pos
ආසාවෙන් බෑ ආදරෙයි ,Pos
ඔයා නම් මාරයි අක්කි ඇත්තටම ඔයා කිව්ව දේ ඇත්ත තමයි ,Pos
සිනු ගහන්න ගත්ත දාට කතාකරන්න හම්බවෙන්නේ නෑ ,Neg
නංගි පට්ට මගෙන් උණුසුම් සුභ පැතුම් ඒ වගේම අපගේ ශෂිකා missට හදවතින්ම සුභ පතනවා ,Pos
ලහිරුත් respect කරලා කතා කළානම් ලස්සනයි ,Neu
කොච්චර අපහාස කළත් ගෝටාබය ජනාධිපති වෙන එක නවත්තන්න බැ ,Neu
එතකොට ග්නසාර ස්වාමීන්වහන්සේව හිර කළ එක හරි කියලාද කියන්නේ ,Neu
radio එකේම ඉන්න වටිනාකම වැඩිය ඒකට ,Neu
මමත් ආසම කෙනෙක් ආදරෙයි අර ,Pos
සින්දුනම් මරු ඒත් visual එක තමයි ,Neu
අම්මෝ මෙයාට ආපු තේ දෙකෙන් වැඩි කරලාද බොරු එපා අප්පා මේක අදිකාලේ කරපු video එකක් නිසා ඔයාගෙ තියෙන විශ්වාසය ආදරේ තවම තියෙනවා ,Pos
nice video අයියේ watercool build එකක් කරන්නකෝ ලංකාවේ කරනවා දැකලාම නෑ ,Pos
එක සුපිරි ගායනයක් ජයවේවා ,Pos
මරු නංගි ඔයා හොඳට sing කළා ,Pos
ම්ම් දැකපු පට්ට වැඩ්ඩියක් ,Pos
පුංචි කෙල්ලේ ඔයාගේ voice එක මාර ලස්සනයි ,Pos
හරිම ලස්සනයි හද මමනම් හරි කැමති ඒ හදට ,Pos
කසුන් නම් මාර පොරක් අප්පා වචනෙන් දෙකෙන් ගොඩ දාගන්නවානේ ,Pos
අනේ අඳුනා අපේ හිමියනේ සියලුම අම්මාවරු බුදුන් දැක නිවන් දැකිතුවා මගේ අම්මට වයසයි දැන් තාමත් අපි නිසා වැඩ කරනවා ,Pos
පොඩි හමුදුරුවෝ දැන් නළුවෙක් වෙලා රඟ පානවා youtube එක character එකක් වෙන්න හදනවා දැන් camera එකට හදාගෙන ,Neg
අදේ rocket engineer ආවෙලා ,Neu
ආදිත්‍ය ම ගැහුවත් මේකට ගහන්න බෑ loweth බොරුණා බලන්න ,Neu
අක්කේ ඔයා ගැන කියන්න වචන නෑ ඔයාට සුභ හෙට දවසක් ,Pos
මෙයාව ගෙනාවා නම් හොඳයි කියලා හිතද්දි මෙයාව ගෙනල්ලා thanks ,Pos
අද සිංහල මහ ජාතිය ගොඩක් අසරණ වෙලා අපි වෙනුවෙන් කතා කරන්න කවුරුත් නෑ අපේ රටේ අපි අනാഥයෝ වෙලා ,Neg
මොකෙක්ද මු මේන් චරිතද ,Neg
මල්ලී shirt එක දිග වැඩි ඔයාගේ see you next year ,Neg
පට්ට අයියා good luck ඔයා million ගහනවා ලඟදීම ,Pos
ඉදිරියටම යන්න coach ශෂිකාව තෝරගන්නෙක්ත් ඇති හොඳටම ,Pos
කුමාරි අක්කේ catholic bible එකේ තියෙනවා කෙනෙක් අපසයට ලක් උනොත් ඒ කෙනා උසස් වන්නේ ඔයා හරි නිහතමානි දුප්පත් කම කියනවා ඔයාට ජයෙන් ජය ,Pos
පිරිමි ළමයා ලස්සනට කිව්වා ,Pos
මෝඩ වෝ හොර දේශපාලකයන්ට කඩේ යන්නේ නැතුව තෝ තෝගේ පදුවේ හිටපන් ,Neg
ඊලඟ එකට chanux bro ව million එකක් එක්ක ගෙනන්න ,Neu
ඔබ කතා කරන විට මට සිරිසේන ජනාධිපති වෙන්න දඟලපු කාලේ කියපු කතා ටිකම මතක් උනා ,Neg
අනේ මන්ද හොඳයි කියනවා ලස්සනයි කියනවා එත් තේරුනේ නෑ good luck brother ,Neu
මේ බලු channel එකෙන් අහන්නේ කොහෙද යකෝ කකුල් කඩෙනකන් ගහලා තියෙන්නේ views ගන්න බොරු නඩ ගිහින් හිගා කපන් පරයා ,Neg
ඉස්සර හිටපු හමුදුරු හොඳයි දැන් ඉන්න හමුදුරු එහෙම නෑ ,Neg
ඔහුගේ තෝරාගැනීම හරියටම හරි යන්නේ ඕන තැනට ආයෙ ඔහුව ගෙනියයි ,Pos
ගොඩක් ලස්සනයි අයියේ ඔයා අපිට ආදර්ශයක් සිව්කෙත ,Pos
මධුමදාව මානසික රෝගියෙක් ,Neg
මම හිතන්නේ හොඳම coach කසුන් ඔහු වෙනස්ම චරිතයක් වෙනස්කම් කළ හැකි කෙනෙක් ,Pos
උමාරියා කැමති නෑ ඒවට ශෂිකා කැමති උමාරියටයි බතියට සතුටයි ඕන බටහිර system එකට කසුන්ට ඕන ඒට වඩා එකක් ,Neu
wow මාර ලස්සනයි ලංකාව ගැන ආඩම්බර හිතෙනවා මෙයාලගේ talent එක දැක්කම ,Pos
සින්දුවට ඇඩෙනවා video එක හරි නෑ ,Neu
voice එකේ වැඩියෙන්ම අහපු song එක ලස්සනයි නංගි all the best ,Pos
ජය වේවා ඔබතුමාවත් අපේ රට ගොඩ නගන්න ,Pos
ධනංජයගේ අයියා නෙවෙයි මධුමදාව ජාන වෙනස් අපටයෙක් මධුමදාවයා ,Neg
මේ වගේ පෝන්න වෙසියේ පුතාලා ගෙනන්න පිස්සුද ඔයි ,Neg
මොකක්ද බං ඒ උනේ ,Neu
අනේ හමුදුරුවනේ tv channel වල සතියකට වතාවක් හරි ධර්ම දේශනයක් කරන්න ,Pos
අනේ කොල්ලගේ හිනාව පව් අනේ ,Neu
මෙයාත් facebook එකේ ඉන්න උන් බැනලා post share කරනවා දැන් ,Neu
පල හොරු මුන් ඔක්කොම මුළු පවුලම එකයි හොරු හෙන ගහන්න ඕන හොර යක්කුන්ට ,Neg
කියන්න වචන නෑ ,Pos
මම කැමතිම පුද්ගලයෙක් සතුටුයි ඔබට ජය වේවා සුභ පතනවා ,Pos
ජාතිය මොකද්ද දන්න ,Neu
ඒකෙන් අහපු කැමතිම එක අර අයියා වැඩ කරන ගමන් ඔයා කියන දේවල් වලින් අපි මොනතරම් හිනා වෙනවද ,Pos
Dream Star හිටියා කියලා මතක කාටද ,Neu
කසුන් ඔබට දුකයි නේද ,Pos
අපි හැමෝම එක වගේ ලස්සන මිනිස්සු proud of you bro ,Pos
කොහෙ යන පිස්සෙක්ද මේ ,Neg
Mi UI update එකෙන් පස්සේ battery ටිකක් වැඩි ලෙස බැහැ ,Neu
මං පට්ටම ආස සිංදුවක් එලටම කලා කොල්ල congratulations ,Pos
අනේ ගොඩක් ලස්සනයි අක්කියෝ good luck ,Pos
හැමෝටම thanks හැමදාම Sirasa TV එක්ක ඉන්න ,Pos
great bro ඉදිරියට යමු ,Pos
ගම්පොළ කොල්ලෙක් නේ එල bro ,Pos
මු හිතුවට වඩා ගතිගුණ තියෙන මිනිහෙක් all the best ,Pos
කොල්ලා upset එකෙන්ද මන්දා select කළේ ,Neu
පට්ට මං හදන්න ඉන්නේ PC එකක් Ryzen build එකක් ,Pos
කවදාද එක release වෙන්නේ ,Neu
වයස කියන්න බැරි පිස්සෙක් ,Neg
මේ දොබ්බලා බඩපු අලුත් සෝයා ,Neg
ඔයාගේ දිප්ති චරිතය හරිම ලස්සනයි ,Pos
පොහොට්ටුවේ ඉන්න ප්‍රාදේශීය මන්ත්‍රීලා කසිප්පු කරයෝ ,Neg
මේ කරියා දේශපාලනය කරලා පච වෙලා යනවා ,Neg
උමාරියා පැන පැන යනවා ,Neu
ගුවන් විදුලිය අහන හැමෝම ආදරය කරනවා ,Pos
radio එකේ කියපු දේ ඇත්තම ඇත්ත ,Pos
උමාරියා ටිකක් වැඩියෙන් රඟනවා ,Neg
මොකද මේ මෝඩ ගෑණිය කසුන්ගේ button එක press කළේ ,Neg
ශෂිකා අක්කගේ team එකෙන් winner උනොත් අනිත් අයට රිදෙයි ,Pos
පට්ට bro ,Pos
unlike කරපු කෙනා මොනවද කියන්නේ ,Pos
අනිවාර්යෙන් එක හරි තෙරුවන් සරණයි ,Pos
තව ටිකක් පන දුන්නානම් song එකට පට්ට ,Pos
police එකට වැඩි බලය දෙන්න ඕන ,Neg
මෙච්චර ලස්සන voice එකක් ලැබෙන්න කොච්චර පින් කරලාද ,Pos
ඔබ අපේම කෙනෙක් බුදුසරණයි ,Pos
එනවද යලි මා සොයා ,Neu
අද කුණුහරප කියනවා අපේ කාලේ ඒවා නෑ ,Neu
අයියේ ඔයා නියමට present කරනවා ,Pos
මේ කතාව එක පාරකට වඩා බලපු අය කො ,Pos
තෝ කියන දේවල් වල වැදගත්කමක් නෑ ,Neg
අනේ පකෝ උඹ කියන දේ ඇත්ත නම් එන්න මුහුණට ,Neg
system එකට විතරක් නේ මේ ලක්ෂයක් යන්නේ ,Neu
පට්ට video එක ,Pos
ඔයාගේ වැඩට මමත් එනවා ,Pos
අනේ මේ සිංදුව තව දිගු උනා නම් ,Pos
මේකට views තව වැඩි වෙයි ,Pos
පලා පලා ලැජ්ජාවක් නැති හත ,Neg
කොල්ලත් ලස්සනයි voice එකත් ලස්සනයි ,Pos
අපේ සියලු අම්මා වරුන්ට උපහාරයක් ,Pos
Iraj උබ UNP එවුන්ව ගණන් ගන්න එපා ,Neg
අපේ දරුවෝ ගැන ගොඩක් ආඩම්බරයි ,Pos
අයියා මට මතකයි ඔයා ,Neu
උඹ පකයා පලයන් ,Neg
කුමාරි අක්කට කවුරුහරි සිංදු උගන්නන එක හොඳයි ,Neu
මේක සිංහල රටක් English වලින් කතා කරන්න එපා ,Neu
ඔබතුමාට පින් මේ වගේ දේවල් කරන එකට ,Pos
මේක නම් super පිස්සුවක් ,Pos
අයියේ ඔයා හදන දේවල් වල ගාන දාන්න ,Neu
ශෂිකාගේ voice එක තනි පිස්සුවක් ,Pos
මහින්ද ගෝටා මේවා බලන්න ,Neu
ආදර්ශමත් කතාවක් forward නොකරම බැලුවා ,Pos
ඔබට හැමදාම ආදරෙයි ,Pos
Dubai show එකකට invite කරනවා ,Pos
මොකද බන් එකෙක්වත් හැරෙන්නේ නැත්තේ ,Neu
සිංදුව ලස්සනයි visual එක නම් ගොන් ,Neg
ගොඩක් උඩට යන මිනිස්සු respect ,Pos
එක ඇත්ත මටත් එහෙම උනා ,Neu
භූමි ඔයා පට්ට strong women කෙනෙක් ,Pos
Hiru Star එකේ හිටපු පොරක් නේ ,Pos
උබට පිස්සුද මේවට support කරන ,Neg
පට්ට interview එකක් ,Pos
මේ ගණට පිස්සු මේකටත් ,Neg
පව් මේ පොඩි කෙල්ල ,Neu
තෝරාගන්න ඕන වැරදි හංගපු අය නෙවෙයි ,Neu
පොඩි කාලේ එහෙම උනාම normal ,Neu
ඔබ දිරිමත් ගැහැණියක් ,Pos
අම්මෝ මේක හදන්න ගිය සල්ලි ,Neg
පට්ට voice එකක් ,Pos
මේ දේශපාලනයට අලුත් කෙනෙක් ඕන ,Neg
ඔයා art ද කලා ,Neu
අනේ මටත් අඳුනා අපේ අම්මා වගේ ,Pos
බොරු කියන්න එපා ,Neg
very very nice song ,Pos
රංජන් කියන්නේ අක්‍රමික චරිතයක් ,Pos
nice talk but කඩේ යනවා ,Neg
මට ඇත්තටම ඇස් දෙකට කඳුළු ආවා ,Pos
මේයා නියම ගැහැණියක් ,Pos
රංජන් විතරක් නෙවෙයි අනිත් අයත් දුක් විඳිනවා ,Neg
ඔයා හරි Iraj ,Pos
ඔයා perfect program එකක් කරනවා ,Pos
සිංදුව අහනකොට coaches හැරෙනවා දැක්කෙ නෑ ,Pos
අඩම්බරයි අපේ හමුදුරුවනේ ,Pos
notification එක ආපු ගමන් බැලුවා ,Pos
මල්ලි උඹ නියම කෙනෙක් ,Pos
අනිවාර්යෙන් අපේ හමුදුරුවනේ ,Neu
මට නම් හොඳයි සිංදුව ,Pos
Prihan please අලුත් song එකක් දෙන්න ,Neu
එල කොල්ලෝ අපි ඔයත් එක්ක ,Pos
මේ ඔක්කොම පුටුවට යනකන් විතරයි ,Neg
මගේ පුතා වගේමයි ,Neu
FM radio legends Sri Lanka ,Pos
voice එකෙන් දිනන්න ඕන නෑ ,Pos
අයියා PUBG වලට build එකක් කියන්න ,Neu
කටහඬ මාර ලස්සනයි ,Pos
lassana voice ekak ,Pos
ලස්සන voice එකක් ,Pos
මේ ශක්තිය මගේ අම්මටත් තිබුණානම් ,Pos
program එක ඉවර කරන style එකට මං ආසමයි ,Pos
කසුන්ට වඩා ශෂිකාව තෝරගත්ත නම් වටිනවා ,Neg
බුදු දහමින් පෝෂණය වූ පාලකයෙක් අපට ඕන ,Neu
අනේ මේ මුණේ කටහඬට මට හරිම ආදරෙයි ,Pos
උමාරියාට හොඳට motivate කරන්න පුළුවන් respect ,Pos
කසුන් මාර අතල් දෙනවා ,Pos
පොඩි එකී පව් ,Neu
අනේ මාරම ලස්සනයි කටහඬ මී පැණි වගේ ,Pos
ශිහාන් මිහිරංගට කැමති එයත් ,Neu
නිල්මිණි තෙන්නකෝන්ගේ අම්මා කියලා ,Neu
සහන් රන්වල සහ සුදේව Hiru එක rock කරා ,Neu
මේ අයියා school කාලේ පට්ට අතල් පොර ,Pos
කසුන් කියක් හම්බු උනාද ,Neg
අනා දායන මු වලා පයයි ,Neg
සමරසිංහ ආසම චරිතයක් ,Pos
අනේ ඔයා දැක්කලත් අපහාස කරනවා ,Neg
අනේ මං ගොඩක් ආදරෙයි මෙයාට ,Pos
මේ අයට බෙහෙත් දෙන්න ඕන වගේ ,Neu
හොඳ ආකල්ප තියෙන හොඳ මනුස්සයෙක් ,Pos
අපරාදේ මේ මනුස්සයාගෙන් තවත් වැදගත් ප්‍රශ්න අහන්න තිබුණා ,Neg
අපේ හමුදුරුවනේ ඔබ කියන දේ ඇත්ත ,Neu
ඇයි මේයාව විතරක් promote කරන්නේ ,Neu
band එක අම්බෝ පිස්සු හදෙයි ,Pos
සිංදුව ලස්සනයි එත් video එක අවුල් ,Neu
මේ coachesලා පොඩි උන් වගේ සෙල්ලම් කරනවා ,Neu
deep talk video කියන්නේ TikTok video වගේ ,Neu
කසුන් නිහතමානී කලාකරුවෙක් ආදරෙයි ,Pos
මේයා saree වලට cheap material යොදනවා ,Neg
ශෂිකා වගේ කියලා හිතුණේ මට විතරද ,Pos
ඔබගේ කතාවේ වටිනාකම ලංකාවේ සිංහලයට අමතකයි ,Neu
ගොඩක් ලස්සන සිංදුවක් ,Pos
ඔව් අපේ හමුදුරුවනේ රංජන් බොලඳ චරිතයක් ,Neg
අපේ තාත්තට පෙන්න්න ඕන මේ tech sunday ,Pos
පක්ෂය මොකද්ද නාගානන්ද මහත්තයාගේ ,Neu
සුපිරි bro කොල්ලෙක්ට හදෙන්න කියන ටික තියෙනවා ,Pos
අපරාදේ සිංදුව ලස්සනයි ,Neu
මං මේ channel එකේ video එකක් full බැලුවා ,Pos
ඔයාට සහ දුවට සුභ පැතුම් ,Pos
ලොකු දැනුමක් තියෙනවා හොඳට කතා කරනවා ,Pos
අපි කසුන් ගැන හිතුවේ serious character එකක් ,Pos
ඔබ වගේ ආදරණීය කෙනෙක්ට මං ආදරෙයි ,Pos
මගේ laptop එකට add කරපු RAM එක Hikvision ,Neu
මගේ කැමතිම phone ටික ,Pos
මට නම් කවදාවත් sure නෑ කවුරුත් රට පාලනය කරනවා හොඳයි කියලා ,Neu
අනේ ලහිරු පුතේ මේ වගේ ගොන් අය එක්ක වැඩ කරන්න එපා ,Neg
අපිට t shirt ගන්න බැරිද ,Neu
යකෝ ඒ කොල්ලා Hemal Ranasinghe වගේ ,Pos
Hiru එකේ අය unlike කරලා ,Neg
බලන්න මේයාගේ හැඩියාව පව් ,Neg
සමස්තයක් ලෙස හොඳයි ,Neu
ඔබ ජාතිවාදී කතා කරනවා ,Neg
හිනා තමයි අපේ ,Neu
මේයා Hiru Star season එකේ හිටියා නේද ,Neu
ඇයි මේ තරම් අමාරු සිංදුවක් තෝරගත්තේ ,Neg
අනේ ලමයි දෙන්නා එන්න ,Neg
කල්හාර voice නිසා කසුන්ගේ song වලට value එකක් ,Pos
අර අයියාට ආදරෙයි ,Neu
ඔබ අපේ රටේ සම්පත ,Pos
දෙවෙනි වතාවට අහන්නේ ,Pos
Chanux ඔයාගේ PC එක මාරයි ,Pos
ගොඩක් හිතට දුක දෙන ලස්සන song එකක් ,Pos
please පක්ෂයක් හදලා election එකට එන්න ,Pos
අද කාලේ ගැහැණු වෙනස් වෙනවා ,Neu
අම්බෝ price පිස්සු හදෙනවා ,Neg
බුදු දහම බුද්ධිමත් අයගේ ආගමක් ,Pos
කසුන්ගේ set එකේ battle එක ,Pos
build එකේ casing එකට දාපු එක අපරාදේ ,Neg
එදා කියපු boyට අද මොනවා හිතෙනවාද ,Neu
ඔයාගේ ආදරණීය දියණිය ගැන සතුටුයි ,Pos
සිංහල අය එකතු වෙලා රට ගොඩනගමු ,Neu
අපි හමුදුරුවෝ එක්ක ඉන්නවා ,Pos
සුපිරි දෙන්නම එකතු වෙලා ,Pos
අපි vote දෙන්න ඕන කාටද ,Pos
හරිම ලස්සන කතාවක් ,Pos
දෙන්නම ගන්න අයින් කරන්න එපා ,Pos
ආවට පස්සේ තව minutes ඉන්න ඕන ,Pos
රසිකයන්ගේ ප්‍රතිචාර අමුතුයි ,Neu
හැම ගැහැණියකටම ඔයාගේ කතාව ආදර්ශයක් ,Pos
අපිට ඒවා ගැන හිතන්නවත් බෑ ,Neg
අපේ university එකේ girl කෙනෙක් ,Pos
කසුන් කියන්න වචන නෑ ,Pos
ඔයාගේ කටහඬට ගොඩක් ආදරෙයි ,Pos
අපේ මිනිස්සු වැරදි හොයනවා ,Neu
උමාරියා යක්ෂණී වගේ ,Neg
දේශපාලනයට අලුත් කෙනෙක් ඕන ,Neu
අනේ ඉක්මනට නව මුදල් ලැබේවා ,Pos
කියන්න වචන නෑ හරිම ලස්සනයි ,Pos
ඔබේ දියණිය ඔබේ ජීවිතයට ආලෝකයක් ,Pos
ඔයා ශක්තිමත් හොඳ අම්මා කෙනෙක් ,Pos
රට හදන්න හදන අය මෙහෙම නම් ,Neg
ඇයි ජනතාව නිහඩ ,Neg
කියන්න වචන නැහැ ,Pos
අපේ දේශපාලකයෝ නිසා රට විනාශ වෙනවා ,Neg
පුද්ගලික දේවල් හිතනවා ,Neg
මෙයා අවංක වගේ පේනවා ,Neu
ගැහැණියක් වීමේ අර්ථය වෙනස් ,Pos
කසුන් ඔයා ඉල්ලගෙන කෑවා ,Neg
visual එක chill සිංදුව හොඳයි ,Neu
හොඳට හදලා බොරු කියනවා ,Neg
තව phone review එකක් ඕන poco x එකක් ගෙනන්නකෝ අයියේ ,Pos
මේක screen off කරලා අහපන් ඒක පට්ට ,Pos
මෙයානම් දක්ෂයි අපරාදෙ ගත්තේ නැත්තේ මේට වඩා අවුලට sing කරපු අය ඕනතරම් ගත්ත මේක නම් අපරාදයක් ,Neg
කට තලන්න පුළුවන්ද හමුදුරුවනේ අපි කරන්න පුළුවන් දෙයක් කියමු නේද හමුදුරුවනේ ,Neg
උමාරියා හැමදාම අඳින්නේ එකම ඇඳුමද ,Neu
ඒදා parliament එකේ කතා කරේ අපි මැරිලා ඉපදිලා වගේ defender එකෙන් කොල්ලෙක් උස්සලා මේයාගේ හෙන්චයියෝ සේරම වැරදි පිළිගත්තා එතකොට මේයා නිදහස් බබා වට්ටි අම්මා වගේ කියෙව්වට ඇත්ත හංගන්න බැ ,Neg
අනුන්ගේ ඒවා ඔබන්න එපා අයිතියක් සොර ගන්නවා වගේ නේ ,Neu
tech sunday episode එක මම download කරලා බලුවා තාමත් බලනවා ගොඩක් වටිනවා අපි ඉක්මනටම ගහමු tech sunday episode november ,Pos
මේ කුණුහරුප වදාලා හමුදුරුවෝ නෙද රංජන්ගේයි මේයාගේයි වෙනසක් නෑ දෙන්නම ගොන් ,Neg
video එක මරු ,Pos
පට්ට බොරු කියන්නේ ,Neg
මහින්දගේ ගූ කන පෝන්න වෙසියේ පුතා ,Pos
ඔබ කියන දේ හරි මල්ලී අපි සියලු දෙනා ඔබ සමග ඉන්නවා ඔබට දෙවි පිහිටයි ,Pos
මං නම් දන්නේ නෑ මේ අයියා කවුද කියලා දන්නේ නෑ එත් මට දැනුන හොඳම ලාංකිකයා ,Pos
interview කරන එක බොරුවට මෝඩ joke මයි දන්නේ ,Neg
කුමාරි අක්කේ ඇත්තටම ඔයාගේ මේ වචන ටිකට කියන්න දෙයක් නෑ good good එකෙන්ම මං ගොඩක් ආදරෙයි සුභ අනාගතයක් වෙවා ,Pos
video එකේ අන්තිම time පොඩි අවුලක් තියෙනවා නේද ,Neg
උමාරියා බතිය කසුන් හැකියාව වගේම මාර අතල් එකේ ඉන්නේ ,Pos
ගෙහන් ආපු first interview එක ඒකත් මේ channel එකේ වැඩිම views ගත්ත video එක නියමයි ආසම චරිතයක් ජය වේවා ,Pos
ඔයා හොඳට කිව්වා අතහරින්න එපා dear voice ලස්සනයි අමුතුයි ,Pos
මී පැණි වගේ මේක නම් ,Pos
අයියා කිව්ව ලස්සනම කතාව තමයි youtuber කියන්නේ youtube එකම target කරලා video කරන අය කියලා ඔව් ඒක ඇත්ත දැන් මේ ඉන්න කට්ටිය viral වෙන්නේ වෙන විදිහට ,Pos
මම කතෝලික ඔබ වහන්සේ ඇත්ත කතා කරනවා මම බුදු දහමට ගොඩක් ගරු කරනවා ඔබ වහන්සේට බුදුන් වහන්සේගේම පිහිටයි ,Pos
හරිම වැදගත් හරිම ලස්සන වැඩසටහනක් ඔබට තෙරුවන් සරණයි ,Pos
බුද්ධගම කොහෙද තියෙන්නේ සිංහල උබලාගේ බයිලා විතරයි අපිට පෙනවන්නේ සිවුරු ඇඳපු උන් ඔක්කොම හපන් සේරමලා නෙවෙයි ,Neg
බුදු සරණයි හමුදුරුවනේ ,Pos
මාරම චරිතයක් මං හරි ආදරෙයි ,Pos
මොනවා කරන කෙනෙක්ද මේ ,Neu
තවත් songs කරන්න අක්කා ඔයාලා වගේ ලස්සන singers ලා දැන් නෑ මං බලන් හිටියේ ඔයාගේ songs බලන්න thanks තවත් ලස්සන songs කරන්න please පොඩි කාලේ ඉඳන් මගේ favorite singer ඔයයි ,Neu
ltte එක years ගානක් කරපු විනාසයක් නිසා අදත් කොච්චර මිනිස්සු දුක් විඳිනවද ,Neu
සමන් ලෙනින් මහත්තයාව මතක් උනා ,Pos
අයියේ උබ නම් මාර මනුස්සයෙක් ,Pos
ඔබ වහන්සේට ගොඩක් ගරු කරනවා ඇත්ත කතා කරනවා ,Pos
ඔබ වහන්සේ හරියටම හරි ,Pos
අර පොඩි කෙල්ලට ඉන්න දීපන් ගැණියේ ,Neg
original සින්දුව අහලා තියෙන අයට කවුරු කොහොම කිව්වත් සමන් ලෙනින් කියන ලාංකීය හද මතක් වෙන්න ඕන නුඹටත් ජය කොල්ල ,Pos
ඔයා අක්කා අදහන්න වටිනවා ,Pos
අපේ හමුදුරුවනේ ඔබ වහන්සේට ආදරණීය අම්මට සියලුම මව්වරුන්ට පියවරුන්ට දිර්ඝායුෂ ලැබේවා බුදු සරණයි ,Pos
ඔක්කොම කුණු වැඩ කරලා මේ රටේ ඉන්න තරුණයන්ව නරක කරලා ජාති භේද අවුස්සලා ඔක්කොම කරලා දැන් ප්‍රශ්න උනට පස්සේ බබා වගේ කතා කරනවා මුන් රංගපෑම හොඳයි ,Neg
වයස බලන්න ආවේ කො යකෝ ,Neg
මේකේ comments කියවලා ඔලුව කක්කුම හැදුන එවුන් තව ඉන්නවද ,Pos
ඉරාජ් අපි උබ එක්ක ඉන්නවා unp පෝන්නයෝ උබගේ page එකට කරපු වැඩේට බලමුකෝ ,Neg
කසුන් කියන්නේ මැණිකක් ,Pos
ගොඩක් ලස්සන voice එකක් මරු අහන්න ආසයි ඔයා sing කරද්දි ,Pos
උබට voice record නිසා අමාරුව වැටලා කරගන්න දෙයක් නැතුව parliament එකට කතා කරා කියුවා උබලා එකතුවෙලා බොරු නඩු දාලා කීයද හිරේ දැම්මා ඒ විපාක තමයි මේ ,Neg
මු මාර පොරක් ඔයි රවුලයි කඩයි දෙකම බේරගෙන ගේම ගහනවානේ එල කොල්ලෙක් ,Pos
ඔයාලා හමුදුරු වගේ ජීවත් වෙන්න ,Neu
සොබන කතා තාත්ත දිනුවම පුතාලා හොර කන හැටි බලගන්න පුළුවන් මුන් කතා කරන්නේ එක දෙයක් කරන්නේ වෙන දෙයක් කතාව වැඩක් නෑ මුන් රට කෑවා කොහොමත් එකයි ,Neg
ආසම චරිතයක් good ,Pos
ලස්සනයි බං ඉදිරියටම යන්න සුභ පතනවා ,Pos
next time අපි මේයාට හොඳ දැනීමක් අරන් දීලා එමු නේ ,Neu
මං නම් ආවෝ ,Neu
පෙස්සු ගෑණියෙක් බලන අපිටත් පෙස්සු ,Neg
අයෂ්මා හොඳයි කියන අය එකයි මේකයි ආයෙ අහුවොත් නරකද ,Neu
පට්ට චරිතයක් තමයි ඉතින් ගරු කරනවා ,Pos
පට්ට කතා ටිකක් ,Pos
අඩෝ පෝන්නයෝ උඹ වගේ කාලකන්නි නිසා තමයි රට කුණු වෙලා තියෙන්නේ උඹ ලඟදීම කනවා අනිවාර්යෙන් පෝන්නයෝ ,Neg
මේ මොන පකෙක්ද ,Neg
නියම කොල්ලෙක් අරවෙන්ද ,Pos
මටත් ආයෙ හිරිගඩු පිපුණා ,Pos
මේ කට්ටිය එකම ඇඳුම අඳිනවනේ ,Neu
ඇයි හැරුණේ නැත්තේ ,Neg
commentary දෙවනි වලින් පටන් ගත්තේ ආයෙ හැම තැනම ඉස්සරහට ගියා ,Pos
වල් බොරු ගොතන්න එපා පො ,Neg
ඔබ වහන්සේට දිර්ඝායු ප්‍රාර්ථනා කරනවා අප වෙනුවෙන්ත් අපගේ රට වෙනුවෙන්ත් ඉදිරියට සිටින ඔබ වහන්සේට බුදුසරණයි ,Pos
අම්බෝ අයියාත් අතල් දෙනවා නේ ,Neu
අනුදූලා දෙන්නම ගෙනේ තිබ්බේ ,Neu
කටහඬ මාරම ලස්සනයි සින්දුව පටන් ගන්නකොට පුදුමයි හරිටම වෙන කෙනෙක් වගේ ,Pos
කිතුල් voice එකට ආවිත කියලා හිතුණා අය කො ,Neu
ඔබට ලෝකයම දිනන්න හැකියාව ලැබේවා ඒ වගේම ඔබේ නිහතමානිකමට ආදරෙයි හැමදාම thanks ලහිරු ඔබටත් ,Pos
ඊගාවට ලහිරු ගන්නේ රත්ත මොකද හිතන්නේ කට්ටිය ,Neu
ගැහැණු අපිට ඔබ ආඩම්බරයක් ,Pos
බුදු සරණයි අම්මේ මතු ආත්මයක මේ වගේම දරුවෝ බිහිකරන්න මේ රටේම යලි ඉපදිලා මතු නිවන් දැකීමට හේතු වාසනා වේවා ,Pos
මහත්ම ගති පැතුම් ඇති තරුවන් අපේ ඔබ ආදර්ශයක් ,Pos
channel කාරයෝ කරනවා මේ මනුස්සයා අල්ලගෙන නොන්දි හුත්තෝ ,Neg
කවුුරු මොන කියුවත් මිනිස්සු පනවුණත් දෙන් මිනිහෙක් ,Pos
මම දැකපු එකම කොල්ල එකම song එක දෙපාරකට වඩා බලපු best of luck අයියා ,Pos
මෙවැනි වැඩසටහන් හොඳටම මෙහෙයවන්න පුළුවන් අයියට තමයි ,Pos
දැන් බබා වගේ තුහ් නොදකින් ,Neg
අවශ්‍ය coach කසුන් පව් කියලා හිතෙනවාලු ,Pos
ලොකු පොඩි කවුරුත් අඳුනන නියම හදක් thanks ,Pos
බතිය සුපිරි කොල්ලෙක් chance එකක් දෙන්න පුළුවන් නම් අනිවාර්යෙන් දෙනවා කුහක නෑ ,Pos
හරි අපරාදයක් උනේ ,Neg
prices කියපු එක නම් මාර හොඳයි ,Pos
ඒයත් ලස්සනයි සින්දුවත් ලස්සනයි ,Pos
congratulations සන්දා ඔහොම යන්න මේක තරගයක් නෙවෙයි ,Pos
පෝන්න ඉරාජ් අවජාතකයෙක් ,Neg
සමාජයට හොඳ දැනුමක් දීමක් තව speech කරලා රටේ ඉන්න මේ හරක්ට තේරෙන්න ,Neu
ඇයි අයියා chapters පෙන්නන්නේ නැත්තේ මගේ video එකක්වත් පෙන්නවෙ නෑ ,Neu
කියන දේවල් හරිම හරි මාර mind එකක් මේ interview එකෙන් ඒක දැනගත්තේ thanks අයියේ uncle ,Pos
මං කැමතිම ගීතය ,Pos
අනේ මේ ඔබතුමා uk වලට කඩේ යන්නේ නෑ කියන්න පුළුවන්ද ඔක්කොම එකයි ,Neg
අසුවහක් කටවහක් වදින්න එපා අක්කගේ කොණ්ඩෙට අනේ කවදාවත් කපන්න නම් එපා please ,Pos
කොල්ල මිස් උනා නම් පව් බං ,Neu
redmi එකේ update එකේ review එකක් දාන්නකෝ ,Neu
bands ලට හොඳම කට්ටිය මුලදීම ගියා නේ ඒ නිසා ඒලට දැන් අවුලක් නැතුව ඇති ,Neu
ලස්සනට කිව්වා හොඳ ගමනක් තියෙනවා ඔයාට ,Pos
මං නම් මේ සාරි ඉන්න ආසම කෙනා නංගි ඔයා සුභ අනාගතයක් තෙරුවන් සරණයි ,Pos
ඇවිදින විදිහ බලලා කියන්න පුළුවන් apex pro කෙනෙක් කියලා ,Pos
පොරක් චරිතයක් කියන්න පුළුවන් සුපිරි කෙනෙක් ,Pos
deep fake video එකත් ඕන අයියේ tech sunday සුපිරි ,Pos
දෙහිවල විතරද shop එක තියෙන්නේ ,Neu
ඔබතුමාගේ වැඩසටහන් සියල්ලම බලනවා ජේසු පිහිටයි ,Pos
අනේ පල මොංගලය ,Neg
ඔයා ගැහැණියට හොඳම ආදර්ශයක් ,Pos
මේ වගේ interview එකක් කොහෙවත් අහල නෑ පට්ට ,Pos
මේවගේ සුන්දර මිනිස්සු ගෙනාවට ජය ,Pos
මෙන්න බුලට් එක ,Pos
කසුන් hint එකක් ගැහුවා කියලා හිතෙන්නේ මට විතරද ,Neu
බුදුසරණයි අක්කේ ඔයා හැමදාම සතුටින් ඉන්න ,Pos
පට්ට ඔන්න මත් appeal දුන්නා ,Pos
හමුදුරුවෝ කතා කරන විදිහ නරකයි ,Neg
ලහිරු අයියේ වැඩකට නැති අය ගෙනන්න එපා ,Neg
video එක නැත්තං සිංදුව පට්ටම පට්ට ,Pos
wow කසුන් මල්ලි ඔයත් ලස්සනට ගැයුවා ,Pos
Kingsley අයියාගේ හැකියාව වෙන දේකට හොඳයි ,Neu
අන්තිම වචනය කොහොමද ,Neu
කොහොම උනත් ගෝටාබය ජනපති උනොත් රට හදයි ,Neu
radio එකක් අහුණා කාලෙකින් ,Pos
උමාරියා එහෙම බයවෙලා බලන් ඉන්නේ ,Neu
හොඳ කෙනෙක් ගොඩක් පව් බුදුසරණයි අක්කේ ,Pos
යකෝ මුගේ voice එක සුපිරි ,Neg
මම පාරකට වඩා බලුවා පට්ටම පට්ට ,Pos
පිටිපස්සේ අක්කා dance කරනවා ,Neu
video ගොඩක් හොඳයි ,Pos
ඔක්කොම එකතු වෙලා පාඩමක් උගන්නමු ,Neu
මගේ ගාවත් තියෙන්නේ Redmi කිසිම අවුලක් නෑ ,Pos
වීරසිංහගේ face cut එක ටිකක් තියෙනවා ,Neu
අර කියපු කතා සියල්ලම ඇත්ත ,Pos
බුදුසසුන බබළේවා ඔබ වහන්සේට දිර්ඝායු ,Pos
මේක පොඩි උන් රවට්ටලා සල්ලි හම්බ කරන marketing එකක් ,Neg
ඔබ වහන්සේට තෙරුවන් සරණයි ,Pos
admin අයියා අපි කියන දේ අහලා after shots දාන්න ,Neu
all the best සංජය අයියේ ලස්සනයි ,Pos
backup software එක ගත්ත අය කො ,Neu
අම්මට සලකන එක පේනවා ,Pos
මේක voice global යයි කියලා හිතන අය කො ,Pos
අපිට මේවා කොහෙන්ද ,Neg
තෙරුවන් සරණයි අපේ හමුදුරුවනට ,Pos
අම්බෝ අයියේ video එක එනකම් බලන් හිටියේ ආදරෙයි ,Pos
ඔයාට ගොඩක් ආදරෙයි අපි සතුටින් ඉන්නවා ,Pos
අදහස් වලට ගරු කරනවා ,Pos
Hikvision pen drive නම් හොඳයි speed එක ,Pos
පොඩි කාලේ ඉඳන් ආසම චරිතයක් ,Pos
එ voice දෙක හදවතින්ම ආසයි ,Pos
දැන් logo sound එක වැඩියෙන් සද්දයි ,Neg
නිහතමානී කෙනෙක් ,Pos
Hiru Star එකේ හිටියා නේ ,Neu
මම comment දාලා නැති උනත් මට දුකයි ,Neu
ඇයි කසුන් ඔච්චර පණ්ඩිත ,Neg
අපේ මිනිස්සු සල්ලි වෙනුවෙන් කඩේ යනවා ,Neg
සරල නිහතමානී චරිතයක් රොහිත රාජපක්ෂ ,Pos
ඉතාමත් බුද්ධිමත් අවංක දක්ෂ කෙනෙක් ,Pos
pushparagaya ඉඳන් Wasthi video බලනවා ,Pos
මචං පුළුවන් නම් ඔයාගේ අදහස් share කරන්න ,Neu
අත්ත කෑවා පට්ට හොරු ,Neg
අද නම් එපාම උනා ,Neg
අපේ හමුදුරුවනේ රට බේරන්න ,Neg
ලෝකෙටම සිංහල කියන භාෂාව තියෙන්නේ ලංකාවේ විතරයි ,Neg
skip නොකර බලපු video එකක් ,Pos
සන්තුෂ්ගේ කටහඬ ලස්සනයි ,Neu
ලස්සනයි නතාශා අක්කි ඔයාගේ song එක ,Pos
එකනම් පට්ට සහෝ ,Pos
හොඳ ගායනයක් ,Neu
wow good program ,Pos
මට හිතාගන්න බැ ඔයා වගේ කෙනෙක් ලංකාවේ ඉන්නවා කියලා ,Pos
නවත්ත පාරට බහිනවා ,Pos
හැකි නම් නාගානන්ද එක්ක එකතු වෙන්න ,Neu
හරිම සුන්දර කාන්තාවක් ,Pos
අනේ ඔයා කොච්චර හොඳද aunty ,Pos
අපේ punchi pc guide channel එක ලොකු වෙනවා ,Pos
මේ තමයි final එකට vote කරන කෙනා ,Pos
මචං මිලින්ද උබට තව කරන්න පුළුවන් ,Neg
ඔයා වගේ කෙනෙක්ට රට බාර දුන්නොත් හොඳයි ,Neg
කසුන්ගේ කන super ,Pos
පව් අක්කි ඔයා ,Neu
silver play button එක ලඟදීම බලමු ,Pos
nanotek site එකේ CPU තියෙනවා ,Neu
notification ආපු ගමන් බලුවා ,Pos
අවංකව අදහස් ප්‍රකාශ කරා ,Pos
ගෝටා ආවහමත් කෙලින් කතා කරන්න ,Neu
මේ රාජයන් කරන වැඩ නරකයි ,Neg
මට missගේ number එක ගන්න පුළුවන්ද ,Neu
අඩේ පාරේ සද්දෙටත් නැටෙනවා ,Pos
මේ වගේ ගොන් අය ගෙනන්න එපා ,Neg
සුබදායක පණිවිඩයක් බලාපොරොත්තු වෙනවා ,Pos
අයියෝ දෙමව්පියන්ට ගරු නොකරන අය ,Neg
එකනම් රිදෙන්න දීලා තියෙනවා ,Pos
මමත් සිංහල බෞද්ධ ,Pos
බලන්න තියෙන හැඩියාව ,Neg
සුපිරියක් තමයි ,Pos
යකෝ නැවත හරෙන්න ඕන ,Pos
ජාතියට ආදරේ කරන්න ,Neg
අඩෝ කෑගහන්නේ නැතුව program එක කරපන් ,Neg
හරිම ආදරෙයි ,Pos
brother Charlesට ගරු කරනවා ,Pos
ලස්සනයි ගොඩක් ආදරෙයි දෙන්නටම ,Pos
එකනම් ඇත්ත අක්කේ ,Pos
අපි හොඳ වචන භාවිතා කරමු ,Neu
මේ කව්ද කියලා දන්නේ නැහැ ,Neu
ලහිරු අයියේ ඔයා ගැන video එකක් දෙන්න ,Pos
අනේ පව් බබා ,Neg
අනේ හමුදුරුවනේ ඔයා රටක් ආගමක් නැති රංජා ගොන්නා ඉක්මනටම ගෙදර යනවා ,Neg
ඔයාගේ මේ video එක ඉවර වෙනකල් බලුවා සුපිරි ,Pos
ඔයා කවුද උනත් respect කරනවා ,Pos
ඔයාගේ casing එක අවදාද දැන් nanotek එකට ,Neu
අපිට ඉතින් ඔවා හීන ,Neg
අනේ හමුදුරුවනේ ඔබ වහන්සේ පරිස්සම් වෙන්න අත කියන්න ගිහින් ජීවිතයට අනතුරක් වෙයි ඔබ වහන්සේ රටට මැණිකක් ,Pos
ඔව් නිලමිණි ඔයා හරියටම හරි නමුත් ඔයාට ගැලපෙන කෙනෙක් හොයා ගන්න ,Pos
දැන් කොහොමද පස් බොරළු මැටි වැලි ගස් කපා ඉවරයි බලු පයියෝ තෝ බල්ලන්ට කඩේ ගියා පාස්කු මිනීමරුවා නිදහස් ,Neg
අදේ අයියා ඉතින් channel එකේ program එකක් host කරන්න යනවා නේද ,Neu
හරි ආඩම්බරයි ඔයා වගේ නිළියක් ගැන අපේ නිළියන් ගැන බලද්දි ඔයා ගැහැණු සංහතියටම අභිමානයක් ,Pos
කිසිම ඉරිසියාවක් නෑ කසුන්ට ,Pos
අම්මේ හැමෝටම ආදරෙයි ආත් මුල අමතකලා නෑ කසුන් sir තෝරගන්නවා කියුව විනිශ්චය මණ්ඩලයම රටක් වටිනවා ,Pos
intro එක නම් පට්ට අයියේ ,Pos
මේ video එක youtube වල කීදෙනෙක් කොච්චර දේවල් ඉගෙනගනීද ,Pos
පට්ට ඔයි අපේ එකෙක් ,Pos
නියමයි එක ලස්සනයි මරු ,Pos
ඇස් වලට කඳුළුත් ආවා හුගක් ලස්සනයි ,Pos
මම කවදාවත් අරවින්දව අහලා තිබුණේ නෑ ලංකාවේදී ඒත් මේ වැඩසටහනෙන් අරවින්ද කියන චරිතයට ලොකු කැමත්තක් ඇති උනා ,Pos
ලංකාවේ හදපු හොඳම සින්දුවක් තමයි කවුරුහරි sing කරනකන් හිටියේ මේයා sing කරපු pitch එක ඒකට too low low notes handle කරන්න මාර අමාරුයි ඒකට ඒකයි ගොඩක් දුරට ,Neu
ඒ අම්මා අනේ ශෝක් හරිම happy එකේ අල්ලා best නංගා ,Pos
ගෝටාබය අපේ නායකයා රටේ මිනිසුන්ගේ එකම බලාපොරොත්තුව ,Pos
අපේ හමුදුරුවරු අය දෙනයි cardinal තුමා කියන කෙනා තමයි අපේ ජනාධිපති ,Neu
ඇත්තටම මහින්ද ජනාධිපතිතුමාගේ කාලේ රටට වැඩක් කළා පෙනෙන දියුණුවක් තිබුණා ,Neu
කාලෙකින් අහුවා බැලුවා පට්ටම song එකක් ,Pos
අයියේ second hand sony xperia xz phone එකක් කට විතරක් ගන්න එක පදුවද ,Neu
ඔයාගේ වැඩත් අපි දැකලා තියෙනවා හෂිනි වගේම තමයි ඔයත් ,Neg
මිහින්දු අයියාගේ photo copy එකක් ,Neu
ලහිරු අයියේ ඔයා present කරන විදිහ හොඳයි ,Pos
හොඳටම බයවෙලා අපතයා කියලා බැනලා දැන් මහත්තයාවෙලා හොකි හොකි හූ ,Neg
ඔයා ලස්සනයි වගේම වැඩත් ලස්සනයි ,Pos
මං කැමතිම නිළියක් ,Pos
තොට වෙඩි තියන්නේ තොපි වැඩයෝ හුත්තෝ පරිස්සමින් හිටපන් is one නෑ උබලට ගහන්න ,Neg
අයියා අපි ඔයා එක්කයි ,Pos
අයියා total price එක කීයද build එකට ,Neu
කසුන්ත් මරු අතල් දෙන්නේ ,Neu
ආදරෙයි බං ඉරාජ් ,Pos
යහපාලන බල්ලෝ කපියු දෙන් මිනි මස් තොපිට හෙන ගහනවා ,Neg
උසාවියෙන් නඩු කරා හමුදුරුවෝ පපුක් නැති හෙගන්න හෙතක් ,Neg
හොඳ මනුස්සයෙක් දේශපාලන label නැතුව උබ වගේ මනුස්සයෙක් නෑ බං ,Pos
ඔබතුමා කියන කතාව ඇත්ත හමුදුරුවනේ ,Pos
සිවුරක් දාගෙන කුණුහරුප කියන කෙනෙක් ලඟට යන උන්ගේත් මොලේ කචල් පිස්සෙක් උත් ගියා අර හෂෙන් කියන අය මේ අයට බුද්ධිමත් වැඩක් කරන්න බැරි ,Neg
මුලින්ම super star ආවේ පස්සේ hiru star ආවා දැන් voice එකේ එල එල ,Pos
මේක එනකන් හිටියේ ,Pos
දුලා jet එකක් පදලා වගේ interview එකට ඇවිල්ල තියෙන්නේ ,Neu
ලහිරුට රොහිත්ගේ ගෑණි ගැනමයි දැනගන්න ඕන ,Neu
ගෙහන් serious වෙලා ඉන්නවා දැක්කමයි ,Neu
ළමයිට කන්න බොන්න දෙන හැම parent කෙනෙක්ම හොරකම් කරලාද කන්න බොන්න දෙන්නේ මේයා responsible නැතුව ඇති commit වෙන්න බැරි කමක් තියෙනවා මේයාගේ parentsලාත් හොරකම් කරලාද කන්න දීලා තියෙන්නේ මේයාට ,Neu
කරන හැමදේම පරිස්සමින් මොකද සිංහල අන්තවාදීන්ගෙන් ,Neg
සමහර හොරුවත් පූජකයෝ වෙලා ඉන්න මේ අවස්ථාවේ පූජකයන්ගෙන් වෙන වෙමු ඔබ සැමට allah සහ තෙරුවන් සරණයි ,Neg
ලහිරු ඔයා කරපු හොඳම වැඩසටහන ගම්‍ය නම් නියම අදහස් තියෙන නියම යුවතියක් හොඳ අදහස් දරන්නියක් ,Pos
අයියා video editing වලටයි graphic designing gaming වලට build එකක් හදුවානම් ගොඩක් වටිනවා ,Pos
set වෙනවා මරුවට කසුන් වැඩ්ඩා ,Pos
admin අති දාම්මා ටිකකින් දාන්නකෝ ,Neu
මොනවා උනත් sirasa අගය කරන්න පුළුවන් program එකක් මේක ,Pos
අනේ ඒක ඇත්ත අපේ හමුදුරුවනේ අල්ලා කියලා නෑ මහමා කරන්න මේවා නපුරු මිනිස්සුන්ගේ වැඩ ,Neu
එක හරියන්නේ නෑ අන්තිමට ආදරේ කරපු කෙල්ල අරෙන්න වෙන එකෙක් කොල්ලෙක් බැඳින එක හරියන්න නෑ ඔකේ ,Neg
මගේ laptop එකේ display ribbon එක ගිහින් අයියේ ඒක ලංකාවේ නළු ,Neu
ජය වේවා අපේ හමුදුරුවනේ ඔබ වහන්සේට යුක්තිය වෙනුවෙන් ඉදිරියටම යන්න සියලු දෙවියන්ගේ ආශිර්වාද ලැබේවා බුදු සරණයි ,Pos
තවත් ලතා වල්පොල කෙනෙක් ,Pos
උබට වැරදෙන්නේ නෑ මචං බොන එක නතර කරපන් ඒ බෞද්ධ දර්ශනයට නැඹුරු වීම හරි වටිනවා නාමික බෞද්ධයන්ට වඩා උබ හරි පිංකාරයෙක් ,Pos
chanux ට ඉතින් ads sponsored නෑ ,Neu
හරිම ශෝක් හරි ආඩම්බරයි ,Pos
රංජන් රාමනායක කියන අදහස prof ගල්කන්ද දම්මනන්ද හමුදුරුවෝත් කියලා තියෙනවා වෙනත් වචන වලින් හමුදුරුවරු කලබල නොවිය යුතුයි ,Neu
මාවත් sub කරන්නකෝ යාලුවනේ ඔබට ජය ,Pos
ඔක එනකම් මග බලන් හිටපු මම ,Pos
ලස්සන සින්දුවක් ගොඩක් හිතට දැනෙන මගේ කතාව වගේ ටිකක් සින්දුවත් ලස්සනයි අක්කත් ලස්සනයි මගේ ආසම නිළියක් ඉස්සර ඉඳලාම යනවා හිතේ දුක දරා ,Pos
මං සින්දුව කියනකොට ඇත්තටම මට ඇඩුණා මම හරිම ආදර ගායිකාවක් ,Pos
යකෝ අර හොඳට කිව්ව කොල්ලව කපුවා මුල් ගායකගේ විදිහටම කිව්වා කියලා මේ කෙල්ල පට්ට අවුල් විදිහට කිව්වේ එක අපිටත් තේරුණා ,Neg
මොනවා උනත් කෙලින් මිනිහෙක් ,Pos
තාත්තා කොටියා නම් පුතා උපසකද ,Neg
මේක බලලා මත් හොඳ lap එකක් ගත්තා thanks අයියේ ජය වේවා ,Pos
tattoo කලාව කලාවක්ද ,Neu
ලස්සන song එකක් අක්කි good luck ඔයාට තවත් වැඩි වැඩියෙන් ප්‍රේක්ෂකයෝ හම්බවෙන්න ඕන ,Pos
ඔක්කොමත් හරි වැරදි පිළිගන්නව ඔබ සමග මා සිටි ඒ කාලේ තව කෙනෙක්ගේ වෙලා කියලා කුඩුද ඒ love කරපු අනිත කෙනා video එකේයි සින්දුවේයි ගැලපීමක් නෑ ,Neg
ඇයි කට්ටිය හැරුණත් නිකන් හල්පරුවන්ට vote දෙනවා ,Neu
මචං උබ මන්ම තමා ,Pos
හොඳම laptop වර්ගය මොකද්ද ,Pos
හොඳම ගොබ්බෙක් පාහරයෙක් ,Neg
මං ගොඩක්ම කැමති ඔබ බය නැතුව ඇත්ත කතා කරන අපේ පොඩි හමුදුරුවනේ ,Pos
බඳින්නත් හැමෝටම බැ ඔයා ඔයා කියන හැම හේතුවක්ම single life එකේ තියෙනවා මල්ලී marry කරන්න බැයි නම් ඒක කෙලින් කියලා පිළිගන්න මල්ලී සිගිති අතල් දෙන්න නැතුව ,Neu
හරිම අසාධාරණයි මොන තරම් ලස්සනට කිව්වද ,Neu
මං දැන් මේ සින්දුව ,Neu
ගොඩක් වටින program එකක් respect you ,Pos
පලි ගන්න එපා රංජන් කියන්නේ හොඳ මනුස්සයෙක් හොරු අලියෙ අද ,Neg
මේ පල පෝන්නයා රට කෑවා ,Neg
ශෂිකා wikipedia එකේද වැඩ ,Neu
මදු කියන්නේ වචන වලින් ගහන්න පුළුවන් එකෙක් විතරයි වැඩක් කරන්න පුළුවන් එකෙක් නෙමේ excellent ,Neg
used vga price ගණන් ගියේ ඇයි අයියේ price අඩු වෙන්නද දාම්මා ,Neu
කරුණාව මෛත්‍රිය වඩන්න අපේ හමුදුරුවනේ ,Neu
මේ පාර coach කසුන් සහ coach ශෂිකාගේ teams වල coaching වල ලොකු වෙනසක් පේනවා නියමයි ,Pos
මොකද කියන්නේ ආ කොහොමද මගේ වැඩ ,Neu
මු ඉන්න තැන car එකටත් ac දාලා මහජන මුදල් නස්ති කරපු පර බල්ලෙක් මේක මොන හුත්තක්ද මේ කරියා කරේ ,Neg
බුද්ධිමත් නිහඬයි වෙලාව එනකන් මොහු එහෙමද ,Neg
අනේ පව් බය වෙලා ඒ ළමයත් මට මතක් උනේ නෑ ,Neu
ඒග හිරිවටෙනවා මේවා හද්දි ,Neu
අපිට කාටත් pc එකක්වත් හදාගන්න විදිහක් නැතුව ඉන්නවා කවදා අපි මේ වගේ pc එකක් හදයිද බං ,Neu
voice දෙකම මාර ලස්සනයි ,Pos
hiru එකෙන් පස්සේ voice එකටත් ආවා නේ ඉසුරිකා එල නියමයි ,Pos
මං කැමතිම youtuber උබයි dinoයි ,Pos
ශෝක් අනේ coach ලා ටික ආදරෙයි ඔක්කොම ,Pos
ලහිරු මල්ලී සුදු බණ්ඩා මල්ලීගේ wedding එකත් බලන්න දෙන්න අපට බුදු සරණයි සුදු බණ්ඩා මල්ලීට ,Neu
රාජපක්ෂලාට හෙන ගහපියව් ,Neg
හරිම දුකයි අනේ ,Neu
අපට නම් normal RAM උනත් රත්තරන් වගේ අයියේ ,Pos
විශ්ව ඔයා සාධාරණයි ,Pos
පට්ට talk එක bro නියමයි උඹ මියම කොල්ලෙක් බන් ,Pos
එළ තද කොර පට්ට ,Pos
band එකත් පොඩ්ඩක් පෙන්නන්නකෝ ,Neu
සිංදුවේ තේරුම එකක් video එක වෙන එකක් ගැලපීමක් නෑ ,Neg
අරවින්ද සහ දිස්නාගේ වැඩසටහන ජීවිතේ අංගයක් වුණා ,Pos
අයියා මගේ වගේ reviews ගන්න එක වැදගත් ,Pos
මොන games play කරන්න පුළුවන්ද ,Neu
හරිම ආදර්ශමත් මවක් ඔබටත් දුවටත් තෙරුවන් සරණයි ,Pos
ආයෙ video දාන්න එපා ,Neg
කොහොම හරි දුලජ්වත් ගත්තා ,Pos
වයසට ගැලපෙන වැඩ කරන්න ඕන ,Neg
හර්ෂ Hiru Star එකේ ගායනා කළා වගේ මතකයි ,Pos
මේ වගේ හමුදුරුවෝ තමයි බුදු දහම නස්ති කරන්නේ ,Neg
Muslim උන් ගැන දූෂිත කතා ,Neg
ගොඩක් දේවල් ගන්න තිබ්බ interview එකක් ,Pos
ඊයේ හිරුණි ගැන කියපු දේ ජරා ,Neg
එකනම් battle එකක්ම තමයි ,Pos
අපිත් දෙවියන්ගෙන් ඒ වගේ අහනවා බන් ,Neu
මුලින් කියපු දේ පට්ට brother ජය වේවා ,Pos
ඇයි බන් මේවට වේශ ගෑණු ගෙනන්නේ ,Neg
හාල් පොල් මිල බලද්දී දැන් සපද කියලා අහන්න ,Neg
තෙරුවන් සරණයි ඔබ වහන්සේට දළදා සමිඳු පිහිටයි ,Pos
Discord කියන්නේ මොකද්ද අයියේ video එකක් දාන්න ,Neu
අයියේ build එකක් හදන්න contact කරගන්නේ කොහොමද ,Neu
visual එක එනකම් බලන් හිටියේ හරිම ලස්සනයි ,Pos
තවත් සිංහල චන්ද බෙදීමක් ,Neg
මේ වගේ වටිනා පුද්ගලයන් ගෙනාවට වටිනවා ,Pos
බබා කිසිම responsibility එකක් නැතුව කතා කරනවා ,Neg
build එක සුපිරි හැබැයි ads වැඩියි ,Neu
නියමයි අයියේ බලාගෙන හිටියේ ,Pos
ගැහැණියට මඩ ගහන පිරිමි ලැජ්ජයි ,Neg
මම Muslim උනත් රටට ආදරෙයි ,Pos
අයියේ Redmi Note ගැන video එකක් කරන්න ,Neu
ගොන් අතල් එකක් ,Neg
කියනවට වඩා දෙගලු වඩා වගේ ,Neu
වටිනා video එකක් ,Pos
කසුන් ගොන් comment දාන්න එපා ,Neg
ඔබ ඉතා හොඳ බුද්ධිමත් අවංක කෙනෙක් ,Pos
අරවින්ද ආසම චරිතයක් සුපිරි නිවේදකයා ,Pos
රංජන් හැමෝටම කඩේ යනවා ලැජ්ජයි ,Neg
මේ මිනිස්සු මෝඩයි හොරයි ,Neg
මේ සතිය ඇතුළත ලක්ෂයක් ගහමු ,Pos
පට්ට voice එකක් ,Pos
කතා කරන්න තියෙනවාත් මොලයක් නෑ ,Neg
coach බති‍ය හොඳම coach කෙනෙක් ,Pos
මිනිස්සු වැරදි කරත් දඩුවම් ලැබෙනවා ,Neu
දැන් සපද ඇති ගොන් වැඩ ,Neg
voice ලස්සනයි හැබැයි sound අවුල් ,Neg
මට පෙනෙන්නේ නෑ නළුකම ,Neu
video බලලා හිනා වෙනවා පට්ට අතල් ,Pos
Iraj වෙනසක් කරපු කෙනෙක් ,Pos
හදවතට දැනෙන කටහඬක් ,Pos
ඔයා lucky bro all the best ,Pos
හොඳ ළමයෙක් English කතා කරනවා අහන්න ආසයි ,Pos
අනේ දෙවියනේ මේ අපරාදේ ,Neu
පට්ට voice එකක් කසුන්වම තෝරනවා ,Pos
wow හරිම ලස්සනයි අක්කි good luck ,Pos
මේවා මොන සිංදුද පරණ ඒවා දාන්න ,Neg
ශෂිකාව තෝරාගත්ත එක හොඳයි ,Pos
ඔබ වහන්සේ ගංජා ගහන එක හොඳද ,Neg
අයියේ ඇස් වහගෙන අහනවා radio එකේ ,Pos
කසුන්ව තෝරන්න හැමෝටම වාසනාව තිබ්බොත් ,Neg
negative comments එකක්වත් නෑ ,Pos
අකාලේ නටන්න එපා ,Neg
ඔයත් දෙනවා පොර talk ,Neg
ඔයා හොඳ පුරවැසියෙක් ,Pos
අතම කුමාරි ඔයා අහිංසකයි ,Pos
මං හැමදාම ආදරෙයි කුමාරි අක්කට ,Pos
Sirasa වලින් songs දෙනවා ,Neu
church බෝම්බ ගැන කතා ,Neu
ඔයාගේ ජීවිත කතාවෙන් ගන්න දේවල් තියෙනවා ,Pos
Colombo school ගැන කියපු දේ හරි ,Neu
ඔයා හොඳ කෙනෙක් second marriage එපා ,Pos
Abans වගේ company වලින් ගන්න එක හොඳද ,Neu
පිස්සු වැඩ කරන්න එපා ලහිරු ,Neg
ලස්සනයි චෙති අක්කේ ,Pos
coach කෙනෙක් හැරුණාම වෙන coach එකේ buzzer එක press කරනවා ,Neu
මේ දේශපාලකයෝ අපේ සල්ලි වලින් සපදින් ඉන්නවා ,Neg
battle round එකේ කසුන්ට බනින අය ඉන්නවා ,Pos
මේ වගේ වාද වලින් සංවාද කරන්න ඕන ,Neu
අපි ආයෙත් බලමු කවුද කියලා ,Pos
අත්දැකීම් තියෙනවද මේ වගේ ,Neu
Hari TV interview එකක් බලන්න ආසාවෙන් හිටියා ,Pos
visual එක නම් පට්ට ,Neg
Daraz promote කරනවා නේ ,Neg
මෙන්න තවත් පෝන්නයෙක් ,Neg
සුදු බණ්ඩා මල්ලි video එක unlike කරලා ,Neg
රොහිත පුතාට බුදුසරණයි සුභ අනාගතයක් ,Pos
මේ හොර ආණ්ඩුව පන්නමු ,Neg
ආසාවෙන් බලනවා ,Pos
සමාජය පිරිහෙනවා කියලා හිතෙනවා ,Neu
මාර voice එකක් ,Neu
ඔබ වගේ කලාකරුවන් රටට සම්පත් ,Pos
මේ වගේ video දාන්න එපා ,Neg
Lion Express app එක download කරන්නේ කොහොමද ,Neg
price එකත් කියන්න ,Neu
උතුම් සිහලයෝ එකතු වෙමු ,Pos
ලස්සනයි සින්දුව මචෝ ,Pos
cloud mining ගන්න කියලා දෙන්නකෝ ,Neu
අහන්න ඉන්න ඉන්නම ආසයි ,Pos
admin ඔක්කොම video ටික දාන්නේ නිදාගන්න කලින් ,Pos
නූගත් මිනිස්සු කියන කතා ගණන් ගන්න එපා බුදු හමුදුරුවන්ටත් කතා හැදුවානේ හිත දහිරිය කරගන්න ,Neu
wow නියමයි ශෂිකා අක්කි ,Pos
අයියේ මට උදව්ක් ඕන මට අලුත් mac os big sur එක review එකක් කරන්නකෝ please ,Neu
අස් වහන් අහුවේ නියමයි බස් dp ,Pos
බුදුඅම්මෝ එකහ් අම්මෝ ඒක නෙවේ ,Pos
අපේ සැනසීම සතුට නැති උනා අපි දිහා මිනිස්සු බලන්නේ යකෙක් දිහා බලනවා වගේ සමහරු කරපු වැරදි අපිටත් වන්දි ගෙවන්න වෙලා ,Neg
ඇත්තටම හොඳටම ආදර්ශ මවක් ආඩම්බරයි ඔයා ගැන thank you ,Pos
comment එකක් නොදා යන්න හිතුනේ නෑ ඒ අදහස් හරිම වටිනවා හරිම open දෙන්නටම ජයෙන් ජය ,Pos
මම දෙමළ අය අදහන්නේ බුද්ධ ධර්මය මං සිංහල අයට ගොඩක් ආදරෙයි මං දන්න කාලේ ඉඳලා ආශ්‍රය කරන්නේ සිංහල මිනිස්සු එයාලගේ හදවත ගොඩක් කරුණාවන්තයි ,Pos
ආයෙ ආයෙ බලන අය ඉන්නවද ,Pos
කටට හිතෙන්නේ voice teen ameliyata coach rini turn වෙලා ameliyawa හදුවා වගේ මෙයාවත් coach කසුන් හදයිද කියලා ,Pos
real කොල්ලෙක් අපේ එකෙක් ,Pos
personal දන්න family එකක් පොළවේ පය ගහලා ඉන්න මෙනක අයියත් එහෙමයි ,Pos
මට toilet යන්නත් වගේ ,Neg
බොරුව දාන්න එපා ,Neg
රංජන්ත් බෙල්ල වලා දාන තැනට තල්ලු කරයිද දන්නේ නෑ රංජන් නැති උනොත් රජයේ ගොඩ දෙනෙකට නිදා යයි මේ අමානුෂික ක්‍රියාකාරකම් මානුෂික අයිතිවාසිකම් කඩ කිරීම ,Neg
භූමි great චරිතයක් කෙලින් කතා කරන කෙනෙක් කවුරු උනත් චිත්ත ඇදින පිරිමින්ට වඩා හොඳයි කවුරු උනත් නියම චරිතයක් සමහර පිරිමින්ට වඩා කොන්ද කෙලින් ,Pos
පොඩ්ඩක් හොඳට අහපන් තඩියාගේ voice එක මහින්ද රාජපක්ෂ වගේ ,Neu
මං skip නොකර මුළු video එකම බලුවා මාරම චරිතයක් ගෙහන් so proud of you brother ,Pos
ලස්සනයි අක්කි ඔයා මේ song එක ලස්සනට කියනවා ,Pos
මෙතුමාට ගොඩක් පින් වටින මනුස්සයෙක් ,Pos
අනේ පල පල හොරු හැට්ට දැන් එනවා සුදන වෙන්න ,Neg
විනාඩි ගානක් බැලුවා කියලා දැනුනේ නෑ ඉවර වෙනකම් එතරම් ආසාවෙන් බැලුවේ ,Pos
super ලහිරු මං මෙයාට මාර ආසයි ,Pos
wow ලස්සනයි නංගි good luck ,Pos
උබ කන්න දීපු අත හපා කන බල්ලෙක් පකයා ,Neg
මං නම් මේ voice එකට පට්ටම ආසයි ,Pos
මෙයා සිංහල ජාතියට බුද්ධගමට තැන දෙන්නේ නෑ වැඩක් නෑ ,Neg
කසුන් වඩා කාටවත් හැරෙන්න හොඳ coach කෙනෙක් ඒත් අපරාදේ ශෂිකාව තෝරගන්න තිබ්බේ ,Neu
unlike කරලා තියෙන උන්ගේ ජාතිකේ මොකක්ද දන්නේ නෑ පෝන්නයෝ නොදොමකින් ,Neg
love respect චරිතයක් සුපිරි ,Pos
ඔයා ශක්තිමත් වෙන්න මේ ශ්‍රී ලාංකික ගතිය වැරද්දක් උනා වෙන්න පුළුවන් මේක තමයි ලාංකික කාන්තාවකට තියෙන තැන ,Neu
kuch na kaho කිව්වේ මේයාගේ අක්කාද අම්මගෙන්ද උරුම ගත්තේ ලස්සන voice එකක් ,Pos
video එක නම් පට්ට ,Pos
ඔයාට ඡන්දේ දෙන් නෑ ,Neg
ඇයි සුදු මහත්තයාට catholic ආගම එපා උනේ තමන්ගේ ආගම අමතක කරන්න එපා ,Neu
ඇත්තටම මං හිතන්නේ ඔබ වහන්සේ හරි අපි වෙසක් සමරන්න ඕන ප්‍රතිපත්ති ගරුකව ,Pos
ඇත්ත කතාව අප්පා ඒ video එකේ කිසි අවුලක් නෑ ,Pos
ඔච්චර දේවල් කියන මිනිහට වයස කියන්න බෑ ,Neg
ඇත්තටම හරිම important මගේ පළවෙනි comment එක ,Pos
උබට මචං ඡන්දේ ඉල්ලපන් මං ඡන්දේ දෙනවා ,Pos
සමාජයට හොඳ ආදර්ශමත් කතාවක් good job ,Pos
පව් මෙහෙම ඉපදෙන අයට හැමෝටම පුදුම දැනුමක් පිහිටන්නේ හරිම බුද්ධිමත් ,Pos
කොහොමහරි ගෝටාබය දිනවන්නේ ඔබ වහන්සේ වැඩ පටන් අරන් එල කිරි ,Pos
මහින්දගේ නම ගාවිච්ච එක පෝන්නයෙක්ටවත් ඡන්දේ දෙන්න එපා අය කාරි බල්ලෝ ,Neg
පට්ට singing තත්ත්වය බලන්න ආයෙ video බලුවා ,Pos
ඔබලා පත් කළ ආණ්ඩුවෙන් ලැබෙන ශානය දුප්පත් මහජනතාවට ඉල්ලන්නේ බඩු මල්ල ,Neg
වෙල්ගමට යන එනමන් නෑ ,Neg
හරිම ලස්සනයි නංගියෝ මං ආසම සින්දුවක් ඔයාගේ කටහඬ හරි ලස්සනයි ,Pos
ඇත්තටම වැඩේ දන්නේ නෑ එත් අයගේ අදහස් වටිනවා ,Neu
intelට amdට කාලේ යන්න වෙනවා ,Neu
මොකක්ද ඔයි මේ උමාරලා ගත්තේ මේක බලන්නත් එපා වෙලා තියෙන්නේ ,Neg
මටත් kfc කන්න වෙලාවට tintin බලන්න ඕනේ ,Neu
video එක නම් මරු ,Pos
ලස්සනයි අද programme එක thanks ගොඩක් ලස්සනට කතා කළා ,Pos
ඔකෙන් pubg play කරන්න අමාරුද ,Neu
ස්පිරියක් මේක නම් ,Pos
හරිම වැදගත් වැඩ සටහනක් thanks for you ඔබතුමියට ,Pos
පෝන්නයාගේ ස්වභාවය දැනගන්න මේක බලන්න ,Neg
මේ මොන ජරාවක්ද මේවා දැකින අපිත් ජීවත් වෙලා ඉන්නවනේ යකෝ ,Neg
සදුන් අයියා ඔයා ගොඩක් ලස්සනයි මං ඔයාට ආදරෙයි ,Pos
අපිටත් බැරිද ,Neu
ගල පෙන්වා කසුන්ට bms ගැලපෙන්නේ ,Neg
මට ඇඩුණා ඔයි ,Pos
කවුද ඔයි boss ,Neu
මං මේකට එද්දි subscribers විතරයි හිටියේ දැන් ඉන්නවා ජය වේවා අයියා දිගටම කරගෙන යන්න ,Pos
අයියා videos download කරන්න බැහැනේ ඔයාගේ ,Neu
ගොඩක් වටිනවා අයියේ video එක ,Pos
තනිකර බොරුව මූට කියන තරම් අවුලක් තිබ්බේ නෑ තනිකරම ප්‍රෝඩාව ,Neg
ඔයා ඡන්දේ ඉල්ලන්න ඔයා වගේ අයයි ඕන ,Pos
සුභ අලුත් අවුරුද්දක් වේවා ,Pos
අද කියුව කියලා මතකේ තියාගන්න මේයා තමයි star ,Pos
ඇත්තටම හොඳ චරිතයක් ආදරේ කරන චරිතයක් අනූෂක අයියේ ඔයාට අපි හැමදාම ඉන්නවා ජය වේවා වැරදින්නේ නෑ කවදාවත් ,Pos
budget gaming pc build එකක් ගෙනන්නකෝ ,Neu
බුදු සරණයි මචං අපි ඉන්නවා ඔයත් එක්ක මුන් හැම තැනම රිංගලා ඉන්නේ අපිට රටක් තියේවිද ,Pos
සින්දුව නම් ලස්සනයි visual එක නම් අවුල් වයසක කෙනෙක් නැතුව වෙන කෙනෙක් ගත්ත නම් හරි ,Neu
එන්න මී ලඟ ජනාධිපතිවරණයට මගේ හදවතින්ම මම ඔබ සමග සහෝදරයා ,Pos
admin ඉන්නවද admin නෑනේ මහත්තයා ,Neu
ගොඩක් ලස්සන වුන ගීතයක් coachesලා පස්සේ කණගාටු වෙයි මේ comments එක්ක මොකද එයාල නිසා ඔයාට ඉස්සරහට යන්න බැරි උනේ අනිවාර්යෙන් ඉලඟ සරේ එන්න ඉස්සරහටම යන්න පුළුවන් ජය වේවා ,Pos
time එක ගියා අයියේ game ගහලා ඉවර උනා ගමන් test කළේ ඒ නිසාද දන්නෙ එච්චර වෙලා ගියේ නැත්තං කොහොමත් එගනද යන්නේ ,Pos
මෙයත් ඉතින් පන්සෙන් යන්න ඕන කෙනෙක් නේද ලහිරු ,Neu
ශෝයි මං හරිම ආස කෙනෙක් ,Pos
මේ කාලකන්නියා දේශපාලනයෙන් අතුගා දමන්න ඕන ,Neg
දනිත් ශ්‍රී එක්ක song එකක් කරන්නකෝ සුදු මැණිකේ ,Pos
ඔමාරියා සුදු අක්කේ සිංහලෙන් කියන්නකෝ අපිට තේරෙන්නේ ,Neg
නෙළු බට්ටා රඟපාන වැඩ දන්නේ නෑ හමුදුරුවනේ ඔවුන්ට යන්න අපායක් නෑ ,Neg
ඔබලා වගේ උන්ට කවදාවත් වැරදෙන්න එපා ,Pos
ලස්සනට ගායනා කළා ,Pos
ඔක්කොම ඇත්ත ගොඩක් දේවල් ඉගෙන ගත්තා නියමයි thank you ,Pos
අක්කා ඔයාගේ කතාව අපිටත් හයියක් ඔයා හොඳ කෙනෙක් ඔයත් දුවත් හරි යන්න ඕන උතුරන්න ,Pos
අම්මෝ අසුවහක් නම් වැදින්න එපා මැණිකේ ,Pos
එකම ඇඳුමයි අඳින්නේ ඔක්කොමලා ,Neu
හරිටම හරි අපේ හමුදුරුවනේ ,Pos
රංජන් වෙනුවෙන් රටම එළියට බහින්න වැඩපිළිවෙලක් සකස් කරන්න ,Neu
අනේ so cute එයා all the best නංගා ,Pos
බොහොම හොඳ කතාවක් කිව්වා බණ්ඩාරනායක ප්‍රතිපත්තී වලට ගරු කරනවා කියලා ඔබතුමාට මුල අමතක නොවීම ගැන සතුටු වෙනවා ,Pos
ශෂිකා ඔයා මාව පිස්සෙක් කළා අප්පා ,Pos
වැල්ගමට පුදුම වෛරයක් තියෙනවා චන්ද්‍රිකාගේ මල්ලි අපේ රටේ කරුමය තමයි මේ වගේ උන් ,Neg
අපේ senior කෙනෙක් නේද මේ congratulations අයියේ ,Pos
මෙන්න බඩු නිවැරදි මග පෙන්වීමක් විතරයි ඕන කසුන් ,Pos
අහගෙන ඉන්න ආසයි ,Pos
Redmi එකේ photo එකතු කරලා video clip හදද්දි save දුන්නාම නැවතෙන්නේ ඇයි ,Neu
තා වඩා දුක් විඳින අම්මලා තව කොච්චර ඉන්නවද ලංකාවේ ,Neg
මේ වගේ ඉගෙන ගත් පුතෙක් ඉන්න තාත්තෙකුට රටක් අරගෙන යන්න පුළුවන් ,Pos
wow ගොඩක් දේවල් දැනගත්තා ,Pos
මෙයාව Deranaට හරි Sirasaට හරි ගෙනාවොත් හොඳයි ,Neu
superb song කියන අය කො ,Pos
මමත් මගේ දුව එක්ක තමයි ඉන්නේ දැන් සතුටින් ,Pos
අනිවාර්යෙන්ම අපේ හමුදුරුවනේ ඔබ වහන්සේට පින් ,Pos
අහිංසක සතුටින් ඉන්න මිනිස්සුන්ට ගරහන්න හොඳ නෑ ,Neu
සල්ලි තියෙනකන් වටේ ඉන්න යාලුවෝ ගොඩක් ,Neg
කසුන්ගේ අතල් ,Neu
මේ song එක අහපු වාර ගණන මතක නෑ තාමත් අහනවා ,Pos
අපේ ආදරණීය සමරසිංහ sirට නිදුක් නිරෝගී සුවය ප්‍රාර්ථනා කරනවා ,Pos
මේ මොන ජරා කතාද ලැජ්ජාවක් නැද්ද ,Neg
unlimited packages තමයි හොඳ ,Pos
ඇත්තටම මට අර කෙල්ල මතක් උනා සුපිරි ,Pos
හොඳ කතාවක් නියමයි ,Pos
මම ගොඩක් ආදරේ කරන voice එකක් ,Pos
සුද්දෝ ලංකාවට එනවා අපි America යන්න හදනවා ,Neu
අමානුෂික පාර බල්ලෝ ,Neg
හරිම ලස්සනයි ඒ voice එක ,Pos
ශෂිකාගෙන් ගොඩක් දේවල් ඉගෙන ගන්න පුළුවන් ,Pos
ඔයා නියම කොන්දපන තියෙන කොල්ලෙක් මල්ලි ,Pos
වයස පස්සේ එල්ලන්න හොඳ නෑ ,Neu
පට්ට ලස්සනයි දුකක් උනත් ලස්සනට ගැලපෙනවා ,Pos
අහන්න අහන්න ආසයි දෙයියනේ ,Pos
ඔන්න අපි Hari TV unsubscribe කරා ,Neg
චිලව් ඉන්න කාලේ ඉඳන් දන්නවා උබව එළ ,Pos
ඒයාගේ රූපේත් මාලනි බුලත්සිංහල වගේ ,Pos
PC Guide අයියේ Nanotek එකෙන් parts ගන්න පුළුවන්ද ,Neu
උදය නදීශන් අයියේ ජය වේවා ,Pos
අපේ රටේ ප්‍රශ්න අපිම හදාගන්නවා ,Neg
රංජන් තම්බියා වගේ කතා කරනවා ,Neg
සුපිරි වැඩ්ඩෙක් තමයි ඉතින් ,Pos
ඔයාට respect ප්‍රශ්නවලට හොඳ පිළිතුරු දෙනවා ,Pos
අපේ හමුදුරුවනේ ඔබ වහන්සේට තෙරුවන් සරණයි ,Pos
සිල් ගත්තත් වැඩක් නෑ ගරු කරන්න දන්නේ නැත්තම් ,Neg
චමර වීරසිංහ මතක් උනා bro ,Neu
අයියේ contact number එකක් දෙන්න streaming build එකකට ,Neu
ඔයා තමයි final යන්නේ ,Pos
පස්බර කියන්නේ සුපිරි චරිතයක් ,Pos
මගේ ආසම song එකක් ,Pos
මල්ලි Vini production video එකෙත් ඉන්නවා නේ ,Pos
දැකලා පුරුදු මූණක් කියලා හිතුනා ,Neu
Wasthi එකේ මගේ favorite එක ,Pos
මෙයාගේ channel එක තියෙද්ද ,Neu
සුපිරි හදක් ආසම චරිතයක් ඔබට ජය ,Pos
අඩේ බය වෙලා ගොඩක් ,Neg
අපි කැමති අපිත් ඔබට ,Pos
ඔබ හරිම ඉහළයි ලහිරුටත් පින් ,Pos
ඔකගේ කට තල්ලන්න ඕන ,Neg
Nanotek එකට PC parts ආව වගේ ,Neu
Koombiyo බලපු කෙනෙක් ,Neu
coach කසුන් දන්නවා ශෂිකාට තමයි ,Pos
මේ programmes තියෙන්නම ඕන respect ,Pos
සුපිරි අක්කේ කොච්චර අහුවත් එපා වෙන්නේ නෑ ,Pos
සුදුසු තැනට එන්නේ නෑ ,Neu
මුට තියෙන්නේ මෛත්‍රීගේ මූණ වගේ ,Neg
අයියාගේ studio එකේ video එකක් ඕන ,Neu
BNS හරිම නිහතමානී ,Pos
ඉතා වැදගත් video එකක් ජය වේවා ,Pos
අක්කා ඔයා හොඳයි ලංකාවේ වෙනස් කෙනෙක් ,Neu
සුපිරි bro පට්ටම ,Pos
අයියෝ ශෂිකාට ගියා එක අපරාදේ ,Neg
කොල්ල surprise උනා coaches හැරුණාම ,Pos
Muslim උන් ගැන නරක කතා ,Neg
contact number එකක් නැද්ද ,Neu
ඔයාගේ කතාව හරිම හොඳයි ආදර්ශමත් අම්මා කෙනෙක් ,Pos
මෙයගෙන් නෙමෙයි පාරේ ඉන්න කෙනෙක්ගෙන් උනත් ඉගෙන ගන්න පුළුවන් ,Neu
ඇත්තටම ඇත්ත කතාවක් ස්තුතියි ,Pos
මේ වගේ ඇත්ත කතා කරන චරිතවලට මං කැමතියි ,Pos
ලංකාවේ තව කාලෙකින් වෙනස් වෙනවා ,Neu
මේක interview එකක් කියලා හිතෙන්නත් නැහැ ලොකු දැනුමක් තියෙනවා ,Pos
ගොඩක් බුද්ධිමත් මනුස්සයෙක් සතුටින් ඉන්න ,Pos
බලලා ඉවර උනාම කිසිම වටිනාකමක් නෑ ,Neg
Mr Bean වගේ කියලා හිතුවා ,Neu
ලස්සන costume එකක් ලස්සන song එකක් ,Pos
බලන්නකෝ හැඩියාව මොකට ගෙනාවද ,Neg
ඒ කටහඬ ඇස් වහගෙන අහන්න පුළුවන් ,Pos
අපේ හමුදුරුවනේ ඔබ කියපු දේවල් ඇත්ත ,Pos
bullet වගේ මරු ,Pos
බුදු බණටත් unlike කරනවා ,Pos
මු පට්ට පොරක් ,Pos
build එකට නම් අඳුනා bro ,Pos
ලස්සන voice එකක් ලස්සන song එකක් good luck ,Pos
මෝඩ ප්‍රශ්න අහන්න එපා ,Neg
උඹ පට්ට උඹ හරි බන් නියමයි ,Pos
ලස්සනයි අයියේ මං ආසයි ඔයාගේ voice එකට ,Pos
තේරුම් ගත යුතු දේවල් ගොඩක් තියෙනවා ,Pos
අනේ මං අදයි ඔයාව දැනගත්තේ thanks ,Pos
යොහානි මොකද audience එකේ ,Neu
අයියේ මේ build එක හදාගන්න කොහොමද ,Neu
Dream Star තව ආව නේද ,Neu
කටහඬ වගේ නෙමේ ටිකක් නපුරු ,Neg
අනේ මේ වහල්ලු ,Neg
අයියේ AMD Ryzen හොඳද Intel හොඳද reply එකක් දෙන්න ,Neu
අනිවාර්යෙන් කර්මය පල දෙනවා interview එකක් ඉස්සරහට ඇවිල්ලා ඇත්ත කතා කරපු real brand එක congratulations අයියා future එකට ,Pos
voice පැහැදිලි නෑ bro ,Neg
ඔක්කොම ලස්සනයි එත් සප්පු දාගෙන නටපු එකයි වැරදි ,Neu
මේක trending ආවේ නැත්තන් මං පනිනවා ගාගේ මාරම විදිහට හදවතට දැනුනා මං ආසම ගීතයක් පුදුම ලස්සනට කිව්වා කියන්න වචන නෑ ,Pos
voice එක ඉවර වෙන කාලේ අද්දි කසුන් කල්හාර කියන්නේ කවුද කියලා ලෝකයම දැනගනී මේ සින්දුවෙන් අදමයි අහුවේ thanks voice කසුන් ,Pos
wow bro මරු ,Pos
වියදම වැඩි කියලා හිතෙන්නේ මට විතරද ,Neu
මේ පාර සිදු තෝරලා දෙනවනම් මරු ලස්සන සින්දුවක් ,Pos
මේ වගේ අහිංසක කෙල්ලෙක්ට පාරක බහලා යන්න දෙන්නේ නෑ මේ රටේ මිනිස්සු අපි මේ වෙනුවෙන් හඬ නැගන්න ඕන ,Pos
මං ආසම සින්දුවක් සුපිරියටම කිව්වා හැබැයි judge board එකට වැරදුනා වගේ ,Neu
ලෝකේ කොහෙ හිටියත් පින අනාගතේ පස්සේ පින්වන්ත මහත්තයෙක් ,Pos
අනේ age mail කෙලින් වෙනවා මාර ගති thanks මෙහෙම අපිට අහන්න දෙන එකටත් පින් කෙල්ල ,Pos
චානක අයියට ආදරේ හිතෙනවා අනේ ,Pos
admin ඔහොම නම් බෑ ඉතින් මේ වැඩේ කරන්න ,Neu
මෙතන දිස්නා අක්කාත් ඉන්න තිබ්බේ ලහිරුට ඉන්න හම්බෙන්නේ නෑ ,Pos
දෙපාරක් නොහිතා බලුවා ,Pos
අනාගතේ cyberpunk වගේ වෙයි කියලා හිතන් ඉන්න මං ,Neu
අනේ මේකට kinsly හරි යන්නේ නැත්තෝ stefani අක්කා දෙන්න ,Neg
ඉරාජ් ඔයා ගායනය පේසලා සහ තවත් අය එකතු වෙලා අපේ රට අපේ උතුම් බුද්ධධර්මය රැකගන්න එකතු වෙන්න තෙරුවන් සරණයි ,Pos
කවුද අර පොඩි නංගිගේ dance එකට ආස අය කො බලන්න ,Pos
voice එකේ දැක්ක වෙනම අතල් song එකක් නියමයි කොල්ලෝ ,Pos
ඉස්සරහ build වලටත් aime ව එකතු කරගන්න අයියේ ,Pos
අම්බෝ කසුන් sir I think it was a perfect discussion ආදරයි හැමෝටම නියමයි ,Pos
බොරුව අයියේ මූ කියන්නේ හොඳ ගෙයක් තිබුණා ගෙදර batik එකක් කරන් ගියා ,Pos
මුගේ තාත්තගේ wife කියන්නේ මුගේ අම්මා නේ බං ,Neu
ඇත්ත කතා කරන මිනිස්සුන්ට වැරදෙන්නේ නෑ අක්කේ ,Neu
කාලකන්නි හෙතිකාරට ඡන්දේ දෙන්න එපා ,Neg
මං දැන් hiru fm අහන්න ,Pos
අනේ පලයන් බං යන්ඩා උබයි උඹේ ජාතිවාදයි තොපි වගේ උන් නිසා තමයි රට කන්නේ අපකයා ,Neg
මොහුව රූපවාහිනියෙන් දැකන්න ආසයි ,Pos
මේ වගේ උනාව form කරන්න එපා මේක බල්ලෙක් මූත් එකා හිටපු උන් බෙල්ලියෝ බල්ලන්ටත් අගවර්ධනයක් මුන් ,Neg
අර ටෝපිය විසි කරන්ම් කියද්දි ඔයා තේරෙනවා ,Neu
කසුන් කල්හාර උබ ගෙදර පලයන් ,Neg
ඇයි මෙච්චර කලින් upload කරේ ,Neu
so ඔයා වගේ අය අතහැරලා ගමනක් යන්න හදන්නේ අපි දන්නවා ඔයා හොරෙක් නෑ කියලා පක්ෂේ බාරගන්න එක ලොකු පිනක් ශ්‍රී ලංකාවේ මලගම ලියන දාන එපා අපි ඔයත් එක්ක ඔබට ජය ,Pos
තෝ කරපු අපරාදේ තමයි අහිංසක මිනිස්සු මැරුණේ ,Neg
battle එක පුරාවටම දෙන්නගේ තිබ්බ ඒ connection එක වචනෙන් කියලා නිම කරන්න බැ මාරම ලස්සනයි අයියා and අක්කි දෙන්නම select උන එක ගැන මාරම සතුටුයි all the very best දෙන්නටම ,Pos
ජීවිතේට ගොඩක් වැදගත් උනා කතා බහක් ,Pos
fataneh කසුන් sir ට කට්ටිය එන්නෝ ,Pos
build එකට කීයද ගියාද ,Neu
ඇත්ත කියන නිසා ධෛර්යවන්ත ,Pos
ඉවරයි ගොන්ජා ඔබවහන්සේ ඔකට බල්ලෙක් කිව්වත් බල්ලු නමත් ඉවරයි දැන් මේකට වැරදි video එක කළ කෙනා වැරදිවයි අපි අපේ ආගම ස්වාමීන් වහන්සේලාට අපහාස කරන උන් එලවන්න ඕන ,Neg
ඔක ඉතින් එකෙත් පෙන්නන ,Pos
උන්ටත් ඔයෙ දම කරන්න ඕන ,Neg
අනේ තොගා අඩිලා ලංකාව උන්ට කපිලා දන්න එපා මොඩි හොඳ අය ඕන තරග ඉන්නවා ,Neg
bns and උමාරියා girl sing කරනකොටත් disturb කළා තව එයාට coach select කරනකොටත් disturb කළා ,Neu
එක ඇත්ත මඩ හොදාගෙන ඉස්සරහටම යන්න ඕන ගනු අපි ,Neu
පන්සලේ වැඩ කරන හමුදාවේ අය ගැන අහුවනම් අහගන්න පුළුවන් කන්න බොන්න විදිහ මේ බොරුව කියන්නේ ,Neg
අපි ඔබත් සමග ,Pos
මේ තරම් කාලයක් ඔයාලා සෙරමලා වැඩ කරනේ නිදාගෙනද සෙරමලා කටින් විතරයි පින් සෝදවෙයි වැඩක් කරන කෙනෙක්ට වැඩ කරන්න ඉඩදෙන්න නිකන් මඩ ගහන්න එපා ,Pos
මේක බලලවත් අශේන් රංජා හඳුනොත් හොඳයි මොකද උන් දෙන්න බනන්නේ අපේ මුළු හමුදුරුවෝ ගොල්ලට වැරදි කරන හමුදුරුවෝ ගොල්ලත් ඇති එත් ඒ කියපු කතාව අහපු ඕන බෞද්ධයෙක්ට ගොඩක් වෙදනයි ,Neg
කවුරු මොනවා කිව්වත් වැඩ්ඩෙක් බං තනි වචනෙන් කිව්වොත් ,Pos
dubbing කළා පට්ට අප්පා ,Pos
අනේ හොඳයි දැනට බුදුසරණයි ,Pos
පිටුපාල යන දාක මගේ වටිනාකම තිබුණේ නැද්ද කවදාවත් සත්තකින් ,Neu
මුට ටිකක් පිස්සු වගේ ,Neg
අද තම කොටුවේ පොඩි හමුදුරුවෝ ගැන පැහැදිමක් ඇති උනේ තෙරුවන් සරණයි ,Pos
අපේ සිංහල සුද්දන්ට රටේ අගෙ නෑ නියම සුද්දන්ට තමයි අගෙ තියෙන්නේ සතුටුයි ආඩම්බරයි ,Pos
නියමයි bro ලක්ෂයට තව ටිකයි කොහොමහරි ගහමු ,Pos
මාර sport කෙනෙක් නේ මෙච්චර කල හිතුවේ නෑ මෙහෙම පොරක් කියලා ආදරෙයි ,Pos
සකියා සගවත්ත රෝදය end chorus එකේ දිලුක් අයියේ distortions part එක හම්මේ සුපිරි ,Pos
නොදකින් මොලේ රහක් නෑ තුහ් ,Neg
වචන එලියට දැම්මනම් තව හොඳයි ,Neu
රඟපෑමට වඩා වැදගත් කතා විලාශයට කැමති මහත්මයා තවත් වසර ගණනක් අපිව හිනස්සන්න ශක්තිය ලැබේවා ඔබතුමට බුදු සරණයි ,Pos
මේක නම් සුපිරියක් ,Pos
සෙරමත් හරි අන්තිමට කියපු කතාව නම් ඇත්තටම හරි ජය වේවා ,Pos
නියමයි ගොඩක් සතුටුයි බුදුසරණයි ඔබට ,Pos
ප්‍රශ්න අහනකොට හොඳ ඒවා අහපිය කොටා ගවුම ගැන තාත්තා කුඩු විකුණනවාද නැද්ද අර කොල්ල උස්සපු එක මොනද බං උබ අහන්නේ අන්න ඒවා අහපිය ,Neg
අනේ බබා වෙන්නැතිව ඉන්න සජිත් ආවොත් මතකයි ගෝටාබය කරලා තියෙන දේවල් දන්නවා බොරුවට මොනවාද කළේ කියලා අහනවා ,Neg
සම්පූර්ණ කතාව බලලා comments කරපල්ලා ,Neu
මේක ගොන් හරකෙක් රටට ආදරයක් නැති පටු අරමුණු වලින් පිරිච්ච කාලකන්නියෙක් මිනිහෝ උබේ අදහස රටේ මිනිස්සුන්ට වැඩක්ම නෑ ,Neg
k ගහුවම කොහොමද එදා congratulations pcg කියන්න බලගෙන ඉන්නවා ,Pos
පුෂ්පරාගෙන් පටන් ගත්තු අය මේකොණට ,Pos
මේ සමාජයේ ඇත්ත හා බොරුව දෙස බුද්ධිමත්ව බැලීම ගැන හරිම ආඩම්බරයි ඔබට සුභ අනාගතයක් ,Pos
ඉච්චර හොඳට කියලා යකෝ එකයිනේ හැරුණේ ,Neu
ශිහන් මිහිරංගට ආසයි කිව්වම මොකටද අනේ මිනිස්සු හිනාවෙන්නේ ශිහන් කියන්නේ හිත හොඳ සුපිරි singer කෙනෙක් ,Neu
සුපිරි මේ අහන අටවෙනි වතාව ,Pos
ඔයා පිටින්ත් ලස්සනයි ඇතුලෙන්ත් ලස්සනයි ,Pos
k වලට තව ටිකයි ඔහොම යන් ඔයාට අපේ සුභපැතුම් අයියේ ,Pos
පට්ට බං උබ එල ,Pos
තෙරුවන් සරණයි ඔබ වහන්සේට ,Pos
මු මොකටද බං ඔකට ගියේ ලියරා තියවන්ක නේද මුට හොඳට hindi සින්දුත් කියන්න පුළුවන් ,Neu
හරිම ආස කරන නිළියක් මුතු කිරල්ල හරි ආසාවෙන් බැලුවා ,Pos
brother කියලා ගරු කළොත් හොඳයි ,Neg
එක මරු අයියේ ,Pos
call recording නැති එක තමයි එකම අවුල ,Neg
ශෂිකා ඔයාගේ හදින් මේ song එක අහන්න waiting please දිනෙක ගායනා කරන්න ,Pos
ගැණුන්ට මඩ ගහන උන්ට හොඳ පාඩම මේවා ,Neg
ලෝකෙටම පෙන්න්න පුළුවන් එකම දෙයක් අපේ කෙල්ලෝ කොච්චර ලස්සනද කියලා ,Pos
හිත හොඳ කෙනට කවදා හරි හරි යනවා ,Pos
ශෂිකාට හැරෙන්න තිබ්බ කවුරුත් යන්නේ නෑ ඒ team එකට අඩුම ගානේ මේ වගේ voice එකට හරි හැරෙන්න තිබ්බ බොරුවට පද විතරයි මුන් double game උන් හැරෙන්නේ කවුරුහරි හැරුණොත් විතරයි shit decision making ,Neg
මං නම් හිතුවේ හැරෙයි කියලා කසුන් කිව්වා ලොකු වැරද්දක් තිබුණත් නෑලු මොලේ රහක් නැති හුචක්කු වලට හැරුණා ,Neg
ගොඩක් ලස්සනයි අයියා ඔයාගේ කටහඬ ගොඩක්ම ලස්සනයි ,Pos
යකෝ මේ කොල්ල හොඳටම කියනවා මුන් වෙන වෙන එලෝ රහක් නැති උන්ට හැරෙනවා voice එක සුපිරි ගමන නතර කරන්න එපා මල්ලී ,Neg
අපේ හමුදුරුවනේ ග්නසාර හමුදුරුවෝ නිදහස් කරගන්න ,Neu
ලංකාවට ගොඩක් වටිනා පුද්ගලයෙක් හොර බොරුව වංචා නැති පුද්ගලයෙක් අපි ගොඩක් ආදරෙයි කරන කෙනෙක් ,Pos
සන්හිදියාවයි ආරක්ෂාවයි පටලවා ගත්තා නිසා තමයි මෙහෙම උනේ අපේ හමුදුරුවෝ හරිම හරි ,Pos
රංජන් sir ඔබට සාධාරණයක් ඉටුවේවි ,Neu
කසුන් කිරි ගහෙන්න ඇති ,Neu
මට නම් විහිලුවක් මේයාව ඉස්සර පල්ලී මංගල්‍ය වලදි අපි දැකලා එතෝ කොච්චිකඩේ පිගන් සංස්ථාව මතකද ,Neg
bitcoin mine කරපු cards ආවොත් අර අනික second hand cards වලත් මිල අඩු වෙයි නේද ,Neu
එක මාර fun interview එකක් ජීවිත කතාව උනත් මෙහෙම interesting විදිහට කියන්න ඕන ,Pos
සුපිරික් කෝ කවුද මේයාව choose කළේ ,Pos
අපි ඉන්නවා උබලා එක්ක අනිවාර්යෙන්ම ,Pos
වාව් ලංකාවේ හොඳ ගායකයෝ ඉන්නවා ,Pos
මරු ගින්දර වගේ good luck ,Pos
බූමි ගොඩක් බුද්ධිමත් අය ගෙනාවා ,Neu
අයියේ bitcoin mining කරන විදිහ ගැන video එකක් කරන්න ,Neu
wow ශෂිකා miss නියමෙට වැඩේ කරලා ,Pos
ලස්සන හඬක් අහන්නමයි දෙයියෝ දීලා තියෙන්නේ ,Pos
මේ programme එක මෙච්චර ලස්සන presenters නිසා ,Pos
ශෂිකාට turn වෙන්න තිබුණා ,Pos
අනිවා final අතර ඉන්න ඕන ,Pos
මේ O/L වත් pass නැති උන් ගෙනාවට ගහන්න ඕන ,Neg
ඇයි ඔයා එහෙම කළේ ,Neg
එනකම් බලන් හිටියේ ,Pos
මල්ලි උබට ජය නතර වෙන්න එපා ,Neu
ලස්සන කියන්නේ හිත තැන්පත් වෙන හඬක් ,Pos
ඔබ වගේ පුතෙක් බිහි කළ මවට පින් ,Pos
බෞද්ධ රට විනාශ කරන්නේ ඔයාලා ,Neg
අනේ සිංදුව ආව වෙලාව video එකට තේරුමක් නෑ ,Neg
කියන්න දෙයක් නෑ සුපිරි ,Pos
මරනවා කියුවත් බොරුව නෑ ඇත්තමයි ,Pos
lol හිනා යනවා ,Neg
මේකේ දැක්ක හොඳම හඬ ,Pos
නදී රාජ බලපන් මේවා respect ,Pos
අනේ මන්ද මේවා ,Neu
මීට වඩා අඩු අය තෝරගත්තේ ,Neg
bitcoin trading හොඳද ,Neu
මාව වගේ උන් ගන්න එපා ,Neg
price එකත් දාන්න ,Neu
අපේ තඩි පටියා වගේ ,Neu
මම free වෙලාවට මේ programme එක බලනවා හොඳ episode එකක් ,Pos
පොඩ්ඩක්වත් අවුල ගන්න එපා පට්ට voice එක ,Pos
අයියා දැන් YouTubersලාගේ concept copy කරනවද ,Neg
අපි දන්නවා ඔයාගේ කටු කෑවා කියලා ,Pos
YouTube එකේ මෙච්චර වෙලාවක් programme එකක් බැලුවේ නෑ ,Pos
නියමයි මල්ලි Kegalle St Mary එකේ කොල්ලෙක් ,Pos
කවුද බන් unlike කරන්නේ ,Neg
මේ වගේ සිංදු නිර්මාණය කළ අයට ස්තුතියි ,Pos
හරි හොඳ ළමයෙක් ,Pos
PC එක clean කරන විදිහ video එකක් දාන්න ,Neu
මහා සංඝරත්නයට ගරහීම පව් ,Neg
පට්ට මටත් build එකක් හදන්න ඕන ,Pos
අපේ අම්මා අපට මේ වගේ දේවල් කියලා නෑ ,Neg
ලහිරු අයියේ සුදු බණ්ඩා කියලා කියන අය දැන් අපේ අය ,Pos
අද පරක්කුයි අයියේ ,Neg
Badurudeenලා ඉන්නකන් නීතිය ගැන බලාපොරොත්තු නෑ ,Neg
මේ දෙන නම මරු ,Pos
අද ශෂිකාගේ දවස ,Neu
තනමල්විල කොල්ලෙක් වගේ actress ,Neu
පොඩි එකාගේ building පට්ට ,Pos
ඔයා build එකට කීය ගියාද ,Neu
ගරු කරනවා අයියේ ඔයාගේ කතාවට ,Pos
අක්කගේ number දෙන්න ,Neu
Intel වල Windows දාන්නේ Ryzen වල මොනවා දාන්නේ ,Neu
උබට කොන්දපන නෑ ,Neg
මේ ආණ්ඩුවට හෙන ගහන්න ඕන ,Neg
අයියේ Spotify ගැන කියන්න ,Neu
Note users ඉන්නවද ,Neu
අයියේ video එක පරක්කු වැඩියි ,Neg
කසුන්ගේ කටහඬ මරු ,Pos
අපෝ මේයා ගැන අපි දන්නවා ,Neg
Daraz delivery sure ද ,Neu
සුපිරි voice එක comment එකක් දාන්නත් හිතුනා ,Pos
මේ වගේ ගොන් වැඩ කරන්න එපා ,Neg
පොඩි හමුදුරුවනේ වාසනාවන්තයි ,Pos
හරිම හොඳ video එකක් වටිනා කතාවක් ,Pos
මම Muslim උනත් ඔබට ගරු කරනවා ,Pos
මගේ තාත්තා මේ සිංදුවට ආසයි ,Pos
ආසම පුද්ගලයෙක් ,Pos
Muslim සල්ලි ගන්නවා කියලා කතා ,Neg
මම හැමදාම බලනවා ,Pos
හරිම වැදගත් සාකච්ඡාවක් ,Pos
ඔයාට ගරහපු අයට වෛර කරන්න එපා ,Neu
මේ මොන විකාර කතාද ,Neg
මේයා පිස්සෙක් වගේ කතා කරනවා ,Neg
මේ video එක චොර voice එක ,Neg
පුරුදු කටහඬක් හොඳ නිවේදකයෙක් ,Pos
ඔබ ඉතා හොඳ පුරවැසියෙක් ,Pos
නතාශා අක්කගේ සිංදු අගයක් ,Pos
මෙයාලගේ performance original එකට වඩා ලස්සනයි ,Pos
ගොඩක් ගරු කතා පියතුමනි බුදුසරණයි ,Pos
ඔයාගේ වැඩසටහන හරිම වැදගත් ,Pos
මම Muslim උනත් ඔබ ඇත්ත කියනවා ,Pos
Wasthi follow කරලා අපිත් ආදරෙයි ,Pos
පට්ට පොරක් thanks දෙන්නටම ,Pos
wow නියමයි dance එකත් ,Pos
අම්මෝ කවුද ගාන්නේ සිංදුවත් මරු ,Pos
මොන program එකක් උනත් පට්ට ,Pos
සුපිරියටම කිව්වා original එකට වඩා ,Pos
දණ්ඩා දන්නවා වැරදි නිසා කියනවා ,Neg
වෙලාව යනවා දැනෙන්නේ නෑ ,Pos
Hiru Star එකට යන්න ,Neu
ලස්සනයි අක්කියෝ කොච්චර බැලුවත් එපා වෙන්නේ නෑ ,Pos
මේ song එක තවත් හොඳට ගායනා කරන්න පුළුවන් ,Neg
අනේ බොරුවට drama කරන්න එපා ,Neg
කැමතිම character එකක් ,Pos
මරු ඇත්තටම නියමයි ,Pos
ඇගේ මයිල් කෙලින් වෙනවා ,Pos
ඔබගේ සියලු පැතුම් ඉටුවේවා ,Pos
voice එක නිසා බලන්නත් එපා වෙලා ,Neu
පොඩි දෙයක් කියන්නම් අයියේ ඔයාගේ interview එක monitor එක off කරලා අහපු එකම පුද්ගලයා මම වෙන්න ඇති DJ කියන්නේ මට legend එකක් නෙමෙයි ලෝකයක් forever මම කරන්දෙනියේ දිනේෂ් චම්පික සුබසිංහ ,Pos
මධුමදාව පූකේ talk දෙන තට්ටයා මහ ලොකු politician joker ,Neg
යකෝ ශෂිකාගේ කටහඬ වගේ අහුණේ මට ,Pos
මාරම ලස්සනයි එතරම් ලස්සනයි ,Pos
මට නම් රත්ත මතක් උනා මතක් උනා කට්ටිය කො ,Pos
අයියේ ඔක adobe animate වගේ software run කරන්න පුළුවන්ද ,Neu
අලකිරි කොල්ලෙක් unp බකේ බකේ චතුර බලපන් මේ කතාව ,Pos
pc laptops වගේම phone reviews ගෙනන්න bro ඔයාගේ personal experience එක phone එක ගැන share කරන නිසා ඒක වටිනවා superb ,Pos
අම්බෝ ලොකු දෙයක් ,Pos
තෝ තමයි ත්‍රස්තවාදීන් බිහිකරපු එකෙක් ප්‍රශ්න දාලා රටේ නිදහස නැති කළේ මුල් හේතුව තෝ පකෝ ,Neg
කරන්න තියෙන එකම දෙයයි මුන් ඔක්කොම ඉලඟ පාර එවන්න එපා මුන් යවන්න එපා parliament ගෝටාබයත් ඉවරයි ,Neg
උබ නම් සුපිරියක් ජයවේවා ,Pos
ලස්සන කෙල්ල පොඩ්ඩ ,Pos
පස්පාරකට වඩා බලපු අය කො ,Pos
ගෙහන් කියන්නේ අමුතුම වැඩ්ඩෙක් high talented man ,Pos
ඔබ තුනට ශක්තිය දහිරිය ලැබේවා ඔබතුමා ඔක්කොටම කලින් මේ රට කපු තම කන හොර දේශපාලුවෝ ඔක්කොම හිරේ යවන්න ,Pos
නියමයි හමුදුරුවනේ අර අශේන් කියන බල්ලා තමයි අනිත එක වචාල කරයෙක් ඔක තමයි මිනිස්සුන්ව කොටවන්නේ බල්ලෝ ,Neg
මරු තුන්දෙනටම ජයවේවා ,Pos
මම ආසම කෙනෙක් ,Pos
දුනී ඇඩන්න එපා සුදු මැනිකා තාත්ති ගොඩක් හොඳට කිව්වා good luck ,Pos
මේක මරුනේ ඇයි මේ කොල්ල තරුණේ නැත්තේ ,Neu
pitching ඔයිට වඩා out sing කරපු උන් ඇතුලේ ,Neg
අපිත් කැමති චරිතයක් තමයි දුලජ් ,Pos
අනේ පව් අර චූටි නංගියා අඩන විදිහ සහෝදර බැඳීම ,Neu
මං ආසම radio නිවේදකයා ඔයයි අයියේ ඔයා නම් නිවේදනය කරන්නම ඉපදුන කෙනෙක් ,Pos
ආදරෙයි වස්ති ,Pos
මං හිතුවේ posh family එකක rich කොල්ලෙක් කියලා ,Neu
නොදකින් සමාජය කනවා ,Neg
edit ලු හිනා වෙන්න තැනක් නෑ ,Neg
ඔබ චන්ද දිනේ රටේ ජනාධිපති ඔබ උනොත් දිනුවම ඔබටත් අමතක වෙයිද වගකීම ඔබ පමණක් දියුණු වෙන්න බලනවද ,Neu
පව් වැඩේ මයා හොඳට කිව්වා මේට වඩා ජරා විදිහට කිව්ව අයට හැරුණා පව් වැඩේ ,Neu
කැමතිම සුපිරිම චරිතයක් අර කරපු හොඳම interview එක ඉලඟට පස්බාර interview කරමු please ,Pos
සහංගි මතක් උනා නේද ළමයි ,Neu
යාලුවෝ දෙන්න වටිනවා කියලා හිතුණා සිරාවටම වඩා අවංකව සතුටු උනා ,Pos
උබේ ලොකුකම වැඩි නිසා තමයි උබේ කෙල්ලත් දාලා ගියේ ,Neg
chanux bro අයියාගෙයි pcguide අයියාගෙයි කටහඬ එක වගේ නේද ,Neu
ගැණියෙක් උනා නිසාද මන්ද ගැණුන්ට පිරිමින්ගෙන් වෙන අසාධාරණ ගැන කියන්නේ ඇත්තටම බුද්ධිමත් කෙනෙක් එත් උපතින්ම පිරිමියෙක් වීම භාගයක් අනේ මන්ද ,Neu
උබ පට්ට පොරක් bro සිරාවටම මං වස්ති දන්න කාලේ ඉඳන් බලන්නේ හැබැයි මං බලුවේ video විතරයි ඒක පට්ට තාමත් එල කුරිම තමයි ,Pos
මං ආසම programme එක voice කියන්නේ thanks sirasa tv ,Pos
rodneyගේ voice එකම අහුණේ මට විතරද ,Pos
ryzen video editing වලට හරියන්නේ නෑලු නේහ ,Neg
අපොයි අයියට ළමයි හදන්න බැරිද ඉස්සර ඔයා ළමයි වැඩියෙන් හදාගන්න හරි අනෙකුන්ට කියන්න එපා ,Neg
ගොඩක් දේවල් ගත්ත ගොඩක් ,Pos
නියමයි ඇත්තමයි ගස්ක් ලස්සනයි ,Pos
මේ video එකේ ඉඳන් වෙනකන් බලන්නකෝ එතකොට තේරෙයි නගා වැඩ කරන්නේ කාටද කියලා මේ ලහිරු අයිය එහෙම කියලා අහන්නේ නෑ එකයි මේකේ වැරද ,Neg
හොඳට ධර්මය දන්නවා ,Pos
ඔබගේ ප්‍රශ්න කිරීම සවන්දීම අගය කරනවා ,Pos
අපේ ලංකාවේ mr cardinal මහත්තයා තමයි නියම පූජකයා අනිත පූජකයෝ ටික එයාගෙන් ඉගෙනගන්න පන්තියක් ආරම්භ කරොත් හොඳයි ,Neu
ඔබතුමාගේ තීරණය හරියටම හරි ජයවේවා ,Pos
චරිතයක් තමයි ඉතින් ආදරෙයි අයියා ඒ කාලේ ඉඳන්ම ,Pos
ගෙහන් block සුපිරි වැඩ්ඩෙක් ,Pos
ලස්සන කටහඬක් සුභ පැතුම් bro ආපහු එන්න ,Pos
අපේ සිංහලයන්ට ගන්නවනම් මෙන්න ආදර්ශ ,Pos
තව්කීත් ජමාත් කියන්නේ පට්ට ජරා ජාතියක් ,Neg
ඔය set එක ගන්න වෙනේ මගේ වකුගඩු දෙක විකුණලා තමයි ,Neg
උමාරියලා පව් ඔයි පිස්සු හැදිලා අහන් ඉන්නේ කසුන් දිහා ,Pos
ලස්සන කෙල්ලෙක් බය වෙලා පුරුදු උනොත් හරි යයි එයාගේ කටහඬ වෙවුලනවා වගේ එක හදාගත්තනම් හොඳට කියන්න පුළුවන් ,Pos
මම නම් යෝජනා කරනේ තිස්සහමි ඔහු තමයි මේ රටට ආදරේ ,Neu
cloud mining වල මොකද වෙන්නේ ,Neu
හොඳටම හැදිලා දැන් නම් හොඳ ළමයෙක් ,Pos
සින්දුව නම් ඇත්තම ගොඩක් ලස්සනයි visual එක නම් සින්දුවට අදාලම නෑ ,Neu
අයියේ ලඟදීම k ගහමු congrats ,Pos
පක්ෂේ රැකීම ඇතිද රට ජාතිය විනාස වෙන්න එවට මොකද්ද කියන්නේ ,Pos
අයියාත් හරියට linus වගේ video කරනේ ,Neu
ඉරාජ් වීරරත්නගේ සහෝදරියක් වෙන්න ඕන අනිවාර්යෙන්ම තාත්තාගේ හොර සොත් එකේ ප්‍රතිඵලයක්ද මන්ද ,Neu
එකෙන්ම යාලු බඳුවක් බැඳින්න එපා ,Neg
පුතේ ඔයාලට කොහොම මඩ ගහුවත් මහින්ද මහත්තයා රට බේර ගත්ත එකම පිනම ඇති ,Pos
අඟ හිරිවටුණා කතාව අහලා ,Neu
dinoගේ කටවට් ඕන ,Neu
සින්දුව නම් ගොඩක් ලස්සනයි එත් video එක අන්තිමට මේකට ලස්සන video එකක් දාන්න තිබ්බානේ ,Neu
neuroscience ඉගෙන ගන්නවා කියන්නේ එසේ මෙසේ මිනිහෙක් නෙමෙයි ජය වේවා ,Pos
හැමදාම ආදරේ කරන කෙනෙක් ,Pos
සුපිරි පොරක් බං රොහිත එල එල ,Pos
උබට වෙන ගැණුන්ට බැනිනත් හොඳයි මතකයි නේද අර අහිංසක ගැණු කෙනෙක්ට බන්න call record එක ඒ ඔක්කොම කරලා මෙකට විරුද්ධව යන උන්ට කියනවා කාන්තා හිංසනය කියලා ,Neg
wow ජෝතිපාල මහත්මගේ ගීතයක් හරිම ලස්සනයි all the best ,Pos
සල්ලි set උන දවසට අපිත් අනිවා කරණවා ,Pos
පට්ට key change එකත් එක්ක ,Pos
පල පල පල යන්ඩ ,Neg
අදි අක්කිව මතක් උනේ මට විතරද ,Neu
කොහෙද යන පිස්සෝ ජනාධිපති කරන්නෙ නෑ බං ආයිත් සරයක් ,Neg
සුපිරි bro නියමයි පට්ට stage performing ,Pos
යකෝ අනිත coachලාගේ කන අහෙන්නැද්ද ,Neg
පිරුණු ඉදිරිපත් කිරීමක් පට්ට ,Pos
බලු සක්කිලි සිංහලයෝ හදන්න බෑ පකේ බුද්ධගම එක්ක ,Neg
original music එදා වගේම අදත් එක වගේ play කරනවා වෙනස් කරලා නෑ එක ,Pos
එනම් chance එකක් දුන්නෙත් මොන මගුලකටද ,Neg
මේකි තනිකර වෙසියක් එක මිනිස්සුන්ට පෙන්නන්න නැතුව ,Neg
පට්ට voice එක ,Pos
ගොඩක් ආස නිවේදකයෙක් ,Pos
පළවෙනි comment එක මගෙන් ,Neu
උමාරියට bandsගේ opinion එක ඕනයිද pick කරන හැම තිස්සෙම තනිවම තීරණයක් ගන්න බැයි bands ඔලුවෙන් කියනම ඕනයි pick කියලා why ,Neu
මොනදේ උනත් කතා කරනවා respect ,Pos
අපේ උමාරියා බලු වැඩ කරනවානේ අපේ නංගි ,Neg
උගේ කට නිසා කෙලොගත්තට කවුරුත් පස්ලද යකෝ ,Neg
පට්ට එත් මට සල්ලි නෑනේ ,Pos
chrome os එක ගැන video එකක් කරන්නකෝ ,Neu
ලහිරු ලොකු පිනක් කරගත්ත හොඳ වැඩක් ජය වේවා ,Pos
අර අයින් උන කෙනාව steal කරන්න තිබ්බේ ,Neu
අගුණුකොලේ අපේ කොල්ලෙක් ,Pos
මොනවා උනත් ඔබ කියන දේ සතික ඇත්ත හොඳ දේයක් පට්ට ,Pos
මගේ ජීවිතෙටම මේ තරම් computer ගැන දන්න කෙනෙක් දැක්කාම sub වෙන්න හිතුනා ,Pos
අනේ තොගේ අම්මා වහෙනවා කියන්නේ ඔයා බොරුවට හැමෝටම බනිනවා ,Neg
පට්ට voice එකක් මචං ලස්සනයි keep it up brother ,Pos
රංජන්ට මූ ඇයි මෙච්චර බය ,Neg
මේවා තමයි quality interview නියමයි ,Pos
ශෂිකාගේ ලොකු scene වැඩියි ,Neg
Mr Cardinal වගේ පූජකයෝ අපේ රටේ උපදිනවා නම් හොඳයි ,Pos
කෙලින් කතා කරන සුපිරි චරිතයක් ,Pos
අපේ හමුදුරුවනේ උන් පිරිමි නෙවෙයි ,Neg
බති‍ය තමයි වැඩේ කෑවෙ ,Neg
අම්මෝ අරවින්ද අයියා එල ,Pos
ශෂිකා වගේ ගායිකාවක් තවම බිහි වෙලා නෑ ,Pos
වටිනා video එකක් ,Pos
මේ Hiru Star හර්ෂ නේද ,Neu
හොඳම හදවතක් තියෙන කොල්ලෙක් good luck ,Pos
උමාරියා මේ නංගිව කලින් දැනගෙන හිටියද ,Neu
මෙයාට අයිතියක් නෑ අනිත් අයගේ දේවල් record කරන්න ,Neg
බොක්කෙන්ම talk එක ,Pos
මෙකෙන් video editing කරන්න බැරිද ,Neu
මම මේ comment එක දාන්නේ මේ programme එක ගොඩක් වටින නිසා ,Pos
ඔබ වහන්සේ සමඟ අපේ හමුදුරුවනේ ,Pos
අයියේ බුදුසරණයි ඔයාගේ වැඩේ කරගෙන යන්න අපි ඉන්නවා ,Pos
ශෂිකාගේ voice එක අහන්න ගොඩක් ආසයි ,Pos
හරිම ආදරණීය චරිතයක් වෙලාව යනවා දැනෙන්නේ නෑ ,Pos
ලංකාවේ නම කනවා පට්ට බල්ලෝ ,Neg
බති‍යගේ කටහඬ තමයි ,Neu
ගොන් රංජන්ට හෙන ගහන්න ඕන ,Neg
එක ඇත්ත අපේ හමුදුරුවනේ ,Neu
මෙයාගේ phone number එක තියෙනවද ,Neu
නළු නිළියෝ බොරුවට කෑගහනවා ,Neg
ඇයි මල්ලි මේ වගේ ගෑණියෙක් ගෙනාවෙ ,Neg
මේ බෞද්ධ රට කියලා කියලා මොකටද ,Neu
මේ මාව ගන්නකෝ ඔයාලට පුළුවන් නම් ,Neu
මොනද කලත් ජීවිතේ ඔබ නැතුව ඉන්න බෑ ,Neu
අයියේ contact කරගන්න විදිහක් කියන්න ,Neu
සුපිරි machine එක අයියා ,Pos
ගොන් මෝඩයන්ගේ රට ,Neg
කෙල්ලට වඩා සල්ලි වලට තෝරනවා ,Neg
තුන්සාරයක් බැලුවේ මම විතරද ,Pos
මහින්ද ගෝටා හරි අහිංසකද ,Neu
ඒ දුව ගැන කියද්දි ඇඩුණා මටත් ,Pos
බොරුවක් කියන්න එපා අනිවාර්යෙන් ගෝටා එනවා ,Neg
ඔයා කියන්නේ ඇත්ත ඒත් අපේ අය නිදි ,Pos
ඔය වගේ අයට එහෙම කරන්න ඕන ,Neg
මෙයා ගැන ගරුකමක් තිබුණා ඒත් දැන් නෑ ,Neg
හැම අතින්ම ගරු කළ යුතු චරිතයක් ,Pos
GPU temp range එක කොච්චරද ,Neu
battle එක පට්ට music තවත් පට්ට ,Pos
ශෂිකාව තෝරන්න කියලා කිව්වත් වෙනස් උනා ,Neu
සතුට කියන්නේ මේක තමයි ,Pos
අපි ඔබ සමඟ ,Pos
මරු ලස්සනයි song එක ,Pos
සමාජයට හොඳ පිළිතුරක් දුන්නා ,Pos
මේ වගේ උත්සාහවන්තයන්ගේ video දාන්න ,Pos
ජය වේවා මල්ලි උබ වැඩ්ඩෙක් ,Pos
අපේ රටෙන් ගියත් ගුණ නොදන්න අය ,Neg
දේශපාලනයට එන්න අයියේ රට ගොඩනගන්න ,Pos
වෙසියගේ හැඩියාව කතා කරනවා ,Neg
ආසාවෙන් බැලුවා ඔක්කොම ,Pos
අනේ අම්මෝ එන හැටි බලන්නකෝ ,Neg
අපිට මේක හීනයක් විතරයි ,Neg
මොනවද මේ ගෙනාවෙ ,Neg
ඔයාටත් බුදුසරණයි සුභ අනාගතයක් ,Pos
අනිවාර්යෙන් පොලවේ පා ගහලා ඉන්න පට්ට පොරක් ,Pos
ලස්සනට කඩේ යනවා හොරෙක් ,Neg
කසුන්ගේ වචනවලට දුක හිතුනා ,Pos
පුතා ඔබගේ ජීවිතය සාර්ථක වේවා ,Pos
ගොඩක් ලස්සනයි අක්කේ මං ආසයි ඔයාගේ voice එකට ,Pos
මේක ගැහැණුන්ට පාඩමක් ,Neg
ඔයා බොරුව කියන්න එපා ,Neg
one million බලන්න ඉන්නවා ,Pos
බූමි මං ආසයි ඔයාව අඳුනාගන්න ,Pos
ඒ සහෝදර හැඟීමට ආස හිතුනා ,Pos
මේක කියන්න ලැජ්ජ වෙන්න ඕන නෑ ,Pos
රට විනාශ වෙනවා බුදු සසනට ගරහනකොට ,Neg
අපේ අම්මාගෙන්ම දරුවෝ ඉගෙන ගන්නවා ,Neu
සජිත්ට බනලා දැන් හොඳයි කියනවා ,Neg
කාලකන්නි දේශපාලකයෝ රට කාලා ,Neg
සිංහල බෞද්ධ නායකත්වයක් ඕන ,Neg
කියන්න දෙයක් නෑ great චරිතයක් ,Pos
ගෙහන් බොක්කෙන්ම කතා කළා good future ,Pos
වයසට හොඳ වැඩ කරන්න ඕන ,Neg
wow ගොඩක් ලස්සනයි ,Pos
මේ වගේ අර්ථවත් වැඩසටහන් කරන්න ,Neu
නියමයි සෙට් එකක් proud of you brother ,Pos
ඔයා දැන් බොරුව කියන්න එපා ,Neg
මේවා බොරු කතා ,Neg
කවදාද මේ ගැන කතා කරන්නේ ,Neg
එනකම් බලන් හිටපු build එකක් ,Pos
ශෂිකා නිසංසලා කවුද කියලා දැනගන්න මේ performance එකම ඇති ,Pos
මගේ වෙලාව නාස්ති කරගත්තා ,Neg
ගොන්ජා වගේම පජාතයි ,Neg
අනේ මන්ද අප්පා ,Neu
wow දැන් මේක පිස්සෙක් වගේ අහනවා ,Pos
නියමයි මචං අපි දෙන්නා සතුටුයි ,Pos
Wasthi YouTube වල හොඳයි ආදරෙයි ,Pos
අනේ පලයන් පකෝ ,Neg
සුපිරි කියන්න දෙයක් නෑ හරිම ලස්සනයි ,Pos
අපේ school එකේ නංගියෙක් නේද ලස්සනයි ,Pos
දේශපාලකයෝ වගකියන්න ඕන ,Neg
හොඳ හදවතක් තියෙන මිනිහෙක් ,Pos
මේ වගේ කෙනෙක් රටේ නායකයෙක් උනා නම් ,Pos
මොනවා උනත් buzzer එකක් ගහන එක වැරදි තමන්ට හදන්න පුළුවන් කියලා නේ එයාලා team එකට ගන්නේ අන්තිමට වෙන්නේ අසරණ වෙන එක ,Neu
මේ වගේ පොළොවේ පාය ගහපු අවංක චරිත විතරක් ගෙනන්න ලහිරු ,Pos
thank you මචං සුපිරිම programme එක මගේ රට ගැන ආදරේ හිතෙනවා bro මේක අපේ රට ,Pos
ඇත්තටම ගොඩක් ලස්සන programme එකක් thanks ,Pos
අපි ඔයාට කැමති ඉස්කෝලේ යන කාලේ ඉඳලා ඔයා තමයි අපේ favourite announcer තේරෙන කාලේ ඉඳන් DJ ara න් පස්බාර අහුවේ තාමත් ඔයා තමයි හැමදාමත් අපේ හදවතේ ඉන්න සුපිරිම radio announcer ,Pos
ආයෙ ආදරණීය මවක් යෙහෙලියක් සහෝදරියක් ආදරෙයි ඔබට ,Pos
hiru star එකේ coachලා වගේද මේකේ පට්ට ආදර්ශමත් එකමුතු coachලා ,Pos
පොඩි කාලේ ඉඳන් ආස කරපු කටහඬ අදත් වෙනසක් නෑ nice person ,Pos
හොඳ ගමනක් යන්න ඉන්න උන් marry කරපු ගමන් සෙරම අත අරිනවා ලංකාවට වෙලා තියෙන්නේ ඒකයි ,Pos
ඇත්ත කතා කරනවා ,Pos
මුන් මොක්කුද යකෝ ලැජ්ජ නැද්ද මුන් වගේ එවුන්ව interview කරන්න උබලා programme වල තියෙන quality එක නැති කරගන්න එපා ,Neg
අනේ මේ මං කියන්නේ ඒකාධිපති කෙනෙක් තමයි ඕන ,Neu
සතුටුයි කුමාරි අක්කේ බුදු සරණයි ,Pos
අනේ ලස්සනයි නේ ඒ කටහඬ ,Pos
ඔයාට ගොඩක් ආදරෙයි රංජා ,Pos
ඇයි ඔය කොල්ලට ඔහොම කළේ වැඩක් නෑ ඔයාලා ,Neg
ගෝටාබය කියන්නේ යුද්ධයක් ඉවර කරපු කෙනෙක් ඔයා වගේ කතා කරන්න පුළුවන් ඕන කෙනෙක්ට අත කරගන්න ගියම තමයි බැරි ,Neu
ලස්සනට කිව්වා පව් අර මැලෝ රහක් නැතුව කිව්ව කෙල්ලට හැරුණා sirasa එපා කරවන්න එපා ,Neg
හිතාගන්න බැරි එකම දෙයයි comment section එකේ ඉන්න අයට තේරෙනවා ,Neu
මේ song එක ඔයා කියනකොට hiru star එකේ හර්ෂද් මතක් උනා ,Pos
මොන ගොබ්බ සින්දුවක්ද ඔයි මේ මොකද මේක ලියපු එක කතාන්දරයක්නේ ,Neg
පට්ට bro ජයෙන් ජය ,Pos
එක්ක කතාකරන්න අපිට ආසයි ,Pos
ගම් මට්ටමේ වැඩපිළිවෙල මොකක්ද ,Neu
උබත් පූක දීපන් ගොන්ජට ,Neg
ඒයා වචනයේ පරිසම්පූර්ණයෙන්ම අම්මා කෙනෙක් ,Pos
ඉරාජ් උබ තමයි ලංකාවට වෙනසක් කළේ අපි ඉන්නවා එකෙන්ම ,Pos
හොඳ තැනකට ඔයාට යන්න පුළුවන් ,Pos
මේ කියන එකත් ආගමයි රටයි හමුදුරුවරුයි ඉස්සරහට දාගෙන එනවා උගේ කුණු වැඩවලට ,Neg
මේකේ unlike දාලා තියෙන්නේ මව් සෙනෙහස දන්න නැති මිනිස්සුද කොහෙද ,Neg
මෙයා hiru star හිටියා නේද ,Neu
මරදාන ගම කන්න තොපේ වගේ ගොඩ වාසියෝ තමයි ,Neg
ඔබ වහන්සේ කියපු කතාව ඉතාමත් වැදගත් තෙරුවන් සරණයි ,Pos
මං නම් හෙන පාරක් අහුවා ලස්සනයි ගොඩක් ,Pos
ඇත්ත කතා කරන ලස්සන හදවතක් තියෙන අවංක මනුස්සයෙක් love you ,Pos
අයියේ channel එක views වැඩි කරගන්න කොහොමද ,Neu
ළමයි දෙන්න study කරන්න ඕන why මේවා බලන්නේ ,Neg
අයියා නොදකින ඉන්න තිබ්බ නම් හොඳයි තමයි හදට ඇඳුණු චිත්‍රේ වෙනස් ,Neu
මෙයා තමයි මේ තරගය win කරන්නේ ,Pos
ගොඩක්ම කැමත්තෙන් හිටියේ විස්තර දැනගන්න ඇත්තටම එයාව ගෙනාව එක හොඳයි ,Pos
නියමයි super super නියමයි අයියා ,Pos
මධුමදාව ජරාම මිනිහෙක් ,Neg
අදේ අයියේ ඇයි ලියත්බර සින්දුව කිව්වේ නැත්තේ ,Neu
ඔයාලගේ හදවතේ ගායිකාව කවුද ,Neu
කොහොමහරි අදත් ගෙනාව වැඩේ සුපිරි අයියේ ඉස්සරහට තව වැඩියෙන් අපිට දේවල් ඉගෙනගන්න කරන්න ,Pos
හරිම විවෘතව කතා කරන දරුවෙක් jesu පිහිටයි බුදු සරණයි ඔයාටත් නෝනාටත් හරිම ආසාවෙන් බලන් හිටියා video එකක් ,Pos
කිසිම දෙයක් නොදන්න මෝඩයෙක් මේ රටේ පාලකයන් වැරදි කියනවා මුන් තමයි තව තවත් මේ රට වලට තල්ලු කරන්නේ ,Neg
නෙහාරා ඔයා දැන් ගොඩක් ලස්සනයි මුහුණ කෙට්ටු කරගන්න එපා මුහුණ පිරිලා තියෙද්දි හරි ලස්සනයි ඔයා ,Pos
singing පට්ට duet එකත් පට්ට ඇඩෙනවා තනි ඇහැට ,Pos
මොක අවත් වැඩක් නෑ මුල අමතක නම් ,Neg
බෝල ගැණියේ උබේ තාත්ත තමයි කුඩු ගෙනාවේ තේරුණාද උගේ කුඩු සල්ලි වලින් parliament ඇවිත් දැන් අපට විතරක් බනින්න ලෑස්ති වෙන්න එපා ,Neg
බුදු සරණයි පුතේ good luck මම අනුරාධගේ අප්පච්චි israel ඉඳලා ජයවේවා ,Pos
අනේ ඔයා ඔච්චර සුදු විදිහට කියන්න please ,Neu
උඹ මේවා නවත්තගන්න බොරුව අදහස් මිනිස්සුන්ට දෙන්න එපා උඹට මං හොඳින් කියන්නේ ,Neg
මං ආසාවෙන් නරඹුවා අද හරිම ආසයි අහන ඉන්න අක්කි ඔයාගේ කතාව ගොඩක් ආදර්ශවත් ,Pos
අයියේ කොහෙන්ද ඔයාට හිනාව ගියේ programme එකේදි ,Neg
අපි මුලසිටම වස්තිත් එක්ක ඉන්නවා තාමත් ඉන්නවා ඉස්සරහටත් ඉන්නවා ආදරෙයි වස්ති ,Pos
අම්මෝ නියමයි නංගි ,Pos
මෙලෝ රහක් නැති චිත්‍ර කලි තෝරලා ගත්ත මේ වගේ උන්ට තැනක් නෑ ,Neg
ඉරාජ් bro ඉක්මනටම අපි ඇඟිලි ගෙන ගෙන බලන් ඉන්නවා ඉලඟ music video එක එනකන් bro ඉක්මනටම දාපං එකත් මුළු රටම හෙල්ලෙන්න ,Pos
නියම video එක ,Pos
මහින්දට මේ වගේ හොඳ මිනිස්සු පේන්නේ නෑ අර විමල් ගම්මන්පිල වගේ වැඩකට නැති එවුන් ලංකරගෙන ඉන්නේ හොඳ නිහතමානි මිනිස්සු අඩුයි ,Neg
ඉදිරියටම යන්න සුභ පතනවා මල්ලියෝ ,Pos
අයියේ ඔයාව fb එකෙන් contact කරගන්න ඕන fb link එකක් දෙන්න ,Neu
රටේ අස්සක් මුල්ලක් නෙරා දැනගන්න ඕන රටක් කරන්නේ මිනිස්සුන්ගේ දුක දැනගන්න ඕන ලංකාවේ මේ ඉන්න පොඩි සිංහලයෝ ටික ලෝකය තව බබලන්න හොඳ බෞද්ධයෙක් රජවෙන්න ඕන ඒකයි ඇත්ත ,Neu
කියන්න වචන නෑ ෆට්ට ,Pos
විශ්ව පෙරේරා අයියේ නියම talk එක අන්තිමට කිව්වේ ,Pos
ලංකාවේ ඉන්න අපේ නිළියෝ නම් ඔහොම කතා කරයිද ඔයා ගොඩක් ලස්සනයි අක්කේ ,Pos
අයියා අද ඔයා එන්න තැන ගැන පුදුම ආඩම්බරයක් දැනෙනවා මං ඔයාගේ නංගීගේ යාලුවෙක් ඔයාව auntyව uncleව දන්නවා ඔයත් අක්කා මුතුහාර ළමා සමාජේ හිටියා ඔයාව නොදන්න කවුද අනේ best of luck අයියා ,Pos
මං ඔයාට ගොඩක් කැමති හැමදාම සතුටෙන් ඉන්න ආදරෙයි හැමහම ඔයා කලින් කතා කරනවා නියමයි ,Pos
ජාතියක් ජම්මයක් නැති අවජාතකයෝ අපේ හමුදුරුවනේ නළුබට්ට මොනවා ඉගෙනගෙනද ඔවුන්ට ඡන්දෙ දෙන එවුන්ටයි ගහන්න ඕන ,Neg
බොක්කටම වැදුන කොල්ලෙක් නේ ඒ ,Pos
අනේ පව් අහිංසක කෙල්ල අමාරුවේ දාපු ඔලමොට්ට මධුමදාව ගොන්තඩියා ,Neg
ශෂිකා අක්කා නියමයි ඔයා නම් ගොඩක් ,Pos
උබ ආපු තැන දන්නවා බං උබලාගේ ගෙදර මං ඇවිත් තියේ උබ කොතනද කොහොමද හිටියේ කියලා අපි දන්නවා ,Neu
මේක සිංහල බෞද්ධ රටක් කියලා එයාගේ ව්‍යවස්ථාවේ නෑ ඒ නිසා අපිට එපා ,Neg
අයියේ උබ නම් පට්ට පොරක් බං ,Pos
අයියේ vivo y review එකක් ගෙනන්න ,Neu
රංජන්ට ඇයි ඔයා තරම් බය ආණ්ඩුව ,Neg
අනේ සිරාවේ සිටින අහිංසක සතුන් ඉක්මනින්ම නිදහස් වෙවා ජීවිත ආරක්ෂාව ලැබේවා ,Pos
පට්ටම වැඩ්ඩෝ දෙන්නෙක් nice song good luck god bless you all ,Pos
ඔයා පෝන්නයෝ ගංජා ගහලා කුඩු ගහලා කියන කතා අනික ඔවුන් බත් නෙමෙයි කන්නේ අසුචි එකයි ,Neg
අනේ ඇත්තටම ලස්සනයි ,Pos
උමාරියා හෙන fun ,Pos
අද කාලේ වැරදි දේවල් වලින් ඉහලටම යන්න හදන අය අතර ඔබ ඉතාම විශිෂ්ට චරිතයක් ගමය තමන්ගේ ජීවිතේ ඇත්ත සඟවන්න නැතුව ඉදිරිපත් කිරීම ගැන සතුටු වෙනවා ,Pos
කුමාරි අක්කේ ඔයා කාන්තාවක් ඔබගෙ ජීවිතේ ජය ගන්න ,Neu
coachලා මේ song එක අහලවත් නැතුව ඇති ,Neg
අයියා අයියාගේ contact number එක ගන්න පුළුවන්ද send me in whatsapp ,Pos
දැකපු හොඳම කොටස ස්තුතියි ගොඩක් හදවතට එකඟවම කතා කළා ජයම වේවා ,Pos
ලක්ෂයට කොඩිය දාන්න තව පොඩ්ඩි ,Pos
q amp a ආයෙත් හොඳ වැඩක් ,Pos
ලහිරු ඔයා ලංකාවේ නේද මෙයාව ලංකාවේ hotel එකකට කතා කරපු එකාව හොයලා award එකක් දෙන්න හේතුව එයාගේ business කරන්න හොයාගත්තු කෙනා නිසා ,Neg
ඔබ වහන්සේලාවත් රට පාලනය කරන්නකෝ අපේ දරුවන් වෙනුවෙන් ඔබ වහන්සේට පින් බස් ,Pos
admin අයියා හෝ අක්කාට ගොඩක් අය හොඳයි කියලා හැබැයි තාම පැයක් ඇතුලත ,Neu
අඩෝ නෝ තව ඉන්නවද ,Neu
යකෝ මේ දර්ශන නේ දැකලා ගොඩක් කල් හොඳටම වෙනස් වෙලා ,Neu
කවුද මේ ඉත්තේව ,Neu
අපි මොන භාෂාව කතා කළත් මොන ජන වර්ගය උනත් මොන ආගම උනත් අපි හැමෝම ශ්‍රී ලාංකික ,Pos
මේට වඩා යමක් ගන්න තිබ්බ කියලා හිතුනා ,Pos
admin අයියා ඊයේ partyලු වෙරි නිසා නින්ද ගිහින් ,Neg
ලොක්කා hiru star ගිය කොල්ලෙක් නේ මේ අයියා ,Neu
නිකමට ඒක මගේ brain එකටත් ආවා ,Neu
දැනුයි තේරුණේ හැමදාම කොළඹ පරදින්නේ ඇයි කියලා ,Neu
අයියෝ දෙවියනේ හෙන ගහපන් ගහපු උන්ට ,Neg
අපේ හමුදුරුවෝ ඇත්ත කතා කරනවා ,Neu
අම්මෝ මාර confidence තියෙනවා පට්ට performance එක ,Pos
බල්ලී මුළු රටම දන්නවා ඔයා ගැන ලැජ්ජයි ,Neg
ඔයාට හොඳ දැක්මක් තියෙනවා විවාහ ජීවිතේ ගැන ,Pos
මොන දේ උනත් ජීවිතේ ඔබ නැතුව ඉන්න බැහැ ,Neu
Irajට පට්ට ආදරෙයි මේ දේශපාලකයෝ මැරෙන්න ඕන ,Neg
ඔයා ලස්සනට වචන හසුරවන දැනුම තියෙන කෙල්ලෙක් ,Pos
මේ වගේ ගොන් අය පක්ෂයෙන් ඉවත් කරන්න ඕන ,Neg
මීට වඩා හොඳ ප්‍රශ්න අහන්න තිබ්බා ,Neg
ජාතික හැඟීම වටිනා අදහස් ටිකක් ,Pos
ඔයාට අපි ගොඩක් ආදරෙයි Iraj ,Pos
ඉවර වෙනකම් අහලා හිටියා good luck ,Pos
wow ඔයාගේ voice එක ලස්සනයි ,Pos
ඔහොම කියන්න එපා channel එකේ ඉන්න මිනිස්සුන්ට ගරු කරන්න ,Neg
කියන දේ වැදගත් ,Pos
මේ වගේ වටිනා අදහස් තියෙන අය media වලට ගෙනා යුතුයි ,Pos
ෂා කිව්වට උමාරියා හැරුණේ නෑ ,Pos
උබට හොඳ වැඩේ ,Neg
සත්‍ය තව අගයමි ,Pos
කසුන් හොඳ දක්ෂයෙක් හොඳ දැනුමක් තියෙනවා ,Pos
කසුන් ලොකු වැඩක් කරොත් එහෙමයි ,Pos
මම දැක්කාම හිතුවේ පොල් කරුවෙක් කියලා ,Neu
බුදුසරණයි අපේ හමුදුරුවනේ ඔබට දිර්ඝායු ලැබේවා ,Pos
ඇයි කසුන් ඔයා මෙහෙම ,Neu
හොඳ අදහස් ටිකක් කතා කළා ,Pos
පට්ට මචං congratulations ,Pos
කසුන්ට ගැලපෙන ගායිකාවක් මේක ,Pos
ඔක්කොම හොඳයි හැබැයි වැඩියෙන් දඟලනවා ,Neu
සිංදුව හොඳයි video එක හොඳ නෑ ,Neg
ඔයාලා මහන්සි වෙලා සල්ලි හොයනවද ,Neg
ඔයා ඉන්න අපිට ගොඩක් ආදරෙයි ,Pos
comments බලන්න ආපු අයට ,Neg
මේ ලෝකේ අහපු හොඳම කතාවක් ඇස් වලට කඳුළු ආවා ,Pos
ගොඩක් පැහැදිලි බුද්ධිමත් අදහස් ,Pos
ඔයා නියමයි Namalටත් ඔයා වගේ මොලයක් තිබුණානම් ,Pos
අයියේ politics ගැන නොවෙයි මේ වගේ අය ගැන කතා කරන්න ,Pos
Nanotek එකේ AMD Ryzen Vega graphics දාන්නේ නැත්තේ ඇයි ,Neu
කෝ තොගේ rocket එක ,Neg
Achinthaට වඩා Sahan හොඳයි ,Neg
අනිවා හොඳ අම්මා කෙනෙක් ,Pos
කසුන් කියන්නේ සුපිරි මොලයක් ,Pos
Tech Sunday බලනවා ,Neu
කසුන්ගේ song එකට සාධාරණයක් දුන්නා ,Pos
රහක් නැති අයවත් ගත්තා ,Neg
නියමයි මේකෙන් දිනන්න ඕන ,Pos
සමන් මහත්තයා මතක් උනා ,Pos
කටහඬ හරි නෑ කියලා හදන්න කියනවා ,Neg
අනේ ඇත්තටම ලස්සනයි ,Pos
කසුන් lite version එක වගේ ,Pos
ශෂිකාගේ හඬ ඇහුනේ මට විතරද ,Pos
උතුම් තෙරුවන් සරණයි ,Pos
මමත් ගරු කරන කෙනෙක් ඔයාගේ වැඩසටහන බලනවා ,Pos
අයියේ මේ build එකට කීය යනවද ,Neu
අම්මෝ පට්ට කොල්ලෙක් ,Pos
වාව් මේක ආසාවෙන්ම බැලුවා ,Pos
ඉයා charter නේ ,Neg
අපේ හමුදුරුවනේ මේ වගේ අය ඉන්නකන් කොහොමද ,Neg
නවීන් දිසානායකට මේකෙන් ගැහුවද ,Neu
මාර coachesලා set එකක් ,Pos
video editing වලටත් මේ වගේ එකක් කරන්න ,Neu
ශෂිකා missගේ හඬ හිත නිවනවා ,Pos
පට්ට කොල්ලෙක් ලස්සන voice එකක් ,Pos
උමාරියා වැඩියෙන් රඟනවා ,Neg
කවුද මොනවා කිව්වත් මම රාජපක්ෂලාට ආදරෙයි ,Pos
ස්වාමීන් වහන්සේ මේ කතා නරකයි ,Neg
අයියේ Intel X series CPU දාන්නේ නැත්තේ ඇයි ,Neu
ඔව් ඒක ඇත්ත මමත් Catholic ,Pos
නියමයි අයියේ ගැමි ගීත අහද්දි හැඟීමක් එනවා ,Pos
අනේ මේ පෝන්නයා ලැජ්ජාවක් නෑ ,Neg
laptop එක ගත්තම මුලින්ම කරන්න ඕන දේවල් මොනවාද ,Neu
video thumbnail එකට පිස්සු හැදෙනවා ,Pos
කතාව ලස්සනයි අහන්න ආසයි ,Pos
coach Raini හිටියනම් surprise කරයි ,Pos
දිනිති කසුන්ට ආදරේ වැඩි වගේ ,Neu
නවීන් දිසානායක උගත් බුද්ධිමත් කෙනෙක් ,Pos
මල්ලි මේක board වලින් සුපිරි ,Neu
මම ආසම song එක ලස්සනට කිව්වා ,Pos
කතා කරන්නවත් පන නැති වගේ ,Neg
සතිෂා ඔයා නියමයි ,Pos
ඒ දෙන්න ගැන තිබ්බ උනන්දුව තේරුණා ,Pos
මේ කසිකබල් teledrama නවත්තන්න ඕන ,Pos
උදය bro හඳුනාගන්න බෑ ,Neu
පට්ට ආදරෙයි අරවින්ද අයියේ ,Pos
coachesලා පට්ට fun එකක් දෙනවා ,Pos
පිස්සු හැදිලා ආයෙත් පිස්සු වෙලා ,Pos
ඔයා ගැන ආඩම්බරයි ඉදිරියට යන්න ,Pos
අක්කි ඔයාගේ voice එක ලස්සනයි ,Pos
අම්බෝ ලස්සනයි අහන්න ආසයි ,Pos
ආදරණීය ගීතයක් ආදරණීය මවක් ,Pos
ඔයාට සිංහල බැරිද show එක එපා ,Neg
අම්මෝ ශෂිකාගේ voice එක පිස්සුවක් ,Pos
congratulations ජබේ අයියා ,Pos
කුමාරි අක්කේ ඔබට සුභ පැතුම් ,Pos
උඹ මරු මල්ලි ,Pos
ලහිරු rocket එක ගැන අහන්න ,Neg
මට කියන්න පුළුවන්ද මෙතුමාව contact කරගන්න ,Pos
මු පට්ට පිස්සෙක් ,Neg
අක්කි ඔයා පානදුර සුමංගලේ නේද ,Pos
මොනවා තිබ්බත් වැඩක් නෑ හොඳට බුදු දහම ඉගෙනගන්න කොල්ලෝ නැත්නම් තවත් එක උගතෙක් දේශපාලුවෙක් වෙයි ,Neu
අක්කා අපි ඔයාට කැමති ,Pos
මේ වගේ ගොන් ගැණු parliament යවන්න පුළුවන් හරක් ඉන්නවද දැක්මක් නැති රට කපු මේ හැත්ත අයින් කළ යුතුමයි ,Neg
ඔය ලහිරු කළේ හොඳ වැඩක් වැඩක් නැති මෝඩ චූන් දෙන එවුන්ව ගෙනත් පුම්බනවට වඩා ,Pos
නිබ්බුත නුන සාමතාමෙනියනි දිර්ඝායු වේවා ,Pos
gen release කරලා තියෙන්නේ මට තියෙන්නේ th gen i processor එකම තියෙන්නේ ,Neu
ආදරෙයි අක්කේ ඔයාට ගොඩක් ආදර්ශමත් කතාවක් ,Pos
මේ විදිහටම තොගේ මහ උන් දෙන්න එදා හිතුවා නම් තෝ වගේ කාලකන්නියෙක් මේ ලෝකෙට බිහි වෙන්නේ නෑ ,Neg
ගුණධර්මයෙන් පිරි ඒකාධිපති පාලකයෙක් තමයි මේ රට ගොඩගන්න ඕන ,Neu
කසුන් උබගේ ඒ ආදරේට අපි ආදරෙයි ,Pos
බතියගේ ගීතේ අමුතු art එකක් තියෙනවා නේ ,Neu
ඔන්න මචං නියම track එකට ආවා ,Pos
මේක බලද්දි ඇස්ට කඳුලක් ආවත් ලොකු ගෞරවයක් ඇති උනා ඔබ ගැන ස්වේතා හරි වාසනාවන්තයි බුදු සරණයි ,Pos
ප්‍රියා හැමදාම වටිනා video ගෙනාව good job ,Pos
hiru star මල්ලී කෙනෙක් ,Neu
මොන මගුලද ලහිරු මේ මේකට වඩා දේවල් නැද්ද programme එකක් කරන්න ,Neg
ආපු මනුස්සයාට නිදහසේ හදට කතා කරන්න දීලා අහගෙන ඉන්නවා නම් announcer කෙනෙකුටම ඒ quality එක තියෙනවා perfect ,Pos
ලස්සන රඟපෑම ඔයා මෝඩ හුත්ත මැරුණත් හොඳයි ,Neg
මම mining කරනවා මොනවද දැනගන්න ඕන ,Neu
හැබැයි ඔබ තරුණතේ හිතගෙන හිටියට වෙල්ගම මන්තල් තමයි මෝඩයෝ කණාඩියක් නැත්ත ,Neg
යකෝ ලංකාවේ හොඳම band එකා ,Pos
ලංකාවේ බෑ බං ඔය මගුල ,Neg
කොහොම talent එකක් තිබුණත් ඒ වෙලාවේ singing අවුල් නම් කොහොමද vote එකක් දෙන්නේ අනිත අයට අසාධාරණයක් වෙන්නේ ,Neu
සුප්පා කොහෙද හිටියේ බං උබ ඒ හොඳ වැඩේ ,Pos
බලු වැඩ කරලා නෙවෙයි සැහෙන්න කට්ටා කරලා නැගිටපු මිනිස්සු දැන්ට මේකට ආවේ හැමෝම ,Pos
ආයෙ phone reviews එපා අයියේ ,Neg
ෂා මරු නේ good luck ,Pos
ගොඩක් දේවල් ජීවිතයට ගත්තා ,Pos
අදේ බින්ද රබාන ,Neu
හොඳ කතාවක් සතුටුයි ,Pos
අම්මටසිරි congratulations ඉස්සරහට යන්න ඔයාට wish කරනවා ,Pos
අපිටත් මේවා අහන්න ලැබෙනවනේ ,Neu
මේකත් voice global යයි කියලා හිතෙන්නේ මට විතරද ,Pos
භූමි මම නම් ඔබට ගොඩක් ගරු කරනවා ,Pos
සිල් රෙදි පෝරවාගත්තු එල්ලුම් ගහක් මේකි ,Neg
කුමාරි අක්කේ ඔයාට සුභ අනාගතයක් පතනවා අපි ,Pos
අපි කැමති ඔයාට රට බාරදෙන්න ,Pos
ආදිත්‍ය වලිවත්ත මතක් උනේ කාටද ,Pos
මොකද්ද තේරුම මේ video එකේ ,Neg
marry කරලාද අහුවේ නෑ නේ ,Neu
අල්ලා හු අක්බර් කිය කිය පාර තම්බි බෙලි කපනවා පරු තම්බි ,Neg
අම්මෝ හරිම ලස්සනයි දිගු ගමනක් යන්න ලැබේවා ,Pos
කුණු රසය බලන්නේ කුණු වැඩ කරන නිසා ,Neg
හරිටම හරි අයියේ phone එකේ performance බලන්න පුළුවන් pubg game එක ගහලා තමයි මොකද ඒකේ හැම phone එකම lag වෙන නිසා ,Pos
අයියා සුපිරි චරිතයක් ,Pos
මේකත් අහන්න එන්න තමයි හුගක් කැමති දිස්නා කො ,Pos
අරව නොදන්න අයද නැත්තම් අලුත් හල් කෙල්ලද fm radio වල dislike කරලා තියෙන්නේ ,Neg
මේ දෙන්නම එපා please ,Neg
හරිම නිහතමානි ආඩම්බරයි ඔබ ගැන දළදා සමිඳු පිහිටයි ,Pos
president වෙන්න හොඳම කෙනා රොහිත රාජපක්ෂ weldone රොහිත අයියා පට්ට කතාව හදවතට දැනුනා ,Pos
පව් බං අර පොඩි නංගියා ,Neu
මුන් තුන්දෙනාගෙන් එකෙක්වත් නෙවෙයි නාගානන්ද මහත්තයා ,Neg
අනේ බල්ලියෝ හොඳට හැදිලා හිටියනම් හරි නම් මොකටවත් ඕන විදිහට ඉන්න ඕන නෑනේ ,Neg
අගය කළ යුතු තරුණයෙක් ,Pos
ඔයා ගොඩක් ලස්සනයි සින්දුව කියනවා නංගියෝ ,Pos
hiru star එකේදි රිව් වෙලා ඇයි මේ උදේ ලස්සනට කිව්වා bro good luck ,Pos
අදේ මේ band එක ඔක්කොටම වඩා හොඳයි ,Pos
කො මේක පරණ intro එකනේ ,Neg
nice පට්ට ජයවේවා god bless you ,Pos
නංගි ඔයා තෝරගත්ත කෙනා හරි ගියේ නේ ඔයාට හරියන්නේ ශෂිකා ඔයාට එක තේරෙයි වැඩි දවසක් යන්න කලින් ,Neu
උනත් අවශ්‍ය නැතුව ඇති මචං ජාතියක් ආගමක් උපන්නේ නැති එක නමුත් ඒක අවශ්‍යයි ,Neu
vote එකේ මං කිව්වා මේ week එකේ කසුන් sing කරනවා කියලා stage එකේ ,Pos
ප්‍රියා අයියා ඉලඟ video එක දෙන please ,Pos
අපි බලන් ඉන්නවා ඔබ එනතුරු සටනට ,Pos
මේක බලලා වස්තිලාගේ මුල් video ආයෙත් බලන්න හිතුන අය මේ කොණට ,Pos
උබට තේරෙන දේ අපේ ගොන් හරක්ට තේරෙන්නේ නෑ යාලු ,Pos
අක්කි ඔයා couchersලාවයි බලන් ඉන්න අපි හැමෝමවයි නැටෙව්වා ආදරෙයි ,Pos
thanks ගොඩක් දේවල් දැනගත්ත ,Pos
තප්පරයක් නාරා බලුවා ,Pos
hiru star ආව කොල්ලෙක් ,Neu
නියම සිංහලයෝ නම් තමන්ගේ රට රැකගන්න ඉදිරිපත් වෙන්න ඕන ,Pos
ඉරාජ් ඔබ කොල්ල බය වෙන්න එපා මරගෙන මරනවා කොල ඔබ හා රටම කරගෙන කොන්ද පණ තියෙන කොල්ලෙක් ඔබ පට්ට ,Pos
camera ඉස්සර ඔක්කොම සුපිරි තිරේ පිටිපස්සේ ගූ ගොඩක් පට්ට දුකයි මුන් කරන වැඩට මුල අමතක මිනිස්සු ලොකු තැනකට ආවම මුල කතා කරනේ fashion එකක් විදිහට ,Neg
ඇත්තමයි අපේ හමුදුරුවනේ කිසිම කෙනෙක් බුද්ධිමත්ව වැඩ කරන්නේ නෑ මේ වෙච්ච විපතක් ඇති මිනිස්සුන්ට පාඩමක් ඉගෙන ගන්න ,Neu
හැමදාම comment එකක් දානවා කවදාවත් reply නෑ ,Neg
එක නම් පිස්සුවක් ,Pos
බලගෙන ඉන්න ප්‍රේක්ෂකයන්ට නැති ගායනේ උමාරියට තියෙන්නේ ,Neg
සම්මා සම්බුදු සරණයි ජය වේවා ,Pos
ආසම චරිතයක් අයියේ ඔයා ,Pos
අයියේ ඔයා හදන build වලට os එකට cash ගෙවලාද ගන්නේ ,Neu
නියමයි තිරුෂා bro ,Pos
පැතුම් දනංජය තරම් හොඳට කිව්වේ නෑ ,Neu
coach කසුන් නම් දැන් සුපිරි ආතල් ටිකක් දෙනවා ,Pos
ඔයා නම් පොරක් තමයි මේයාව ගෙනාවා කියන්නේ දැකන්න පුදුම ආසාවකින් හිටියේ චූටිම කාලේ ඉඳන් ,Pos
chanuxගේ video quality එක තව smooth වෙයි ,Neu
ආයෙත් ඉතින් සුපිරිම interview එකක් ,Pos
gems කීයක් දාන්න පුළුවන්ද ,Neu
coach කසුන්ගේ voice එක ඇහෙද්දි අමුතුම ලෝකෙකට යනවා ,Pos
සඳලි අක්කා නියමයි sis ,Pos
පොඩි හමුදුරුවනේ තෙරුවන් සරණයි ඔබ මාව මතකද දන්නේ නෑ එදා පාසල් කාලේ තිබුණු උතුම් ගරුකම අදත් අපේ හිතේ ඔබට හිමි ය එදා තිබුණු ඔබගේ කරුණාව සිරිය දයාව අදත් එහෙමයි ,Neu
උබට නම් ඇත්තටම පිස්සු බං ,Neg
ආසාවෙන් බලපු ලස්සන වැඩසටහනක් හැමදාමත් ආදරෙයි දීප්ති ගෞරවනීය කාන්තාවක් ,Pos
k ගහන්න තව පොඩ්ඩයි නියමයි ,Pos
අයියා free fire වගේ game එකක් ගහන්න ඔක හොඳද ,Neu
දෙන්නම ශෝක් අනේ හරිම ලස්සනට දෙන්නම sing කළා ඒ වගේම ඒ performance එකත් singing වගේම පට්ටයි දෙන්නගෙම ඒ සහෝදර බැඳීම මාරයි ,Pos
චාමරගේ මල්ලි වගේ කටහඬ පට්ට ,Pos
අර රාජ ගොන් බඩු දෙකට වඩා විශිෂ්ටයි ඔබගේ දැනුම ඉහලයි ,Pos
අයියේ computer වලටත් මේ වගේ video එකක් කරන්නකෝ please ,Neu
අඩෝ ගම්පොලයෝ ආදරෙයි ,Pos
මං හිතන් හිටියේ posh සල්ලි කාරයෙක් කියලා සිරාවටම සුපිරි dial එකක් ,Pos
රොකට් එකේ තාක්ෂණය electronic ආදී තාක්ෂණය අපට නෑ ,Pos
මෙයා politics වලට කැමති නෑලු ඒ උනාට තමන්ගේ නංගිවත් නාමල්ට දුන්නා use කරන්න මහින්දට කඩේ යන පළමු කොක්කෙක් ,Neg
ප්‍රශ්න අහලා නේ ඔයාලා වැඩේ කරේ අනේ යනවා හලෝ යන්නෙ ,Neg
අනේ මන්ද මොන කියන්නද ,Neu
කසුන් ඇත්තටම මම ගොඩක් දුක හිතුණා ඒ ළමයාට කවදාවත් හැරෙන එකක් නෑ කියලා කසුන් ඔබ හොඳ කළා ,Pos
කොල්ලෝ ඔයාට ආගම ගැන දන්නේ නැත්නම් කතා කරන්න එපා ,Neg
අඩෝ අපේ හමුදුරුවන්ට මොකුත් කියන්න එපා ,Neg
මේක දැක්කම ගොඩක් දේවල් කල්පනා කරන්න තියෙනවා අපේ රටේ අනාගතේ ගැනත් පොඩ්ඩක් හිතන්න වෙනවා ,Neu
බලුම බලු වැඩක් කරේ ජරාම ජජ්ලා ටිකක් මේ පාර ඉන්නේ ශෂිකාට එහපෙත්තේ ඉන්න එක පෝන්නයෙක් වගේ ,Neg
post එක දාපු දවසේ ඉඳන් මේ video එක එනකම් බලන් හිටියේ ,Pos
කසුන් කල්හාර ඔයාගේ song එක පට්ට ,Pos
ඔයා හරිම වැදගත් කෙනෙක් දුවෙකුගේ අම්මා කෙනෙක් ඉන්න ඕන විදිහටම හරි ඔයාටයි දුවටයි කවදාවත් වැරදක් වෙන්න එපා බුදුසරණයි ,Pos
voice එක superb great job අයියේ පෙනුම නම් dream star කේෂන් අයියා වගේ ,Pos
මෙන්න ආවිත තව dial එකක් දෙන්න හදන්නේ ආයෙ ගේමක් රටට ,Neg
තෝ ඉන්න තැනවත් තෝ දන්නේ නෑ එහෙම වෙද්දි තෝ කොහොමද කියන්නේ ගෝටාබය සුදුස්සෙක් නෙමෙයි කියලා දෙන දේයක් කරලා වෙන දේයක් බලගෙන හිටපිය ,Neg
මල්ලී ඔයාගේ කතා ගොඩක් වටිනවා ඔයාලා එන්න මේ රට භාර ගන්න god bless you ,Pos
adminට ආදරෙයි පෙලෙන්න ,Pos
කතාව සහතික ඇත්ත රාජපක්ෂත් පවුල්වාදය ,Neu
සෝම හිමියන් ගැන වැඩසටහනක් කරන්න මේ මුළු රටේම ප්‍රචලිත වෙයි අනිවාර්යෙන්ම සහ මේ රටම ආදරය කරයි ,Neu
computer එකට දාලා මොකද්ද කරන්නේ madam ,Neu
අයියෝ සින්දුවට තිබුණ වටිනාකම ඉවරයි පිස්සු වැඩ ,Neg
තොප්පියේ මුහුණ බලන් ගොන් ගැඹෙක් වගේ ,Neg
සල්ලි වලට එක එකට කඩේ යන්න එපා බං මේ කෙල්ල කලින් ඒවගේ හොඳට කියන්න ඇති එත් මේක නම් කෙව ,Neg
පඩුවේ ඉන්න කඩේ යන්න එපා ,Neg
මේ sidu bandට තියෙන ලංකාව ගැන හැඟීම අපේ පාලකයන්ට නැති එක ඉස්තරම් සිරිසේන ,Neg
bass නම් පාලනවා ,Pos
මු ශ්‍රීලංකන් වැඩ්ඩෙක් පොරක් ,Pos
ඔක්කොටම වඩා ආසයි coachලගේ action බලන්න ,Pos
පෝන්නයෝ තෝ බුද්ධ පුත්‍රයෙක්ද කතා කරපිය ලස්සනට හොර ගැණු තියාගෙන අමුද හැත්ත ,Neg
ගොඩක් ආදර කරන කෙනෙක් ආදරෙයි අක්කේ බුදුසරණයි ඔයාටයි දුවටයි ,Pos
මහින්දලා රනිල්ල මයි පාලකයෝ වෙනවා කියන්නේ සිංහලයා වඩවීම මුන් දෙන්නම අඩු වැඩි වශයෙන් මුන්ව පෝෂණය කරා ,Neg
මරු අයියා තව ඒවා ඕන හරිද ,Pos
බුද්ධිමත් ලස්සන කාන්තාවක් ,Pos
මේ song එක හරිම ලස්සනයි ,Pos
දවසකට එකපාරක් අහනවා බලනවා මේ song එක මම ,Pos
ඒක ඇත්ත ඔවුන්ගේ දරුවෝත් පාලනය කරන්න ඕන උන්ටත් වැඩේ හදන්න දන්න හොඳන ,Neg
ඇත්තටම නියම කතාවක් මරු අයගේ බුද්ධිය නියමයි ,Pos
තෙරුවන් සරණයි දිර්ඝායු ලැබේවා ඔබට ,Pos
ඔබ වැනි නිහතමානි මිනිස්සුන්ට අපේ මව් බිම හැමදාමත් සුන්දරයි ආදරෙයි සුදුබණ්ඩා මහත්මයා හදවතින්ම බුදු දහමටත් ශ්‍රී ලංකාවටත් මේ තරම් ආදරය කරනවට තෙරුවන් සරණයි ඔබට ,Pos
ඔබට බුදුසරණයි මහත්මයානනි ,Pos
කවුද බං මු පල ගෝටය යන්න උබ ඇස් පොට්ටද ,Neg
මුට මොළයක් තියෙනවා අනිත උන්ට වඩා ,Pos
මම දන්න කෙනෙක් ලිංගික විපර්යාසයකට පත් උනා ඒයා සියදිවි හානි කරගත්තා ,Neg
මං ආසම සින්දුව මේක හැමදාම අහනවා ,Pos
ඔයාගේ කතාව ඇත්ත ඔයා කියන්නේ රටට ආදර්ශයක් කතා බුදුසරණයි කුවේට් සෙට් එක ,Pos
ලස්සනයි අක්කේ ඉස්සරහට යන්න ඕන බුදුසරණයි ,Pos
පිස්සු හෙදෙනවා සියපාරක් විතර අහුවා ,Pos
voice එක නම් ෆට්ට ,Pos
ඔහොම එතෙන් වැරදි හෙව්වොත් පවුල් කන්න බැහැ ,Neg
හරිම වැදගත් සාකච්ඡාවක් ගොඩක් දේවල් ඉගෙන ගත්තා අක්කේ ඔයාගෙන් ඔයාටයි දුවටයි හදවතින්ම සුභ පතනවා අක්කේ ,Pos
අම්මෝ ඔයා නම් පට්ට මුල ඉඳලා අන්තිම වෙනකන් video බලුවා අන්තිමට ඉවර වෙද්දි දුකයි වගේ තව තිබුණා නම් මරු කියලා හිතුනා today i follow instagram definite ,Pos
අයියා සුපිරියටම කියලා දෙනවා ,Pos
මේ සුදු බණ්ඩා මහත්මයාගේ භාවනා ආසපු තියෙන්නේ නුවර කොහෙද කියලා කියන්න පුළුවන්ද ලොකු උදව්වක් ,Neu
බලගෙන ගියාම එයත් ඉංගලන්තෙට ඕන විදිහට වැඩ කරන කෙනෙක් පොඩ්ඩක් හිතලා බලපල්ල ,Neu
song එක super පරාදුනා කියලා පරාදුව භාරගන්න එපා බිඳිච්ච අය ලෝකේ දිනාගෙන තියෙනවා all the best ,Pos
කිසරයක් අහුවද මන්ද ඒත් අහන්න අහන්න ආසයි good ඉදිරියටම යන්න ,Pos
මචං youtube channel එකක් පටන් අරන් covers ටිකක් කරන්න ගන්න help කරන්න ලස්සන කටහඬක් තියෙනවා අතාරින්න එපා ඔයාගේ නංගීගේ හීනේ හැබැ කරන්න ,Pos
ප්‍රියදර්ශන අයියාගේ videos බලලා පුංචි සතුටක් හරි ලබ ගන්නවා pc කියන ඉදොරයේ අපිට ප්‍රියදර්ශන අයියා ලොකු ගංගාවක් වගේ ,Pos
මාරයි අයියා මේ time එක ,Pos
නියම මනුස්සයෙක් කවුරු කොහොම කිව්වත් පොළොවේ පාය ගහලා ඉන්න මිනිසෙක් ආඩම්බරයි ඔබතුමා ගැන ,Pos
මේ වගේ ලොකු build එකක් නැතුව අපිටම gaming වලට build එකක් ඔයාට කියලා කරගන්න බැරිද ,Neu
voice එකේ හොඳ වැඩක් ගන්න පුළුවන් කියලා හිතෙනවා නම් අනිවා කසුන් හැරෙනවා ,Pos
දෙවියනේ මේ අපරාද නම් මුන්ට පලදෙන්න ඕන ඔහු මිනිසුන් ඝාතනය කළද වෙන දූෂණ වැඩ කළද ,Neg
මේ youtube කරයා බොරුව කියනවා දණිස් කැඩෙන තුරු පහර දීලා කියලා දාලා තියෙන්නේ මු නියම පෝන්නයෙක් මේ youtube කරන එකා ,Neg
කුවටි වැඩ කරන ගැණුට හොර මිනිස්සු එනවා කියලා කියන්න මට පිස්සු තියන්න ,Neg
අපේ පෝන්න සිංහලයන්ට නොපෙනෙන ඇත්ත ඕක මචං ,Pos
අපේ කොහොම එල්ලුවත් කුසල් අකුසල් අනුව තමයි විසඳන්න ලැබෙන්නේ උපන් හැටිටම තමයි බබා වෙනන්න ,Neu
ලහිරු කියන්නේ පට්ට experience තියෙන පොරක් කියන එක හොඳට පේනවා හික්මීම සවන්දීම ප්‍රශ්න body language legend ,Pos
brilliant ඇත්තටම මාරයි ගම්‍ය miss හොඳ ගමනක් ඔයාට ,Pos
කසුන් මාර හොඳයි අනේ ,Pos
නියමයි එල මචං fill t උබට ගහුවොත් අපි ගහනවා අපි මාතර ,Pos
කියන්නේ වැඩ්ඩෙක් නම් බොරුව පොෂ් line නෑ පොළොවේ පාය ගහලා ඉන්න එකෙක් උ කොච්චර හම්බකරනවද අපිට අදාල නෑ creative mind එකක් තියෙන එකෙක් ,Pos
පට්ට ලස්සනයි දෙන්නම ,Pos
programme එක එක විනාඩියක්වත් යන්නත් නැතුව බලුවා ,Pos
කියන්නේ අපි රටක් ආදරය කරන චරිතයක් ඒගෙන් ආදර්ශයක් ගත්තා නම් කවුරු හරි ඒය සැබවින්ම දිනු කෙනෙක් good luck ,Pos
ඇත්තටම ලහිරු ඔයා මේ වැඩසටහන වැදගත් විදිහට කරනවා ,Pos
කතා කරපු දේවල් හරියම ආඩම්බරය සතුට ඔබගේ අනාගත බලාපොරොත්තු ඉටුවේවා කියලා ප්‍රාර්ථනා කරනවා ස්තුතියි ,Pos
අන්න නියම බඩුවක් එක්ක රංජන් cocktail වෙන්නයි යන්නේ ස්තුතියි හමුදුරුවනේ පටන්ගන්න හොඳ roll එකක් සාදු සාදු ,Pos
උදන ගෙනාවොත් මොකද ,Neu
game එක ඇස්ට ගියා එක පාර පස්සේ මට උනේ මේක build එකක් නේ කියලා ,Neu
මට නම් රත්තරන් තමයි ඕක ඉතින් ,Pos
යකෝ කසුන්ගේ voice එක ඇඟ හිරිවටෙනවා පිස්සු වගේ ,Pos
අවංකවම අවංක මනුස්සයෙක් ,Pos
නියමයි අපේ හමුදුරුවනේ ඔක කොහොමත් නහර කරයෙක් ,Pos
ආදරෙයි තඩියෝ ඒ කාලේ ඉඳන් ,Pos
ලස්සන කටහඬේ අර nervous වෙලා sing කරපු girlට වඩා ගොඩක් හොඳයි කියුවා ,Pos
උබ බය වෙන්න එපා ඉරාජ් මම මගේ lawyer එවන්නම් ,Neu
මං අහපු ලස්සනම performance එක ,Pos
අපේ ජනාධිපතිට පණ නෑ හමුදුරුවනේ තමන්ගේ ආගමට අපහාස කරනකොට මොන රාජද ඉවසුවේ රංජන් වගේ කඩේ යන උන් නැත්තට නැති කරලා දාන්න ඕන ,Neg
මේ video එක කරන වෙලාවේ කුමාරි අක්කට අම්මා වෙහුණා නම් ලහිරු මොනවා කරයිද ,Neu
ජීවිතේම pc දැනුම එකතු කරගන්න එකම channel එක pc guide තමයි අයියේ ,Pos
මෙයත් plan එකක කොටසක් ,Neg
පට්ට voice එක මේ සින්දුව පට්ට අමාරුයි එත් මේට වඩා අවුල් ඒවට හැරුණා අපරාදේ ,Neu
බත් කන හරක් එන්න රටක් අපේ රට නිමයි ඉරාජ් නියමයි ,Neg
ආදරෙයි අපේ හමුදුරුවනේ ඔබ වහන්සේට ,Pos
පක්ෂ බැඳගෙන ඉඳලා කන්නද ,Neu
ඔයා අපිට අදත් එදත් හැමදාමත් dj ara තමයි පස්බරවත් ගෙනන්න අයියේ අපි ගොඩක් ආදර කරන චරිත දෙකක් තමයි ,Pos
බලපු ලස්සනම හොඳම වැඩසටහන thanks ගම්‍ය thanks ලහිරු අයියා ,Pos
දළ වශයෙන් price එකක් දාන්නකෝ build කරන්න යන ,Neu
morning show එක කීයද යන්නේ ,Neu
ඔයාට ජයෙන් ජය හැබැයි ඔයා ජනාධිපති උනොත් හැම ජාතියම රකින්න ඕන නැත්නම් වැඩක් නෑ සිංහලයන්ට කරදර මුස්ලිම්ට කරදර මේවා ඔක්කොම ඔයා විසින් නවත්තන්න ඕන ,Pos
රංජන් කියපු එක ඇත්ත නමුත් හැමෝම එහෙම නෙවෙයි ලංකාවට පරිසරයට හමුදුරුවෝ අවශ්‍යයි ,Neu
මේකේ ගොඩක් හිටියා මේ වගේ කෙනෙක් ලංකාවට ආඩම්බරයක් ,Pos
අයියේ මටත් gaming PC එකක් හදන්න ඕන live stream කරන්න ,Neu
ඔබ හරිටම බුදු මග යන මිනිස් පුතෙක් ,Pos
මරු අප්පා අනිත් අයට කරදරයක් නැතුව තමන් කැමති විදිහට ජීවත් වෙන්න පුළුවන් ,Pos
මගේ හිතේ තියෙන දුක කියන්න බැහැ ,Neu
දැක්කද ඒ දොණියත් හරිම ආදරයි ,Pos
අඩෝ බලන්න කලින් like දානවා ,Pos
මේවා plan කරලා කරන වැඩ ,Neu
ඔයාට ඒ වගේ කාලයක් දුන්නට ස්තුති කරන්න ඕන ,Pos
screen record කරන්න software එක මොකද්ද ,Neu
අරවින්ද sir අපි හැමෝම ඔයාගේ voice එකට ආදරෙයි ,Pos
ඉක්මනට Redmi Note video එක දාන්න ,Neu
අපි අහන බණවලට වඩා මේක වටිනවා ,Pos
unlike කරලා තියෙන්නේ සිංහල දන්නේ නැති අය ,Neg
අම්මෝ මූ dial එකක් වෙන්න හදනවා ,Neg
මොකක්ද මේ විකාර ,Neg
ආදරෙයි ගෙහන් අයියට ,Pos
ශිල්පා රාඕ වගේ ,Neu
තමන්ට කැමති අයව තෝරන එක හොඳයි ,Neu
උබ නියමයි brother ,Pos
ඇත්ත කතා කරනවා ,Pos
මේක මාර වෙනසක් කරලා අපි ඉන්නවා ඔයාල එක්ක ,Pos
මගේ ආසම සිංදුවක් ,Pos
voice teen එකේ දිල්මි මතක් උනා ,Neu
radio එකේ කතා කරනවා වගේ ,Pos
අපි ඔබ සමඟයි sir ,Pos
යකෝ මේවා තාම දානවද ,Neu
එල කිරි විශ්ව ගොන් වැඩක් කරලා බේරුණා ,Pos
පට්ට voice එක final එකේ ,Pos
ජනිත්ගේ ගායනය මරු ,Pos
පට්ට ආදරේ කරන චරිතයක් ,Pos
ඔබතුමාට මම ගරු කරනවා ,Pos
මිනිස්සුන්ව motivate කරන්න හැමෝටම බැහැ ,Pos
කසුන්ගේ ආහ් එක බලන්න views වැඩි වෙයි ,Pos
Coffee with Muditha program එකට මොකද උනේ ,Neu
අද පොඩ්ඩක් miss උනා ,Neg
මොනවා කාලය යකෝ ,Pos
රංජන් මහත්තයට ජය වේවා ,Pos
ගම්පොළ කොල්ලෙක් එල ,Pos
live stream එක දෙන්න පුළුවන්ද ,Neu
මදු මදාවය කියන්නේ බොරුවක් කියන කෙනෙක් ,Neg
නියමයි අපේ හමුදුරුවනේ ,Pos
අපේ සිංහලයන්ටත් පුළුවන් දරුවන් හදන්න ,Neu
මම අහපු හොඳම interview එක ,Pos
ඔයා ගැන මට විශ්වාසයක් නෑ ,Neg
අනේ අපි යන්නේ නෑ ,Neu
කෙලින් කතාවක් thanks ,Pos
විරාජේ ඔයාගේ කතාව ඇත්ත ,Pos
video බලන්න විතරයි අපි පින් කරලා තියෙන්නේ ,Pos
අයියේ මිනිස්සු අමුතු ජාතියක් ,Neg
අනේ පලා ගොබ්බයා බොරු කියන්න එපා ,Neg
තනිව දරුවෙක් හදන අම්මාට ආදර්ශයක් ,Pos
Sirasa වලින් තෝරන අය ලඟට යන්න ඕන ,Neu
video එකට thanks ,Pos
මං කැමති මේ වගේ කෙනෙක්ට ,Pos
Wahabism ගැන කතා කරනවා ,Neu
දක්ෂයෙක් තමයි ඉතින් ,Pos
මට මතකයි ඒ නර්තනය ලස්සනයි ,Pos
මොන දේ කරත් ඔබ නැතුව ඉන්න බෑ ,Neu
laptop upgrade කරන්න බැරිද අයියේ ,Neu
i CPU system එකකට GTX Ti card එක දාද්දි bottleneck වෙයිද ,Neu
අපේ teacher මේක බලනවද ,Neu
පුතා දැන් ඉදන් ඔයාට big boss කියනවා ,Pos
මේ පාලනය අසාධාරණයි ,Neg
මේයා ප්‍රභු දේවා වගේ ,Pos
desktop processor එක වෙනස් කරන්න පුළුවන්ද ,Neu
අර කෙනාට වඩා මේ කොල්ලගේ voice එක හොඳයි ,Neu
ලස්සන song එකක් ,Pos
ගොන්ජාට හෙන ගහන්න ඕන ,Neg
අම්බෝ build එක මරු ,Pos
උමාරියා අද ලස්සනයි ,Pos
ඉතාමත් බුද්ධිමත් කතා ,Pos
ඔයාව contact කරගන්නේ කොහොමද ,Neu
number එක දෙන්න ,Neu
මිනිස්සු කියන දේවල් ගණන් ගන්න එපා ,Neu
Hari TV ඔයාට පුළුවන් නම් මේ හමුදුරුවා හමුවන්න ,Neu
ඔයාට ජේසු පිහිටයි ,Pos
ලහිරු මේ වගේ බුද්ධිමත් අය ගෙනන්න ,Pos
උමාරියා හොඳ ගුණ තියෙන කෙනෙක් ,Pos
මේක බෞද්ධයන් වෙනස් කරන කතා ,Neg
වටිනා video එකක් ,Pos
දෙන්නා හොඳට train කරලා තියෙනවා ,Pos
මම ආසම song එකක් සතිෂා ,Pos
Hari TV එකේ වැඩිම views ගන්න video එක වෙයි ,Pos
Muslim උන් මරන්න ඕන ,Neg
Iraj නියමයි කෙලින් කතා කරන කෙනෙක් ,Pos
ගොඩක් ආදරෙයි ඔයාට ,Pos
PC එකක් ගන්න හොඳ තැනක් කියන්න ,Neu
කසුන් පට්ට fun එකක් දෙනවා ,Pos
ඔයාට හොඳ මොලයක් තියෙනවා ,Pos
RS gaming build එකක් දාන්න ,Neu
තදයි bro ,Pos
online class වලට laptop එකක් ගන්න කීයද ,Neu
නියමයි සිංදුවට අලුත් මුහුණුවරක් ,Pos
සුභ පැතුම් ඉදිරියට යන්න ,Pos
බණ කියලා බලයට ගියාම වෙනස් වෙනවා ,Neg
GB phone එක price range එක කීයද ,Neu
අම්මෝ ඉගෙන ගන්න දේවල් ගොඩක් තිබ්බා ,Pos
පට්ට කොල්ලෝ talent තියෙන අයට තැනක් නෑ ,Pos
පාර ආණ්ඩුවට හෙන ගහන්න ඕන ,Neg
මෙවත් අතල් එකේ කොටසක්ද බං ,Neu
නොදකින් දැක්කදත් අප්පිරියයි ,Neg
මොකෝ මේ වලාපෙන්නේ ,Neg
අයියා අයියාට කියනවා අයියා ලස්සනයිලු ඉතින් අයියා ඔයා ඒට වඩා ලස්සනයි නේ අයියා වගේමයි මත් පොඩි කාලේ bicycle පුරුදු වෙද්දි වැටුණාම වැටුණ විදිහටම ගොඩක් වෙලා ඉන්නවා හිනා වෙවි ,Neu
සමදේටම දෙවියන් වහන්සේ ඉන්නවා එතුමාට වදහින්සා කරන එක හරිම පව් ,Neg
තොපි එකෙක්වත් සුදුසු නෑ ,Neg
brain drain එකම තමයි මගේ රට දුප්පත් නමුත් මගේ රට කවදාහරි ගොඩක් ඉදිරියට හොඳවාවි හරි නායකත්වයක් යටතේ ,Pos
නෙහාරා මම ඔබටත් මෙනකටත් ගොඩක් ආදරෙයි අනේ ඔයා ගොඩක් ලස්සනයි මහත තියෙනකොට බෝලයක් වගේ කෙට්ටු වෙන්න එපා ,Pos
අනේ උනේ පරාද ඔවුන්ට අනේ පව් ,Neu
අල්ලා දෙවියන්ට බැනන්න එපා සේවුර දාගෙන කියන එක හොඳ දෙයක් නෙමෙයි රට අල්ලා දෙවියන්ගේ බව කරන්න එපා ,Neu
ඉක්මනින්ම මෙහෙයුම සාර්ථක වේවා ,Pos
අනේ කියන්න මගුලක් හොයලා බලලා ජාතිවාද අවුස්සන නැතුව කියන්න තව්හිද් බල්ලෝ කරපු බලුකමට නිකන් ඉන්න මුළු ජාතියටම කෙලන්න එපා ,Neg
අපි ලෑස්ති පාරට බහන්න එච්චරයි ,Pos
එක නම් භාවනාවක් වගේ කොච්චර අහුවත් එපා වෙන්නේ ,Pos
මං කැමති හොඳ චරිතයක් කෙලින් කතා කරන කෙනෙක් ,Pos
ඉතින් ඔයත් sex කරනේ කොහොමද කියලා ටිකක් කියන්නකෝ ,Neu
ලස්සන කෙල්ලෙක් ආදරෙයි හිතුනා ඔයා බය නැති කරගත්තනොව අද voice sri lanka ලොකු වෙනසක් කරනවා ඔයා ,Pos
ඇසෙම් විය යුතුයි අපේ හමුදුරුවනේ ඔකාගේ කට තලන්න ඕන අපේ සිංහල බෞද්ධයෝ අපේ ලේ කකියනවා ,Pos
ඔයාට හිඩැසක් නැති උනත් සල්ලි හම්බකරන්න අපිට හිඩැසි video බලන්න ,Neu
අනේ මේ පරට්ටි උඹට නම් ඡන්දේ නෑ බබා අයියෝ ඔයානේ කුණු රස බෙදුවේ රංජන්ට අනේ බබා අස් ,Neg
කඳුළුත් ආවා දුව ගැන අහලා ,Pos
අපේ හමුදුරුවන්ට දිර්ඝායු වේවා බස් ,Pos
අඩු මිලට graphics card එකක් review දාන්නකෝ ,Neu
battle එක කියලා අමතක කරලා කියපු එක නම් මරු සුභ අනාගතයක් කොල්ලෝ දෙන්නට ,Pos
මුන් එදා ඉඳලා අද වෙනතුරු කියුවේ බොරු මුන් අදත් මෙහෙ කරන්නේ ජාතිවාදය මුන් මේ රටෙන් නැති කරලා දාන්න ඕන ,Neg
advertisements අඩු කරලා තියෙනවා good ,Pos
කට්ටිය dil se hype කරාට ඊයේ මට නම් මේක තමයි හොඳම ,Pos
ඇත්තටම මම හිතන් හිටියේ මෙහෙම රූපයක් නෙමෙයි voice එක පට්ට රූපෙට වඩා ,Pos
කවුරු උනත් කියන්නේ සහතික ඇත්ත ,Pos
කවුද බෝලේ මේ කෑන්ඩි ලමයිසි ඔයාට set වෙන්නේ නෑ පාටියට ,Neg
love you so much good luck ෆට්ට කියන්න train චංක dr බුදුසරණයි ඔයාට ,Pos
නෑ නෑ ඔයාගේ නෙවෙයි සුදු හමිනේ ඒ හැඩපත මගේ ඒවා ඔයා ගොඩක් සීලවන්තයි කියලා මට පේනවා ඔයාගේ ඇඳුම ගත්තත් හරිම චාම් බලන්නකෝ ඒ හැඩියාව ,Neg
කොල්ලා හොඳයි කෙල්ල හොඳ නෑ ,Neu
උන්ට තැනටම ප්‍රතිසන් දුන්නා හමුදුරුවනේ ,Neg
දවසකට දෙපාරක්වත් අහනවා මේක වැඩිපුරම බලලා අහන කෙනෙක්ත් නෙවෙයි මම මේ දෙන්නගේ ඉදිරිපත් කිරීම බලන්නත් එක්ක බලන්නේ ඒ දෙන්නගේ body chemistry එකත් ලස්සනයි බලන්න ඉන්න ,Pos
අයියේ මම දැකලා තියෙනවා gigabyte board asus වලට වඩා ඉක්මන් windows boot වෙනවා මේකට හේතුව මොකක්ද ,Neu
රංජන් තනිකර සක්කිලියෙක් ,Neg
පව් අනේ බබා හරිම අහිංසකයි මිනියටත් හොඳට බෝලේ බස්සනවා ,Neg
මේක pitch perfect ද අර හොඳට කියපු අයව කපලා කෙල්ලෝ ගන්නවා ටක් ගාලා හික්ස් ,Neu
අපේ මිනිසුන්ට තමන්ගේ භාෂාව අමතක වෙද්දි මේ වගේ කෙනෙක් මෙහෙම කතා කරන විදිහ දැක්කම හරිම සතුටුයි හරිම ආඩම්බරයි good luck මිචල් ,Pos
මම ආසම නිළියක් ඔයාගේ කතාව මගේ ජීවිත කතාව වගේමයි ,Pos
කොච්චර අහුවත් එපා වෙන්න both are great ,Pos
මේවට ලියන්න පුළුවන් පොතක් ,Neu
හැබැයි ගෙහන්ගේ කුණුහරුපයක් නැතුව kick එකක් නෑ අයියේ ,Pos
මම මේ channel එකේ බලන්නේ selected interviews ටිකක් විතරයි හැබැයි ඒ බලපු හැම interview එකක්ම අන්තිමට අඬපු නැති interview එකක් නෑ good job ලහිරු ,Pos
මේ දෙන්නම ඉන්න ඕන නමුත් කලින් දවසේ අනිත කෙනාටත් chance එකක් දුන්නා ඇයි මෙකදී එහෙම නොවුනේ කරනවා නම් හැමෝටම එක කරලා දාන්න ඕන ,Neu
උඹ මොන පෝන්නයෙක්ද යකෝ ,Neg
අසාධාරණයක් උනේ නංගියාට ,Neg
first computer virus එක ගැන video එකක් ගෙනන්න ,Neu
ඔයා තරම් මිනිස්සුගේ හදවතට යන විදිහට කතා හදන කෙනෙක් හරිම ආදරණීයයි ඔයාගේ කටහඬ කොහෙ අහුණත් මට අඳුනාගන්න පුළුවන් තරම්ම ඔයාගේ voice එකට මම ආදරෙයි ,Pos
ලස්සනයි සුභ පතනවා ,Pos
pain ගහලා අලවපන් ,Neg
තිරුෂා අයියා superb ආඩම්බරයි අයියේ අපේ එකෙක් ඔහොම ඉන්නකොට ,Pos
කුමාරි අක්කේ ඔයා නම් හරිම හොඳ කෙනෙක් අනේ ඔයාට ගොඩක් ආදරෙයි මම ඔයාගේ ජීවිතේ ගොඩක් ලස්සන වෙවා ,Pos
අනිත අයත් හැරෙන්න තිබ්බේ ,Neu
coach කසුන් ගාවට ගියා කියන්නේ ඉතින් ගොඩම තමයි ,Pos
සන්තුෂ් ලඟදිම කනවා හොඳ කෑමක් ,Neg
ඔබ වහන්සේගේ කතාව සම්පූර්ණ ඇත්ත උපන් රටට ආදරේ නැති මිනිස්සු අම්මාවත් ආදරේ නෑ හමුදුරුවනේ ,Neu
ශෂිකා හොඳයි නම් කලින් හැරෙන්න එපායි අනේ කවුරුත් හැරෙනකම් ඉන්නේ නැතුව හැරෙන්න next time please ,Pos
අයියේ උරේනිව interview කරන්න ,Neu
වෙනසක් කරලා දිගටම q amp a කරන් යමු ප්‍රියදර්ශන අයියේ ,Pos
ඔයා කියන හැම දෙකටම මම එකඟයි ඔයා වගේම එදා ඉඳන්ම මමත් හැම්බයම්ගේ බෝවීමට එක හෙළාම විරුද්ධයි ,Pos
පිස්සු හෙදෙනවා අක්කේ ඔයයි ඔයාගේ සින්දුවයි ,Pos
කොහෙද bro හංගිලා හිටියේ පට්ට අපිටත් ගැම්මක් game හින්දා ගය වෙවා ,Pos
ඔබ වගේ අය තමයි දේශපාලනයට ඕන ,Pos
නියමයි දිරිමත් මවක් මගේ අම්මා වගේ බුදු සරණයි ,Pos
කවුද බං මේක dislike කරන්නේ අඩු කුලේ පර හැත්ත ,Neg
කියන්න දෙයක් නෑ මුල ඉඳන් දන්නවා පොළොවේ පාය ගහලා ඉන්නවා බොරුව පොෂ් නැති චරිතයක් respect brother ,Pos
හමුදුරුවනේ ඔබ වහන්සේ මේ රටට කොයිතරම් වටිනා කෙනෙක්ද කවුරුත් මෙහෙම හිතනවා නම් කොයිතරම්ද ,Pos
comment බලන්නයි ආවේ ,Neu
සින්දුව පට්ට video එක මෙලෝ රහක් නෑ ,Neu
මෙහෙම ඉන්නවා නේද කියලා ,Neu
අපෝ video නම් මෙලෝ වැඩක් නෑ ,Neg
අනේ පල කවට නරියා ,Neg
ඔච්චර ලොකු phone ගන්න සල්ලි නෑ මම ලඟ තියෙන්නේ redmi note එකක් ,Neg
සින්දුව download කරලා car එකේ pen එකට දාගත්තා යි ,Pos
නියමයි ඔවා තමයි හමුදුරුවනේ කියන්න ඕන ,Pos
star එකේත් හිටියා දැනෙ voice එකේත් ඉන්නවා අපිට ,Neu
අයියේ මුන් දන්න සිංහලකම මුන් දෙගොල්ලම රට අවුරුදු විනාස කළා සුදුස්ස හිතන්න ඕන මරෙන මිනිහෙක් කියලා මුන් ඔක්කොම මේ රට විනාස කළ කාලකන්නි ,Neg
කවුරු මොන කියුවත් අපි ආදරේ කරන මිනිහෙක් ඔයා අයියා ,Pos
මුන් උන්ගේ නැතියි මේ රට ජාතිය ආගම සිංහලකම මිනිස්කම මුස්ලිම් උන්ටත් දෙමළ උන්ටත් චීනයටත් අමෙරිකාවටත් පාවාදී ඉවරයි මෝඩලාට බලය තැන හාවෙ හිටපල්ල ,Pos
මුන් රට ගැන නෙමෙයි හිතන්නේ අනුන්ගේ කුණු සෝදන්න අපේ තමන්ගේ කුණු සෝදාගන්න බලන්න මේයාගේ එකම හීනේ ජනාධිපති පුටුවේ ඉඳගන්න එක ,Neg
මොකෝ එකපාරටම phone review කරන්න හිතුනේ ,Neu
බලපල්ලකෝ මොනවා කිව්වත් අපේ සින්දුවක් තාලයක් ඇහෙනකොට එන ගැම්ම ලෝකෙ කොහෙවත් නැතුව ඇති අපේ වචන වල තියෙන තේරුම සහ ලස්සන ,Pos
උබ මාර නිහතමානි අවංක කතා කරන ,Pos
දෙවියන් විසින් ඔබ මවා ඇත්තේ මිනිසුන්ට යමක් දෙන්න ඒය හැමදාම දෙන්න ඔබට ජය ,Pos
අයියේ මටත් එකක් හදාගන්න ඕන ,Neu
මෙයා හොඳ කෙනෙක් ,Pos
සද්ද නැතුව හිටියට කසුන් මාර point අල්ලන්නේ ,Pos
ඔයාගේ channel එකට මේ ගෑනි ගෙනාවෙ ඇයි අයියෝ shit ,Neg
වාව් මං ආසයි මේයාගේ කුසලතාවයට ,Pos
radio එකේ අරවා අහනවා වගේමයි දැන් උනේ forwarded කරන්නේ නැතුව බලපු එකම video එක ජයවේවා ,Pos
කවුරුත් නොහිතන ආදර්ශමත් පුද්ගලයෙක් wish you all the best අයියේ ,Pos
ඒ කොල්ලට එහෙම කළේ පිච්චි හදන්න coachලාට පුළුවන්නේ සල්ලි වලටම විකුණුණා ,Neg
මොකද්ද යකෝ ඒ උනේ ලියත්බර ,Neu
අපේ හමුදුරුවනේ අනෙකුත් ආගමිකයන්ට අපහාස කරන්න එපා එහෙම දේවල් බෞද්ධ දර්ශනයේ නෑ ,Neg
භූමි අක්කා ඔයා නම් ශෝක් මං ඔයාට ගොඩක් ආදරෙයි ඔයා ගොඩක් හොඳයි බුද්ධිමත් ,Pos
රටක් වටින පුතෙක් ,Pos
යෝහනි audience එකේ ඉන්නවා දැක්කේ තව කවුද ,Neu
මොන උනත් ඇත්ත කියනවා ,Pos
redmi ගැන review කරාට thanks අයියා පුළුවන්නම් එක realme c එක්ක compare කරලා video එකක්ත් දාන්නකෝ ,Pos
කවලම් උන්ට අලුත් රටකට යන්න ඕන කියලා හිතනවා ,Neg
රෙද්ද බනින්න ඇඳගෙන ඉන්න හොරයා uncle ,Neg
පාරේ බල්ලෝ නේ මේවා බලන්නේ ,Neg
අනේ හොඳ කෙල්ලෙක් coach ශෂිකා තෝරගත්ත එක නියමයි ,Pos
ස්තුතියි අයියේ තඩියාගේ video එකට ,Pos
මොන දේ කළත් ඔබ නැතුව ජීවිතේ ඉන්න බෑ ,Pos
PC Guide channel එකෙන් මොන video එක දාත් අපි ඔයත් එක්ක ,Pos
brother උබයි තඩියා දෙන්නා super ,Pos
යකෝ ලියත්ඹර හොඳයි ඔක්කොටම වඩා ,Pos
පිට රටවලින් මොනවත් ගන්න එපා ,Neg
අයියේ phone sale කරනවද ,Neu
ඔබ වහන්සේගේ කතාව අහන්නත් මට ආසයි ,Pos
කෙසේ වෙතත් ඔබ වහන්සේගේ කරුණු හිත නිවැරදියි ,Pos
මේකේ steal එකෙන් තිමිරත් ගියාද ,Neu
සුපිරි මල්ලි ඉදිරියට යන්න සුභ පැතුම් ,Pos
මේක හරි නම් ම ගහන්න ඕන ,Pos
අපේ රටේ උන් කොහෙ ගියත් ජරා කතා කරනවා ,Neg
මේක unlike කරපු මෝඩ මිනිස්සුත් ඉන්නවා ,Pos
අනේ කටහඬ හරිම ලස්සනයි ,Pos
ඔබතුමා ඒ දේ plan කරලා එදා ගෙදරින් පිට උනාද ,Neg
ගොබ්බ audience එක clap එකක් තාලයට දෙන්න ,Neg
කෙලින් කතා කරනවා එක පට්ට ,Pos
තොපි කපු දැන් ආණ්ඩුව රෙනවා ,Neg
අයියේ ඇයි හැමෝම AMD ගහන්නේ ,Neu
මමත් මගේ දුවත් එක්ක තනිව ජීවත් වෙනවා ,Neu
මෙයා හින්දා ජීවිතේ හදගත්ත මනුස්සයෙක් ,Pos
තද තද මචෝ ,Pos
music band එකනම් සුපිරි ,Pos
හදවතට කතා කරන කටහඬක් ,Pos
ඔව් ඔව් ඔක්කොම වැරදි නාගානන්ද විතරයි හොඳ ,Neg
superb ඔයා සුපිරි කතා කරනවා ,Pos
අපෝ හොඳට බය වෙලා දැන් ,Neg
coachesලාට බනිනවා නම් හොඳට දැනගෙන කතා කරන්න ,Neg
මම ආසම song එක හරිම ලස්සනට කිව්වා ,Pos
බය වෙලා වගේ ,Neg
අයියේ ඔයා දැන් ITN channel එකේ ඉන්නවා නේ ,Neu
skip නොකර බලපු video එකක් ,Pos
ගොන් වේශි උබ හොඳ බඩුවක් කියලා දන්නවා ,Neg
යකෝ රාජපක්ෂ පවුලම හොරු ,Neg
මං ආස කෙනෙක් කෙලින් කතා කරන ,Pos
මාර හදක් සිංහල සංගීතයට වටින කෙනෙක් ,Pos
කතාව නියමයි හමුදුරුවනේ ,Pos
ආයෙ සල්ලි අරන් ගොන් build එකක් හදන්න එපා ,Neg
මේහෙම දැක්කම අම්මාව මතක් වෙලා ඇඩෙනවා ,Pos
එතකොට ගෙනන්න වෙන අය නැද්ද ,Neg
එකෙන්ම එහෙමයි පරණ දේවල් අතහැරලා අලුත් ජීවිතයක් ගන්න ,Pos
මාර ලස්සනයි voice එක කියන්න වචන නෑ ,Pos
මම ආසයි හැමෝම එකට ඉන්න ,Pos
සුපිරි කෙල්ලෙක් ආඩම්බරයි ,Pos
ටික දෙනෙක් කරන වැරදිවලට හැමෝටම ගරහන එක වැරදි ,Neu
ඔයාව contact කරගන්නේ කොහොමද ,Neu
මරු set එකක් නේ ,Pos
wow ලස්සන කතාවක් සුභ පැතුම් ,Pos
අයියා congratulations ,Pos
සිංදුව පට්ට video එක හොඳ නෑ ,Neu
system එකක් හදලා mining කරන්න පුළුවන්ද ,Neu
කියන්න වචන නෑ ,Pos
දැන් coach කසුන්ට වැඩේ හරි ,Pos
මට කැමතිම කෙනෙක් joke කරනවා ,Pos
ගොන් රංජා මෝඩ නළුවෙක් ,Neg
කාලෙකින් Q&A එකක් ,Pos
අපේ මව්බිම රැකගන්න උත්සාහ කරන ඔබට ආශිර්වාද ,Pos
Hari TV unsubscribe කරා ,Neg
එක සතියකට වතාවක් දාන්න ,Pos
ඔයාගේ අදහස් වටිනවා ,Pos
වැසි නැතුව හෙන ගහන්න කියනවා ,Neg
මල්ලි බොක්කෙන්ම කතා කරනවා ,Pos
මට හම්බුන හොඳම යාලුවෙක් ,Pos
හොඳ කොල්ලෙක් ,Pos
සුපිරි අක්කේ පට්ටම ,Pos
nice song එකක් ,Pos
මට පිස්සු ගෑණියක් වගේ ,Neg
මට ආසම නිවේදකයා ,Pos
විජය නන්දසිරි වගේ කෙනෙක් ,Neu
බලාගෙන සතුටු වෙනවා ,Neu
අයියෝ මේ වගේ කෑලි ගෙනන්න එපා ,Neg
video එකත් හොඳයි song එකත් හොඳයි ,Neu
ආදරෙයි දීප්ති ,Pos
මේක trending එනවා ,Pos
හොඳ නළියක් ,Pos
ගොඩක් වටිනා ,Pos
ශෂිකා missගේ general knowledge එක ,Pos
දෙන එකේ දෙනවා ,Pos
මුන් travel කරන්නේ හොර සල්ලි වලින් ,Neg
බෞද්ධ රටක් කියලා පිළිගන්නෙ නෑ ,Neu
ඔයා නියමයි Date With programme එක ,Pos
මම selfie එකක් ගහලා තියෙනවා ,Neu
කොච්චර බැලුවත් එපා වෙන්නේ නෑ ,Pos
ගෝඨාභය හොඳද කියලා හිතනවා ,Neu
ඔබ වහන්සේ වගේ තව කෙනෙක් හිටියා නම් හොඳයි ,Pos
මේක බලන්න කවුද ආවේ ,Neu
maths දන්නවා නම් ජීවිතේ දිනන්න පුළුවන් ,Pos
වැල්ගම මේවා බලලා හරි වෙනස් වෙන්න ,Neg
කසුන් කියද්දි හදවත පීඩාවට පත් උනා ,Pos
අනුෂ්කා අයියා ආදරෙයි ,Pos
නියම චරිතයක් ,Pos
මනසික ලෙඩ්ඩු හැම තැනම ඉන්නවා ,Neg
මේයා ඉස්සර හොඳ කොල්ලෙක් ,Neg
next part එක දාන්න ඉක්මනට ,Pos
උමලි තිලකරත්න ගෙනාවොත් හොඳයි ,Neu
මේක හොඳට කරනවා ,Pos
ශෂිකාගේ voice එක නම් පට්ට ,Pos
හරිම ආසාවෙන් බලුවේ හැමදාමත් ආදරෙයි බුදුසරණයි ,Pos
sport chain කියන business එක ගැන පැහැදිලි කරන්න පුළුවන්ද bro ,Neu
මොකද්ද රංජන් කරලා තියෙන ප්‍රකාශය මොකක්ද ,Neu
අපි ගොඩක් ආසාවෙන් ලහිරු සහ අශේන්ගේ program බලුවේ දැන් නම් එපා උනා ,Neg
රටක ජනාධිපති වෙන්න පෙනුමක්වත් තියෙනවද මොන හිපටුවෙක්ද මවුන්ට කවුද දෙන්නේ පෙනවනේ මෙකත් රනිල් සහ සිරා වගේම කස්වට්ටුවෙක් ,Neg
එකේකින් විතරක් කිසිම තේරුමක් නෑ බං ඉයා මේවට කාගෙන් ආශීර්වාදද දන්නේ නෑ ඒ මදිවට දළදා හමුදුරුවත් අල්ලන් ලැජ්ජ නැද්ද ඔයි ශික් තුහ් ,Neg
මගේ ආසම song එකක් ,Pos
අයියේ අර අලුත් pny graphic card ගැන review එකක් කරන්න ,Neu
මුස්ලිම් මිනිස්සු sunnath කරනේ කඩුවෙන්ද ඔවුන්ගේ කපන්න ඕන බෙලි ,Neg
ඔව් ඉතින් කොයි අකිත් මුනේ වලවල් ටික වහලා ගත්තම makeup එක දාලා ඕනම ගොනෙකුට ලස්සනයි මේ ගොනා වගේ ,Neg
අනේ පලයන් යන්න තොට ඕන රට නවයි ,Neg
සිංහල මිනිස්සුන්ගේ ගෙවල්වල කඩු නැද්ද checking කරාම පෙනවා ,Neu
ලක්ෂයක් තිබ්බනම් ගෙයක් හදනවා ,Neu
මේ මනුස්සයාව වැඩසටහනකට ගෙනා එකම කොයිතරම් දේයක්ද මං ආසම කවදාවත් මේ වගේ interview එකකට එයි කියලා හිතුවේ නැති සුපිරිම වැඩක් thanks good job ,Pos
ජනතාව හදවතින්ම ආදරේ කරන කලාකරුවෙක් හා රටට වටිනා කෙනෙක් තමයි ඔබතුමා ,Pos
මාලිනී බුලත්සිංහල මහත්මිය කසුන්ගේ අම්මාද අනේ දන්නේ නැහැ ආදරෙයි කසුන් එයාගේ කොණ්ඩේ ශෝක් ,Pos
නියමයි තිරුෂා අයියේ ,Pos
බතියගේ comment එක නිසායි වෙනස් උනේ කොල්ලා ,Neu
එක නම් පිස්සුවක් නියමයි ,Pos
අනේ වාසනාවන් නුදුන් දෙකේ නිවන් දකින්න සහෝ ,Pos
මොන කරුමද යකෝ මේවා ,Neg
ඇත්තටම ඔබ නිහතමානි චරිතයක් පැහැදිලිව කියනවා සුභ අනාගතයක් බුදුසරණයි ,Pos
මඩ ගහන්න එපා යකෝ මිනිස්සුන්ට මේ මනුස්සයට පඩුවේ ඉන්න දෙන්න ,Neu
අපේ සාදුගේ කතාවට මං ගරු කරනවා ඔබට බුදු සරණයි ,Pos
ඇති යන්තම් මේක ඉවර වෙනකම් අප්පිරියයි මේක ,Neg
කුවේට් කුමාරි අක්කා හුගක් දවසකින් ඔයා පව් අනේ ඔයා සතුටින් ඉන්න ,Neu
ඔහෝ අනුන්ගේ button ගහන එක හොඳ වැඩක් නෙවෙයි ,Neg
ජීවිතේ සංගීතයක් කරගැනීම වැරදක් නෙමෙයි රටගිය සමහර ගැණු නටන නටුම් රඟන රෙගුම් මමත් දන්නවා අපේ රටේ ජාතියේ නම කනවා ,Neg
visual එකෙන් සින්දුවේ අපිට අහද්දි දැනෙන meaning එක වෙනස් උනා සුපිරි ,Pos
දානකම් බලගෙන හිටපු එකම programme එක වස්ති නිසා මරු ,Pos
කියන්න වචන නෑ මාරම ලස්සනයි ,Pos
දෙවියන්ගේ නාමයෙන් සිංහලයන් එකමුතු විය යුතුයි ,Pos
බුදු සරණයි ගොඩක් හොඳ ආදර්ශමත් මවක් අක්කේ ඔයා ,Pos
මේ program එකේ ඉන්න හින්දා views යනවා අන්තිම ඒවට වඩා යන හැම program එකක්ම views වැඩි දවසෙන් ,Pos
මාරම දක්ෂ lady කෙනෙක් සුභ පැතුම් ඔයාට ,Pos
ගොන් චිර පෝන්නයා උඹට උඹ ගැන තේරුම් ගන්න බැරිද අහා පය වසි කරලා පකයෙක් වෙන්න එපා ,Neg
ඉරාජ්ගේ කතාව ඇත්ත ,Pos
බොහෝම වටිනවා අපේ හමුදුරුවනේ ඔබ වහන්සේගේ කතාව සුපිරි ,Pos
භූමි කියන්නේ ආස චරිතයක් හොඳ සමාජීය දැනුමක් සහ අධ්‍යාපනික දැනුමක් තියෙන කෙනෙක් ,Pos
කසුන් sir මාර ආතල් දෙනවා අප්පා ,Pos
මේවා මෙහෙම ඉතාම සරලව පැහැදිලි කරනවට ස්තුතියි සහෝදරයා අපිට වෙන දේ දන්නේ නැති කෙනෙක් හරි තේරුම් ගනී බුදු සරණයි සියලු දෙවි පිහිටයි ,Pos
video එක ඇත්තටම බලුවා නෙමෙයි video එක අහුවා ,Neu
සින්දුවට ඔය video එක ගැලපෙන්නේ නෑ අයියෝ මං බලන් හිටියේ මේ සින්දුවට හොඳ video එකක් එයි කියලා ඒත් මේ video එක නම් වැඩක්ම නෑ ඒට වඩා හොඳයි අර indian film එකක කොටස දාලා හදලා තියෙන video එක ,Neg
පෝන්න රංජා තොට හෙන හතම ගහපිය ,Neg
අයියා autocad software එක පොඩි review එකක් කරන්නකෝ ,Neu
නියමයි එතකොට කලින් upgrade කරන්න ඕන නේ ,Pos
price එක කියද කියලා දාලා නෑ කොහෙවත් ,Neg
සුදු බණ්ඩා ආඩම්බරයි ඔබ ගැන අහන්න එන්න ආසයි කතාකරනවා ,Pos
මං කවුද කියලා විස්තර හොයා හොයා හිටියේ මේ කවුද භාෂා තුනම හොඳට කියන කොල්ලා ,Pos
මධුමදාව කියන්නේ හරිම බොරුව කියන කාරයෙක් ,Neg
ඔයා ගොඩක් කෙට්ටු වෙලා ලස්සනයි ,Pos
ප්‍රියදර්ශන අයියා ඉතින් එකට ඇවිල්ලත් අමුතු ගේමක් දෙන්න වගේ යන්නේ ,Neu
බල්ලා මල්ලෙන් එළියට පනිනවා කියන්නේ ඔකට තමයි ඔයත් බට හිර contract එකක් අඩිනවද ,Neg
රංජන් කියන එක වැරද්දක් නැහැ සමහර පන්සල් වල ඔය සිදුවීම් වෙනවා ,Pos
අා ශෂිකා මං නම් හිතුවේම කසුන්ගේ team එකට යයි කියලා good choice ,Pos
පුදුමයි මේ කොල්ලට වෙනවද ,Neu
සින්දුව ලස්සනයි එත් වෙන හිතක් කෙරේ ලූහු බැඳන් මම ගියේ කියලා song එකේ කිව්වට ඔය වෙන girl කෙනෙක් affair එකක් මේ video එකේ නෑ නේ නෑ song එක ලස්සනයි all the best ,Pos
සිරසට ගොඩක් thanks අපිට අලුත් රස වින්දනයක් ලබා දෙනවට දක්ෂතාවයට ඉඩ දෙන එක නියමයි සිරස ,Pos
තමන්ට ඔබන්න එකක් තියෙද්දි අනුන්ගේ එක ඔබන එක උමාරියා පුරුද්දට කරනවාද මන්ද ,Neu
astrix mining machine ඔයා ලඟ තියෙද ,Neu
පළවෙනි වචන පෙළ අහලා song එක pause කරලා ,Neu
wow battle වලින් කපන්න එපා ,Neu
වැඩසටහන ඉවර උනම අදේ ඉවර උනානේ කියලා හිතුනේ මට විතරද ,Pos
good job අයියේ ,Pos
අඩුපාඩුවක් දැක්කේ නැත්නම් හරි යකෝ ,Neu
මම කැමතිම නිළිය ඔයා ඔයාට බුදුසරණයි දුවටත් බුදුසරණයි ජය වේවා ,Pos
අමතිලත් හොඳයි උඹත් හොඳයි ,Pos
සතුට කියන්නේ කෑම අම්මෝ තඩියා ,Pos
hairstyle එක නම් පට්ට ,Pos
අනේ මේ පොල් කාරියා ,Neg
ලස්සන හිතක් තියෙන මනුස්සයෙක් ,Pos
ගොනෙක් ගෙනල්ල උඹ මොකද්ද හුත්තෝ ,Neg
එක note එකක්වත් mistake නැතුව baking කරන set එක දැනවත් පෙන්නපන්කෝ cameraman අයියේ ,Pos
ඔයා කීපාරක් ඔක record කරාද ,Neu
අර දැක්කා first time program එක ,Pos
ගොඩක් සතුටුයි කුමාරි අක්කා හොඳින් කාලය ගතවන්න බුදු සරණයි ,Pos
හෙන ගහනවා යකෝ මේට වඩා මොනවද ,Neg
මොකටද මේ කුණු අනි අපිට නම් එපා ,Neg
අපේ ජානයාවල වැරදි අපේ දේට ගරහීම අපි ඒ ගැන කනගාටු විය යුතුයි විජය කුමාරතුංග අප අතරින් වෙන් උනත් උපන්දිනයත් රසිකයෝ සමරුවා දැන් ඉන්න දේශපාලුවෝ මරුණම වළටත් ඒ මිනිස්සු හෙන ඉල්ලනවා ,Neg
මට නම් මේ මල්ලී අද sing කරා අනිත හැමෝටම වඩා හොඳටම sing කරා ,Pos
ඔයාව contact කරගන්න විදිහක් කියන්නකෝ email හරි මොක්ක හරි please urgent වැඩකට ,Neu
කසුන් ලඟදි ඉඳන් හිණියට drink එකක් දාලා එන්නේ කියලා තේරුණා ,Neg
ලස්සනයි අක්කියෝ බලන්න බැරි අඩන song අතරේ බලන්න පුළුවන් video එකක් ,Pos
මේ සැරේ voice එකේ finally අන්තිමට ලොකු ගේමක් දෙන්න වෙයි මොකද හැමෝම දක්ෂයෝ ,Pos
රංජන් කරපු වැරද්ද මොකක්ද යකෝ පළිගන්නේ උන්ගේ හොර වැඩ අලිවෙන හින්දා ,Neg
අවුරුදු කා පාඩම් ඉගෙනගන්න නැති ගොබ්බයා පෝරවල් වෙන්න ගිහින් අන්තිමට ලැජ්ජ වෙලා නවතින්නේ මහ රජ්ජුරුවෝ වගේ මුන් හිතන්න දන්නේ නැති මෝඩ හෙතිකාර ,Neg
ඔයා ගෝටාට සහය දෙන්නේ නැත්නම් පඩුවේ ඉන්න මිනිස්සුන්ට ඔවුන්ගේ ගමන යාවි ඕන නම් කොටින්ට උදව් කරන සජිත්ට ගෝටා අල්ලන්න ,Neg
judge board එකේ ඉන්න ඕන කෙනෙක් කියලා මට හිතෙනවා කසුන් උමාරියා last moment වෙනකන් ඉන්නේ show එකට වගේ b n s great ,Neu
අයියේ rs වගේ හොඳ pc එකක් නැද්ද ,Neu
coach කසුන් උඩ ගියා තෝරගද්දි ,Pos
wow මමත් ඔයාලාගේම රසිකයෙක් ,Pos
අයියා මගෙ asus gb graphic card එක board එකට ගහුවම machine එක on වෙන්න නෑ ගලවුවම machine එක on වෙනවා මකට හේතුව මොකක්ද ,Neu
ඇත්ත කියන්නත් බිම ඉදගන්නත් බය වෙන්නේ ඇයි නේද අක්කේ ,Neu
අරවින්ද යනු දර්ශනික අදහස් තියෙන පුද්ගලයෙක් ,Pos
අනේ පල ගෙදර යන්න හ ,Neg
ඔයාට අපි ගොඩක් ආදරෙයි කෙලින් කතා කරන සාධාරණ පුද්ගලයෙක් නිසා ඔයාගේ ඉදිරි වැඩකටයුතු සාර්ථක වෙන්න ප්‍රාර්ථනා කරනවා තෙරුවන් සරණයි ,Pos
සුපිරි කොල්ලෙක් තමයි රංජා ,Pos
මොන දේ කළත් සිද්ධ උනත් ඔබලා දැන් කරන දේ ගැන කොහෙත්ම සතුටු නොවෙමි කුණුහරුප market කරලා හොයන සල්ලි වලට වඩා හොඳයි අසුචි හෝදන එක ගොඩක් අයට එක තේරෙන්නේ නෑ ,Neg
හරිම වටිනවා thank you අයියේ ,Pos
ඔක උදේම දාන්නකෝ උදේ ඉඳලා බලන් ඉන්නේ ,Neu
ඔබ නැතුව මට ඉන්න බැහැ වස්තුවේ ආදරෙයි ගොඩක් මගේ husband ,Pos
කස්ස ලෙස්ටම කියනවා ,Pos
අවශ්‍ය ලස්සන video එකක් ,Pos
අනිත් මිනිහෙකුට අසාධාරණ වෙනකොට ඇයි හමුදුරුවන්ට පොදුයෙන් කතා කරන්න බැරි ,Neu
එල එල තඩිද මුල අමතක නෑ Wasthi එකේ set එකටම ආදරෙයි ජයවේවා ,Pos
අල්ලා කියලා දෙවියෙක් ඉන්නවනම් ඔහොම කරන්නේ ඇයි ,Neu
හරි එක interview එකක්වත් බලලා නැහැ මේක බලුවා ඉවර වෙනකම් ,Pos
කසාදයක් කඩුනොත් ආයෙත් විවාහ වෙන එක හොඳ නෑ ,Neg
ආදරණීය ගරුමය මවක් ,Pos
අපිට PC එකක්වත් නෑ Chanux bro මාර මිනිහෙක් නේ ,Neg
මේ parliament එකේ ඉන්න කාලකන්නි අය නම් එපා ,Neg
අනේ උබලා ඔක්කොම ,Neu
ඔයානම් super bullet එකක් Iraj ,Pos
කී පාරක් ඇහුවත් අති වෙන්නේ නෑ ,Pos
මගේ laptop එකට ගත්තෙත් ඔය SSD එකමයි ,Pos
මමත් Muslim කෙනෙක් එහෙත් අපි හැමෝම එකට ජීවත් වෙන්න ඕන ,Pos
තව videos ඕන bitcoin ගැන ,Neu
අඩෝ ජයෝඩ් good luck මචං ,Pos
ලංකාවේ මෝඩ පිරිමින්ගේ ගොන් අදහස් තාම වෙනස් වෙලා නෑ ,Neg
ඔයා බයිලා ගහනවා වගේ වැඩක් කරන්නේ නෑ ,Neg
මහින්ද රට බේරුවා කියලා ඔහුගේ පරම්පරාවට රට දුන්නේ නෑ ,Neg
අපේ ලංකාවේ සමහර පිරිමි සක්කිලි බල්ලෝ වගේ ,Neg
මේ දේවල් ජනතාවට දැනගන්න ඕන ,Neg
මං මේ සිංදුවටත් ආසයි lyrics වලටත් කැමතියි ,Pos
first unlike දාන්නේ කවුද ,Neg
voice ලස්සනයි variations තිබුණානම් තවත් ලස්සනයි ,Neu
අයියේ graphic card එකට ප්‍රශ්නයක් නැද්ද ,Neu
ලහිරු කුමාරි අක්කට ආදරේ කරොත් කොහොමද ,Pos
මචං උබේ කතාව අගය කරනවා ,Pos
මේක trending යනවා ,Pos
අනේ ඔක්කොම හොරු ,Neu
නියම චරිතයක් සහ නියම වැඩසටහනක් ,Pos
ජනතාව මේ සරේවත් රවටෙන්න එපා ,Neu
මොන අපරාධයක්ද මේ මෙතුමාට මෙහෙම කරන්නේ ,Neg
සිංදුව ඉවර වෙනකම් බලන් හිටියා ,Pos
video එක private කරලා තිබ්බේ ඇයි ,Neg
සිංදුව හොඳයි video එකත් හොඳයි ,Neu
Hari TV තව පොන්නයෝ ටිකක් ගෙනාපන් ,Neg
හොඳටම කිව්වා ඒ කොල්ලා ,Pos
අලුත් වෙනසක් අයියේ ,Pos
band එක කොහොමද ,Neu
මෙයාත් හොරෙක් වගේ ,Neg
ජීවිතේට වැදගත් දේවල් ගොඩක් තියෙනවා ,Pos
අයියේ office වැඩ වලට laptop එකක් කියන්න ,Neu
ගොඩක් වැදගත් කතාවක් ,Pos
ඔයාට වෙච්ච දේ මටත් උනා ,Pos
අද තමයි දැනගත්තේ thanks ,Pos
කෝ වරෙල්ලා ලංකාවේ ඉන්න පොන්නයෝ ටික ,Neg
ඇස් වලට කඳුළු ආවා voice එකට ,Pos
school class එකේ සිංහලෙන් කතා කරන එකත් පුදුමයි ,Neu
එපා වෙන්නේ නැතුව අහනවා ,Pos
චානක ඔයාට හොඳ අනාගතයක් තියෙනවා ,Pos
හරිම වැදගත් ලංකාවේ ,Pos
ගොඩක් ලස්සනයි ආදරයක් ,Pos
සල්ලි නැති කෙනෙක් වගේ PC එක හදලා ,Neg
අපේ හමුදුරුවගේ ප්‍රාර්ථනාව ඉටුවේවා ,Pos
අපිට නම් හීනයක් විතරයි ,Neg
Garfield හොර කෙනෙක් ,Neu
අයියේ ඔයාගේ ආගම අතහරින්න එපා ,Neu
මිනිස්සු තාම මෝඩ නෑ ,Neg
මේක ගන්න නම් ගේමක් ගහන්න වෙයි ,Neu
බුද්ධ සසන පිරිහෙන්නේ ඔබලා වගේ අය නිසා ,Neg
මං ලඟදී channel එකට ආවා ,Pos
හිත හොඳ අවංක කෙනෙක් ,Pos
මේ පාර The Voice winner මෙයා වෙයි ,Pos
ඔබතුමාගේ වැඩසටහන හරිම හොඳයි ,Pos
අපේ ලංකාව ඉවරයි ,Neg
යකෝ හැම එකේම කසුන් කියනවා ,Neu
කුමාරි අක්කා ලස්සනට කතා කරනවා ,Pos
නොදකින් නරකයි ,Neg
ඔය වගේ ඇඳුම් කොහෙන්ද ,Neu
B&S කියන විදිහට අන්තිමට star වෙන්නේ වෙන කෙනෙක් ,Neg
Iraj කියන්නේ සල්ලි වෙනුවෙන් ඕන දෙයක් කරන කෙනෙක් ,Neg
කොච්චර ඇහුවත් එපා වෙන්නේ නැති voice එකක් ,Pos
අපි හොඳටම අසරණ වෙලා ,Neg
බුදුසරණයි ඔයාලට ලස්සනයි ආඩම්බරයි ,Pos
ලස්සන voice එකක් මරු ,Pos
දැන් ඒකත් තහනම් කළා ,Neg
ජය වේවා congratulations ,Pos
හොඳ බුද්ධියක් තියෙනවා ,Pos
ඔබතුමා කොහෙ උපන්නත් හොඳ කෙනෙක් ,Pos
මට තේරෙන්නේ නැත්තේ මට විතරද ,Neg
හොඳම announcer කෙනෙක් ,Pos
adminට බැනිනවාත් හරි upload කරද්දීත් බැනිනවා ,Neu
අද නම් සුපිරි ලස්සනයි ,Pos
like එකක් දාද්දි ගණන් යන්නේ නෑ ,Neu
අඩෝ මේ පිටිපලා යන දාත song එක ,Pos
රීදි තරකා එකේ හිටපු කොල්ලෙක් නේ ,Neu
ලස්සනයි හදවතට දැනෙනවා ,Pos
තමන්ගේ නම කියලා තමන්ම කතා කරන අය selfish ,Neg
අනේ පලුව බබා brainwash වෙලා ,Neg
ඇනේ උනේ ධර්මය දන්නේ නැහැ ,Neg
පුදුම දැනුමක් තියෙනවා good luck ,Pos
ඔයාගේ accident එකේදි මමත් seth pathuwa ,Pos
කසුන් කලහාර උබට සිංදු කියන්න බැහැ ,Neg
ඒවා අරගෙන යන්න පුළුවන් කෙනෙක්ට විතරයි ,Pos
ගණිකා වෘත්තිය ගැන logic එක වැරදි ,Neg
ගොබ්බයාට මොළේ නෑ ,Neg
ලස්සනයි නතාශා වගේ song එකක් ,Pos
අහගෙන ඉන්න ආසයි කතා කරනකොට ,Pos
හඳි ගානේ කිරිබත් කන ගොබ්බ වහල්ලුන්ගේ රට ,Neg
මෙයට වඩා හොඳ අය ගොඩක් අයින් උනා ,Neu
සහතික ඇත්ත අපේ හමුදුරුවනේ තෙරුවන් සරණයි ,Pos
අම්මෝ අක්කි පිස්සු හැදෙනවා voice එකට නියමයි good luck ,Pos
දැනටම දහසාරයක් වගේ අහුවා මං විතරද ඒයි ,Pos
එකකින් දහක් වගේ හොයන්න පුළුවන් මාසෙකට current bill එකක් විතරයි යන්නේ ,Neu
තුෂාර මහත්මයා ඔයා පෙන්නන හැම සිද්ධියක්ම සහතික ඇත්ත ,Neu
මං මේ build එකට කැමති නෑ එමිවා join කරගත්තේ නැති හින්දා unboxing එකක්වත් දෙන්න තිබ්බා ,Neg
දැන් මේකේ ඉන්න coach ලාත් පිස්සු ,Neg
කෙල්ලෝ පිස්සු වැටිලා වගේ ,Pos
ඔබ වහන්සේ කතා කරන්නේ කුණුහරුප නොවෙද මූ ගල් කාරයෙක් ,Neg
ගෙහන්ගේයි දිනෝගේයි ජීවිත කතා දෙක ටිකක් එක වගේ ,Neu
maths කරලා fail උනත් ගොඩක් අය ගොඩ යනවා great example tough guy ,Pos
අනේ මන්ද වෙන සින්දුවක visual එකක් වගේ සින්දුවේ තේරුම visual එකේ කොහෙවත් නෑ ,Neg
අනේ tele drama එකකටත් එන්නකෝ ,Pos
ඔය build එක කරන්න නම් ඉතින් පෙරම් පුරන්න වෙයි ,Neg
අයියෝ මම අයියාගේ videos වලට මාර ආසයි හැබැයි මේකට නම් මම ආස නෑ මොකද මටත් bus වලට ආසයි අයියා bus එකේ යන අය කැමති නම් පද්ද පද්ද යනවට එච්චරයි නේ ,Neu
අද අපතයා කියලා දැන් අතූමාලු පට්ට බයයි පව් බං තව එළියට ආවොත් sir කියයි ,Neg
web site එකෙන් මට ram card බලගන්න පුළුවන් උනේ නෑ video එක හොඳයි ,Pos
සියුමිණිගේ voice එක වගේ ඇස් කපියගෙන අහන්න පුළුවන් ,Pos
කරුණාකරලා ඔය gel බෝල එළියට ගන්න කටයුතු තියෙනවා එතකොට ගොඩක් හොඳට කියන්න පුළුවන් වේ නංගා ,Neu
මොන video ද බං මේවා සින්දුවට ගැලපෙන්නේ නෑ ඔහොම video හදවහම සින්දුවට තියෙන ආසාවත් නැති වෙනවා ඉය්යා ,Neg
මේ ගොන් මගුල වෙන වැඩගත් දේ නැද්ද ,Neg
නායකයින්ට නොතේරෙන සුපිරි කතාවක් ,Pos
බුදුසරණයි මගේ හමුදුරුවනේ ,Pos
මුන් ඔක්කොම මෝඩයෝ ,Neg
ඔගොලොන්ගෙන්මයි හදුවේ super එකක් දාලා ,Pos
සතුට කියන්නේ කෑම උන් හිටපු තැන අමතක වෙලා හිටපු තැනම කා ගහලා හින ගියා දැකපු අව්‍යාජම පොරක් ,Pos
අඩ්ඩේ කෑගල්ලේ කොල්ලෙක් best of luck අයියා ,Pos
පට්ට ලස්සනයි අහන් ඉන්න ආසයි පැහැදිලි මේ වගේ ගුරුතුමියක් මටත් හිටියා නම් අද මං කොහෙද ,Pos
මම tron doge coin mining කරනවා ,Neu
coach ශෂිකාට සුපිරි set එකක් ඉන්නවා දැන් ,Pos
තම්බි මිනිස්සුන්ගෙන් විතරක් නෙවෙයි පලි ගන්නය ,Neg
අනේ චූටි කෙල්ලගේ dance එක ,Pos
පැහැදිලිවම ඔබතුමා හොඳ ගරුක මහත්තයෙක් මං ගොඩක් ගරු කරන කෙනෙක් ඔබතුමාට ජය වේවා බුදු සරණයි ,Pos
තොපි හංගිලා කරපු දේවල් එළියට සුද්ධ කරන්න හොඳන්න එන්න එපා කොහොමත් තොපි සෙරම දෙපැත්තේම ඉන්න කාලකන්නි ,Neg
නීතියට ඉඩක් නැත්නම් අපේ රටේ ප්‍රශ්නට අපි පිළිතුරක් සෙවීම කළ යුතුයි ඔබගේ ගමනට ආශීර්වාද වේවා ,Pos
කැමතිම නිවේදකයා කට හඬ අහුණත් ඇති බුදු සරණයි ,Pos
cloud mining වලට හොඳම web site එක මොකද්ද අයියා ,Neu
අපේ සිංහල බෞද්ධ අය හොඳට දැනගන්න මුන් තවත පාර්ලිමේන්තුවට යවනවද කියලා එකෙක්ට ඡන්දෙ දෙන්න එපා please ,Neg
super voice අහන් ඉන්න හරිම ආසයි ඒ වගේම voice එකක් super ,Pos
ඔක නම් voice global යනවා january වල ජය වේවා ,Pos
social media ගැන කියුව දේ ගොඩක් ඇත්ත ,Pos
මොන දේ කළත් ජීවිතේ ඔබ නැතුව එන්න බෑ වස්තුවේ ,Neu
ලස්සනට sing කරා චලන අයියේ all the best ,Pos
තදේ වැඩක් නෑ වස්ති දැන් video upload කරන්නේ නෑ නේ ,Neu
thanks අයියේ mining කරන video එකක්ත් කරන්නකෝ හොඳ software එකක්ත් එක්ක හොඳ gpu card ටිකක්ත් කියන්න ,Pos
හොර ගෙඩියා අයියා නේද මේ අම්මේ ඒ voice එකමයි තමයි දෙයියෝ බේන්ද එක මරු ,Pos
නුඹ ගැන අපට ආඩම්බරයි මල්ලී සිංහලයන් වෙනුවෙන් කතා කරන නුඹට ජය නියතයි නුඹට පින් බුදුසරණයි ,Pos
තෝරන්න හිතගෙන ආවේ උමාරියාව හැරුණේ නැති නිසා ශෂිකාව තෝරගත්තේ හැබැයි කියන්න ඕන උමාරියා sing කරනට වඩා හොඳට sing කරා ,Pos
පුළුවන් නම් හොඳ site ටිකක් දාන්න legal ටිකක් ,Neu
තව ඔයා වගේ videoත් දාන්න නම් සුපිරි ,Pos
මම හිතුවේ හෙන posh dial එකක් කියලා හැබැයි හෙන හදවත තියෙන සුපිරි චරිතයක් ,Neu
රංජන් බය නැතුව ඇත්ත කතා කරනවා මගෙ පුතා කැමතිම දේශපාලකයා ,Pos
යත්‍රාව යලි යථා තත්වයට ගෙනීමට ශක්තිය ධෛර්ය ලැබේවා ,Pos
මේ අක්කගේ කලින් video බලලා තියෙන අය ,Neu
ලහිරු ඔයා හරිම හොඳයි ,Pos
දෙන්නෙ කාලා කියන දේ අහගෙන ඉන්නවාලු අඩෝ අපේ ලංකා මිනිස්සු හරි බුද්ධිමත් උඹ වගේ බොරුව spotlight කඩපු වගේද මූගේ කතා නම් පහත් රට බල්ලෙක් ,Neg
ආදර්ශමත් චරිතයක් හැම වචනයක්ම හරි ආදර්ශමත් දේවල් සමාජයට ගන්න තියෙනවා ,Pos
ගොඩ කාලෙකින් නේද අක්කියෝ ,Neu
ඔයිට වඩා අවුල් අයත් select කරගත්ත අනේ මන්ද ,Neg
ආසම dial එකක් එලම bro ,Pos
ඔබ හීනයක් දකිනවද ,Neu
full song video එකක් upload කරන්නකෝ ,Pos
මේවා දැක දැක දුක් වෙන අය කොණට ,Neu
බලාපොරොත්තු උනා එකක් ,Pos
එමි කියන්න දෙයක් නෑ පට්ට අයියේ one and only channel එක ,Pos
ඔබ කලාතුරකින් පහළවෙන පින්වන්ත දරුවෙක් නිවන්ට ලඟ කෙනෙක් සසර කෙටි කරගෙන නිවන් දකීවා සමාජය හරිම නපුරුයි ,Pos
coach ශෂිකා කිව්වා නම් final යන්න තියෙන chance එක වැඩි ,Pos
සිරාවට පට්ට ඒ හොඳ වැඩක් තව පාරක් ගෙන්වමු ,Pos
අපේ උන්ට කොච්චර පැහැදිලි කරලා දුන්නත් වැඩක් නෑ ඔක්කම කන පෙට්ටම් තේරුම් ගන්නවා ,Neu
ගොඩක් වටිනවා programme එක නම් කුමාරි අක්කේ ඔයාට දෙවි පිහිටයි ,Pos
subscribe කරා video එක ෆට්ට ,Pos
අතල් session එක කසුන් තමයි මං ,Pos
ඔයාගේ අලංකාර කතාවත් ගන්න බෑ නංගි ,Pos
එක පට්ට ,Pos
අනේ චූටි නංගි ,Neu
අම්මෝ ඒ voice එක voice sri lanka වෙන්න කියලා wish කරනවා ,Pos
අල්ලා මුන්ට දඩුවම් දීලා තියෙන්නේ එකයි මුන්ට වෙලීච්ච වතුර නැති මඩපෙරදේග දුන්නේ අපි තමයි මුන්ට අපේ රටේ එද දුන්නේ දැන් හොඳයි නේ කෙලව ගත්තේ තම්බිට පුක දීලා ,Neg
අපේ හමුදුරුවෝ ඔබතුමාට බුදු සරණයි ,Pos
අයියෝ මේ වගේ ගොන් ගැණු parliament යවලා තියෙන්නේ අපේ බදු මුදල් වලින් කන්න බොන්න දෙන්නේ මේ හරක් නේද ,Neg
හොඳ මනුස්සයෙක් ලොකුකම නැති ,Pos
අක්කේ ඔයා ගොඩක් ආදර්ශමත් මවක් දිරිමත් කාන්තාවක් ඔයාගේ කතාව මගේ ජීවිතේට ලොකු හයියක් මට ඔයාට කතා කරන්න ආසයි ,Pos
මට මගේ රට ගැන මහ ලොකු හැඟීමක් දැනුනා ඇයි මේ රටේ මිනිස්සුන්ට මේ දේ ගැන වටිනාකමක් තේරෙන්නේ නැත්තේ ,Neu
සුපිරි video එකක් අයියේ ,Pos
අක්කි මං ආදරෙයි ඔයාට ඔයා හොඳ අම්මා කෙනෙක් ඔයාට මතකද කිව්වා ඔයාගේ දුවගේ නම අහපු දවසක කවදාහරි මගේ දුවට දානවා කියලා මං කිව්වා මගේ දුවගේ නමත් ස්වෙතා ,Pos
ගෝටාබය නැතිති නම් ඔබතුමාට විතරයි ලංකාව බේරගන්න පුළුවන් ,Pos
comment බලන ගමන් video එක බලන කට්ටිය කො බලන්න ,Neu
මිනිහම තමන්ගේ නම කී පාරක් කියනවද ,Neu
kandy වල branch එකක් තියෙනවද ,Neu
එදෙන්නම දුන්නා මරු භූමි ,Pos
අන්ඩ පකෝ බොරුව කියන්නේ නැතුව ,Neu
එකටම කඩේ යන එක නවත්තන්නදකෝ තට්ටයා සිවුරු පෝරගත්තු තොපි ,Neg
තෙරුවන් සරණයි ලෝක සත්‍ය හොයාන් ආව ඔබතුමාට ඒ දේය එසේම ලැබේවා ,Pos
රංජා විතරක් නෙමෙයි අශේන් කියන පෝන්නයාත් වග කියන්න ඕන අශේන් පෝන්නයා තමයි පටන් ගන්නේ ,Neg
අයියා ගොඩක් හොඳ වැඩසටහනක් පියාතුමනි ඔබෙන් අපේ ජීවිතයට ලැබෙන ආලෝකය ඉතාමත් වටිනවා ඔබතුමාට තෙරුවන් සරණයි ,Pos
boy ඔයා අනිවාර්යෙන්ම ජනාධිපතිට පට්ට හොඳ love too ,Pos
ceylon radio legend ලංකාවේ radio කලාව වෙනස් කළ මිනිසා ඔබට ජය ,Pos
පුතේ අපි කොහොම හරි අපේ ඥානසාර හමුදුරුවෝ නිදහස් කරගමු ඔයාට ජයෙන් ජයම වේවා බුදුසරණයි ,Pos
next part කො දාන්න ඒකත් ආසාවෙන් බලන් හිටියේ thanks ,Pos
ඉරාජ් නම් පට්ටම පොරක් තමයි ,Pos
කොල්ලා පුදුම උනා හී ,Pos
රේඩියෝවෙ ඉන්න කුතුහලය තියෙන්න ඕනයි පට්ට voice එක ,Pos
කින්ස්ලි තරුණ වෙලා ,Pos
උමාරියාත් හැරෙන්න තිබ්බා ,Neu
ඇල කිරි අයියා අයියා මම හරි ආසයි ,Pos
මුන් බයයි ගෝටාට දෙන්න මොකද ගෝටා ආවොත් ,Neu
laptop එකක් ගන්න හොඳම තැන මොකද්ද ,Neu
ඔයා මරු අක්කේ ඇත්තටම කතා කරන්න ආසයි respect කරන චරිතයක් ,Pos
ඒවා තමයි රාජ කාලේ හදපු PC ,Neu
අනේ පුතේ අපේ රට බේරාගන්න ඔබට පමණයි පුළුවන් ,Pos
මට build එකක් කරගන්න ඕන කොහොමද contact කරගන්නේ ,Neu
FM එකේ බුදු talk දෙනවා හැබැයි logic නෑ ,Neg
මොන දේ උනත් ඇත්තටම කෙලින් කියනවා ,Pos
ඒ කල්ල හොඳටම කියනවා වැඩක් නෑ ,Neu
අන්න අර නාමල්ව මුහුදට දාලා මේයා ගෙනාවා නම් හොඳයි ,Pos
තෙරුවන් සරණයි ජය වේවා ,Pos
ගොඩක් වටිනා කතාවක් ,Pos
අයියේ build එකට contact කරගන්න ඕන ,Neu
එයා කතා කරනවා අහන අය තවත් ඉන්නවද ,Neu
දළදා හමුදුරුවන්ට අපහාසයක් ,Neg
unlike කරපු ගෙරි හැම්බයෝ ටික වරෙන් පොලිමට ,Neg
නියමයි අපේ හමුදුරුවනේ ඔවුන්ව පන්නන්න ඕන ,Neg
ඇත්තමයි උගත් බුද්ධිමත් දරුවෙක් ,Pos
සන්තුෂ් හැරුණා බති‍ය හොල්මන් වෙලා ,Neu
පස් පාරක්ම බැලුවා මම එතරම් ලස්සනයි ,Pos
දහවෙනි පාරටත් ඇහුවා තවම අති වෙලා නෑ ,Pos
මතු භවයේවත් මගේ වෙන්නම් ආසයි ,Neu
තව ග්‍රාම සේවකයෙක් චන්දේ දාන්න කලින් මතක කරගන්න ,Neg
සහතික ඇත්ත ඔබට තෙරුවන් සරණයි ,Pos
ලහිරුගේ හිනා good luck තඩියෝ ,Pos
එහෙමයි අපේ හමුදුරුවනේ ,Pos
මෙයාගේ talent එක හොයාගන්න කසුන්ට පළවෙනි පාර බැරි උනා ,Neu
අක්කේ තෙරුවන් සරණයි ඔයාට ,Pos
ඔයා කියන හමුදුරුවා හොඳ කසිප්පු කාරයෙක් ,Neg
නියමයි ප්‍රිය අයියේ ජය වේවා ,Pos
තවත් අපේ දුප්පත් මිනිස්සුන්ගේ සල්ලි කන්න එපා ,Neg
ප්‍රිය අයියාට වඩා මම හීනෙන් PC build කරනවා ,Neu
හිතටම වැදුනා අක්කේ හරිම ලස්සනයි ,Pos
ගොඩක් නිහතමානී ආඩම්බරයි පැහැදිලිව කතා කරා ,Pos
අයින් කරන PC එකක් මට දෙන්න බැරිද ,Neu
දරුවන්ගේ දක්ෂකම් බලලා coachලා සතුටු වෙනවා ,Pos
මේ පිස්සී කොහෙන්ද මේවා හොයාගත්තේ ,Neg
කසුන් ගොඩ ගියා එහෙනම් මේ දරුවා රටට සම්පතක් ,Pos
ඔයි පට්ටයි මචං ,Pos
නිහතමානී කෙනෙක් ඔයාට මම ආදරෙයි ,Pos
මේ battle එක trending යනවා ,Pos
හැමෝගෙම කතා එහෙමයි good luck ,Pos
කසුන් ඔයා මාරයි ,Pos
ඉනුක මල්ලි පරණ PC එක මට දෙන්න ,Neu
ආසාවෙන් බැලුවා love you අයියා ,Pos
උන් උන් අතහැරිනවා ,Neg
අපේ රටේ මිනිස්සුන්ගේ හීන වෙනස් කරන්න ඕන ,Neu
අයියාගේ interview මරු ,Pos
උමාරියාට challenge එකක් වගේ ,Neu
voice එක ලස්සනයි practice අඩු වගේ ,Neg
coach ශෂිකා අද ගොඩක් සුදුයි වගේ ,Pos
චුටි බබා ලස්සනයි අයියේ ,Pos
මම අදයි දැනගත්තේ කසුන්ගේ අම්මා මාලනී බුලත්සිංහල කියලා ,Pos
අනිත් අය හැරෙන්නේ නැත්තේ කසුන්ට තමයි ඕන නිසා ,Neu
උබ නියම කොල්ලෙක් බන් ,Pos
නියමයි අහිංසක චරිතයක් වගේ ,Neg
බෞද්ධ කියන්නේ ආගමක් සිංහල කියන්නේ ජාතියක් ,Neu
ඇත්තටම ඔයා ගොඩක් සාධාරණ කෙනෙක් ,Pos
අනේ මේ නිවේදකයා ,Neu
මරු සුපිරි nice ,Pos
මේවල තියෙන දුෂ්ටකම පේනවා ,Neg
මුන් ඔක්කොම එකයි ,Neg
අනේ නාගයෝ ඇයි ජනපති වෙන්න හදන්නේ ,Neg
thanks ප්‍රිය අයියේ ,Pos
කුමාරි අක්කේ බොරුව කියන්න එපා ,Neg
ලෝකය ඉස්සරහ වචන භාවිතා කරන විදිහක් තියෙනවා ,Neg
අවුරුදු ගණනකට කලින් tele drama එකක හිටියා නේද ,Neu
ගරුකරමි හදවතින් යාලුවනේ ,Pos
දුලජ් සුපිරි පොරක් ,Pos
හදවතින්ම කියනවා ඔබට බුදුසරණයි ,Pos
good ලහිරු ,Pos
බනින එක හොඳයි උබ පට්ට චරිතයක් ,Pos
කලාකරුවන් කියන්නේ සංවේදී හදවතක් තියෙන අය ,Neu
මම මතුමග කතා අහනවා සතුටුයි ,Pos
රේඩියෝවෙ අහනවා වගේ මම Hiru අහනවා ,Pos
මරු අයියේ මං ගොඩක් කැමති ,Pos
අද උමාරියා ලස්සනයි ,Pos
උමාරියා ෂෝක් අනේ ,Pos
පැමිණිලි දාපු අයට මේ ආත්මේම දඩුවම් ලැබේවා ,Neg
bro මේ build එක bitcoin mining වලට හොඳද ,Neu
මට මේ පවුල තේරෙන්නේ නෑ ,Neu
රාජපක්ෂ පවුලට කැමතිම කෙනා ,Pos
හරිම නිහතමානී කෙනෙක් ඔයා ,Pos
හමුදුරුවගේ කතාව හරි ,Pos
හමුදුරුවනේ ක්‍රිස්තියානීන් ගැන පැහැදිලි උත්තරයක් නෑ ,Neu
මාරයි ඇත්තටම ඔබ ගැන ආඩම්බරයි ,Pos
පහුගිය වාරෙත් රට කෑවා මේ වාරෙත් එහෙමයි ,Neg
මේ කවුරුත් එපා නාගානන්ද ජනපති ,Neu
ආසම සිංදුවක් ලස්සනට කියනවා ,Pos
ගල් ගහන්න එපා voice එක අවුල් වෙනවා ,Neg
ශෂිකා missගේ team එකට ගිය එක හොඳයි ,Neu
gym එකට ගිහින් කරන දේ food අඩු කරලා කරන්න බෑ ,Neg
අයියේ forex trade කරන අයට laptop තියෙනවද ,Neu
ගෝටාබය මරාපු මිනිස්සු ගැන සිංදුවක් හදන්න ,Neg
දැන් අහිංසක වගේ කතා කරනවා ,Neg
මේකට මොලේ හොඳ නැද්ද ,Neg
අක්කි ඔයාට අපි ආදරෙයි ,Pos
ඔහොම යන්න අයියේ තව k ඕන ,Pos
වස්තිලාගේ අලුත් video එකක් ඕන උන් මේකට like කරන්න ,Neu
අක්කි හුඟක් ලස්සන වෙලා song එකත් හුඟක් ලස්සනයි ,Pos
සින්දුව එකක් video එක තව එකක් පව් ,Neu
පැනපු උන් දැන් ලංකාවට වැඩක් නෑ ,Neg
සුපිරි character එකක් ,Pos
මාලිනී බුලත්සිංහලයන් මතක් උනා හරිම සංවේදී සින්දුවක් කසුන්ගේ දරාගැනීම ඇස් දෙකට කඳුලක් එකතු කරා ඔබට ජය මෙවැනි ගීයක් ඉදිරිපත් කළට ,Pos
අනේ වැල්ගම සුදු වෑන් ගැන කතා කරන්න එපා අපි ඡන්දෙ දෙන්නේ සුදු වෑන් බැරි නම් nuclear weapon දාලා හරි රටට වැඩක් කරන එකෙක්ට සුදු වෑන් ගෙනිච්ච නම් ගෙනිච්චේ රටට ද්‍රෝහී උනු එකෙක්ව තමයි ,Neg
මම මුළුටිකම අහුවා විතරයි song එක මාර ලස්සනයි love this song and music video ,Pos
පිස්සු වෙලා හදලා මට සරින් සරේ ආවිත් මේ සින්දුව බලනවා මම ,Pos
sirගේ වැඩසටහන් කොච්චර බලුවත් එපා වෙන්නේ නැහැ ,Pos
මෙයාලා රඟපනවා අපි බලන් ඉන්නවා අතල් නේ අපේ සල්ලි වලින් ජීවත් වෙන මිනිස්සුනේ මේ ඉන්නේ ,Neg
අනේ ලංකාවට මොකක් වෙයිද මේ ජරාවල් නිසා ,Neg
කසුන් වගේ කෙනෙක් නැවත හදන්න පුළුවන් කෙනෙක් ඉන්නවා ,Neu
ලංකාවේ music video හදන්නේ රසවින්දනයක් නැති montessori මොලයක්වත් නැති උන් මේකත් ඒ වගේ ,Neg
මේ අහන්නේ තුන්වැනි පාර ,Pos
ඇයි ප්‍රිහන්ව ගත්තේ නැත්තේ ඔයා වෙන උන් එක්ක නටනවා ප්‍රිහන්ව අයින් කරලා ඔයා වෙන girl කෙනෙක් ගන්න තිබ්බේ ,Neu
ඉතින් night club යන එක අපහාසයක් නෙවෙයි නම් ඇයි තෝ එක උඩ පන පන parliament එකේ කිව්වේ අනේ පලයන් යන්නේ බං දැන් shape වෙන්න නැතුව ,Neg
සුපිරියටම කියුවා මචං good luck ,Pos
අනේ පව් අහිංසක චරිතයක් ඇත්ත කතා කරන නියම ගැහැණියක් බුදු සරණයි ඔයාට ,Pos
පට්ටම build එක අයියේ thanks ,Pos
අම්මෝ කෙල්ල ගැන අයි දියන්නේ ඔහොම හිතන්නේ ශික් ,Neg
මොක අවත් උගා සක්කුව පුරවගන්න එක තමයි වන්න ,Neg
හහ් හහ් එයාට මොකුත් කියන්න එපා බලන්න හැඩය ඇඟ වහන්න ඇඳන් ඉන්න ලස්සන මුනුත් කුණු ගොඩවල් අරන් එනවා මිනිස්සුන්ගේ දේට කන්න ,Neg
හැමදාම එකම ඇඳුම නේ ,Neg
ඥානසාර හමුදුරුවන්ට බනින එක නවත්තන්න යකෝ උන් වහන්සේ කියපු දේවල් අද සිද්ධ වෙලා නේ බලපියව් ඇස් ඇරලා ,Neg
ඔයා මේක දිනනවා ,Pos
තෙරුවන් සරණයි පුතේ ඔයාලා හැමෝටම ,Pos
එක නම් පට්ටම අසාධාරණයි ,Neg
නිකන් club වසන්ත වගේ ,Neg
comments දැක්කම හිතෙන්නේ සමහරක්ට වහල්ලු සේ ජීවත් වෙන්න ආසාවක් ඇති බවයි ,Neg
වැඩ්ඩෝ කොහොමත් තෝරන්නේ කසුන්ව තමයි ,Pos
කියන මෙලෝ දෙයක් තේරෙන්නේ නැහැ ඒත් මාරම ලස්සනයි හිතට ගොඩක් දැනුනා මේ tamil song එක ,Pos
pc එක නම් super ගන්න ගියානම් පිස්සු වගේ ,Pos
ඔයා දන්නවද රනිල් කළාද කියලා පුළුවන්නම් කවුද කියලා හරියට කියන්න ,Neu
ඇත්ත sir ඔයාගේ voice එක අහලා නැති කෙනෙක් ඉන්නවා නම් ඒ තමා ඉපදිලා නැති කිරි දරුවෙක් පමණයි ,Pos
හරිම නිහතමානි කෙල්ලෙක් ,Pos
steal අවස්ථාව ලැබෙන විදිහ කාට හරි කියන්න පුළුවන්ද හැම කෙනාටම ලැබෙන්නේ නැද්ද ,Neu
එල එල එලමයි ඔහොම යන්න sir බුදුසරණයි දෙවි පිහිටයි ,Pos
ඇත්ත වශයෙන්ම මම හිතුවට වඩා උගත් බුද්ධිමත් කෙලින් කතා කරනවා ,Pos
පව් බං මිනිහා උඹේ උ ඉන්න තත්වේ දැන් තේරෙනවා dope එක දාගෙන ඉන්නවා ඇති උඹ කරලා තියෙන වැඩ ගැන හිත හිත ,Neg
මමත් කැමති කටක් ,Pos
මට මේයාගේ මුහුණ කටහඬට ගලපගන්න බැහැ ,Neu
මිහින්දු අයියාත් comment කරලා ,Neu
සුභ අලුත් අවුරුද්දක් වේවා ,Pos
ඔබ හරි bro ඔයාගේ මනස හරිම දියුණුයි ඒ ඇයි කියුවොත් ඔයා mix කෙනෙක් ඔයාට හොඳ experience තියෙනවා ඒක තමයි ඔයාට ලැබුණු ලොකුම gift එක blessings go ahead bro ,Pos
අපේ හමුදුරුවන්ට තෙරුවන් සරණයි ඔබ වහන්සේ වෙනුවෙන් මමත් ඉන්නවා ,Pos
ලෝකය පිළිගත් මගේ බුදු දහම ගැන ආඩම්බරයි විදේශිකයෙක් ආඩම්බරෙන් කියනවා මගේ මව් භාෂාව ලස්සනට කතා කරනවා ,Pos
අනේ හරි පව් ඔයා ඔයා මොකුත් දන්නේ නෑ හරි බබා ,Neg
අයියේ කලාවේ විහිළු තිබුණත් දේශපාලනයේ විහිළු නෑ තේරුම් ගන්න පුළුවන් වෙයි ඉස්සරහට ,Neu
බෞද්ධයන්ට වෙසක් කතෝලිකයන්ට නත්තල් මේ දෙකම උත්සව කරන් අපි ඒහි තියෙන ධාර්මිකත්වය නැති කරගෙන ඇත්තම කතාව මේක තමයි ඒ නිසා මේ වසර වෙසක් නෑ නෙමෙයි මේ වසර තමයි වෙසක් තියෙන්නේ ,Neu
feel වෙන song එකක් කො බලන්න coach කසුන්ව තෝරගත්ත එකට කැමති අය ,Pos
වගේ මතකක් ගල්කිස්ස bus එකේ නැග්ග මට මතකයි ,Neu
අනේ කවුරු මොනවා කිව්වත් ඔයාගේ song එක නියමයි මාරම ලස්සනක් තියෙනවා visual එක අවුල් තමයි අපේ රටේ අය කාගෙ හරි අඩක් තමයි හොයන්නේ බනින්න තියෙනවා නම් ඒ තරම් ලෝකයක් නෑ ,Neu
පට්ට එල කිරි වගේ දීලා තියෙනවා video එක නම් ,Pos
congratulations bro ජය වේවා ,Pos
හරි සංකීර්ණයි තේරුම් ගන්න අමාරුයි ,Neg
ඌ සිරා බුවෙක් බං ,Pos
ඇත්තටම හදවතින්ම අහුවා බලුවා මං මගේ ජීවිතේට ලොකු ආදර්ශ ගත්තා මිස්ගේ කතාවෙන් ,Pos
මේ සින්දුව මේ තරම් දැනෙන female voice එකක් මම තාම අහලා නෑ ,Pos
මම එයාගේ කතා විලාසයට හරිම ආසයි ,Pos
හොඳ වචනයක් ඉවසීම වටිනවා ,Pos
ඇත්තටම මට අරගේ මුහුණ දිහා බලගෙන ඒ voice එක අහන්න බැහැ හරිම uncomfortable බැරිම තැන handfree දෙක දාගෙන ඒක පැත්තකින් තියලා අහුවා ඒ තරමටම ඒ voice එකට අපි addict වෙලා ,Pos
එක නම් කැත වැඩක් ,Neg
phone එකෙන් gameplay කරන්න අමාරුයි නේ video එක මරු ,Pos
ඔයාගේ voice එක මාරම ලස්සනයි අක්කි කොච්චර අහුවත් එපා වෙන්නේ නෑ ,Pos
කවුශි පිවුමි මේ උබලගෙත් අවධානය පිණිසයි ,Neu
අයියා ඔයා ජනාධිපතිවරණයට ඉල්ලන්න බැරිද අපි ඔයා එක්ක ඉන්නවා ,Pos
හොඳයි කුමාරි හොඳ කතාවක් කියුවා කුවේට් වලට ලංකාවේ ගැහැණු රට යවන්න එපා කියපු කතාවට ස්තුතියි ජය වේවා අක්කේ ,Pos
අයියේ තියෙන pc එක update කරගන්න ඕන ,Neu
දුලජ් තාම පරිණත වෙලා නෑ වගේ කියලා හිතුනේ මට නමනුෂ්කගේ video එක පාරකට වැඩිය බලුවා දුලජ්ට මොකුත් කියනවා නෙවෙයි ඒ උනත් ටිකක් බොළඳයි වගේ කතා කරනේ ,Neu
beautiful all the best ආදරයි හැමෝටම ලස්සන සින්දුව ,Pos
අද ගොඩ හින්දා බලන්න එක අප්පිරියයි ,Neg
අපෝ මහ බෞද්ධ ආගමට ගරු කරන්න මොක උනත් කමක් නෑ අපේ දළදා වහන්සේට ඔය වගේ කැත සින්දු හදන එකට කොන්ද පණ නැද්ද වෙන එකක් හදන්න තිබුණේ නැද්ද ,Neg
මම හිතුවේ ප්‍රියදර්ශන අයියට අවුරුදු වෙතාර කියලා ,Neu
අමිත වෙරසිංහ කොච්චර දැනුම් සම්භාරයක් තියෙන කෙනෙක්ද ආයෙමාව කපුවා ,Pos
redmi note pro එකේ review එකක් ගෙනන්න ,Neu
නියමයි build එක ,Pos
මම ඉස්සර මේවා mtv එකේ දැක්කේ හෙන සල්ලි තියෙන posh ලොකුකම තියෙන කොල්ලෙක් කියලා හැබැයි ඇත්තටම දැන් තමයි හිතෙන්නේ එහෙම නෑ කියලා ,Neu
bass ගහන මල්ලි අච්චි වහලා ,Neu
රූප ඕන නෑ කතාව අහන්න ,Pos
ගොඩක් මිනිස්සු බලන් ඉන්නේ අනුවන්ට හිනා වෙන්න විතරයි ,Neg
අම්මෝ මොනවද මේ පමණ කල කාලේ මාර මැටරයක්නී politics වලට මාර shot එකක් ,Pos
වැල්ගම එරිකියාකරයා තුක් නොදකින් ,Neg
අනේ ඔබතුමා අපේ රට බේරගන්න අපි ඔබ සමගයි ,Pos
අපි හිතාගෙන හිටියේ රංජන් කියන්නේ රටට ආදරේ කරන කෙනෙක් කියලා බලුවම උත් ලොකු හොරක් ,Neg
කියන එක වගේම එක practice කරන එකත් වැරදි ඒ නිසා අශේන් කියන ngo කාරයාගේ youtube channel එක report කරන්න හැමෝම ,Neg
ඇත්තටම බොහෝම හොඳ වැඩසටහනක් ඒ වගේම මම කැමති හොඳ ලස්සන ගැහැණියක් ඇත්ත කතා කරන කෙනෙක් ඔයාට jesu පිහිටයි ,Pos
මොන දේ කළත් තිබෙන තුරු ජීවිතේ ඔබ නැතුව මට ඉන්න බෑ වස්තුවේ ,Neu
අනේ තොබි උකීව ඇත්ත උඩ තියන්න එපා යකෝ ,Neg
පොඩි බස්සනේ අයියාට කලින්ම වැඩ අල්ලලා වගේ ,Pos
නියම චරිතයක් ඇත්තටම ගන්න දේවල් ගොඩක් තියෙන කතාබහක් ,Pos
ජයවේවා හරිම සතුටුයි ,Pos
උන් ස්වභාවයෙන් ගෙනියනවා අපායට ,Neg
ගොන් අතල් ගොන් රංජා ,Neg
නියමයි brother එකයි වෙන්න ඕන ,Pos
music band එකත් play කරනවා පෙන්නනකෝ ඉස්සරහට ,Pos
වැඩසටහන හොඳයි අද වැඩි නිසා බලන්න එපා වෙනවා ,Neu
අමරිකාව වගේ රටක් වෙයි අවුරුදු ගෝටාබය මහත්තයා ආවොත් මේ පොඩි රට අයට කජු කනවා වගේ ,Pos
පුදුම නිහතමානි ආදරණීය චරිතයක් නෙහාරා අක්කි ඔයාට අපි හැමදාම ආදරෙයි කවදාවත් වෙනස් වෙන්න නැති චරිතයක් ඔයා ,Pos
රිදෙන්න ඕන මචං හදෙන්න අපි කාටත් පොදුයි මචෝ බුදුසරණයි ,Neg
ලස්සනයි නවීෂා favorite voice එකක් ,Pos
පොර ගැන ලැජ්ජ හිතුනා sure ,Neu
superb නංගි ඔයා මාරම දක්ෂයි ,Pos
ඔයාගේ සාරිය ගලවලා ගෙදර යන්න ,Neg
සුපිරිම සුපිරි කියන්න වචන නෑ අයියා good luck ,Pos
මගේ අම්මත් අක්කා වගේමයි මටත් ඉන්නවා මදුමදාවට වඩා අන්ත පියෙක් ,Neg
නංගි ආදරෙයි ඔයාට සැලෙන්න එපා ජේසු පිහිටයි ,Pos
අපේ ජොලිය Siyatha morning show එක අතල් එක කඩන්න එපා ,Pos
මං ආසයි ඔයා කතා කරන විදිහට හරිම sweet ,Pos
අප්පෝ වැඩක් නෑ මේක ,Neg
වැදගත් සාකච්ඡාවක් අද නෙහාරගේ ආකල්ප ගැන හොඳට දැනගත්තා ,Pos
අඩුපාඩු නොතිබෙන දවියෙක් නම් ඔයා මට අමතකද ,Neu
හරිම ලස්සනයි ගොඩක් ලස්සනයි කියන්න වචන නෑ ,Pos
ආදරෙයි ආඩම්බරයි පට්ට සතුටුයි මේ අපේ උන් නේද කියලා ,Pos
nice sis ගොඩක් ලස්සනයි ඔයාව film එකකින් දැකින ආසයි ,Pos
අම්මෝ thank you මේ voice එකට හරිම ආදරෙයි ,Pos
එක පට්ට අයියේ මටත් එකක් ගන්න ඕන හැබැයි අඩු ගානට ,Pos
ඒ කොල්ලව තෝරගන්න තිබ්බේ අවුලක් නෑ අපි brand එකක් කරමු ,Pos
ඔයා තමයි මං දැක්ක best කෙනා open heart කතා කරන ,Pos
Nanotek එකේ තියෙනවද ,Neu
video එක එන්න කලින් කට්ටිය දුන්න talk එක දැන් කොහොමද ,Neu
අඩේ කොණ්ඩේ voice එක නම් මරු ,Pos
හොඳ නිහතමානී කොල්ලෙක් සරලව කතා කරනවා ,Pos
ආස හිතුනේ නෑ කෙනෙක්වත් ගන්න කියපු එකට ,Pos
දැන් ජනපති උනාට බලතල වැඩියෙන් තියෙන්නේ අගමැතිට නේද ,Neu
මිනිස්සුන්ට වැඩිච්ච එක මදි ආයෙත් එල්ලගෙන යන්න ,Neg
මේ හමුදුරුවා contact කරගන්න ක්‍රමයක් තියෙනවද ,Neu
අපේ හමුදුරුවනේ මේ වගේ අය පව් ,Neg
අනේ අහපු හඬවල් වලින් හිතට දැනෙන හඬ ,Pos
මුලින්ම මේක බය වෙලා නේ ,Neg
මහින්දගේ පුතාට වෙන ආගමක් තියෙනවද ,Neu
නෙහාරා ඔයා තමයි මං කැමතිම නිළිය ,Pos
නියමයි කෙලින් කතා කරනවා ,Pos
අඩෝ පෝන්න හමුදුරුවෝ ,Neg
ඇත්තටම මෙතුමා vesak ගැන කියපු දේ ඇත්ත ,Pos
ඇත්තටම මුලට වඩා දැන් ආසාවෙන් අහනවා ,Pos
කරන්න දේ හොඳට හිතලා කරන්න good luck ,Pos
මං ආසම සිංදුවක් ,Pos
ජනපති වෙන්න මට විතරද කැමති ,Pos
අර අයියාට ආදරෙයි ,Pos
කසුන් තමයි dial එක ,Neu
හරිම ලස්සනයි අශ්කා අක්කි ,Pos
මාර හිත හොඳ මනුස්සයෙක් ,Pos
ගෝටාබය හරියන්නේ නෑ ,Neg
එහෙමයි වෙන්න ඕන brother ,Neu
වැරළියද්දව මැදින් අහුණේ කාටද ,Pos
ඒ හිනා හරි ලස්සනයි ,Pos
උබ පට්ට පොරක් උබේ ජීවිතේ උදාහරණ ගොඩයි ,Pos
ගෝටාට බැහැ උබට පුළුවන් ,Neg
චතුර අල්විස් අයියාව ගෙනන්න ,Neu
k valata තව subs ගමු ,Pos
ඕන කෙනෙක්ට හමුවලා කතා කරන්න පුළුවන් මනුස්සයෙක් ,Pos
වැඩක් නෑ බන් කතා කරලා මුහුදේ ඉන්න එක ,Neu
ඇත්තටම අයිය ගොඩක් ශක්තිමත් ගැහැණියක් ,Pos
ඉරිසියා අය like කරන්නේ නෑ ,Neg
game ගහන්නේ මොකටද යකෝ ,Neg
තම්බි දාගෙන රට කනවා ,Neg
ඇයි බන් පිරිමි ගෑණු වෙනේ ,Neu
අහිංසක චරිතයක් thank you අයියේ ,Pos
අහිංසක Muslim ජනතාව තමයි පව් ,Pos
පව් බන් උබේ සිංදුව original වගේමයි ,Neu
මෙයා අසහනයකින් ඉන්නවා වගේ ,Neg
ඔයාගේ කතාව මගේ කතාවට සමානයි ,Neu
ඔබ අපට ගෞරවයක් ,Pos
මගේ ජීවිතේ දැකපු හොඳම ගැහැණු චරිතයක් ,Pos
දපන්කෝ බන් ඉක්මනට මඟුල ,Neg
වාව් අදිත්‍ය මතක් උනා ,Pos
ඔයා මාරයි අක්කා ආදරේ කියන්නේ වෙනස් ,Neu
ඇත්තම කතා කරන මනුස්සයෙක් respect ,Pos
ඔයාලගේ page එකට message දාලා reply නෑ ,Neg
සුපිරි බන් සුපිරි ගමනක් යන්න ඕන ,Pos
ඔබ වගේ අය අගය කරන්න ඕන ,Pos
මං හිතන විදිහට ඔයා පොතක් වගේ ,Pos
කසුන් ඔයා මාර අතල් ,Pos
පොර වෙන්න method එක backstory එකක් කියනවා ,Neg
ඒ කාලේ ඉඳන් Wasthi බලනවා ,Pos
උබ නිසා නුවර ගිනි ගත්තේ නෑ ,Neg
gaming build නම් PC Guide තමයි ,Pos
එක්කෝ දිනිති හිටියා නම් හොඳයි ,Neg
ඔයාලා සමාජගත විය යුතුයි ,Neu
අනේ ඒ අම්මාගේ සතුට ,Pos
නිකං හල්ල කලි වලට හැරෙනවා ,Neg
උමාරියා buzzer එක ගහන්න එනවා කසුන් පලයන් ,Neg
එක ඇත්ත මමත් Negombo කතෝලිකයෙක් ,Neu
අදිත්‍ය වගේ දැක්කේ ,Neu
මීට වඩා දුක් විඳින ගැහැණු නෑද ,Neg
ඔයා කවුද කියලා අද දැනගත්තේ ,Pos
unlike කරන්නේ මොකටද ,Neg
ඔකිගේ දේවල් විශ්වාස කරන්න බෑ ,Neg
video එක ඉවර වෙනකම් බලන්න ගේමක් දුන්නා ,Neg
වෙන instruments ඕන නෑ මේ voice එකට ,Pos
සිංදුව සුපිරියටම කිව්වා ,Pos
අයියේ lionshare trx ගැන video එකක් කරන්න ,Neu
හරිම ලස්සනයි දුව ඉදිරියට යන්න ශක්තිය ලැබේවා ,Pos
මට මල්ලි දීලා තියෙනවා ,Neu
song එක හොඳයි visual එක නරකයි ,Neu
අනේ මල්ලි ඉල්ලපන් චන්දෙ දෙන්නම් ,Pos
mining කරන්න tools ගන්න හොඳ තැනක් දන්නවද ,Neu
ගොඩක් මහන්සි වෙලා කියලා දුන්නට thanks ,Pos
කියන්න දෙයක් නෑ YouTube එක වෙනස් කරපු කෙනෙක් ,Pos
ඔයාට මොනද කිව්ව අයටත් මොන දේවල් කරනවා කිව්ව අයටත් මිත්‍රි දයාව කරුණාව ඇයි කරගන්න ,Neu
පිටතින් බලුවම unlike කරන්න හිතෙනවා මමත් එහෙම කළා ඇත්තේ ඇතුළතින් බලන්න උතුම් හිමි නමක් ,Neu
හරි නිහතමානි කොල්ලෙක් හරි වටිනවා ,Pos
හරිම ලස්සනට ගායනා කළා හරිම නිදහස් ,Pos
අනේ අයියේ ddr ගැනත් video එකක් ඔහොමම දාන්නකෝ ,Neu
final යන්න ඕන voice එකක් ,Pos
මරු අයියේ පට්ට ,Pos
මේක ගැන එකෙන් photo දාලා තිබ්බ දවසේ ඉඳන් බලන් හිටියේ video එක දානකන් පට්ට ,Pos
අපරාදේ දැන් නම් judgesලා වැරදි තීරණ ගන්නේ හරි දුකයි ,Neg
ලස්සනයි ගොඩක් මගේ ආසම සින්දුව ,Pos
thank you ඔයාලා හැමෝටම අඩුපාඩු දැක්කා අයට ,Pos
ගොඩක් ලස්සනට සින්දු කියනවා නතාෂා අක්කි ඔයා ඒ music එකට අනේ මන්ද හිතට ලොකු අමුත්තක් දැනෙනවා ලස්සනයි කියන්න බැරි තරම් ගොඩක් මගේ ආසම song එකත් මේක ආසයි මේ වගේ songs ගොඩක් බලන්න ඉදිරියට ,Pos
කුණුහරුප එනවා coach කටට මේකට වඩා අන්සබග song ටිකට වඩා මේක තෝරන්න තිබ්බ ,Neg
කලාකරුවෙක් හැටියට කැමතිම කෙනෙක් ,Pos
ඔයාට බස් අයියේ අපේ සිංහල බෞද්ධ රට සිංහල අපි සෙරම එකතු වෙලා බේරගමු ,Pos
කසුන්ගේ voice එක නම් පට්ට ,Pos
මරු මරු ඕනම එකක් ,Pos
සියුමි තමයි මේ සින්දුව ලස්සනටම කිව්වේ season එකේ ,Pos
ආසම චරිතයක් ගෙහන් අයියා මේකට ඇවිල්ල සන්වර වෙයි කියලා හිතපු උන් කො ,Pos
ඔයාට තව තවත් ඉස්සරහට යන්න හැම ශක්තියක්ම ධෛර්යයක්ම ලැබේවා පට්ට voice එක හදවතින්ම සතුටුයි ,Pos
රංජන් පරිස්සමින් හිටපන් ,Neg
අනුෂ්ක උබ නියම පොරක් බං ,Pos
ජනතාව බුද්ධිමත් වෙන්න මේ සැරේ උගත් සහ ප්‍රධාන වශයෙන් වැදගත් අය ටිකදෙනෙක් පත්කරගන්න ,Pos
නියමයි මටත් ඒ වගේමයි ශෂිකා ,Pos
කොච්චර හොඳ ආදර්ශමත් අම්මා කෙනෙක්ද ඔබ ගොඩක් දේවල් තියෙනවා ඔබගෙන් සමාජයට ගන්න ,Pos
ගොඩක් කැමති ජනප්‍රියම නිවේදකයෝ දෙන්නාටම ,Pos
මොකක්ද මල්ලි මේ scene එක ,Neu
අම්බෝ comment බලන එකත් පිස්සුවක් සින්දු ,Neu
මෙතනදි nervous උනත් battle එකේ දුන්න ගැම්ම කොහොමද ,Neu
කසුන් උබේ අක්ක නිසාද හහහහහ හෝ ,Neu
metro game එකේ හැටියට gtx ti card එක හින්දා bottle neck වෙනවද නැද්ද ,Neu
මත් ගොඩක් ආදර කරන කෙනෙක් අක්කා ,Pos
පිස්සෙක් එක්ක මොන interview ද බං ,Neg
අපිට live බලන්න බැරිද youtube එක ,Neu
hiru එකේ ඉද්දි මීට වඩා හොඳට කිව්වා මෙයා ,Neg
chanux bro දවසකට කන්නම රුපියල් ලක්ෂයක් වියදම් කරනවද ,Neu
හැරුණා නම් මේකට හැරෙන්න නැතුව ඉන්න හේතුවක් නෑ ,Neu
බඩුවක් කතා කරයි ,Neg
ප්‍රියදර්ශන අයියේ එල ,Neu
තෙරුවන්ගේ සරණයි අපේ හමුදුරුවනේ ,Pos
පොඩි කාලේ ඉඳන් මම අයියාගේ video download කරලා save කරගෙන බලනවා ,Pos
මං දැකපු නිහතමානිම කෙනා ,Pos
උමාරියා වඳුරු පැටිකියෙක් වගේ ,Pos
මොන උනත් එල කොල්ලෙක් ,Pos
දීර්ඝායු වේවා අපේ හමුදුරුවන්ට ,Pos
මම muslim කෙනෙක් මේ වහන්සේ එදා පටන් අද වෙනකම් මම ගොඩක් ආදර කරන ගෞරව කරන හිමි නමක් කියන දේවල් ඔක්කොම හරියටම හරි ,Pos
no one කසුන් කල්හාර මං මොකුත් කියන්නේ නෑ ,Neu
පොඩි එකෙන් ලොකු වෙද්දි machine කයි ,Pos
අනුෂ්ක අයියාගේ එක බලලා ඉවර කරපු ගමන් මේක දැම්මා ,Neu
නිවේදක පෙන් බස්සුවා නම් හොඳ මිනිහෙක් ,Neg
unlike දාපු උන්ගේ අවුල මොකද්ද කියලා තේරෙන්නේ නෑ ,Neu
මතු දිනෙක මම පොළවේ වළලෙන තුරු නුඹේ අත මට අයිති නැතුව ඇති සුදු ,Neu
ජීවිතය මොනතරම් නම් වෙනස්ද නේද යාලුවනේ ,Neu
අයියේ මට මේ build එකම කරලා ඕන පට්ට ,Pos
මාරම ලස්සනයි අනිවාර්යෙන් final ඉන්න ඕන කෙනෙක් ,Pos
ඉවර වෙනකන්ම බලුවා very interesting ,Pos
මෙන්න තවත් විහිලු සපයන්නෙක් අන්තිමට ඡන්දේ ඉල්ලන්නත් බැරි උනා මූ හරිට කතා කරනේ මූ clean වගේ ,Neg
මම ඉස්සර බලපු cartoon එකක මේ වගේ dial එකක් හිටියා මතකයි ,Neu
මම කතෝලික ඒත් ඔබ වහන්සේ කියන දේ සහතික ඇත්ත බුදු සරණයි ,Pos
චෙති අක්කි ඔයාට අපේ school එකේ හැමෝගේම ආශීර්වාදය ,Pos
ඔයා හමුදුරු වගේ කතා කරන්න ඉගෙනගන්න අපිට තම්බි කියලා මෙතන කියන්න එපා ,Neg
සමිතලා වගේ ගැහැණු අතරේ ගරු කළ යුතු අපේ පරපුරටත් රටටත් ආදර්ශමත් මවක් ගොඩක් ආදරෙයි ,Pos
චාමර හිටියා නම් හැරෙනවා superb ,Pos
මෙලෝ රහක් නෑ ,Neg
අක්කායි නංගි වගේ පේන්නේ මට විතරද බං ,Neu
video එකක් එනකන් බලන් ඉන්නේ ,Pos
ආදර්ශමත් girl කෙනෙක් අනේ මේක දැන් ඉන්න girlsලා දැක්කනම් ,Pos
harry potter සිංහලෙන් හදාගලා පෙන්නන්න පුළුවන්ද sirasa tv ,Neu
ඇයි බං ලියත්බර කිව්වේ නැත්තේ මුලින්ම කිව්වනම් කට්ටිය පොර කනවා ,Pos
රංජන් sir ආදරෙයි හැමදාමත් ,Pos
ඔබගේ චරිතය අපි අගය කරනවා ,Pos
මං නේ කෙලව මර්ඩ් කරන්න ආසයි ,Neu
තෙරුවන් සරණයි ඔබ වහන්සේගේ මෑණියන්ට ,Pos
මත් එහෙමයි මං චෞර රජිනි කියුවේ මට වසරේදී ,Neu
නියමයි අපේ හමුදුරුවනේ ඔබ වහන්සේට නිදුක් නිරෝගී සුවය ලැබේවා ,Pos
මේ ඉන්නේ ඉලඟ බන්ධු සමරසිංහ ,Pos
අඩෝ උදයා එක පහරක් බං ,Pos
මං දැක්කා පට්ටම චරිතයක් තමයි ඔයා මං පළවෙනි පාර මුහුණට ඔයා ලඟට දැක්කේ holy party එකක එදා ඉඳන් මං ඔයාගේ video බලනවා ආදරෙයි හැමදාම ,Pos
මගේ team එකට වරෙන් අඩියක් ගහන ගමන් ඩොල්කි ගහන්න ,Pos
අනේ ගොබ්බ මෝඩ ජෝක් කරයෝ නිදහස හින්දා තමයි මිනිමරුවෝ කුඩ්ඩෝ හොරු ඉන්න තොපේ රාජපක්ෂ නාඩේ බලයට ආවේ ,Neg
මේ කියන්නේ ඇත්තමද කියලා මේක බලුවම සැක හිතෙනවා නේ ,Neg
comment දැක්කම හිනාත් යනවා කතා කළේ පුද්ගලික දේවල් රටට වැඩක් උනාද වගේ comment දාන කට්ටියගේ හිත දන්නවා එයාලගේ චරිතය කොහොමද කියලා ,Neg
ඇත්තමයි superb වචන නෑ කියන්න පුදුම ලස්සනයි ,Pos
තරගකරුවන්ට සාධාරණයක් වෙන්න නම් විනිශ්චය කරන පිරිස බුද්ධිමත් වෙන්න ඕන ,Pos
interviews ඔක්කොම ආසාවෙන් බලුවා ,Pos
ඔබතුමා මේ විදිහට හැමදාම හිටියොත් අනිවාර්යෙන් රට හදනවා ඒ කාන්තාවෙන් මට විශ්වාසයි කඳුළු බලලා අපිත් ටික ටික හැදෙනවා ඔබතුමාට බොහොම පින් ,Pos
රත්තරන් අම්මා කෙනෙක් මගේ අම්මා වගේ ,Pos
පට්ට කවුරු කිව්වත් විරේෂ්ගේ වගේ feeling එක නෑ අප්පේ ,Pos
අප්පිරියයි එහෙම උනාම ,Neg
දැන් නම් අත කියවෙනවා ,Pos
network carrier aggregation එකත් මේකට බලපානවද ,Neu
ඔබතුමා කෙලින් කතා කරන කෙනෙක් ඔබතුමාට හදවතින්ම ස්තුතියි නමුත් මම jvp ,Pos
වෙනස්ම build එකක් superb අයියේ ,Pos
මෙයා hiru star එකේ sing කරා මතක කාටද ,Neu
නියම පුතෙක් හරි දේ කතා කරනවා අපි සුභ පතනවා ,Pos
සහංගිව මතක් උනා ,Neu
පට්ටටම කියුවා කොල්ලෝ හැරුණත් නැතත් උඹ වැඩ්ඩෙක් ,Pos
චන්ද්‍රිකා මහජන පක්ෂයට ගියේ උබට කොන්ද පණ තිබුණාද ,Neg
ඇත්ත කරා එකම දේශපාලකයා ජය ,Pos
ඔබ ඔහොම ජීවිතේ දිගහැරිනකොට මටත් මගේ ජීවිතේ යථාර්ථය බොහෝ දුරට අවබෝධ උනා ,Pos
මුට සල්ලි තියෙනවා නේ ,Neu
මෙහෙම මෝඩ ගෑණියක් ,Neg
මගේ ආසම voice එක ,Pos
හිත නිවන කටහඬක් තියෙනවා හරිම ලස්සනයි ,Pos
ඇයි video එක දාන්න පරක්කු උනේ ,Neg
අනිත් කෙනාගේ husbandට හොඳයි නම් ගෙ පුද්ගලික දේවල් මේ රටේ ඉන්න අයට මෙච්චර කෙකීමක් ඇයි ,Neg
මේකට wifi connect කරන්න බැරිද ,Neu
හිතට වැදුන interview එකක් සුපිරි අයියේ ,Pos
හ්ම් good talk එකක් නේද මල්ලි ,Pos
හඬට ආදරෙයි අදත් හෙටත් සුභ පැතුම් ඔබතුමාට බුදුසරණයි ,Pos
හමුදුරුවෝ මෙහෙම කරනවද Muslim කට්ටියට රංජන් බනිනකොට ,Pos
ලහිරු ඔබට බොහොම ස්තුතියි ,Pos
ඇකි නිකං මොංගල් වගේ ,Neg
මෙයා බයිලා ගහලා දේශපාලුවෝ කඩේ යන කෙනෙක් ,Neg
ඇයි මෙච්චර පරක්කු උනේ admin ,Neg
කසුන් කියද්දි ඇඟ හිරිගඩු පිපුනා වගේ ,Pos
දෙවනි එක ඔබේ නෙවෙයි අනිත් ඒවා ඔබේ ගොන් part එපා ,Neg
ඒ කුණු ගොඩ ආයෙත් ගන්න එපා ,Neg
සනාථයි ඇත්ත ගෑනු ලඟට සල්ලි දීලා මිනිස්සු ගිහින් පස්සේ හන්වඩු ගහනවා ,Pos
අනේ වාසනාවන්තයි සෙන්කඩගලට මේ වගේ හදවත පිරිසිදු මහත්තයෙක් ,Pos
සෙරමන්ලා කඩේ යන අය තමයි ,Neg
ඔයාගේ song එක නම් පට්ට bro ,Pos
ලස්සනයි අයියා කොහොමත් ඔයාගේ singing වලට ආසයි ,Pos
මේ වගේ කෙනෙක් කියලා හිතුවේ නෑ ,Neu
වෙලාවට අනුෂ්කා අයියා නැත්තේ නැත්නම් දුලජ්ට කතා කරන්න වෙන්නේ නෑ ,Neu
ලංකාවේ හැටියට PC ගැන දැනුම දෙන අයට thanks ,Pos
phone එකේ user experience එක වැදගත් ,Pos
නියමයි මල්ලි සුපිරි ,Pos
පට්ට backing ,Pos
ආඩම්බරයි මචං උබ ගැන ,Pos
වාව් ලස්සන interview එකක් ,Pos
unlike කරපු උන්ට අම්මලා නැතුව ඇති ,Neg
නිරෝධා අක්කේ නියමයි ඔයා ,Pos
රංජන්ට බනින හැමෝටම හොඳක් නෑ ,Neg
සඳුන් අයියා පට්ට video එකක් ,Pos
මේ pain එක අහන්න බෑ ,Pos
band එකට සුපිරි ගහන කොල්ලෝ ,Pos
PC build එකක් කරලා දෙන්න අයියා කීය ගන්නවද ,Neu
නියමයි අපේ හමුදුරුවනේ ,Pos
පට්ටයි සහෝදරයෝ දෙන්නෙක් වගේ පේන්නේ මට විතරද ,Pos
මේ programme එකේ හොඳම voice එක මේ නංගි ,Pos
පව් කාට හරි රැකියාවක් දෙන එක හොඳයි ,Neu
ගෝටාබය ආවහම ආයෙත් වහල පාලනයක් ,Neu
මොකද්ද බන් ඔයා කියන video එක ,Neu
ලැජ්ජ නැතුව media වලට එන හැටි ,Neg
හරි ආසාවෙන් බැලුවා ,Pos
unlike කරපු අය රංජාගේ අගමිකයෝ ,Neg
එහෙත් අපි සිංහලයන්ට ආදරෙයි ,Pos
ඇත්තටම කියන්න වචන නෑ හරිම සතුටුයි ,Pos
ඔයාගේ voice එකෙන් මේකට ලස්සනක් add කරලා තියෙනවා ,Neu
මේ සුන්දර මනුස්සයාට මහත්තම ගතියෙන් කතා කළානම් හොඳයි ,Pos
අයියා අපේ ගමේ කොල්ලෙක් අපේ ආදරෙයි ,Pos
අපෝ දැන් unsubscribe කරා ,Neg
නන්දා මාලිනී මහත්මියගේ සිංදුවත් අහන්න ,Pos
සිරිසේනගේ මල්ලි වගේ බයිලා ගහනවා ,Neg
එක අම්මට ආදරේ තරම්ම වැදගත් ,Pos
mic balance කරන්නේ නැද්ද ,Neu
ඇයි මේයාව ගෙනාවේ clean කරන්න එපා ,Neg
අර කෙල්ලගේ අම්මා over acting නේද ,Neg
මේ කාලකන්නියා තරම් අවජාතිකයෙක් නැහැ ,Neg
නියම programme එකක් ,Pos
මගේ ගෙදර රකින්න හමුදුරුවනේ ,Neg
බුදුසරණයි ඔබ වහන්සේට ,Pos
ඔබට හඬින් මිනිස්සු නැටවන්න පුළුවන් ,Pos
සිංදුවේ ලස්සනයි කවුරු මොන කියුවත් ,Pos
මෙයාව හරි යන්නේ නෑ ,Neg
පට්ට චරිතයක් හිතුවට වඩා වෙනස් ,Pos
මුන් චන්දේ දෙන්නේ රටට විරුද්ධව ,Neg
මට හිතුනා මුලින්ම ශෂිකාව තෝරයි කියලා ,Neu
කෙලව ගත්තා ශෂිකාගේ team එකට ගිහින් ,Neg
ගොඩක් දුක හිතෙන ලස්සන song එකක් ,Pos
ලහිරු උබට අපේ හමුදුරුවෝ ගැන ගරු කරන්න කියපන් ,Neg
අපි හදමු සිංහල පක්ෂයක් ,Pos
පෝන්න සිවුරු කාරයෙක් ලැජ්ජයි ,Neg
Voice Teen Pathum මතක් උනා ,Neu
බති‍ය ලොකු fan කෙනෙක් නේද ,Pos
මග දම්පියන් මග ආස දකින්න ,Pos
ලහිරු ඔයා ඒ මහත්තයාට නමින් කතා කරනවා පව් ,Neg
YouTube live එකක් ඕන ,Pos
මගේ අත්දැකීමෙන් තේරුණා හොඳ මිනිස්සුන්ට තැනක් නෑ ,Neu
හොඳට හිටපු PC Guide අයියාත් වෙනස් වෙලා ,Neg
හරි බන් එල අපි උබේ පැත්තේ ,Pos
අනේ මන්ද අරගෙන් තියෙන්නේ පුදුම හැකියාවක් ,Pos
හර්ෂ අයියා ජය වේවා ,Pos
කසුන්ත් හැරුණා දැන් දැනගත්තා ,Neu
උබ කෙල්ලෙක් උනා නම් select ,Neg
අම්මෝ එක super ,Pos
ඉයා බන් මේව සිංදුද ,Neg
දරුවන් දෙන්නා අපි දෙන්නා නීතියක් වෙන්න ඕන ,Neu
ඇත්තටම මාර හැඟීමක් එනවා voice එකට ,Pos
filter කියන්නේ ගොනෙක් ,Neg
හරිම ලස්සන හිත නිවන කටහඬක් ,Pos
ගෙහන්ගේ WhatsApp number එක දෙන්න පුළුවන්ද ,Neu
ඔබ අද සමාජයේ දකින්න දුර්ලභ මවක් ,Pos
අනේ හුටෝ තො දන්න music ,Neg
සුපිරි කෙල්ලෙක් මේක බලලා fan කෙනෙක් උනා ,Pos
මේ සිංහයාව ජනපති කරමු ,Pos
මට විතරද මෙයාට crush එකක් තියෙන්නේ ,Pos
ගැහැණියට අපහාස කරන පිරිමි බල්ලෝ වෙන්න ඕන ,Neg
අයියාව contact කරගන්න විදිහක් නැද්ද ,Neu
Australia වචන පට්ට comment ,Pos
මේ ගෙහන් බ්ලොක්ගේ මල්ලි කියලා දැනගන්නකොට වයස කීයද ,Neu
comments කියවන්න ආවෙ මම විතරද අතල් ගන්නෙ ,Pos
සිංහල බෞද්ධ සංස්කෘතියේ නරක දේවල් නෑ bro ,Neg
අඩුම තරමේ පොඩි graphic card එකක් ගන්න තිබ්බානම් ඇති මට මේවා හීන මට ,Neg
යනවා හිතේ දුක දරා nice song ,Pos
අක්කා එක්ක කතා කරන්න ඕන ,Pos
සනුක වික්‍රමසිංහ එක්ක program එකක් කරන්නකෝ ,Neu
මේ දවස්වල අහන සින්දුව ,Neu
hiru star හර්ෂ super star හර්ෂ දැන් the voice හර්ෂ සුභ පැතුම් ,Pos
අනේ පට්ට ගොනා ,Neg
කසුන්ගේ අම්මා කියලා දැන්ගත්තේ අද කියපන්කෝ ,Neu
ඔයා සින්දුව එක්ක ජීවත් වෙනවා මට නිකන් තොටිල්ලක් පද්දනවා වගේ මට දැනෙන්නේ ,Pos
මේ මගේ ජනප්‍රියම එක මේ songs එකේ වෙනවට කවුද කැමති ,Pos
එදාත් අදත් කැමතියි ,Pos
hiru star මතක් උනා ,Neu
උබ marry කරන්න යන්නේ muslim බැල්ලියක් මොකෙක් උනත් උබ ගැන කනගාටුයි ,Neg
ඇයි නිදහස් කරන්නේ නැත්තේ අනිවාර්යෙන් නිදහස් කරන්න ඕන මේ රටේ ඉන්න උතුම් ස්වාමින් වහන්සේලා ,Neu
filtyත් එක්ක බලුවම උබ එල පොරක් filty කියන්නේ මහ මුඩුක්කු පුතෙක් ,Neu
කවදාවත් වැරදින්න එපා ඔයාට ,Pos
අද ශෂිකා අක්කි ලස්සනයි ගොඩක් ආදරෙයි ,Pos
අයියේ සින්දු නම් ගැම්ම ,Pos
ලහිරු අයියා නියමයි හරි open කතා කරනවා ,Pos
band එකේ නම කියන්නකෝ අයියේ ,Neu
හැමදාම එකම ඇඳුම මොකද දන්නේ ,Neu
muslim මිනිස්සුන්ගේ කඩවලට බඩු දන්නේ muslim මිනිස්සුම තමයි උන් සිංහල මිනිස්සුන්ගේ බඩු ගන්නේ ,Neu
මේ වගේ වැදගත් programme එකක් කළට thank you brotherට තියෙන ජීවිත අවබෝධය හැමෝටම තේරුම් ගන්න පුළුවන් නම් ජීවත් වෙන්න ප්‍රශ්න වලට මුහුණ දෙන්න ලේසි thank you and god bless you brother ,Pos
මේක සම්පූර්ණයෙන්ම බලුවානම් තේරෙනවා මේ මනුස්සයා සමාජයට දෙන්න යන්නේ වැදගත් message එකක් කියලා ඇත්තටම වැදගත් person කෙනෙක් best of luck අයියා ,Pos
ආයෙ සුපිරි කොල්ලෙක් ,Pos
chanux broටවත් බෑ මෙච්චර හොඳට explain කරන්න ,Pos
අන්තිම ටිකට නම් දුක හිතුනා එයාව miss උනා එහෙනම් ,Neu
මහින්දටද කාටද වැරදුනා කියලා දැනගන්න පුළුවන් ඡන්දෙන් පස්සේ ,Neu
මල්ලි කියනවා වෙබ් නේද එපා වෙනවා ,Neg
පිට රට ඉඳන් හැදීලා වැඩීලා ඇවිල්ල මෙලෝ accent එකක් නැති හැටි සමහර අපේ යාලුවෝ අවුරුද්දක් රට ඉඳලා එද්දි එන්නේ බොරුව accent එක්ක බොරුවෙන්ම දුවන ලෝකෙක ඔබ වැනි බුද්ධිමත් කාන්තාවන් රටට ලෝකෙට සම්පතක් ,Pos
නියමයි bro ආදරෙයි ,Pos
නියමයි තව අලුත් දෙයක් කරන්න සුභ පැතුම් ,Pos
පට්ට වැඩ්ඩෙක් තමයි අර අයියා ,Pos
ඔබ වහන්සේට බුද්ධ සරණයි පිහිටයි ,Pos
සින්දුවට video එක කිසිම ගැලපීමක් නෑ ,Neg
ගෝටට මහින්දගේ මල්ලි කියලා අපිට අමතක උනා ඒක ලොකුම වැරද්ද අද ,Neg
ගම්පොල කොල්ලෙක් සුපිරි ,Pos
සුද්දෙක් උනත් හොඳ මිනිහෙක් ,Pos
කසුන්ටයි මේ කෙල්ලටයි කතා කතා කියන්න නැතුව පොඩ්ඩක් මානුෂීය විදිහට හිතපල්ල ඔය ඔස්ට්‍රල්ලාට පුළුවන්ද මේ stage එක නගලා සරිගමවත් හරියට කියන්න ,Neu
මේ සින්දුවේ තේරුම හරිම ලස්සනයි ,Pos
සින්දුවෙන් කියවෙන්නේ එකක් video එකෙන් කියවෙන්නේ එකක් ලංකාවේ ඇයි අප්පා සින්දුවට ගැලපෙන visual එක කරගන්න බැරි ,Neg
ඌ මොකෙක්ද නාකි වෙනකම් රට කාලා මුන්ව ගෙනත් පෙන්නනවත් අප්පිරියයි ,Neg
සුද්දෙක් අපේ සිංහල කතා කරනකොට ආපු ගැම්ම ,Pos
එල කතාව බුද්ධිමත් කොල්ලෙක් ,Pos
දිනාගෙන යන යන තැන ඔබ හින්දයි ,Pos
රටට පහළ වූ බුද්ධ පුත්‍රයෙක් තෙරුවන් සරණයි හමුදුරුවනේ ,Pos
මතුම කෙලින් කතා කරන කෙනෙක් බල තණ්හාව නෑ ,Pos
කාගෙවත් බණ අහන්න ඕන නෑ තනියෙන් ගමක් ගහපන් උදාර මොනත් ඕන නෑ නංගියේ ඒ ආදරේ අති පුදුම දෙයක් දැක්කේ ඒ ඇස් දෙකෙන් ඇඳුනා මටහ ,Neu
ගොබ්බන්ට මෙයත් වීරයෙක් නටපු නාඩගම මතක නෑ නුවර වැව වටේ ,Neg
ලහිරුත් උබ හොරගේ අම්මගෙන් පේන අහව යකෝ රටේ කන්න නැති එකෙක් ගෙනල්ලා ප්‍රශ්න කරපන් පක්කු show නොකර ,Neg
පක්ෂ භේදයකින් තොරව ඇත්ත කියනවා මගේ ගෞරවය ,Pos
අයියේ iq option trade කරන හැටි deep talk video එකක් ගෙනන්නකෝ ,Neu
තරුණ කාලේ අපේ role model එක ,Pos
හරිම වටිනවා මෙහෙම මිනිස්සු දැකින් ආසයි ඉස්සරහටත් සුදු බණ්ඩා ,Pos
මිනිස්සුන්ගේ ජීවිත ගැන අහුම්කම් දෙන්න ඕන තේරුම් ගන්න ඔයාත් දෙවි පිහිටයි ,Neu
තිබ්බ machine එකත් පිච්චුනා දැන් මොනවත් නෑ ,Neg
bns steal එක මරු ,Pos
පට්ටම ලස්සනයි අක්කේ හිතාගන්නවත් බැහැ good luck ,Pos
wow ඔයා නම් brand එකක් sis ,Pos
මං ආසම talented කොල්ලෙක් අයියා ආදරෙයි ,Pos
ඔබට සම්බුදු සරණයි ,Pos
අම්මෝ එක පට්ට අහ් ,Pos
voice එකෙන් රාවණා වගේ ,Neu
පරාද කොහෙද අහන එක මරු ,Pos
සින්දුව නම් හොඳයි ඒත් ගොන් බඩුවක් දාලා video එක විනාස කරලා දළදා හමුදුරුවන්ගේ පිහිට නෙමෙයි තොපිට ලැබෙන්න ඕන හෙන ගහන්න ඕන ,Neg
පට්ටයි හොඳේ මාරයි ,Pos
thank you අයියා මේ චරිතය මෙහෙම interview එකේ කළට නමුත් අයියා කියුව විදිහට අය radio එක ඇතුළේ ඉන්න තුරු අයගේ demand එක ගොඩක් වැඩි වචන නෑ ලංකාවේ ඇති දක්ෂ number one නිවේදකයා ,Pos
භූමි ඇත්තටම ඔයා සමාජයේ ඉන්න ඕන කෙනෙක් නංගියෝ මිනිස්සුන්ට හොඳ ආදර්ශයක් ගැහැණියක් විදිහට ඇත්තටම ගරු කරනවා නංගි ඔයාට බුදු සරණයි ,Pos
අපේ අප්පෝ මේකි මේ මොනවාද කියන්නේ ඔහොම තමයි වයසින් බලලා මිනිහෙක් බැඳලා පවුල් කඩගෙන දැන් රඟනවා මේකත් පතිනි අම්මා වෙන්න යන චරිතයක් හොඳ නම් කොහොමද පවුල කඩන්නේ ,Neg
හමුදුරුවගේ අම්මා දැකගැනීම හරිම සතුටක් බුදුසරණයි ,Pos
අනේ නිලු ඔයා උතුම් අම්මා කෙනෙක් ඔයාට හැමදාම ජය ,Pos
හා හා හා තුන් පාරක් බලුවා එතන විතරක් ,Pos
අක්කා බොහෝම හොඳ කෙනෙක් හොඳ අම්මා කෙනෙක් මේ රටේ ඉන්න හැම කෙනෙක්ටම හොඳ ආදර්ශයක් මං බොහෝම කැමති හොඳ නිහතමානි කෙනෙක් මං මේ වැඩසටහන බලනවා මං මේක කිහිප වතාවක්ම බලුවා හරිම ලස්සනයි ,Pos
මම හිතුවේ build කරන එක අමතක වෙලා කියලා ,Neu
කතාව හැසිරීම අඳුම කොයි තරම් වැදගත්ද උපතින්ම ගැහැණුන් උනා ගොඩක් දෙනෙක්ට ලොකු ආදර්ශයක් සුභ අනාගතයක් භූමි ,Pos
හොරක්ව market කරන්න නෑලු අහනම් ගෝටාව අයියා market කරනවා ඉරාජ් ,Neg
මම ආසම නිවේදකයෙක් සුපිරි ,Pos
කොහොමත් යථාර්ථය ඔහොම තමයි හමුදුරුවනේ ,Neu
කන්‍යා පටල සංකල්පය ලංකාවේ නැති වෙච්ච දාට ලංකාව දියුණු රටක් වෙලා තියෙයි අඩුම තරමේ දියුණු විදිහට හිතන මිනිස්සුන්ගෙන් පිරිච්ච රටක් වෙයි ,Pos
බුද්ධගමේ හතුරෝ අපේ උන් හැමදාම මුන්ට රවටෙනවා ,Neu
හැමදේටම බුද්ධිමත් විදිහට පිළිතුරු දෙනවා ,Pos
ඒගේ හිරි කඩු පිපුනා මාරම ලස්සනයි කියන්න වචන නෑ ,Pos
උමාරියගේ හිනා මුව මුව ,Pos
අපි උබලත් එක්ක දිගටම තම්බි එලවන්නයි ඕන මෙහෙන් ,Pos
මොනද මේ පූකේ video සින්දු වලට වඩා හොඳයි තත්තම band නන්දෝ නොදකින් ,Neg
සිරාවටම එල ඉරාජ් bro ලංකාවේ මිනිස්සු දැන් වෙනස් වෙන්න කාලේ හරි ,Pos
මේ ගගන ගමියා නේද මූ තාත්තා ජනාධිපති කාලේ colombo university එකේ phd එකක් කළා දැන් බලය නැති හින්දා මූ මෙහෙම කතා කරනවා ,Neg
ඇත්තම පොට්ට සුදු ඒවට ලොකු තැනක් කසුන් වැඩක් නෑ ශෂිකා වැඩක් නෑ ,Neg
අද අර කෙල්ලට හැරුණ එක උබට chance එකක් දෙන්න තිබ්බ කොල්ලෝ මාරම අසාධාරණයි ඔයගේ ගමන නවත්තන්න එපා ඔයා හැමෝටම රිදෙන්න ගමනක් යන්න අද හැරුණ ඔනෙලිද කවුද කියන කෙල්ලට වඩා උබ මාර දක්ෂයි මාර අසාධාරණ දෙයක් උනේ ,Neu
අපි සිංහල බෞද්ධ මනුස්සකම තියගෙන ජීවත් වෙන්න බැඳින්න මුන්ට උන් හිටපු තැන නැතිවෙයි ,Neu
ජනාධිපති වරෙන්ට ඉල්ලපන් එකෙන්ම දෙනවා මේ වගේ නායකයෙක් තමයි ඕන සිංහලයාට ,Pos
මේ අයියා hiru star season එකේ හිටියා නේද ,Neu
කෝ බලන්න අපේ උන් ටික මට නම් පට්ටම පට්ට ,Pos
මං නම් කවදත් නෙහාරා අක්කට ආදරෙයි එයාගේ dancing පොඩි කාලේ follow කරපු නිසා තමයි අද මං මෙච්චර දක්ෂයෙක් උනේ ආදරෙයි එයාට හැමදාමත් ,Pos
මේ pcට කියා යන්න අඩ්ඩ ,Neu
අනේ ඇයි අප්පා මේ කුමාරි කියන්නේ තනි කර මෝඩ කාන්තාවක් ,Neg
මේක පෞද්ගලික ප්‍රශ්න නිසා ගෝටාට ගහනවා ,Neg
video එක සින්දුවට ගැලපෙන්නේ නෑ ,Neg
නියමයි අපේ හමුදුරුවන් ඔකට ගහලා එලවන්න ඕන ,Pos
ප්‍රිය අයියා නියමයි ,Pos
එක අමුතු voice එකක් ,Pos
ඇත්තටම මම tele drama එකක act කළා මට ගොඩක් හොඳින් සැලකුවා කිසිම වෙනසක් කළේ නෑ ,Pos
අම්මේ ඔයාට බුදුසරණයි මේ වගේ හමුදුරුවෝ සමාජයට දායාද කළාට පින් ,Pos
ඔබ වහන්සේගේ කතාව ඇත්ත අපේ හමුදුරුවනේ ,Pos
ඒ ගෑණි මාර බයට එහෙම කියන්නේ ,Neg
කියන්න වචන නෑ මං stunned උනා good luck ,Pos
නියමයි හමුදුරුවනේ ඉතාමත් හොඳින් කතා කරනවා ,Pos
සිංදුව ලස්සනයි video එකත් ලස්සනයි මේ වගේ song කරන්න හොඳයි ,Neu
අන්න අපිට හොඳ බයිලා ටිකක් අහගන්න පුළුවන් ,Pos
චාමරි අතපත්තු මගේ මල්ලිට cricket බඩු ගොඩක් දුන්නා අදත් thanks ,Pos
කතා කරන style එක භූමි වගේ මේ අදහස් වටිනවා ,Pos
කලින් plan කරලා වගේ super voice ,Pos
කෙලින් කතා කරන මගේ ආසම දේශපාලකයා ,Pos
මං පළවෙනි වතාවට episode එක ඉවර වෙනකම් බැලුවා ,Pos
මේ ත්‍රස්තවාදීන්ට හෙන ගහන්න ඕන ,Neg
පට්ට store එකක් good job ,Pos
සුද්දන්ට ගියාම අපිට තමයි කෙලවෙන්නේ ,Neg
කුමාරිට කිසිදා වාර දිනන්නේ නෑ දුකයි ,Pos
ආදරෙයි හැමදාම සහෝදරයා ,Pos
Lionel Richie Hello song එක ඔයාගේ voice එකට යයි කියලා හිතෙනවා ,Neu
මේ පෝන්නයා වැඩක් නෑ ,Neg
හරිම ආදර්ශමත් කාන්තාවක් ඔබට ආදරෙයි ,Pos
බලන්න මේයාගේ හැසිරීම ,Neg
ඔයාගේ voice එක කියන්න බැරි තරම් මිහිරි ,Pos
ඔයා හරිම ලස්සනයි මං ආසයි ඔයාට ,Pos
කප් එක ගන්නෙ මෙයාම තමයි ,Neu
රාජපක්ෂලාට හෙන ගහන්න ඕන ,Neg
හරිම වැදගත් නිවේදකයෙක් ,Pos
පල පට්ට බල්ලී යන්න ,Neg
රත්තරන් අම්මා කෙනෙක් ,Pos
සිංදුව හොඳයි visual එක අවුල් ,Neu
උස්සන්න නෙවෙයි තල්ලු කරන්න ඕන ,Neu
අදහස් හොඳයි නමුත් තව හොඳ කරන්න ඕන ,Neu
Hiru Star එකේ හිටපු ගොඩක් අය ,Neg
හමුදුරුවනේ මේක වැරදි ,Neg
අන්තිම එක මුලින් කිව්ව නම් පට්ට ,Pos
මාර කතා මාරම relax ,Pos
මේ සතියේ voice global යයි ,Pos
සිංදුව ගොඩක් ලස්සනයි ,Pos
වැඩිය කල් දාපු නිසා upset උනා වගේ ,Neg
කුමාරි අක්කේ හොඳින් ඉදිරියට යන්න ,Neu
බුදු අම්මෝ ශෂිකා ඉන්දියාවත් අඩනවා ,Pos
crack ගැසුවා ,Neu
අපෝ ඇයි මේයාව කපුවේ ,Neg
යකූත් පිටියට ආව දැන් තරඟය පටන් ගත්තා ,Pos
නිකන් English බැරි කියනවා spelling වැරදි ,Neg
sound එක නියමයි ,Pos
ලහිරු උබට ගරු කරන්න දන්න නෑ ,Neg
අයියෝ තව පැයක් තිබුණානම් ,Pos
සමහර දේවල් නම් බොරු ,Neg
අයියේ මටත් build එකක් හදන්න උදව් කරන්න පුළුවන්ද ,Neu
තෙරුවන් සරණයි ඔබ වහන්සේට ,Pos
මං දැක්කා ලස්සනම performance එක ,Pos
මු නළුවෙක් වගේ රඟපානවා ,Neg
දැනටමත් ඔක්කොම video බලලා ,Pos
එහෙම නම් මහින්ද හොඳද ,Neg
තව කාලයක් තිබුණානම් පට්ට ,Pos
කොච්චර හැරුණත් නෙමෙයි feeling එක හොඳයි ,Pos
මම ඔයා ගැන වැරදියට හිතුවා sorry ,Pos
සිංදු හොඳට රස විඳින්න දැන් බැහැ ,Neg
කොහොමත් තම්බියගේ ගින්න තියෙනවා ,Neg
මෙයා නේද Hiru Star එකේ හිටියේ ,Pos
යකෝ මගේ ඇඟ හිරිගඩු පිපුනා ,Pos
මගේ laptop එකේ bluetooth වැඩ නෑ ,Neu
thank you අයියා ගොඩක් කාලෙකින් බලපු video එකක් ,Pos
පට්ට කතාව respect sis ,Pos
කවදාද ලංකාවේ මත්ද්‍රව්‍ය නැති වෙන්නේ ,Neu
නියම අවංක මවක් ,Pos
සිංදුව පට්ට but video එක හොඳ නෑ ,Neu
අම්මගේ චරිතය හොඳට කරලා ,Pos
බුද්ධාගමට කැමති නම් එය අනුගමනය කරන්න ,Neg
campus එකේ හොඳ අය තෝරලා ගෙනාවා ,Neu
අනේ ජරා ගෑණි යන්න ,Neg
Allah ගැන ඔබගේ අදහස වැරදි ,Neg
මගේ සිහින කුමාරි අක්කි ඔයාට ආදරෙයි ,Pos
කෙලින් කතා කරනවා අක්කි ජය වේවා ,Pos
දෙයියෝ මොකද කිව්වේ ,Neu
කුමාරිට දක්ෂතාව ගොඩක් තියෙනවා good luck ,Pos
මෙයාට සිංහල හරියට කතා කරන්න බෑ ,Neu
අනිවා අපි ඔබ සමඟ ,Pos
අනේ ඒ අහිංසක හිනා පව් ,Pos
දැන්වත් තේරුම් ගන්න ,Neg
අයියා ඉස්සර ඉඳන් කියපු දේවල් මතකයි අපි එකතු වෙමු ,Pos
ඇත්තටම Wasthi videos වලින් ගොඩක් දේවල් ඉගෙන ගන්න පුළුවන් ,Pos
melody එක හොඳයි mix එකත් හොඳයි ,Pos
නාගා sirට ජය වේවා ,Pos
කසුන්ව තෝරගන්න එපා ,Neg
සමන් ලෙනින් sirගේ comment එකක් ඕන ,Neu
හොයා හොයා හිටපු video එකක් thank you ,Pos
තුන් පාරක් බැලුවේ මම විතරද ,Pos
අයියේ මේ PC එකේ GTA ගහන්න පුළුවන්ද ,Neu
දේශපාලනය වැදගත් නෑ fun එකයි වැදගත් ,Pos
Redmi phone එකෙන් බලන අය like කරන්න ,Pos
මිනිස්සු කියන දේවල් ඇත්තක් තියෙනවා ,Pos
ඔයා වගේ දෙපැත්තට වැඩ කරන්න එපා ,Neg
MIUI සහ Android වෙනස කියන්න බැරි උනා ,Neg
හමුදුරුවනේ අපි ඔබ සමඟයි ,Pos
සුපිරි bro ඔයාගේ channel එක මං ආසයි ,Pos
ජීවිතේ දිනපු චරිතයක් ,Pos
බල වලාපෙමි නෙලා ගනු බැරි හන්තාන සිහිනේ ,Neg
මත් කැමති මං ලිස්බන් love කරා අවුරුද්දක් ඉතපස්සේ එයා මාව මගෙරියා මං තාමත් love එයාට පණටත් වැඩා අපිටත් රටේ තැනක් දෙන්නකෝ ,Neu
හරිම වැරදි hiru star වගේ මේකත් නිකම් ,Neu
මේකේ signal අවුලක් තියෙනවා කියලා ගොඩක් අය කියනවානේ එහෙම නැද්ද ,Neu
wow super කොල්ලෙක් වගේ fashionable කෙල්ලෙක් ,Pos
cash ශෂිකාගේ voice එක මෙච්චර ලස්සනට අහලා තිබ්බේ නෑනේ wow congratulations දෙන්නටම super ,Pos
අනේ උබ පත්තිනි අම්මනේ ,Neg
ඇත්තටම ලස්සනයි හදවතට දැනෙන දේ කියාගන්න බැ ,Pos
මේකේ ඉන්න විශාරදලා වැලලුණට ඒ කෙල්ලව තෝරනවා ඉවරයි උබලා නැතුව කියලා වැඩක් නෑ ,Neg
පොඩ්ඩක් විතර අවුල් ,Neg
ම කඳුරේ මධුෂ්ව දැක්කා අය කෝ ,Neu
මහ ලොකු සිංහල ශ්‍රීලංකීය කියලා කියාගන්න මිනිස්සුන්ගේ ප්‍රතික්‍රියාව තමයි ඔය කියන්නේ ,Neg
ඇත්ත අපේ හමුදුරුවනේ රටේ නායකයෝ තම්බින්ට වඩා තම්බි වෙලා ,Neg
මට පෙන්න බැරි අප්පිරියම හිරිගිති චරිතයක් මේක ,Neg
මෙහෙම නම් කාටවත් වෙන්න එපා ,Neg
savee අයියා superb performance අහ් ,Pos
ඔයාට අපි නම් බනිනේ නෑ හැබැයි හිනා උනා අක්කා ඔයාට ඉස්සරහට යන්න ලැබේවා ,Neu
ආඩම්බරයි ඔබ ගැන මත් හිත ශක්තිමත් කරගත්ත ඔබ වගේ ,Pos
මේ hindi song එක දන්න කෙනෙක් ඉන්නවනම් කියන්නකෝ ,Pos
ඇත්ත කතාකරන බිම ඉඳගන්න බයවෙන්න ඕන නෑ ,Pos
කතාවයි වැඩේයි හැබැයි මොකද මේට වඩා හොඳට සින්දු කියපු උන්ව ගෙදර යැව්වා ,Neg
ආදරණීය මනුෂ්‍යත්වය කිසි දිනක නොමියාවි ,Pos
අනේ ඇයි මෙච්චර හිතට දැනෙන voice එකක් අයින් කළේ අප්පා ,Neg
හම්මේ අයියලා නංගිලා final හොඳ සෙල්ලම් බලගන්න පුළුවන් ,Pos
super vini ලගේ build එකේ ඕන ,Pos
ලස්සනයි voice sri lanka බලන්නේ මේ නිසායි ,Pos
ඔබ බෞද්ධ දර්ශනය හරි ලෙස තේරුම්ගෙන නෑ සම්ම කම්මන්ත යනු ධාර්මික කර්මාන්ත වල නියැලීම කතා ආ පලියට මුසාවා නොදොඩන්න ,Neg
අනේ ඔයාට ආස හිතෙනවා ,Pos
තමන්ගේ අම්මා ගැණියක් බව දන්න සහ ඇයට ගරු කරන මහත්තුරු කවදාවත් වැරද්දක් කළත් ගැණියකට ගරු නොකර ඉන්නෙ නෑ ,Neu
චිචි අයියා එල කොල්ලෙක් වැනේ දැම්මේ ,Pos
කොන්ද පණ නැති දේශපාලකයන්ට පාඩමක් උගන්නන්න පුළුවන් කොල්ලෙක් ,Pos
මොංගොල්ද මේ මනුස්සයාට මේ මිනිහට වෙන වැඩ නෑද නොදකින් කාලකන්නියා ,Neg
හිතට දැනුන ලොකු කතාවක් wish you all the best your bright future ,Pos
ඔබ වහන්සේට බුදු සරණයි ,Pos
ඔයාට ගොඩක් ආදරෙයි අක්කේ තෙරුවන් සරණයි ,Pos
දුලිකා මාරපන ගෙන්වන්න ,Neu
නිර්මාණ වැඩිය කියන්නේ මු වගේ හල්පරුවන්ටද ,Neg
අර කියන්නේ නම් නිවේදකයෙක් නෙවෙයි legend කෙනෙක් මම හැමදාම අහනවා මට මාව දැනෙනවා අරගේ කතා වලින් තවත් ඉදිරි ගමන සාර්ථක වෙන්න සුභ පැතුම් ,Pos
පුලා පුලා බලා සිටි ඒ සොඳුරු මොහොත ,Pos
සුභ පැතුම් film එකට ,Pos
අයියා වගේම පොඩි එකා සුපිරිය ,Pos
මෙවැනි පහත් ගැණුන්ව මෙවැනි සාකච්ඡා කරන්න මාධ්‍ය මේ තරම් පහතට වැටිලාද රටට සුගතියක් වෙන දේවල් ගැන සාකච්ඡා වලට ගෙන්වන්න හොඳ අය ඉන්නවා නේද ,Neu
ඔක අලෝවටත් නෑ මෙලෝවටත් නෑ කටට ආපු එකක් ඔහේ කියනවා ,Neg
මේට වඩා හොඳ අයව හැලුණා හැබැයි ඒත් singing හොඳයි දේයක් තේරෙන නිසානේ හැරෙන්නේ අනේ මන්ද ඉතින් ,Neu
nice voice feelings songs අහන්න අය එන්න ලස්සනයි halo ,Pos
වැඩක් නැති අය තේරුවා ඔයාට ඉස්සරහට ගමනක් තියෙනවා ලස්සන voice එකක් ,Neu
මේ setup එකට කීයද ගියද ,Neu
මහ ලොකු සිංහල බෞද්ධ ආණ්ඩුව ,Neg
අනිත් උන්ට ඔහොම නෑ හෙන ගහන්න ඕන ආණ්ඩුවට ,Neg
ඒ දවස්වල ඉඳන්ම video බලපු අය තාමත් ඒ විදිහටම video බලනවා ,Pos
මුගේ අම්මට සිරිපාලට හපාන් වෙයි අයියෝ සල්ලි ලග නමලා කොටි කතායි පුකයි වහගෙන ඉදි උබ ධර්මශෝකද රාජපක්ෂ කෙනෙක් එනවා ලොක්කා නී කයිද රෝස් පන් ,Neg
මහින්දලට වෙන්නේ හන්දි ගානේ කිරිබත් උය උය එන්න ,Neg
bitcoin mining කරන්න හදපු එකක් ,Neu
සින්දුව එකක් video එක අනේ මන්ද මහත්තයෝ ,Neg
දැක්කම පිස්සු හැදෙනවානේ ,Pos
බුදු සරණයි ඔබතුමාට ,Pos
දෙක ලස්සනම battle එක කොල්ලෝ දෙන්නා ,Pos
අර hiru fm ආව දවසේ ඉඳලාම අහනවා දැන් hiru අහන්නේ නම් නෑ ,Pos
ඕනම දෙයකට විදියක් තියෙනවා සල්ලි පස්සේ යාම රටේ අභාගය ,Neg
බැංකුවක්වත් කඩන්න වෙයි ,Neg
පලයන් බං යන්න ,Neg
අලුත් song එකක් ඕන ,Neu
ලස්සන හොඳ සංවාදයක් අවංක මිනිහෙක් අයියා ,Pos
මගේ ඇස් වලට කඳුළු ආවා රත්තරන් අම්මා කෙනෙක් මටත් ඔයා වගේ අම්මා කෙනෙක් ලබන අත්මෙන් හම්බ වෙන්න කියලා මං ප්‍රාර්ථනා කරනවා ආදරෙයි ගොඩක් ඔබතුමියට ,Pos
ම ගොන්නන්ව පොම් කරන්න එපා ,Neg
සින්දුවක් අහනවා කියලා දැනුනා sis දැන් අපිට අහන්න තියෙන්නේ මොනවද කියලා හිතුනා ඔයා ඔයාවම පරිස්සම් කරගන්න congratulations ,Pos
ඔයා වගේම song එකත් පට්ට ලස්සනයි අක්කියෝ ,Pos
wow පිටින් පෙනෙන අක්කට වඩා ඇතුළේ ඉන්න අක්කාගේ හයිය දැක්කේ අද thank you ,Pos
අයියේ මටත් ඒ computer course එක කරන්න ඕන විසඳුමක් නැද්ද please reply ,Neu
මේ වගේ තව එකක් ඕන ,Pos
අනික් මිනිස්සු මිනිස්සු නෙවෙයිද රංජද මිනියා ,Neu
නියම චරිතයක් අයියා ,Pos
අයියා ඔයා අපේ රටේ ජාතික වීරයෙක් මං ඔයාගේ videos වලින් ගොඩක් දේවල් ඉගෙන ගත්තා ඔයාට ගොඩක් පින් ,Pos
video එක පට්ට අප්පා ,Pos
අනේ අයියේ පොඩ්ඩක් කියන්නකෝ ryzen x එකද හොඳ නැත්නම් ryzen x එකද cores අඩු වැඩි උනාට performance එකට අවුලක් වෙන්නේ නැද්ද ,Neu
සුපිරි song coach තෝරගැනීමත් නියමයි ,Pos
muslim උන් පිස්සෝ කියන අය like කරන්න යන්න ,Neu
හිතට ලොකු හයියක් එනවා මේ කතාව අහනකොට ,Pos
ලහිරු ඔයාට thanks කුමාරි අක්කා ගෙනාවට අපිත් බලාපොරොත්තුවෙන් හිටියේ කුමාරි අක්කා දැකන්න කුමාරි අක්කට ඉදිරියට යන්න අත දෙන්න ඔයාලා බස් ,Pos
දරුවෙක් ගැහැණියක් ගැන නොහිතන දේශයට හිතති දේශපාලුවෙක් ,Neg
මේ වගේ දෙයක් කරපු එක නම් සුපිරි ,Pos
කසුන් අස් න කොහොමද අහන විදිහ නම් පට්ට ,Pos
video එක not matching නෙහ් සින්දුවට ,Neg
bass ගහන dial එකට දම්මික පැණිය දුන්නේ කවුද ,Neu
ආදරෙයි ඔබතුමාට බුදුසරණයි ,Pos
පට්ටයි අන්තිම ටික ගොඩක් ,Pos
මට පුදුම තවම chanux bro ඔකේ video එකක් දාලා නෑ නේ බං ,Neu
ඇත්තටම ලහිරුගේ වැඩසටහන් වලින් මම දැකපු අහපු වැදගත්ම කතාබහ ,Pos
මීඩියා වලට කොයි කවුරුත් වැඩ්ඩෝ ,Neg
මොන උනත් ඇත්තම කියනවා පොර ,Pos
පරණ හැමුවට වඩා මූට හොඳට කතා කරන්න පුළුවන්නේ නේද ,Neu
දෙන්නම එක පාර ගෙනාවනම් මේට වඩා වටිනවා ,Pos
ඇඳෙනවා ඔයි තනි ඇහැට ,Pos
දිලුකා අයියාගේ මාලිද ,Neu
ශ්‍රී ලංකාවේ asus laptop ගන්න පුළුවන් තැනක් කියන්න පුළුවන්ද i model එක ,Neu
ගොඩක් කැමති program එකක් ලහිරු හොඳට කරනවා segment එක ,Pos
උන්ට මිනිස්සුන්ගේ කතා අහන්න උන්ට පුළුවන්ද උන් අපේ සේවකයෝත් ඒත් උන් කරන සේවයක් නෑ ,Neg
පට්ට ලොකුවට edit කරාට අපි ඕන එකෙක් බලන්නේ low quality බං ,Neg
ප්‍රසිද්ධ නොවුනත් ඉස්සර රාජ කාලවල රාජවරුත් සමලිංගික සම්බන්ධතා තිබිලා තියෙනවාලු මම හිතන්නේ මේක ඒයාලගේ පව් පිං අනුවයි වෙන්නේ ,Neu
මටත් ඔයාට වඩා අන්තා ප්‍රශ්න තියෙනවා ඔයාත් එක්ක කතා කරලා හිත හදාගන්න ඕන ආසයි කතා කරන්න ,Neu
මුන් මේහෙම තමයි කොහෙවත් නැති දේවල් පදම් කරගෙන බොරුව අදහස් දීගෙන මිනිස්සුන්ව රවට්ටනවා ,Neg
හෙන ගහනවා මුන්ට පව් බ්ස් රංජන් ඔබට ,Neg
අන්තිමේදී හරි කරපු වැරදි වලට පසුතැවුණොත් හොඳයි ,Neu
පව් අනේ මොන උනත් ගොඩක් දුක් විඳපු කෙනෙක් ඔයා ,Neu
අයියේ අර ITN එකේ scene එක මොකද්ද ,Neu
කලා ලෝකය කොහෙද නිදාගෙන ඉන්නවා ,Neg
පලයන් ගෑණියේ යන්න බලන් හිටපන් ,Neg
නංගි ඔයාට සුභ අනාගතයක් ඔබගේ හැකියාවට පින් ,Pos
ඒයි බන් දෙවෙනියට කියපු එක මුලින් නැත්තේ ඇයි ,Neu
අම්බෝ එක පට්ට ,Pos
කසුන් හොඳයි කියන විදිහ ,Pos
ලස්සනට ගායනා කරනවා crowd එක හැරෙන්නේ නැත්තේ ඇයි ,Neu
phone review අයට මේක හොඳයි ,Pos
පොරක් තමයි ඔයා ,Pos
brainwash කරනවා ,Neu
වහල්ලුන්ට බත් බලයට රිදෙනවා ,Neg
congratulations මචං ඉස්සරහට යන්න ,Pos
respect උබලා මොන video දාත් අපි බලනවා ,Pos
අපෝ තොපි වගේ උන් නැති වුණාම හොඳයි ,Neg
සව්භාග්‍යේ කියලා තියෙන දේවල් ඒවා තමයි ,Neu
ඔබට අපි ආදරෙයි රට වෙනුවෙන් ,Pos
comment දැක්කම මේක මාර රටක් කියලා හිතෙනවා ,Neu
නියම ඇත්ත චරිතයක් ,Pos
මං ඔබතුමියගේ කතාවෙන් ගොඩක් දේවල් ඉගෙන ගත්තා ,Pos
build එක හදනකොට පොඩි එකාගේ අතල් බලපු අය කො ,Pos
Wasthi ඔයාගේ ජීවිත කතාව වැදගත් ,Pos
ආශිර්වාදය දෙන්නම් හදවතින් ,Pos
අක්කි song එක පට්ට මට ඇඩුනා ,Pos
සුපිරි interview එකක් ,Pos
චරිත හදන්න ගන්න අදහස් ගොඩක් තියෙනවා ,Pos
miss ඇයි හැරුණේ නැත්තේ voice එක ,Neu
සුපිරි චරිතයක් මේ නියමයි ,Pos
නොදකින් නිවේදකයත් පෝන්නයෙක් ,Neg
අක්කයි නංගියි වගේ ලස්සනයි ,Pos
ඔයාගේ Jaffna ජීවිත කතාව මගේ ජීවිතයට සමානයි ,Neu
ඇත්තටම ගොඩක් වටිනා කතාවක් ,Pos
අයියේ second hand parts දාලා build එකක් කරන්න ,Neu
අයියෝ what the hell chance එකක් දෙන්න තිබුණා ,Neu
හිරිගඩු පිපුනා mind blowing ,Pos
ගොඩක් ලස්සන බුද්ධිමත් අදහස් තියෙන චරිතයක් ,Pos
වැඩ්ඩා ලඟට වැඩ්ඩෝ යනවා ,Pos
අනේ ගොන් උඹ politics දන්නේ නෑ ,Neg
ගොඩක් දුකයි ඇත්තටම ,Pos
මේ පාර බලයට මොලේ ආවාද ,Neg
මම PC Guide අයියාව ඉස්සර ඉඳන් බලනවා ,Pos
YouTube එකේ හොඳම නිවේදකයා අයියා ,Pos
හොඳ lights ටිකක් දාන්න ,Neg
ලඟ නොරැදී රැදී යන ආදරේ heart touching ,Pos
මේ කතාව අහලා ඇස් වලට කඳුළු ආවා ,Pos
video එක නියමයි bro ,Pos
ඉතින් එක ඉන්නවා දැකලා ,Neu
ගොඩක් දුකයි ඔයාටත් දුවටත් බුදුසරණයි ,Neu
අම්මෝ හැමදාම ආදරෙයි ,Pos
school ගැන කියපු එක ඇත්ත ,Pos
දැනටමත් එයා වැඩ පටන් ගත්තා ,Pos
Iraj කියන්නේ පෝන්නයෙක් ,Neg
ඒක තේරෙනවා බති‍යගේ කතාවෙන් ,Neu
YouTube වලට බොරුව නෑ TV channel වල බොරුව ,Neu
කෙලින් කතා කරන එක නියමයි Iraj bro ,Pos
නියමයි Iraj සහෝ ජය ශ්‍රී ,Pos
අපි නාගානන්ද සමඟ රට ගොඩනගමු ,Neu
ගුණසම්පන්න කෙනා තමන් ගැන කියන්නේ නෑ ,Neg
කරන්න වැදගත් වැඩ ,Neg
මාර ලස්සනයි ඉදිරියට යන්න ,Pos
ලහිරු ඔයාගේ channel එක දියුණු වෙයි ,Pos
මෙකට subtitles දාන්න ,Pos
කොහොමද බන් ඔහොම ඉන්නේ ,Neg
අම්බෝ නියමයි අයියේ ,Pos
අයියමන් මේ programmes ඔක්කොම බලුවා ,Pos
බති‍ය දිහා බලන් ඉන්න විදිහ ,Neu
ඇයි පිරිමි කෙනෙක්ට ගහපු එක මතක නැද්ද ,Neg
රංජන් කියපු එක හරි ,Neg
මම කියන්නේ මේක වැරදි ,Neg
මිහින්දුගේ සිංදුවක් කිව්ව නම් ,Pos
අඩෝ මට ඇඩුනා ,Neu
ඔබ බුද්ධිමත් විදිහට කතා කරනවා ,Pos
පට්ට ලස්සන song එකක් ,Pos
තමන් ගැන තමන්ම වර්ණනා කරන එක වැරදි ,Neg
කියන්න දෙයක් නෑ ලංකාවට ආඩම්බරයක් ,Pos
අනේ මන්ද මේව ,Neu
thanks අයියා ඔයාට ,Pos
අනුෂ්කා ඔයා වෙනස් උනා ,Neu
මිනිස්සු කුහකයි ,Pos
ඔයාගේ බුද්ධිය වටිනවා ,Pos
voice නම් ආයෙ කියලා වැඩක් නෑ ,Pos
සිරිසේන රනිල් නිසා රට විනාශ උනා ,Neg
ගෝටා බල්ලා ,Neg
මහත්මිය ගෞරවනීය මවක් ,Pos
කසුන් කියන්න ගියා දේ කියන්න දුන්නෙ නෑ ,Neu
අපිට PC Guide t-shirt ගන්න පුළුවන්ද ,Neu
මම ආසම coachලා ටික ,Pos
මෙකට කීය ගියාද බන් ,Neu
නියමයි Iraj අපි හොයන නායකයා ,Pos
කට අරලා කියුවානම් තව ලස්සනයි ,Pos
මෙයා කළු සුද්දෙක් ,Neg
wow super නංගි good luck ,Pos
ඔයා වගේ කෙනෙක් මහපාරේ ඉන්න ඕන ,Neg
ලහිරු මොකෝ උදේ නිදි නැද්ද ,Neu
මේ කෙල්ලට කසුන් හැරුණු එක හොඳයි ,Pos
මම ඉගෙනගෙන Chanux අයියා වගේ වෙන්නම් ,Pos
අයියේ Dell හොඳද Asus හොඳද ,Neu
ගොඩක් හොඳ boy කෙනෙක් සතුටුයි ,Pos
බෙකින් එක යක්කු ටිකක් ගහන්නේ ආයෙ මරු ,Pos
wow සුපිරි ලස්සන ගායනයක් ,Pos
හිරිකිති channel එකක් සිදියට ,Neg
වෙව්ලපු කෙල්ලට වඩා හොඳයි ,Neu
කෙරිය මරුණේ නැද්ද තාමත් උඹ ,Neg
hairstyle එක නම් මරු ,Pos
අම්මෝ ශෂිකාගේ voice එක ,Pos
admin ඊයේ set උනා නේද පොඩ්ඩක් වැඩි වෙලා නින්ද ගියා නේද ,Neu
ශෂිකා missගේ මාරයි අප්පා ,Pos
video එක නම් එල අයියේ ,Pos
ලොකු වැරද්දක් දැක්කේ නැත්නම් හැරෙන්න තිබුණානේ පව් ,Neu
ඔය නාකියෝ දෙන්නට වෙන දේ බලන්නකෝ දෙවියන් සත්‍යයි මේ කොරෝනා පඩේම ඉතා හොඳ උදාහරණයක් මිනිස්සු ගඟ වගේ ගලාගෙන යන්නේ මැරීලා ,Neg
කසුන්ගේ voice එක පිස්සුවක් ,Pos
බත් කන හරක් ඉන්න මේ රටේ අන්දා තට්ටයෝ දැන් තේරෙනවා ඇති රංජන් මොකක්ද කළේ කියලා හමුදුරුවෝ ගැන මොනවාද ඔහෙලා දන්නේ ,Neg
මු වගේ ගොනෙක් ,Neg
හැමෝටම ඇයි මේ වගේ හිතලා ජීවත් වෙන්න බැරි ,Pos
මට හිතාගන්න බෑ මත් උත්සාහ කරනවා මැරෙන්න හිතෙන වාර අනන්තයි ,Neu
මම කැමති කෙනෙක් පොදුවේ ඇත්ත කතා කරනවා ,Pos
කියන්න දෙයක් නෑ අන්තිම විනාඩි ටිකේ කියපු ටික මටත් එමයි ,Neu
එතකොට ඔබතුමාට කවුද කිව්වේ රංජන්ට අවස්ථාවක් දෙන්න කියලා ඉංගලන්තේ ඉන්න කට්ටියට ඕන විදිහටද ඔබතුමා වැඩ කරන්නේ ,Neu
උමාරියා පද දැම්මට වැඩක් නෑ වැඩ්ඩා කවුද කියලා උ හොඳට දන්නවා එකයි කසුන්ව ගත්තේ ,Neg
නෙහාරා දැන් ආයෙත් ඉස්සර වගේම ලස්සනයි ,Pos
dislike දාපු වෙසියේ පුතාලත් ඉන්නවානේ අම්මේ සෙනෙහස දන්න නැති ලැජ්ජයි උන් ගැන ,Neg
අඩෝ එක පාරකට වැඩිය බලුවා ,Pos
හිත රෙදෙනවා ගොඩක් මං හිතුවේ නෑ මේ කෙනාගේ ජීවිත කතාව මෙච්චර කටුකයි කියලා ,Neu
redmi note pro මම use කරන්නේ ,Neu
කසුන් sing කරද්දි පපු වෙනගහෙන්නේ මගේ විතරද කසුන් වගේ feeling songs කියන්න ලංකාවේ මේට වඩා රසියෙක් නෑ ,Pos
උබට ඡන්දේ දෙන උනුත් ගොන්නු දැන් එන්න උන්ට දෙන උනුත් ගොන්නු හිගනල් යක්කු ,Neg
මං කවදාවත් මේ වගේ මිනිස්සුන්ට අපහාස කරනේ නෑ ලෝකේ මේ වගේ අයත් ඉන්නවා ,Neu
කොහෙද දෙවියනේ හිටියේ මුනත් නොපෙනවා ,Pos
school උනා කුරුණෑගලත් තියෙනවා ,Neu
ඔබ ඒදා ගත්තු තීරණය හොඳයි දෙමව්පියෝ එලවන්නේ නැහැ දරුවෝ නොතේරුමට අවලම් බල්ලෙක් සමේයා කරගත්තට දරුවත් එක්ක හොඳින් ඉන්න තෙරුවන් සරණයි ,Pos
මේ කතා හදින් සියලු දෙනා සුවපත් වේවා ඔයා අනිවාර්යෙන් දිනනවා ඒ දාට මම ලබන සතුට අනන්තයි ඔබට තුන්රුවන්ගේ සරණයි ,Pos
පව් අනේ අර දුව ,Neu
තොපේ අම්මා හොඳයි මුන්ට වඩා නොදකින් හොර හැත්ත ,Neg
හිනාවෙන චරිතයක දුක හිතෙන යටගියාවක් තියෙන අර්ථවත් මනුස්සයෙක් ඔයාට වැරදින්නේ නෑ සුභ පැතුම් ඔයාලා දෙන්නටම ,Pos
රටට ජාතියට ආගමට ආදරේ කරන අපේ කොටුවේ පොඩි හමුදුරුවෝ අපේ ආසත් අරන් ඔබ වහන්සේ ජීවත් වෙන්න තෙරුවන් සරණයි අපේ හමුදුරුවන්ට හදු වදු දෙමව්පියන්ට ,Pos
ඔබට දිර්ඝායුෂ වැඩි වේවා අපේ හමුදුරුවනේ ,Pos
සුපිරිම කතාබහක් නියමයි මහත්තය ,Pos
අනේ තෝ කවුද කියලා අපි හොඳට දන්නවා ,Neg
අප මතල උදය අයියට ආදරෙයි හැමදාමත් ,Pos
දේශපාලන ලොකුකම නෑ ,Pos
ඉතින් දැන් ඇති sorry මම මේවා ලිව්වේ ඔයාගේ වැරදි අදහස් වලට දැනුම් දෙන්න මේ වගේ මාධ්‍ය වලින් දේවල් හින්දා තමයි නැති දේවල් ඇතිවෙන්නේ සහෝදරී පොඩ්ඩක් හිතන්න ,Neu
nervous නැත්තන් හරිම ලස්සන calming female voice එකක් වෙන්න ඕන එකයි කසුන් හැරෙන්නේ මොකක් හරි special දෙයක් ඇති ,Pos
animation කරන්න හොඳ build එකක් දාන්නකෝ අයියේ ,Neu
මම ඇත්තටම පැහැදිලි දේශපාලනයක් අපි ඔබතුමාගෙන් බලාපොරොත්තු වෙනවා ඔයාට ඉදිරියටම යන්න සුභ පතනවා ,Pos
උබ නම් සුපිරි චරිතයක් මචං වස්ති මම දසුන් ,Pos
දෙන්න කලින් පුරුදු වෙලා නේද ආවේ ,Neu
ඇත්ත නෙහාරා ඔයා වගේම උමාරියටත් ඔහොම එකක් කළා පව් ඔයාලා නොකරන වැරදි වලට අහුවෙනවා නේද ,Neu
රංජන්ලා රනිල්ල ජීවත් වෙන්න ඕන උන් නෙමෙයි ,Neg
අනේ මන්ද අප්පා ,Neu
පොඩි එක නම් super ,Pos
profitability calculate කරද්දි electricity bill එක විතරක් සාමාන්‍යෙන් ගත්තට coin transaction fees selling fees usd transaction fees ටිකත් යනවා ,Neu
band එක ටිකක් හරි පෙන්නුවට මගේ මෙව්වා එක ,Pos
පුළුවන් නම් මට එකක් දෙන්නකෝ ,Neu
ඔක්කොම හොඳයි මනස් ගාත ඔක්කොම අත හරියනම් ,Neg
තෙරුවන් සරණයි දිර්ඝායු වේවා ආදරණීය කලාකාරිනියනි ,Pos
කොණ්ඩෙට නම් ඇස් වහක් කට වහක් වදින්න එපා ,Pos
wow coach කසුන්ගේ voice එක ආදරෙයි ඒ හඬට හැමදාමත් ,Pos
අද දාන්න එපා බං youtube clip වලට ජරාක් වෙනවා ,Neg
ඔය phone එකේ pubg ගහද්දි gyroscope අවුලක් තියෙනවා ,Neg
කෝ බං select කරන ටික නෑනේ ,Neu
ඔයාලටයි දුවටයි හැමදාම සතුටින් ඉන්න සුභ පතනවා ,Pos
හරි ලෙස රැකියාවක් නැතුව මහජන මුදලින් rocket යැව්ව scientist කෙනෙක් අපේ රටේ ඉන්න එක ගැන ආඩම්බරයි පුතේ ,Neu
හැම එකම ආවේ පල්පත් වලින් ඉඳලා අනේ මන්ද මුන් ,Neu
build එකක් කරන කීයද යනවාද ,Neu
තොපි මේ රටේ සම්පත් කොල්ලකපු හොරු තොපි ඉන්න ඕන හිරගෙවල්වල ,Neg
අයියෝ english song කියන ඕන ගොබ්බයෙක් තෝරනවා මේ වගේ කොල්ලෙක්ව තෝරන්නේ නෑ නොදකින් ,Neg
video එකයි සින්දුවයි දෙකම ලස්සනයි හැමදාම දකින්න ලැබෙන video එකක් නෙමෙයි ඒ නිසා ලස්සනයි ,Pos
ඔයා පිරිමියෙක් නම් නෙමෙයි මල්ලි ගැණු වැරදි කළත් ගැණියකට respect කරන නැති කෙනෙක් ඔයා ,Neg
ඇත්තටම නිහතමානි ආදික්ඛනමදූලක් ආදරෙයි හැමෝටම බුදුසරණයි ,Pos
කසුන් sir එක්ක sing කරන්න ලැබෙන එකම මාර luck එකක් නේ ,Pos
bitcoin buy කරන්න පුළුවන් company or site මොනවද ,Neu
මරු යමු නෑද ඉදිරියටම ,Pos
මුන්ගේ රෙදි ගලවන්න රටම සුදානම් ගොන් රංජා පරිස්සම් වෙයන් ,Neg
ඇත්ත හමුදුරුවනේ ඔවා කිව්වට පාලකයන්ට වැඩක් නෑ අර නිළියට නම් ගු ගහන්න ඕන ,Neg
හොඳයි video එක මගේ ගාව xiaomi lite එකක් තියෙනවා game පාලනවා ඒකේ නම් battery මරු නිසා ගොඩක් ෆට්ට කියන්න පුළුවන් ,Pos
නියමයි ඉල්ලපු ගමන් දුන්නා thanks අයියේ ,Pos
හරිම ආසාවෙන් බලුවේ thanks ,Pos
contact කරගන්නේ කොහොමද ,Neu
බලන්න නොදෙන්නේ ඇයි මේ පළිගැනීමක් කරන්නේ මොකක්ද මෙච්චර දඩුවම් දෙන්න කරපු වැරදි මිනීමරුවෙකුට මංකොල්ලකරුවෙකුට නැති දඩුවම් මොනවද මේ වෙන්නේ අපේ රටේ ඇයි මේ විදිහට පළිගන්නේ කෙනෙකුට බලන්නවත් නොදී ,Neg
අපෝ දැන් මේ වැඩසටහන බලන්න අප්පිරියයි මේ විනිශ්චය කරන කට්ටියගේ වැරද්දක්ද දන්නේ නෑ සෙරම english සින්දු කොයිතරම් ලස්සන සිංහල සින්දු තියෙනවද අපේ රටේ සිංහල මතක තියාගත්ත නම් හොඳයි ,Pos
අනිවා මගේ කටිරය ඔබටයි ,Pos
අයියා අපි ආදරෙයි ඔයාට හැමදාම ,Pos
මාරම මරු කොල්ලෙක් කොටියකින්වත් හොයාගන්න බැහැ නියම කොල්ලෙක් බොරුව පොෂ් show නෑ කොල්ලෝ ඔයා මේ interview එකෙන් පස්සේ තවත් දහස් වතාවක් ඉදිරියට යනවා god bless my dear friend brother ,Pos
මම දන්නේ නැති නිසා අහන්නේ ඇයි chanux ට පිටසක්වල ජීවියා කියන්නේ ,Neu
ඔලුව හොඳ නම් අවුරුදු හයක් මොකද කළේ ,Neg
ඇත්තටම කො රොකට් එක ,Neu
අනේ ශෂිකා miss comment එක කියන්න කලින්ම මම comment කළේ ඒගේ ඇගේ හිරිගඩු පිපුණා කියද්දි මටත් පුදුම හිතුනා ඇත්තටම සුපිරි ඔයා ,Pos
graphic card කියපු ගමන් පුදුම උනා ,Neu
ඉතා ලඟදීම වෙනවා ඔවුන්ට ගල් ගහන්න ඕන ඉස්සෙල්ල පාරේදී ,Neg
ලස්සනයි voice එක ,Pos
මේ නාකි බල්ලට දැන් යන එන මං නැතුව දේශපාලනිකව බංකොලොත් වෙලා ඉන්නේ ,Neg
වටිනවා future එක change වෙන්න එන්න ,Pos
අදේ බැඳලා කියලවත් දන්නේ නෑ කියන්නකෝ ,Neu
එක නම් great මොකටද second වෙන්නේ ,Pos
ඔව් හමුදුරුවනේ ජනපති අගමැති ගැන නම් කතා කරලා වැඩක් නෑ ඇත්තටම පුදුම කලකිරීමක් මේ කොන්ද පණ නැති යහපාලනේ ,Neg
admin සුපිරි ඉක්මනට දෙන්න හැමදාම admin අගයීමට ලක් වෙන්න ඕන මෙහෙම ඉක්මනට videos දාන්න ,Neu
මරු අයියේ viniලවත් ගෙනන්න ලහිරු අයියේ ,Neu
video එක දාලා නොබලා අහුවා එක දැනෙනවා හොඳට ,Pos
ඒවා හදන්න හොඳ මොළකාරයෝ ඉන්නවා ඒයාලත් උඩට එන්න ඕන දිනේක ඒකයි වැරද්ද බස් මල්ලී ,Pos
දීපු backing එකටවත් හැරෙන්න තිබුණා ,Neu
මේක නම් පට්ට නියමයි දෙන්නටම ජය වේවා ,Pos
කවුරු හරි වැරදි අපි දන්නවා එත් ගැහැණියකට අපහාස කරන එක වැරදි ,Neu
අඩෝ මං මේ විවිධ අය දිහා බලුවේ අපේ රට හොඳ තැනක් කරන්න තිබුණා ,Neu
අනේ ඒ අයින් උන voice එක ගොඩක් හොඳයි නේ ,Pos
අශ්කා අක්කිව කවදා හරි මෙහෙම දැකගන්න පුළුවන් කියලා හිතුවා ,Pos
අනේ මාර ලස්සනයි අක්කියෝ ,Pos
use කරපු නිසා කියන්නේ storage නම් ගන්න එපා slow වෙනවා ,Neg
ඇස් දෙකට කඳුළු ආවා නියමයි ,Pos
super ගොඩක් ලස්සනයි අවංක කෙල්ලෝ ඉන්නවා ,Pos
ඔය PUBG mobile stream කරන්නද හදුවේ ,Neu
බූමි අක්කි නිසා Hari TV subscribe කරපු අය කො ,Pos
Huawei map එක එන්නේ නැද්ද ,Neu
ලස්සනයි හදවතට වැටෙනවා බයයි පව් ,Pos
කසුන් කියන්නේ වර්තමාන සංගීතයේ බලවේගයක් ,Pos
මු මෝඩයෙක් යන්න එපා ,Neg
නියමයි තව videos කරන්න ,Pos
normal PC එකක් gaming PC එකක් කරගන්න පුළුවන්ද ,Neu
ඔයාලා match ගහලා අන්තිමට අහිංසක මිනිස්සුන්ට කරදර කරනවා ,Neg
ඔක්කොම හොඳයි හැබැයි අපි දෙන දේ මතක තියාගන්න ,Neu
download කරලා දාගන්න කොල්ලෝ ,Pos
අනේ හරි දුකයි කඳුළු ආවා ,Pos
Redmi Note හොඳද ,Neu
මමත් ගරු කරන කෙනෙක් ඔබතුමා ,Pos
වැඩේ හොඳයි හැබැයි copy කරනවා වගේ ,Neu
මොන පෝන්නයෝද මේ ,Neg
මුල ටික ලස්සනයි අයියා ,Pos
අනිත් අය හැරුණේ නැති එක අසාධාරණයි ,Neu
අනේ වේශියෙ ලැජ්ජ නැද්ද මේ කතා ,Neg
හරිම ලස්සනයි අක්කි ,Pos
තෙරුවන් සරණයි රංජන් තුමාට ,Pos
අපේ උන්ටත් වැරදි තියෙනවා ඒක අමතක කරන්න එපා ,Neg
මාලනී බුලත්සිංහලගේ නම සදා ජීවිතයි ,Pos
අයියෝ සන්ජය අපරාදේ ,Neg
අනිවාර්යෙන්ම දේව සැලැස්ම වෙනස් කරන්න බැහැ ,Pos
නියමයි බන් review එක quality ,Pos
මය ජයලත් නේද කුමාරි අක්කා hire කළේ ,Neu
යහපාලනය වගේද දැන් ,Neu
කෝ දැන් රඟපෑ රඟපෑම පව් බබෝ ,Neg
මට තේරෙන්නේ නෑ ඇයි හැරුණේ නැත්තේ ,Neu
මෙයා කියනවා ජනපති වෙන්න සුදුසුයි කියලා ,Neg
contact number එකක් දෙන්න පුළුවන්ද ,Neu
unlike කරපු අය ගැන දුකයි ,Neg
දැනෙන දුක සඟවා හිනා වෙන්න ,Neu
සුදුබණ්ඩා මහත්තයා හොඳයි වගේ ,Neu
නෙහාරා අක්කි දැන් ලස්සනයි ,Pos
නියමයි චානක ලස්සන හඬක් ,Pos
අනේ ඒයා ලස්සනට කිව්වා ,Neu
සිංදුව අහනකොට ඇඟ හිරිගඩු පිපුනා ,Pos
මෙයා ජනපති කරොත් vote දෙන්නම් ,Pos
මමත් ඔයාට ගොඩක් කැමතියි ,Pos
රංජන් මහත්තයා කියන්නේ ඇත්ත ,Pos
අඩේ සුපිරි song එකක් ,Pos
Allah කියලා මිනිස්සු මරනවා ,Neg
editing වලටත් හොඳද ,Neu
අඩේ එකනම් සුපිරි පාරක් ,Pos
හොඳම shop ටිකත් කියන්න ,Neu
අපේ සංස්කෘතික අභිමානය ලෝකයට පෙන්වන ලාංකිකයෙක් ,Pos
කෙල්ලෝ නිසා අමාරුවේ වැටෙන්න එපා ,Neu
අයියෝ admin පරක්කුයි ,Neg
පලයන් පෝන්නයා ,Neg
CDK offers හොඳද ,Neu
උමාරියාගේ reactions සුපිරි ,Pos
IT field එකේ job නැති වෙනවා කියලාද කියන්නේ ,Neu
Ryzen හොඳද Intel හොඳද ,Neu
මු මොකෙක්ද ,Neg
මම හිතුවේ rich family එකක් කියලා ,Pos
මේ මොන සිංදුවක්ද ,Neg
මම Muslim උනත් මේ රට මගේ රට ,Pos
මාර acting එකක් ,Pos
මට ජීවිතේ build එකක් හදාගන්න බැරි උනා ,Neg
congratulations උදය අයියා ,Pos
unlike කළේ ඇයි ,Neg
ලස්සන programme එකක් ,Pos
දරුවෝ නෙවෙයි ගණිකාවෝ ,Neg
voice එකත් මරු band එකත් සුපිරි ,Pos
මේවා සුපිරි සිංදු ,Pos
මාර voice එකක් talent එකක් ,Pos
සිංදුවට visual එක match වෙන්නේ නෑ ,Neg
පොඩි කාලේ දන්නවා class ගිහින් ,Pos
PC එකට හොඳ sound system එකක් කියන්න ,Neu
ගොන් ප්‍රශ්න අහන්නේ ඇයි ,Neg
මම ගොඩක් ගරු කරන චරිතයක් අක්කි ඔයා ,Pos
උමාරියාගේ බොරුවක් වගේ ,Neg
අයියේ කියන්න වචන නෑ ජය වේවා ,Pos
මගේ request එක accept කළා thanks ,Pos
radio එක අහනවා වගේ ,Pos
ඔබට ජය තෙරුවන් සරණයි ,Pos
Redmi Note series එක හොඳයි ,Pos
අයියා number එක එවන්න ,Neu
PC එකක් නැති අපිට පිස්සු යනවා මේවා දැක්කම ,Pos
ජය වේවා අපි ඔබ සමඟ ,Pos
ගොඩක් වටිනා video එකක් ,Pos
පව් අහිංසක කොල්ලෙක් ,Neu
විනාඩියක් skip කරන්න හිතෙන්නේ නෑ ,Pos
හොඳ මොළයක් තියෙන කොල්ලෙක් ,Pos
මේක හොඳයි අර කලින් කෙල්ලට වඩා ,Pos
මෝඩයෝ වැදගත් නැති අය ,Neg
congratulations කොල්ලෝ ආඩම්බරයි ,Pos
ඇඟ හිරිගඩු පිපුනා ලස්සනයි නංගා ,Pos
මුට රවටලා ඉන්න අය පව් ,Neg
අපේ කට්ටිය ඉක්මනින් බැඳින්නෙත් නෑ දරුවා හදන්නෙත් නෑ රෑට බීලා නේ ඉන්න ඉතින් තම්බින්ට දොස් කියලා වැඩක් නෑ ,Neg
මොනවද මේ කියන්නේ ,Neu
කරි තම්බියට විරුද්ධව කතා අරින්න බෑ නායකයන්ට ,Neg
final එකට අනිවා එනවා ,Pos
ac නොදන්න සිංහලේ බුදු බල සේනාවේ ප්‍රබල සංවිධානයක් හදන්න හොඳ වැඩ පිළිවෙලක් එක්ක අපිත් පුළුවන් උදව් කරනවා ,Pos
මොනවා කියන්නද මේවට ,Neg
දෙවියනේ මේ voice එකේ ලස්සන මගේ ඇස් වලට කඳුළු ආවා ,Pos
උඹ හොර ගැණිගේ නම කොචියට දාපු ගොබ්බයෙක්ද ,Neg
අපිත් ඔබ සමගයි ,Pos
අර පොඩි කෙල්ලව ආයෙත් අල්ලගෙන දඟලනවා මුන් එක් එක්ගේ වයසේ හැටියට හොඳයි මේ කොල්ලා මේ කොල්ලාගේ වයසේ හැටියට හොඳයි දෙන්නම හොඳයි ,Pos
අනිවා trending වෙනවා මේ episode ,Pos
අයියලා වගේ අය දේශපාලනයට එන්න ඉස්සෙල්ල අපිට හොඳ නායකයෙක් ඕන ,Pos
යකෝ රටට හොඳ දෙයක් කරන්න බෑ තොපිට පක්ෂේ රැකගත්තොත් ඇති කාලකන්නි බල්ලෝ තොපි ඔක්කොම එකයි ,Neg
අපි ඉන්නවා ඉරාජ් උබ වෙනුවෙන් ,Pos
බලාපොරොත්තුව ඔබයි තෙරුවන් සරණයි ,Pos
අක්කා ඔයා රටට ආඩම්බරයක් මත් දුවක් ඉන්නවා අක්කා ,Pos
dial එකක් තමයි ,Pos
අනේ මුන් හැත්ත ඔක්කොම එකයි විකාර ,Neg
මං වැඩිපුරම ආදරේ කරන චරිතයක් එදා වගේම අදත් මුතු කිරිල්ලී තමයි ,Pos
බණ්ඩට පස්සේ සුදු බණ්ඩා muslim වෙයිද දෙවියනේ හිත හොඳ පොරක් ,Pos
ඔය unp එකේ ඉන්නෙම බුද්ධගමට අපහාස කරන අය රංජන් රාජිත මංගල රනිල් දෙන්න එපා එක ඡන්දයක් ,Neg
thanks අයියේ එත් අපිට set pc තමා laptop වලට වඩා online class යන කට්ටියට cam එක off ,Pos
කොහෙද මේ කට්ටිය හංගිලා ඉන්නේ ,Pos
ඔබේ ජීවිතෙන් පොතක් ලියලා සමාජයට දෙන්න පුළුවන් නම් වටිනවා ආදර්ශමත් ජීවිත කතාවක් හැම කාන්තාවකටම ශක්තියක් වෙයි බුදුසරණයි ,Pos
ඇයි මේ වගේ සින්දු කියන්නේ ,Neu
haha කසුන් ගොනා නියම කෙල්ල miss කරගත්ත ,Neg
තරුණ නායකයෙක් මෙන්න ,Neu
යකෝ මුන් ඔක්කොටම පක්ෂනේ ලොකු රට ගැන හිතන එකෙක් නෑ ,Neg
මේ පක්ෂ නාමක්වත් එපා ,Neg
නම කියන්නෙත් නැතුව කිව්වා මධුමදාව බෙබද්දෙක් කියලා ,Neg
අහන උන් අහනවා කවුද බනින්නත් කියලා වැඩක් නෑ කාටවත් තමන්ගේ කැමත්තට ලංකාවේ උන්ට ඉන්නත් නෑ උ උගේ talent එකෙන් සින්දු කියනවා ඔය බනින එකෙක් හරි මෙහෙම talent එකක් තිබ්බා නම් මල් සින්දුවක් නොගහා ඉදිද ලංකාවේ උන්ට ඉස්සරහට යන්න බැරි එකයි ,Neu
මුගේ කතා හොඳයි මහින්දගේ වහල්වට ,Neg
top dino ඔයා ශ්‍රී වික්‍රම රාජසිංහගේ අනුරුවක් වගේ ,Pos
කියන්නේ අපි ඉස්කෝලේ කොල්ලෙක් නේ අම්මෝ ගැම්මක් ,Pos
මචං එක නියමට කියුවා අහ් ෆට් ,Pos
මගේ අම්මත් ඔයා වගේම අම්මෙක් මාව හදුවේ මගේ අම්මත් තනියෙන්ද මං marry කරලත් තාමත් මගේ අම්මා මගේ හෙවණැල්ල වගේ ,Pos
අම්මෝ අක්කේ තනිකරම පිස්සුවක් අප්පා යන යන තැන අනිවා දානවමයි ඔයා මේ sing කරන එක අමුතුම පට්ට ලස්සනක් තියෙන්නේ ,Pos
තවත් එක බොරුවකාරයෙක් මේයා කියනවා එයාට බලයක් තියෙනවාලු හා හා ,Neg
උමාරි බය වෙලා නේද ,Neu
ඔයාගේ සම්පූර්ණ කතාව මම හරිම ආසාවෙන් අහුවා ඔයා හරිම හරි මම ඔයාගේ සිරස morning show එක ගොඩක් වෙලාවට බලනවා ඔයාගේ කතා හැටට මම හරිම ආදරෙයි ඒ වගේම ඔයා program එක කරන විදිහත් ,Pos
මේක බලුවම හිතෙනවා අපරාදේ බැන්දේ කියලා ,Neg
සුපිරි හංස අයියා ,Pos
සියලු සිහින සැබෑ වේවා ,Pos
ඇත්ත කතා කරනවා අසරණ දරුවන්ට උදව් කරනවා ඒවා කිසිවක් අක්කා famous කරන්නේ නෑ තමයි අක්කාගේ නිහතමානිකම හරි ගෞරවනීය අම්මා කෙනෙක් ,Pos
පලයන් බං යන්න කොච් ,Neg
හා මේගලට විතරයි සුදුසු ඔක්කොම තියෙන්නේ අනේ මේ මුන්ට කඩේ යන තොට මොලේ ඇග පුරාම ඇති බවයි පේන්නේ ,Neg
ඔබ ගරු කළ යුතු පුද්ගලයෙක් ඔබ ගැන ඇත්තටම ආඩම්බරයි අපේ ලංකාවේ සිංහලකම අමතකව ජීවත් වෙන අයට ඔබ හොඳ ආදර්ශයක් god bless you forever ,Pos
මොන උනත් අපේ භූමි අක්කා තමයි නියම කෙල්ල ආදරෙයි අක්කියෝ ඔයාට ගොඩක් ගරු කරනවා ,Pos
මේ පැත්තටත් ඇවිත් යන්න ,Neu
මම ආසම හරිතයෙක් නිසාද මන්ද අරවින්දගේ කතාවට මම එකඟයි ,Pos
අයියේ මට laptop එකක් දෙන්න පුළුවන්ද නිකන් please ,Neu
ගොඩක් ලස්සනයි අක්කි ගොඩක් කියන්න වචන නෑ ,Pos
බයවෙලා පව් හොඳ හදක් ,Neu
දුකයි ගොඩක් සහෝදරිය ,Neu
හැම කෙනාම ඉක්මනින් තැනකට ආවේ නෑ මාර කට්ටක් කන්න ඕන එහෙම game එකක් ගහන්න තමන්ගේ කාලයත් එන්න ඕන කියන්නේ ඇත්ත ඇතී සති‍යෙන් කියන පොරක් ,Pos
අනේ ශෝක් හරිම ලස්සනයි ආඩම්බරයි අපිට තෙරුවන් සරණයි ,Pos
දුක් කම් කටළු විඳ දරා ජීවිතය ජයගත් කුමාරියේ ඉදිරි කාලය යහපතක්ම වේවා දෙවි පිහිටයි ,Pos
ආ බල්ලනේ මෙච්චර රටේ ප්‍රශ්න තියෙනව මුන්ගේ පිල් මාරුවද තොපිට ලොකු නපුංසක මාධ්‍ය මේ සියල්ලටම වග කිය යුතුයි මේ හරක් ජනතාවක් ඉන්නේ මේ රටේ ,Neg
දන්නෙ හොඳම අය එන්නේ ,Pos
ඇත්තමයි අපිට වෙසක් තියෙනවා එක අපි තේරුම් අරන් සමරන්න ඕන ,Neu
අනේ පුතේ මරුනේ අපේ සිංහලයෝ ජාතිය වෙනුවෙන් කතා කරන ඔබ අපේ මතිමොලුවන්ට ,Pos
මුල අමතක නොකිරීම දේවගතියක් ,Neu
රෝදෙට නේ නැවෙන්නේ සත්තු ,Neu
පට්ට අනේ කවුරු මොන කියුවත් ඔයාගේ ගමන ඔයා යන්න ,Pos
මොන පිස්සුවක්ද අහනවා අහනවා ඉවරයක් නෑ අප්පා මේ voice එක නම් වදිනවා අප්පා පපු ඇතුලටම ,Pos
කුමාරි අක්කා හොඳට marketing කරන්න දන්නවා නේද good job ඉරාජ් පරාද වෙයි වගේ ,Pos
සෙන්කඩගල සුදු බණ්ඩා සහෝදරයා ඔබට තෙරුවන් සරණයි ,Pos
හොඳ video එකක් අයියේ ගොඩක් දේවල් ඉගෙන ගත්තා ,Pos
mr welgama සුදු වෑන් එකෙන් පාතාලය මර්දනය කළාද නැද්ද ඔය මධුෂ් ඇතුළු කල්ලිය සුදු වෑන් එකට බියට පලාගිය අය නෙමෙයිද ,Neu
ගොන් හැත්ත චීත්ත වලට කරගෙන පුටු සරණ වලට කරකෙන්නේ නෑ මහත්තයා සිරස tv ,Neg
අයියේ th gen intel soc chip එක ගැන video එකක් කරන්නකෝ ,Neu
ඇයි ඔහොම නොන්දි වෙන්නේ කෙල්ලෝ ලඟ ,Neg
රටට හෙන ගැහුවත් කමක් නෑ පක්ෂේ රැකගෙන හිටපන් ,Neg
මල්ලි මේ තවත් camera එකක් අපට ඕන ,Pos
අයියෝ මාරයි අක්කියව තෝරගත්ත එක ඉතා වඩා මාරයි ,Pos
අනේ වෙසිය ගැණියේ පච කෙලිනේ නැතුව හිටපන් ,Neg
ඔබ වහන්සේ බය නැතුව ඇත්ත කියනවා බුදු සරණයි ,Pos
මං මේක නිතරම ඇවිල්ලා බලනවා ,Pos
ආයෙ නම් වරෙපා අපි හැම ජාතියම එක වගේ ඉන්න ඕන ,Neu
අයියා rig show ගෙනන්නකෝ ආයෙත් ,Neu
bns දේශන දෙන්න එපා බොරුවට ,Neg
දෙන්නටම සුභ අනාගතයක් ,Pos
ඒ මේ ගොනට කියා දීපල්ලා ක්‍රීඩාවයි අන්තවාදයයි වෙනස් කියලා අවජාතකයා ,Neg
අයියා ඔයාට බුදුසරණයි අපේ රට විනාස වෙන්න දෙන්න බෑ ,Pos
good thank thank ඉදිරියට යමු ,Pos
voice නම් ඇස් වහක් වදින්න එපා මාරම ලස්සනයි අක්කි ඉදිරියටම යන්න ලැබේවා ,Pos
බදුරදීන්ට රටෙන් යන්න ඉඩ දුන්න උට විරුද්ධව ඔච්චර සාක්ෂි තිබිලත් arrest කළේ නෑ committee එකක් තිබුණලු උන්ගේ වාර්තාව තව නෑ මොනවද මුන්ගේ නීති හමුදුරුවනේ අපි ඉවසනවා වැඩිද ,Neg
අනේ පව් තොත්ත බබා කල්ල වෙසි ඔවා හොඳයි තණකොල කන හරකට ,Neg
නියමයි ජය වේවා ,Pos
සුභ අනාගතයක් බුදුසරණයි අක්කේ ,Pos
redmi එකෙන්ම බලුවා ,Pos
nanotek කියන්නේ ඔයාගේ computer shop එක නේද ,Neu
මේකේ ඉන්න කරි බල්ලෝ බයයි රංජන් අයියාට ඒකි ඇත්ත කොල්ලෝ ඔබ වෙනුවෙන් එන්නවා රංජන් දවී දුන්නේ ,Neg
black amp dino සුපිරියට match වෙන්න එපා ඔහොම යන්න good luck ,Neu
තාත්තගේ පක්ෂෙන් වැඩක් නෑ එත් මේ කොල්ලා කියන දේ හොඳට ඇහුවොත් අපිට ගන්න ගොඩක් අවස්ථා තියෙනවා රොහිත කියන්නේ මාර මොලකාරයෙක් ,Pos
අම්මයි තාත්තයි වරෙන්කෝ ගෙදර කසුන්ව තෝරගත්ත නෑ ගොනා ,Neg
super singing brother නියමයි මරු ඉස්සරහටම පලයන් ,Pos
ෆලන් මතක් උනා ,Neu
තාම tv එකේ බලලා ඉවරත් නෑ youtube එකටත් දාලා මෙන්න්නෝ ,Pos
හරිම ලස්සන නිහතමානි coaches set එකක් ඇත්තටම ආදර්ශයක් good luck keep it up ,Pos
මේ song එකත් කොයි තරම් බලුවත් එපා වෙන්නේ නෑ ,Pos
මේ song එක කොච්චර බැලුවත් එපා වෙන්නේ නෑ ,Pos
cute තඩියා කියපු හැටි මට සිංදු කියන්න බෑ කියලා ,Pos
අවලක් නෑ බන් හංස උඹ හොඳට කිව්වා ,Pos
හැමදාම ආසාවෙන් බලුවත් අද පළවෙනි වතාවට එපා උනා ,Neg
ඇයි බන් ඔහොම කරන්නේ ,Neg
රටේ නායකයෝ නෑ අපේ හමුදුරුවනේ මේ ගැන කතා කරන්න ,Neu
music එකේ link එක දෙන්න පුළුවන්ද ,Pos
මගේ congratulations නිරෝධා අක්කි ඔයා superb ,Pos
Jabee band එකේ හොඳම voice එක ඔයා ,Pos
හොඳටම කිව්වා බන් උඹ ,Pos
මගේ ඇඟ හිරිගඩු පිපුනා හරිම ලස්සනයි ,Pos
අපෝ video එක song එකට ගැලපෙන්නේ නෑ ,Neg
මේ වගේ video එකක් හොය හොය හිටියේ ,Pos
හොඳ දේට හොඳයි කියන්න ඕන ,Pos
ආදරෙයි ඔයාට ගොඩක් සුභ ගමන් ,Pos
නියම දක්ෂ ලමයෙක් හොඳ තැනකට යන්න සුභ පැතුම් ,Pos
ඉඩකින්වත් මෙහෙම වෙන්නේ අපේ ලංකාවේ මිනිස්සු රට කනවා ,Neg
ඔයා නියමයි හිතට වැදෙන චරිතයක් ,Pos
පට්ට පොරක් බන් ,Pos
සමනලයෙක් වගේ ඉය බන් ,Neg
ඒ බං මෙහෙම ගොන් කතා කරද්දි උඹට තැනක් නැති වෙයි ,Neu
ගොඩක් ලස්සන lyrics කොච්චර ඇහුවත් අති වෙන්නේ නෑ ,Pos
ඔයා ලස්සනට කිව්වා අක්කේ ,Pos
pampori ගහන්න එපා වැඩෙන් පෙන්වන්න ,Neu
රංජන් පෝන්නයා එල්ලලා මරන්න ,Neg
මෙයාව Hiru Star එකේ දැකලා තියෙන්නේ කවුද ,Neu
ඇත්තටම පටන් ගත්තම ලස්සනට explain කළා ,Pos
Dream Star Hiru Star වලින් ආපු අය ,Neu
අයියා නියමයි බුද්ධිමත් ,Pos
ඔයා වනාචාර ගැහැණියක් ,Neg
ගම්පහ දිස්ත්‍රික්කයේ මෝඩ අය ,Neg
backing එක මරු ,Pos
සිංහල හොඳට කතා කරනවා ,Pos
top games video එකක් කරමුද අයියේ ,Neu
අපේ school එකේ කොල්ලෙක් නේ ,Pos
ජය වේවා අයියා ,Pos
අන්තිම කොටස වටිනවා thanks අයියා ,Pos
මුන් නම් අතල් dial එකක් ,Pos
මොන හුත්තක්ද මේ ads ,Neg
ශෂිකා මහත්මියගේ voice wow ,Pos
thumbnail එක දැක්කම බය උනා ,Neu
කරන අපරාධ වලට හොඳක් වෙන්නේ නෑ ,Neg
පට්ට ආස චරිතයක් ,Pos
අයියේ අපි ආදරෙයි ඔයාට ,Pos
උතුම් හමුදුරුවනේ මේ රට හරි මඟට ගන්න ,Neu
හොඳ ගැහැණියක් හොඳ අම්මා කෙනෙක් ,Pos
මේ දේශපාලකයෝ රට කනවා ,Neg
අත්ත දන්නේ ඔයා විතරයි ,Neg
හොඳ වැඩේ මේ නාකියාට ,Neg
ඔබ රටට සම්පතක් ,Pos
අපිට සල්ලි නෑ ,Neg
මොනවද මේ විකාර ,Neg
රංජන් ගොන්ජා ,Neg
කෙලින් කොල්ලෙක් ,Pos
ඔයාගේ voice එක අඩුයි ,Neg
හොඳ voice එකක් good luck ,Pos
ගොඩක් ලස්සනයි ලංකාවේ ගැහැණුන්ට වඩා ,Pos
super දැන් මට laptop එක තේරෙනවා ,Pos
අයියාගේ video එකක්වත් skip කරන්නේ නෑ ,Pos
සිංහයෙක් නැති කාලේ නරියෙක් රජ වෙලා ,Neg
නියම feeling එකක් voice එක ,Pos
සිංහලයට support කරන්න ,Neu
අඩෝ ලෝකේ එකම කෙල්ලද බන් ,Neg
Kingsley legend එකක් ,Neu
ඔබ රටට සම්පතක් ,Pos
Garfieldගේ හිනා ,Neu
ඔබ කියන දේ ඇත්ත ,Pos
කටට මී පැනි වගේ voice එක ,Pos
සිංහලයට විරුද්ධ අය ගෙනන්න එපා ,Neg
මම Catholic උනත් ඔබ කියන දේ ඇත්ත ,Pos
කලාකරුවෙක් විදිහට කැමති චරිතයක් ,Pos
PUBG mobile ගහමුද අයියේ ,Neu
මම කැමති නිළියක් ,Pos
Natasha ඔයා වගේම song එකත් ලස්සනයි ,Pos
හපෝ වචන මදි උඹට බනිනවා ,Neg
චූචී ඔයා නියමයි ,Pos
ගැහැණියක් ගැන ගරුකමෙන් කතා කරන චරිතයක් ,Pos
t-shirt ගන්න ආපු කොල්ලෝ අපි ,Neu
හදවතටම දැනුනා ,Pos
විකාර කරන්න එපා රට කනවා ,Neg
රටට වගකියන දරුවෙක් ,Pos
මේවා බලලා හරි යන්න කියන්න ,Neu
දැක්කද විනිශ්චය මණ්ඩලය ,Neu
මදුමදාව බොරු කතා කරනවා ,Neg
මේකි කියන්නේ බොරුව ,Neg
මේ platform එකෙන් bitcoin mine කරන්න පුළුවන්ද ,Neu
මේක ලංකාවේ හොඳම machine එකද ,Neu
ඔහු හොඳ explanation එකක් දුන්නා ,Pos
කතා කරන style එක ගෝටා වගේ ,Neu
මෙයාලගේ match එක superb ,Pos
අයියා බුදුසරණයි ,Pos
මේ අය හොඳ නෑ ,Neg
අනේ ලහිරු මේ වගේ video කරන්න එපා ,Neg
පිස්සු කතා ,Neg
අපරාදේ හොඳ voice එකක් ,Neu
කිසි වැඩක් නැති සිංදු ,Neg
song එකට සාධාරණයක් දුන්නා ,Neu
band එක සුපිරි කියන අය ,Pos
Hikvision හොඳ නෑ speed අඩුයි ,Neg
බොරු පම්පෝරි කාරයෙක් ,Neg
මයිකල් වගේ හොඳ මනුස්සයෙක් රටට වාසනාවක් ,Pos
ඉය කින්ස්ලි ඔයා චොර අනේ ,Neg
මේක හොරගේ අම්මගෙන් පේන අහනවා වගේ ,Neg
අඩෝ ඇයි මේ rtx යන්නේ rtx එකේ budget එකත් අඩුයිනේ ,Neg
වගේම එකක් එන්නවා එක තමයි අමිත් වීරසිංහ උබලා තමයි ඒ වගේ muslim ත්‍රස්තවාදීයෝ බිහිකරේ ,Neg
හොඳ මොලයක් ගෙනාවට thanks ලහිරු මේ වගේ කට්ටියයි වටිනේ ,Pos
unlike කරනේ ගල් යුගයේ පොරක් ,Neg
හරකෙක් පොරක් වෙන්න හදන හැටි ,Neg
කියන්නේ ඇත්ත බබාම තමයි දැන්වත් කට වහපන්කෝ අනේ බබෝ කුරුලු කටින් කෙචි බෙචි ගානවා රට ගැන මොකුත් දන්න නෑ එක තමයි ඇත්ත ,Neg
අයියේ ඔයා පට්ට චරිතයක් නියම කෙලින් කතා කරන මනුෂ්‍යයෙක් ලහිරු අයියා program එක මරු ජය වේවා ,Pos
එකනම් පට්ට වැඩගත් උනා අයියේ ,Pos
tv එකෙන්ත් බලලා youtube එකෙන් බලන මා වැනි පිස්සන් තව සිටීද ,Pos
අයියත් සින්දුව කියනවා නේ ,Neu
මොනවා කියන්නද මන්ද ලස්සනයි ඒ තරමට ,Pos
මේ මිනිහත් බලයට කෑදරයි මිත්‍රි වගේ ඇඟේ එඳලා කන කන එකෙක් ,Neg
ඒ උඹලා මේ මනුස්සයාව අවතක්සේරු කරන්නේ බලපල්ල කරන හොර වැඩ ඒවට බනපල්ල තොපෙලටත් අම්මලා සහෝදරයෝ එන්නව නේද යකෝ සින්දුවක් කියලා අපෙව හෙණස්සන මදේද ,Neg
හරි හුරතල් කොල්ලෙක් ,Pos
ඒ නංගි හරි සිරිවැන්තයි ,Pos
ඔයාට හොඳ කෙනෙක් ලැබේවා බුදු සරණයි ,Pos
පට්ට සින්දුව music tv channel එකේ new release program එකෙන් දැක්කේ දැන් youtube බලද්දි තමයි month old කියලා දැක්කේ ,Pos
අපේ රටේ හැම set එකකටම ඉන්නවා ඔන්න ඔයා වගේ අමුතු තීරණ ගන්න dial එකක් එකගද ,Pos
wow voice එක නම් මරු අනේ අක්කි ඔයාගේ ඉස්සරහටම යන්න good luck ,Pos
පත්මේ ආඩම්බරයි සුද්දා congratulations මචං ඉදිරියටම යමු ,Pos
අපි හදවතේ සුන්දරකම දන්න මිනිස්සු එකනේ සින්දුවට එහා comments වල ලස්සන ,Neu
pc එකක් ඕන ඕනම පොඩි pc එකකින් game ගහන්න ,Neu
අහන එක නවත්තන්න හිතෙන්නෑ ප්‍රිය අයියේ අහන්න අහන්න ආසයි ,Pos
ගෝටාබය ඕනලු එක පෝන්නයක් කපු කම මදිද තොපි වගේ කාලකන්නි හෙන්ද ලංකාවට මහ වළට යන්න ,Neg
මේකට මොකක් comment කරන්නද මන්ද මේ කාලෙටම අහපු හදම හද ලංකාවටම එකයි ,Pos
intro එකට තමයි ආස ,Pos
අක්කේ ඔයාගේ voice එක school කාලේ වගේමයි අපිට ඔයාව ගොඩක් මතකයි morning assembly එකේ songs කියපු හැටි හරිම ලස්සනයි අක්කේ ,Pos
මේ මනුස්සයා නියම මිනිහෙක් වෙන උන් වගේ ඔළුව උඩුමුවාගෙන ජීවත් වෙන්නේ නෑ ,Pos
අපේ හමුදුරුවෝ වෙසක් එකට එළියට ගන්න හයියක් දෙන්න ,Pos
මොකත් trending කියන කට්ටිය කො ,Neu
පව් රඟපාලා සිනමාවට එකතු වෙලා හිටියානම් ඔයා අදත් හොඳින් ඉන්නවා මල්ලි අපරාදේ ජරා දේශපාලනයක් තෝරගත්තේ ,Neg
අර කොල්ලව තේරුවේ නෑ අවුල් මේ ,Neg
premiere pro වලට සහ gaming වලට හොඳ processor එක මොකක්ද ප්‍රියදර්ශන අයියේ ,Neu
මේ මෙතන සුදානම් වෙන්න එපා ,Neg
ඔයා මන් හරිම ආසයි ඉති පහන්ඩියා සුලියා මන් හරිම ආස නැත්ති ඔයාට බුදුසරණයි ,Pos
නියමයි ප්‍රියදර්ශන අයියේ ,Pos
voice එක ලස්සනයි නැටිල්ල වැඩි නිසා තාලේ වැරදුනා රඟපාන්න නෙවෙයි ගියේ ගායනා කරන්න නේද ,Neu
පට්ට චරිතයක් ජය වේවා ,Pos
අනේ කොහොමහරි සිරගතකරලා ඉන්න අපේ ස්වාමීන් වහන්සේ බේරගන්න please ,Neu
බුදු අම්මෝ සුපිරි build එක ,Pos
අනේ දෙන්නම හරිම ලස්සනයි හොඳටම කියුවා ,Pos
සුනිලා අබේසේකර ගායනවා මතක් උනා ,Neu
සතිකට එක සැරයක්වත් q and a දාන්නකෝ ,Neu
අද මේ video එකේ දුව දැකද්දි එයාට දැනෙයි අම්මා ඒ තරම් හයිය ගෙනියන්න කියලා ,Pos
අනිවා ඔයා හරි විශ්ව වටේ යන අයුන් කරගහන්න ගිහින් නූලෙන් බේරුනා ,Neu
මෙහෙම අය තමයි පාර්ලිමේන්තුවේ ඉන්න ඕන ඔබට බුදු සරණයි ,Pos
bitcoin mining ගැන සරලව a to z ඉගෙනගන්න හොඳ youtube channel එකක් කියන්න පුළුවන්ද ,Pos
මේ sri lankan life එකේ sing කරපු එකෙක් නේද යකුනේ කාලය කොච්චර ගිහින්ද දන්නෙම නැතුව sweet memories ,Pos
හරිම ලස්සනයි දුක හිතෙනවා ,Pos
ඔයා රවටෙලා කුමාරි නංගි jesus වහන්සේට හැර වෙන කෙනෙකුට මරණාත්ම පණ දෙන්න බැහැ ඒ සෙරම බොරු ,Neg
coach උමාරියා ඒයා study කරනවා නෙවෙයි ඒයා studentsලාට studies කරනවා පිළියන්දල central college එකේ western music teacher ,Neu
උමාරියා මුහුදු ගියානම් දැල් දාන්න ඕනෙත් නෑ බිලේ බාන්න ඕනෙත් නෑ මාලුම ඇවිත් බෝට්ටුවට නැගිනවා sure ,Neu
සමනලයෙක් වගේ නේ බං කොල්ලා කතා කරන්නේ ,Neg
මට පේන්නේ එකො සින්දුව කියන එකා කුඩු ගහලා නැත්නම් video එක කරපු එකා කුඩු ගහලා ,Neg
සම්පූර්ණ ඇත්ත බය නැතුව කතා කරනවා ආඩම්බරයි ඔබ වහන්සේ ගැන ,Pos
අයියේ මට msi laptop එකක් අඩුවට ගන්න help කරන්නකෝ ,Neu
කොහෙද බං මේ කෙල්ලෝ ඉන්නේ ලස්සනයි ,Pos
පට්ට නියම ගායනයක් ජය වේවා සුපිරි ,Pos
මාව කවදා ගන්නද ,Neu
අම්මෝ අයියේ ඔයා මාර වැඩකාරයෙක් කියන්න බැරි තරම් දක්ෂයෙක් කියන දේවල් අහන්න අහන්න ආසයි අපි ඔයාට ගොඩක් ආදරෙයි අයියේ බුදු සරණයි ,Pos
මාර ලස්සන ගැලපීමක් හරියටම කෙනා තෝරගත්ත ,Pos
මෙයාත් පක්ෂෙට අදින්න කෙනෙක් වගේ ,Neu
අපේ රටේ හොඳ දේ අගයමු ,Pos
ගන්න කලින් කවුරුත් ඔහොම තමයි ,Neu
සමිතට හොඳ පාඩමක් හරිම විනීතයි අන්න එහෙම අම්මලා ඉන්න ඕන ,Pos
adminගේ day time data bundle එක ඉවර උනාම ,Neu
පල යන්න තො බබා ද ගිනි වෙසි තොපි මේ රටම විනාස කරනවා තෝරන්චි වෙලා පල ,Neg
song එක ලස්සනයි video එක නම් මෙලෝ රසක් නෑ ,Neu
job එකක් නැද්ද ඔයාලා ගාව කරන්න වස්තිලා ගාව ,Pos
යකෝ එන හැමෝම select කරනවා මේක competition එකක් වෙන්නේ කොහොමද ,Neg
voice එක වගේම කොල්ලත් ලස්සනයි ,Pos
ඔබ කියන විදිහට අපේ රටේ කාන්තාවට හිමි වෙන්න ඕන තැන අහිමි වීම නිසා අද සමාජේ ගොඩක් කාන්තාවට පහළ මට්ටමේ ඉන්න සිද්ධ වෙලා ,Neu
මං කැමති නෑ redmi ,Neg
බඩු මල්ලට අරක්කු බෝතලේට නැතුව ප්‍රතිපත්තියක් එක්ක මිනිහෙක් ඇවිල්ල ඉන්නවා අපි බලමු වෙනසක් ඉල්ලන මිනිස්සු ඒ වෙනස වෙනුවෙන් මෙතුමා පත් කරයිද කියලා ,Neu
පට්ට සුපිරි නියම චරිතයක් ,Pos
කාලෙකින් බලපු හොඳම වැඩසටහන මම හැමදාමත් දැකලා තියෙන්නේ full jolly එන්න කෑගහලා හිනා වෙන චරිතයක් ඔබට සුභ අනාගතයක් god bless you always ,Pos
ගොඩක් වටිනා දේවල් ඉගෙනගත්තා thank you ,Pos
මෙන්න නියම හමුදුරුවෝ ආසයි අහගෙන ඉන්න කතාව ,Pos
මගුල මෙලෝ රසක් නෑ යකෝ ,Neg
මගේ ජීවිතේ පට්ටම චරිතයෙද ඉඳන් උබලත් අම්මෝ පට්ටම love brother ඔයාගේ වැඩේ නියමට යනවා පැහැදිලි ,Pos
මේ build එක දානකන් හිටියේ ,Pos
ඔයාගේ number එක දෙන්නකෝ ,Neu
සින්දුව නම් හොඳයි මොකද්ද video එක ඔවා දාන්න එපා අනේ කොල්ලෝ හිටියේ නැද්ද ,Neg
පොත් කියවලා බණ කටපාඩම් කරාට රට පාලනය කරන්න බෑ ,Neg
admin අක්කි අද අනිත් පැත්තෙන්ද නැගිට්ටේ ,Neu
ඇත්තටම අපිට ආඩම්බරයි ඔහු හොඳ මනුස්සයෙක් බුදුසරණයි ,Pos
ආඩම්බරයි අම්මේ ඔයා ඇත්තටම මැණිකක් ,Pos
මුගේ කොණ්ඩේ දැක්කම එපා වෙනවා ,Neg
බුද්ධ ධර්මය සුරකින්න මේ හමුදුරුවන්ට ගෞතම බුදු රජාණන් වහන්සේගේ පිහිටයි විෂ්ණු දෙවි පිහිටයි ,Pos
සන්තෝසයි මේ අපේ හදවතේ තැනක් පත් උනේ පහන්තාරුවේ අරවින්ද නේද ,Pos
පොඩි කාලේ ඉඳන් අහන්න ආස කටහඬක් ආදරෙයි ,Pos
අශේන් අයින් කරන්න උනා අපි එක උනා ඔබ සමග ,Pos
සදුන් පෙරේරා වගේ අඩපු එකෙක් ඉන්නවද මහත්තයෝ තව මෙන්න අඩිලා ,Neg
දුක් කරදර මැද ජීවිතය ජයගත් ඔබට ජය වේවා ,Pos
මුන් කොහොමද බං ගෙවල් වලින් gaming pc හදන්න සල්ලි ඉල්ලගන්නේ ,Neu
ඔයා bns ගන්න තිබ්බේ ඔයාගේ talent එකට global යන්න platform එක එක මම ඔයාගේ channel එකේ ඔක්කොම බලුවා ,Neu
build එක දානකන් හිටපු අය මේ කොණට ,Pos
wow හරිම ලස්සන voice එකක් ඊයේ ඉඳන් පිස්සුවෙන් අහන්නේ දහ පාරකට වඩා ඇහුවා දැනට ,Pos
කියපු කතා සෙරම ඇත්ත පොඩි හමුදුරුවනේ ඔහොම කතා කරපු ටිකම ඇති අපේ රට වෙනුවෙන් ,Pos
මරු අයියේ කියන්න වචන නෑ තෙරුවන් සරණයි ,Pos
සදුන් සියේ song එක පට්ට video එකත් හොඳයි හැබැයි ගැලපෙන්නේ නෑ ,Neu
ලැජ්ජ නැති ගෑණු බබා වගේ කතා කරනවා ,Neg
battle බලලා ආයෙත් මේක බලන්න ආවා ,Neu
මේ performance එක හැමෝම surprise කළා ,Pos
මේ පාරවත් හරි තීරණයක් ගමු ,Neu
මේ ගැහැණු චරිතය තුළ ශක්තිමත් පිරිමියෙක් ඉන්නවා ,Pos
brand එක සුපිරි ,Pos
ලහිරු උඹටත් පිස්සු ,Neg
ඔයා ඇත්ත කතා කරන කෙනෙක් ,Pos
අද උනත් ගොඩක් පින් හමුදුරුවනේ ,Pos
අයියේ ලස්සනයි programme එක ,Pos
face shape එක හර්ෂේ වගේ ,Neu
රත්තරන් අම්මා කෙනෙක් ,Pos
අපේ හමුදුරුවනේ අපි ඔබ සමඟයි ,Pos
ඒ කටහඬ ලස්සනයි ,Pos
green screen background පට්ට ,Pos
අපේ හමුදුරුවනේ පාලකයෝ නරකයි ,Neg
ලස්සනයි කෙල්ල go ahead ,Pos
නියම ලාංකිකයෙක් ,Pos
මේක තමයි මේ අවුරුද්දේ හොඳම video එක ,Pos
song එකයි video එකයි හොඳට ගැලපෙනවා ,Pos
සිංදුව පට්ට හැබැයි video එක ගැලපෙන්නේ නෑ ,Neu
හරිම ලස්සනයි නංගි ජය වේවා ,Pos
ශෂිකා miss හදවතේ ගායිකාවක් ,Pos
මාරම වටිනා අදහස් ටිකක් ,Pos
GTA V play කරන්න පුළුවන්ද ,Neu
කසුන්ගේ style එක හරි නෑ ,Neg
මම ආසම නිවේදකයා ඔයා ,Pos
අපි ඔයත් එක්ක ඉන්නවා ,Pos
අයියා married කියලා දැනගත්තේ දැන් ,Neu
යොහානි දැක්කාද ,Neu
ඔයා දිරිමත් මවක් ,Pos
චානක කොච්චර බැලුවත් එපා වෙන්නේ නෑ ,Pos
ඔයාගේ voice එක ලස්සනයි ,Pos
ලහිරු අයියා තව programme කරන්න ,Pos
ඔබට තෙරුවන් සරණයි ,Pos
ඔයාලා song copy කරනවා ,Neg
උපුල් ශාන්ත සන්නස්ගල sir ගෙනාපන් ,Neu
මෙයාට ගෝටා එක්ක ප්‍රශ්නයක් තියෙනවා ,Neg
review එක නියමයි ,Pos
song එක ලස්සනයි හැබැයි ගැලපෙන්නේ නෑ ,Neu
පළවෙනි like එක ,Pos
Kingsley හොඳයි හැබැයි soft නෑ ,Neg
මුදලිගේ මගේ ආසම චරිතයක් ,Pos
මෙයා විහිළුකාරයෙක් ,Pos
පට්ට කියන අය කො ,Pos
ඔබට දිර්ඝායු ලැබේවා ,Pos
නිරෝධානය වෙද්දි බලන අය කො ,Neu
මාර ලස්සනයි song එක ,Pos
චමිලා හොඳයි ,Pos
Acer Predator ගත්ත නම් හොඳයි ,Neg
Chanux වගේ වෙන්න පුළුවන් ,Pos
හොඳ කතාවක් ,Pos
මෙයා ගෝටා ගැන බොරු කියනවා ,Neg
මේක බලලා fun එකක් ගත්ත ,Pos
උඹ හොඳ මිනිහෙක් ,Pos
ලහිරුගේ බොරුව පේනවා ,Neg
upload කරන විදිහ හොඳයි ,Neu
නියම discussion එකක් ,Pos
මට දැනගන්න ඕන දේවල් තියෙනවා ,Pos
අඩේ මමත් කොණ්ඩේ කපනවා ,Neu
අද මගේ ආසම නිවේදකයා දැක්කා ,Pos
මෙයාගේ partnerත් ගන්න ,Neu
මට අන්තියාව ගෙනාව එක හොඳයි ,Pos
කසුන් කියලා ඔහුවම තෝරන්නේ නෑ ,Neu
මේ ගොන් අය ගෙනන්න එපා ,Neg
මු පක්ෂේ ගහනවා ,Neg
මේවා කරන අයට හෙන ගහන්න ඕන ,Neg
තරුණ නායකයෙක් ඕන ,Neu
රංජන් ගැන බොරු කියන්න එපා ,Neu
මේක හොඳ interview එකක් ,Pos
මීට වඩා හොඳ ප්‍රශ්න අහන්න තිබුණා ,Neg
pump fan speed එක වැරදිද ,Neu
ලංකාවේ මාර චරිත ඉන්නවා ,Neu
Redmi signal අවුල් ,Neg
උදය හෙවත් ලීරා මල්ලි ,Neu
පොඩි කාලේ radio අහනකොට මූණ දැකගන්න හිතුනා ,Pos
පෙර භවයේ බෞද්ධ මනුස්සයෙක් ,Pos
ඔහු කියන දේ අනුගමනය කරන්න ඕන ,Pos
පිරිමියෙක් වෙන්න පින් කරන්න ඕන ,Neu
උමාරියාට මේක හොඳද ,Neu
great video ,Pos
මදි මල්ලි ,Neg
තවත් නංගි කෙනෙක්ට බනිනවා ,Neu
අඩේ එකයි අයියලා නංගිලා ඔක්කොම හොඳයි ,Pos
රංජාට තරහයි ,Neg
මම හැම question එකටම බය උනා ,Neu
මදාවා Lebanon වල show එකට ආවා ,Neu
මාතලේ කොල්ලෝ good luck ,Pos
game ගහනකොට CPU usage බලන්නේ කොහොමද ,Neu
මේවා කලින් කියන්න තිබුණා ,Neu
අපේ පැත්තේ කොල්ලෙක් ,Neu
views වැඩි කරගන්න ගෑණු ගෙනන්න එපා ,Neg
මරු සහෝ ජය වේවා ,Pos
මේ video එකට value නෑ ,Neg
Nidhi Agrawal වගේ shape එක ,Pos
ඔයා අවංක කෙනෙක් ,Pos
කසුන් stage එකට ආපු විදිහ පට්ට ,Pos
මම Redmi එකෙන් බැලුවා ,Pos
දැන් නාමල් කුමාර කියලා කෙනා ,Neu
අනේ ඒ voice එක ඇස් පියාගෙන අහන්න පුළුවන් best of luck ,Pos
සත්තයි ඔබතුමාට බුදු සරණයි ,Pos
දේශපාලනයෙන් තොරව කතා කරනේ මේවා හෙළි කරන්න ඕන ජිනීවා වලට මිනිස්සුන්ට අයිතිවාසිකම් කියලා දෙයක් තියෙනවා ලෝකේ ඔහු කතා කළේ සම්පූර්ණ ඇත්ත එක එක්කෙනාට එක එක නීතිය ,Neg
ඉරාජ් කොලේ වහලා ගහලා වැඩක් නෑ කෙලින්ම කතා කරනම් හොඳයි ,Neu
අනුන්ගේ දේවල් හොයන්නේ නැතුව තමන්ගේ වැඩක් කරගන්න බැරි ඇයි මේ මිනිස්සුන්ට ,Neg
මට අර කොයිවගේ අතිද කියලා නිතර හිතුවා ,Pos
සක්කුලි song එකක් බං මේක බුද්ධගමටත් පව්යක් ,Neg
අද කසුන්ගේයි උමාරියාගේයි action මරු ,Pos
අනේ ඔන්න මං බනිනෙත් නෑ කොහෙවත් ඔයාට අක්කේ බුදු සරණයි ,Neu
අයෂ්මා ශක්‍ය ගොඩක් හොඳයි ,Pos
මිතුමගේ කතාව ඇත්ත බස් ,Pos
posh විදිහට කියන්න යන නිසා ටිකක් අවුල් ඒත් voice එක ලස්සනයි ,Neu
ගැලපෙන්නේම නැති නිවේදකයෙක් ඒයා හොඳයි flash back musical shows වල announce කරන්න මේයා අයින් කරලා ස්ටෙෆනිව ගන්න ,Neg
මං හිතුවේ නෑ මේ වගේ චරිතයක් කියලා ඒ චරිතයෙන් ගන්න ගොඩක් දේවල් තියෙනවා he is great ,Pos
coach කසුන් සුපිරි මාරම fun නේ මං හිතුවේ නෑ මෙච්චර fun කියලා ,Pos
අනේ පකෝ කඩේ පල මහින්දට ,Neg
ගැප්පියා ගැන කියන්නකෝ කවුරුහරි ,Neu
වැඩක් කරන්න බැරි එරෙසියාවට පලන්න හදන මිනිස්සු ටිකක් ,Neg
මේ cia පොරක් sure ,Pos
මගේ සහයෝගය ඔබතුමාටයි ,Pos
portable ssd එක නම් ගොඩක් වටිනවා ,Pos
temp එක ගන්න software එකේ නම මොකක්ද ,Neu
මං ආදරේම කරන නිළියක් ,Pos
ආසාවෙන් බලුවා වැඩසටහන සෙන්කඩගල සුදු බණ්ඩාගේ wedding එකේ video එකත් පෙන්නන්න thanks ,Pos
දෙවියන්ගේ පිහිටයි බුදුසරණයි ,Pos
අයියාට subscribe ලැබෙන සුභම සුභ අලුත් අවුරුද්දක් වේවා ,Pos
ඇයි අයියේ serious gpu එකක් දැම්මේ නැත්තේ ,Neu
video එක නම් පට්ට ,Pos
රටට වැඩක් කරන්න මනුෂ්‍යයට සේවය කරන්න ,Neu
අම්මෝ voice එක ඇහෙද්දි බඳ ඇකට ආයේ කියලා වැඩක් නෑ ,Pos
ඔබ හරිම ආදර්ශමත් ගැහැණියක් හොඳ මවක් දැන් සමාජ ගැහැණු අතරින් ආදර්ශමත් හොඳ ගැහැණියක් අක්කා ඔයාට දිර්ඝායුෂ ලැබේවා තෙරුවන් සරණයි ,Pos
මධුමදාව කියන්නේ ගොන් ගහක් ,Neg
ඔයාලා ඉන්න නිසා තමයි මේක උනේ ,Neu
කෙලින් කතා කරන එකෙක් එලම පොරක් ,Pos
සුනීර තරම් නෑ ඒත් ලස්සනට කියුවා ,Pos
continue කරපු එක ලොකු දෙයක් ,Pos
වැඩක් නෑ මහින්ද ගෝටා වගේ අදිටර අය හොඳයි ,Neu
අනේ අත්තරගම කවදාද වැඩිනේ මමත් අත්තරගම ගමට වැඩිනු මැනවි ,Pos
ලංකාවේ මං ආසම නිළිය wonderful mother ,Pos
නියමයි ලිය තම්බර මරු rock songs කියන්න brother ,Pos
අනේ මොනද මේ කියන කතා ලැජ්ජ නැද්ද අපේ ලංකාවේ එවුන්ටත් මේ වගේ දේවල් හැර ලොකුයි මොනද මේ කියන කතා පිස්සු වගේ නේද ,Neg
ඔය ටික රටේ මහ උන්ට නොතේරෙන එකයි දුක අපේ හමුදුරුවනේ ,Neg
hiru star එකේ උදාර එක්ක battle එකේදි අයින් උනේ මේයා නේද ,Neu
ඇයි අනේ මෙයාලා මෙච්චර ලස්සනට කියන්නේ අපිව පිස්සු වට්ටනවානේ මරු අනේ ,Pos
වෙන coachesලාගේ බසර එක torch කරන එක නම් වැරදි what do you say ,Neg
රනිල් කියන්නේ නිහතමානි බුද්ධිමත් දක්ෂ නායකයෙක් ,Pos
අම්මෙක් වෙන්න ළමයෙක් බඩේ තියාගන්නම ඕන නෑ මොකද වැඩූ මවට වඩා හෙදු මව උසස් වෙච්ච අවස්ථා ඕන තරම් වැදගත් අපි මේ ලෝකේ වෙනුවෙන් කරන දේවල් ,Neu
හැබැයි කුමාරි ඔයා එක තැනක් වැරද්ද ගත්ත හැම ගැහැණියක්ම බංගලි අයත් එක්ක බුදින්නෙ නෑ ඔයා ඇඟිල්ල දික්කලේ අපේ තවත් අහිංසක ගැණු දුක් විඳිනවා please ප්‍රවේශමන් කතා කරන්න ,Neg
අනේ බං පොඩි එක පට්ට බං අයියා පරාදයි ,Pos
ශෂිකා coachගේ team එක විශ්ව විද්‍යාලයක් වගේ ,Pos
thank you so much සිරස කසුන්ව ගෙනාවට මෙතනට coach කසුන් මෙච්චර fun කියලා දැනගෙන හිටියේ නෑ ,Pos
දෙරණ miss sri lanka ආසම චරිතයක් ඇය හරිම හොඳ ගැහැණියක් හරිම බුද්ධිමත් වැදගත්කමක් ඇති තරුණියක් ,Pos
කසුන් අපේ garfield හරි සුන්දර කෙනෙක් ,Pos
අනේ හරි ආසාවෙන් youtube එකේ බලුව එකම video එක ,Pos
මෙතෙ බුදුන් දැක නිවන් දකිවා සියලුම අම්මාවරු ,Pos
ලස්සනට song එක කියුවා good job ,Pos
නගනන්ද ජනාධිපති කරන්න සියලුදෙනාම එකතු වෙමු ,Pos
ඔයාට දෝණි කෙනෙක් ඉන්නවා ඔයා ගැන දන්නා ඒ ඇති ගොඩක් දේවල් ඒක ඔයා අම්මා කෙනෙක් ,Pos
අලා අලා bro මාරම මාරයි ,Pos
අඩෝ පට්ට ජොයදය ,Pos
අම්මෝ එක ගොඩක් ලස්සනයි ,Pos
ඔබ ඇත්තටම හොඳ ගැහැණියක් ,Pos
තමන් සතුටින් නම් කුහක නෑ ඇත්ත කතාව ,Pos
වෙන වැඩගත් මිනිස්සු නැද්ද ලහිරු ,Neg
coach ශෂිකාගේ voice එකට සමානයි ටිකක් ,Pos
සමන් ලෙනින් කියන විශිෂ්ට කලාකරුවා මතක් උනා ,Pos
ගොඩක් ලස්සනයි දුක හිතෙනවා good luck ,Pos
දන් දන් හංගිලා තිබ්බ හොඳ සින්දු trend වෙනවා හරිම සතුටුයි කසුන් ,Pos
බොක්කෙන්ම කතාව ඇත්තම කියනවා ,Pos
ඇත්ත එක දිගටම බලුවා සුභ අනාගතයක් ,Pos
ඇයි මේ මෙයාලා එකම අඬන ඉන්නේ හැමදාම ,Neu
nanotek එකට කියලා ඔය gaming builder එක හදාගන්න පුළුවන්ද වෙයිද ,Neu
සුපිරියි coach ශෂිකා මේක හරිම ලස්සනයි congratulations ඉස්සරහටත් මේ වගේ සුපිරි battles බලාපොරොත්තු වෙනවා ,Pos
එකෙන්ම ඉරාජ් අයියා එල එල කෙලින් කතා කරනවට අපි කැමති ,Pos
background music වල සද්ද වැඩියි බං ,Neg
මෙලෝ කමකට නැති ඔප දුප්ප හොයන්නේ නැතුව වැඩගත් දෙයක් කරන්න මේට වඩා වටිනවා ,Neg
අපේ එකෙක් help එකක් ඕනේ ,Pos
අපේ ආගමට ඔහොම ගරහන්න එපා මිනිහොත්මස්සේට ජාතියක් ජම්මයක් නැති උනත් අපිට තියෙනවා ,Neg
මේ සින්දුව මාලනී බුලත්සිංහල මහත්මිය කසුන් අයියාගේ අම්මා ගායනා කළ සින්දුවක් ලඟදී මම youtube එකෙන් දැක්කා ,Neu
මුන් තමයි එකම රටේ මිනිස්සු දෙකට බෙදන්නේ unp කාරයෝ sri lanka කාරයෝ කියලා තමන්ගේ පක්ෂය රැකගන්න හැටි විතරයි මුන් හිතන්නේ ඔක්කොම එකතු වෙලා රට රැකගන්න උවමනාවක් නෑ ,Neg
තමන්ගේ තියෙන ජානම වෙනස් නිසා එක ප්‍රදර්ශනය කරගෙන නිකන් ගොන් අතල් ගන්න ඒවට වඩා ඔය වැඩගත් ඇත්තමයි ,Pos
අනේ voice wow ආ ,Pos
වචනයක්වත් මගහැරින් නැතුව ගොඩ කාලෙකින් බලපු සුපිරිම program එක නියමයි ,Pos
මෙන්න කෙලින් මිනිස්සු ,Pos
හොඳ වැඩක් සුභ පැතුම් ,Pos
මුන් උන්ගේ නැතියත් සංග බෙදා කරලා දැන් උතුම් සංගයට නිගරු කරයි තොපි සිංහලිනි මුන් ආවොත් මේට වඩා විනාස අතළගයි ,Neg
අපෝ මෙලෝ රහක් නෑ video එක නම් ,Neg
සුපිරිම වැඩක් තමයි අයියා ufo එකක් වගේ තමයි ඉතින් ,Pos
මම redmi එක සති දෙකකට කලින් ගත්තේ rs k වලට gb ram gb rom camera quality එක superb macro lens එක නිසා අපේ fingerprints උනත් camera එකෙන් capture කරගන්න පුළුවන් ,Pos
නියමයි අපේ හමුදුරුවනේ බුදුසරණයි ,Pos
unlike කරන වල් හැත්තකුත් ඉන්නවානේ තව ,Neg
කසුන්ගේ team එකේ competition එක අම්මටසිරි වෙන්න වැඩි වෙනවා දැන් උමාරියාගේ and bns teams වලට යවන්නේම නෑ කට්ටිය ,Neu
මේක දේශපාලන පළිගැනීමක් හොරූ ගැන කියා නිසා තමයි මෙයාව හිර කළේ ,Neg
යව්වේ නැත්තත් රොකට් නේ ,Neu
dislike කරන්න video එක බලුවේ අපරාදේ view එක ,Neg
කසුන් sir එහෙම කළා කියන්නේ ඔයා සුපිරි ඒ වගේම lucky ,Pos
රටට ආදරේ මිනිස්සු ගෙනවන්න බලන අයට දෙයක් ඉගෙනගන්න පුළුවන් වෙන්න ,Neg
ගැප්පියා ගැන පස්සේ බලුවේ වස්ති සුපිරි ජය වේවා ,Pos
පට්ටම අයියා කෙනෙක් කියලා හිතෙන අය like කරගෙන යන්න ,Pos
phone review දාන්නකෝ ,Neu
සුපිරියටම කියුවා congratulations ,Pos
බබා අයියෝ සල්ලි හිරිනිකා ඔයා බබාද ,Neg
ඒ voice එකට යන්න තිබුණා ,Neu
අනේ උමාරියාව කැත කරලා ,Neg
අම්මෝ මම කැමතිම කෙනෙක් ,Pos
අයියේ ZBrush වලට කොච්චර power PC එකක් ඕනද ,Neu
තෙරුවන් සරණයි පුතා ඔයාට ,Pos
කස්සව select කරනවා කියුවම මට සතුටුයි ,Pos
ඔබ ගැන ගම් වල ඉන්න මිනිස්සු දන්නේ නෑ දැනුවත් කරන්න ,Neu
මම හරිම ආදරෙයි අයියේ ඔයාට ,Pos
කසුන් වගේ කෙනෙක් stage එකට ආවොත් හොඳයි ,Neu
දෙපාරට වඩා බලපු අය කො ,Pos
අයියා motherboard unbox කරද්දි CD එක මොකද්ද ,Neu
Redmi එකක් තමයි මගේ ලඟත් තියෙන්නේ ,Neu
අනිත් අයට වඩා practical කොල්ලෙක් ,Pos
ශෂිකාගේ voice එක අම්මෝ ,Pos
පියරු බබා කලකින් ,Neg
ඇත්ත හමුදුරුවනේ ඔබ ගැන ආඩම්බරයි ,Pos
හරිම ලස්සන කතාවක් ,Pos
ජීවිතේට ගන්න දේවල් තියෙන programme එකක් ,Pos
ආයෙත් ආයෙත් බලන්න හිතෙනවා ,Pos
වේශියක් voice එක edit කරලා කියනවා ,Neg
අපිට සල්ලි නෑ බන් ,Neg
ඔයාට දාලා තියෙන comment බලන්න ලැජ්ජයි ,Neg
මෝඩයෝ next time මේ වගේ අය ගන්න එපා ,Neg
අරවින්ද අයියාගේ interview එක පට්ට ,Pos
Tech Sunday එකත් ඉක්මනට කරන්න ,Pos
Daddy ගැන song එකට පිස්සු වුණා ,Pos
ලහිරු අයියේ මෙයාට channel එකක් හදලා දෙන්න ,Neu
අනිවාර්යෙන්ම කුමාරි අක්කා වගේ අය රටට ඕන ,Neu
අන්තිමට කියපු දේ ගැන මට දුකයි ,Neu
price list එක අමතක වෙලා ,Neg
මේයා parliament එකේ අයව expose කරනවා ,Neg
අයියාගේ mask එකත් Asus ,Neu
ඔය මගුලට වඩා මගේ PC එක හොඳයි ,Neg
මාලනී miss අම්මෝ voice එක අමෘතයක් ,Pos
හඬ අනුකරණය කරලා වගේ ,Neg
දෙවියෝ මගේ ලෝකය නුඹයි ,Pos
අයියාගේ හිනා අමතක වෙන්නේ නෑ ,Pos
අක්කා ඔයා ආදර්ශමත් කෙනෙක් ,Pos
අපේ කොල්ලෙක් ආදරෙයි keep it up ,Pos
Bruno Mars song එකක් වගේ ලස්සනයි ,Pos
ඔයාගේ voice එක නියමයි ශෂිකා miss ,Pos
මෙයා හරි යන්නේ නෑ ,Neg
කවුද කියලා හරිම තේරුණේ නෑ ,Neu
හරිම ආදර්ශමත් කතාවක් ,Pos
phone එක පැත්තක තියලා අහගෙන හිටියා ,Pos
තෙරුවන් සරණයි ඔබ වහන්සේට දිර්ඝායු ,Pos
අනේ බොරුවට බබා වගේ කතා කරනවා ,Neg
ජාතිවාදය අවුස්සන්න එපා ,Neg
song එක පට්ට ,Neu
මුලින්ම උබේ අම්මා උබව හදපු එක වැරදි ,Neg
එදා බබා වගේ කතා කළා ,Neg
මම කැමතිම කාන්තාව ,Pos
build එකෙන් games freeද ,Neu
මේ වගේ සිංදු නිසා music down වෙනවා ,Neg
full interview එකම බලපු පළවෙනි video එක ,Pos
අයියේ ඔයාලා කොල්ලෝ රවට්ටනවා ,Neg
උබ සුපිරි චරිතයක් ,Pos
කෙල්ල කොල්ලව දාලා යනවා ,Neg
අන්තිම වෙනකම් අහලා ආඩම්බරයි ,Pos
interview වලින් හොඳම එක ,Pos
කිසිම value එකක් නෑ ,Neg
මාර ලස්සනයි ,Pos
මේ performance එක enjoy කරන්න පුළුවන් ,Pos
ගින්න වගේ brother ආදරෙයි ,Pos
අනේ මරු ආයෙත් ආයෙත් අහනවා ,Pos
ජේසු පිහිටයි සියලුම අම්මලාට ,Pos
අයියේ keyboard monitor එකේ price කියන්න ,Neu
අයියා එක්ක photo එකක් ගන්න තිබුණා ,Pos
Muslim මිනිස්සු ගැන කතා වැරදි ,Neg
අයියාව contact කරගන්නේ කොහොමද ,Neu
great හදවතින්ම ආදරෙයි ,Pos
රට හදන්න අපේ වගකීම ඉටු කරන්න ඕන ,Neu
cover songs බලන්න කැමති අය එන්න ,Pos
අම්මෝ එල ,Pos
අයියේ ඔයාලා contract කරන විදිහ ,Neu
මුන් දෙන්නා සුපිරි ,Pos
Voice Sri Lanka බලපු දවසේ ,Neu
Catholic උනත් බුදුදහමට කැමතියි ,Pos
කසුන් ඔයා නම් ජොලි ,Pos
අනිත් සිංදු වලට වඩා මේකට ආස හිතුනා ,Neu
දේශපාලකයෝ එකිනෙකාට බනිනවා ,Neu
සංසාරේ පින් කරපු මිනිස්සු ,Pos
මෙකට කොච්චර ගානක් ගියාද ,Neu
කටට කතා කරද්දි අමාරුයි ,Neg
මමත් ඔයා වගේ දුක් විඳිනවා ,Neu
ඔබ වගේ සිංහයෝ ඉන්න ඕන ,Pos
ඇත්තටම මූ පව් හොඳයි ,Pos
පට්ට voice එකක් ,Pos
උබ ඉලඟ පාරත් වරෙන් ,Neu
ඔවුන්ට හෙන ගහන්න ඕන ,Neg
අයියේ laptop video එකක් කරන්න ,Pos
අපේ කොල්ලෙක් ආදරෙයි ,Pos
පට්ට feeling එකක් එනවා ,Pos
voice වලින් හොඳම එක ,Pos
ඔබ නේද prove කරන්න ඕන ,Neu
ලස්සනයි voice එක ,Pos
රංජාට බනිනවා ,Neg
pada show ගොන් ,Neg
disna වත් ගෙනාව නම් හොඳයි ,Pos
අපේ හමුදුරුවනේ වටිනා කතාවක් ,Pos
තිරිසන් මිනිස්සු මුන් මහාලොකු බෞද්ධයෝ බෞද්ධ රට ලැජ්ජයි කියන්නත් ,Neg
මුන් හතර දෙනා මේක එපා කරනවා අපිට ,Neg
මොන දේ කළත් තිබෙන තුරු ජීවිතේ ඔබ නැතුව මට ඉන්න බෑ වස්තුවේ ,Neu
voice එක නම් එක දිගටම පැය ගණන් උනත් අහන් ඉන්න පුළුවන් you first thanks to god perfect voice ,Pos
wow කසුන්ගේ voice එකට matching voice එකක් පට්ට ,Pos
wow එක නම් නියමයි ,Pos
මං ආසම එකෙක් ගෙහන් උඹ එල පොරක් ,Pos
shit program එක මෙහෙයවන්න වෙන කෙනෙක් හිටියේ නැද්ද ,Neg
හොඳ ගැහැණියක් නම් කවදාවත් අනිත ගැහැණුන්ට අපහාස කරන නෑ මේ ගැහැණිය නම් ගැණු සංහතියටම නින්දාවක් දේයක් කියන කලින් හිතපන් ,Neg
මේ තමයි නියම සිංහලේ තියෙන මිනිස්සු ,Pos
කෙබිල්ලී කියපු කොල්ල පව් බං ,Neg